source_md5,source_path,class,line,split
0be4be2760c0320cda2bcfa243a2090a,/data/FMD_Data_26082026/fmd_temp_images/ICube Defects Library/Bubble/20241102_011128_L24_C2_9587.bmp,Bubble,L24,test
1593c382fab6035b805836311f8e3150,/data/FMD_Data_26082026/fmd_temp_images/ICube Defects Library/Bubble/20241101_232312_L24_C9_9558.bmp,Bubble,L24,test
294ef72b4fa9d33d770ef133c03640a5,/data/FMD_Data_26082026/fmd_temp_images/ICube Defects Library/Bubble/20241109_064802_L24_C6_9771.bmp,Bubble,L24,test
2f84c2c6770842e43dee3683ebf2b6b6,/data/FMD_Data_26082026/fmd_temp_images/ICube Defects Library/Bubble/20241110_105145_L24_C8_9923.bmp,Bubble,L24,test
2fa32bd5e8b53f4d875f53ac2f2c416d,/data/FMD_Data_26082026/fmd_temp_images/ICube Defects Library/Bubble/20241101_111942_L24_C6_9296.bmp,Bubble,L24,test
32d752e9c73ffc45d5544bf32c1bb9bf,/data/FMD_Data_26082026/fmd_temp_images/ICube Defects Library/Bubble/20241111_130708_L24_C14_9790.bmp,Bubble,L24,test
44ae3fde10b2a4175eb679542a69bea0,/data/FMD_Data_26082026/fmd_temp_images/ICube Defects Library/Bubble/20241109_202018_L24_C15_9730.bmp,Bubble,L24,test
461025fbd8bf0458b5da037e907128c2,/data/FMD_Data_26082026/fmd_temp_images/ICube Defects Library/Bubble/20241104_191742_L24_C5_9513.bmp,Bubble,L24,test
48e55635019becd419e2d75b4055e1ba,/data/FMD_Data_26082026/fmd_temp_images/ICube Defects Library/Bubble/20241102_083645_L24_C13_9551.bmp,Bubble,L24,test
48e6a234678c65bcb866a2d2c60c2f61,/data/FMD_Data_26082026/fmd_temp_images/ICube Defects Library/Bubble/20241109_213824_L24_C10_9460.bmp,Bubble,L24,test
4c99382404b4a21e6ee1306200d72e44,/data/FMD_Data_26082026/fmd_temp_images/ICube Defects Library/Bubble/20241102_004522_L24_C9_9396.bmp,Bubble,L24,test
50e44fa947eaa6eb9abb6c39cb99f646,/data/FMD_Data_26082026/fmd_temp_images/ICube Defects Library/Bubble/20241109_180846_L24_C8_9999.bmp,Bubble,L24,test
5a7f71192f1e39fae380dd95272f4f82,/data/FMD_Data_26082026/fmd_temp_images/ICube Defects Library/Bubble/20241109_083707_L24_C11_9765.bmp,Bubble,L24,test
5f1a86e0965fe3955234245eacc5efa3,/data/FMD_Data_26082026/fmd_temp_images/ICube Defects Library/Bubble/20241101_111504_L24_C5_9476.bmp,Bubble,L24,test
754bd0dab7b8b6cf38c07e59c0664b29,/data/FMD_Data_26082026/fmd_temp_images/ICube Defects Library/Bubble/20241102_054700_L24_C4_9234.bmp,Bubble,L24,test
7a4433d47c449278cb35a667d8237393,/data/FMD_Data_26082026/fmd_temp_images/ICube Defects Library/Bubble/20241107_005834_L24_C3_9079.bmp,Bubble,L24,test
88dfaa93c64c6872531dfe9c1b8b1a5d,/data/FMD_Data_26082026/fmd_temp_images/ICube Defects Library/Bubble/20241106_114517_L24_C14_9714.bmp,Bubble,L24,test
a30225f6f6069c614f0931e166202e7d,/data/FMD_Data_26082026/fmd_temp_images/ICube Defects Library/Bubble/20241106_102110_L24_C3_9823.bmp,Bubble,L24,test
b9bc98b5d1e508ce14d5505c780d8d73,/data/FMD_Data_26082026/fmd_temp_images/ICube Defects Library/Bubble/20241107_193349_L24_C2_9332.bmp,Bubble,L24,test
d6d69177cd078562bb8e84702f781f76,/data/FMD_Data_26082026/fmd_temp_images/ICube Defects Library/Bubble/20241106_070037_L24_C6_1.bmp,Bubble,L24,test
de0c175cb7175ba376d6fddfc755ac7d,/data/FMD_Data_26082026/fmd_temp_images/ICube Defects Library/Bubble/20241109_152835_L24_C1_9310.bmp,Bubble,L24,test
df929e5b03373a7ca7037a8ebc74af03,/data/FMD_Data_26082026/fmd_temp_images/ICube Defects Library/Bubble/20241101_224203_L24_C8_9586.bmp,Bubble,L24,test
fb8ea23a21153ba83e847edbc95b3d5d,/data/FMD_Data_26082026/fmd_temp_images/ICube Defects Library/Bubble/20241110_005124_L24_C1_9812.bmp,Bubble,L24,test
ff6072179ec698d76ff8ffd233f50ee8,/data/FMD_Data_26082026/fmd_temp_images/ICube Defects Library/Bubble/20241111_185144_L24_C7_9787.bmp,Bubble,L24,test
ffbde241b1b81ac355d3d18dd64cf3ad,/data/FMD_Data_26082026/fmd_temp_images/ICube Defects Library/Bubble/20241109_094515_L24_C5_9633.bmp,Bubble,L24,test
034879d1c2b1fc726a3a66d21e3f47c7,/data/FMD_Data_26082026/fmd_temp_images/ICube Defects Library/Bubble/20241104_041220_L24_C5_9059.bmp,Bubble,L24,train
04c87bae149fafbf3c9faaae488b4d29,/data/FMD_Data_26082026/fmd_temp_images/ICube Defects Library/Bubble/20241107_095807_L24_C5_9469.bmp,Bubble,L24,train
0ba5f32fb035e3d6b913c11fb814cb43,/data/FMD_Data_26082026/fmd_temp_images/ICube Defects Library/Bubble/20241110_012942_L24_C10_9046.bmp,Bubble,L24,train
170f4fa12e24f1dc164ee5f29e4aeb3b,/data/FMD_Data_26082026/fmd_temp_images/ICube Defects Library/Bubble/20241106_145408_L24_C7_9188.bmp,Bubble,L24,train
1c3d14fdeeb8bbffbf5718e75d829175,/data/FMD_Data_26082026/fmd_temp_images/ICube Defects Library/Bubble/20241110_053221_L24_C8_9347.bmp,Bubble,L24,train
1ea34c188f822f0fb775330923de760c,/data/FMD_Data_26082026/fmd_temp_images/ICube Defects Library/Bubble/20241101_232829_L24_C1_9860.bmp,Bubble,L24,train
206b196d108ee6c23654e960eb2ed860,/data/FMD_Data_26082026/fmd_temp_images/ICube Defects Library/Bubble/20241111_181753_L24_C10_9280.bmp,Bubble,L24,train
22b1ce6b42bc7fe19b5136c022829b69,/data/FMD_Data_26082026/fmd_temp_images/ICube Defects Library/Bubble/20241102_021527_L24_C6_9482.bmp,Bubble,L24,train
27f4eaa92e1ac05273bedbc79d960cfc,/data/FMD_Data_26082026/fmd_temp_images/ICube Defects Library/Bubble/20241111_063752_L24_C4_9350.bmp,Bubble,L24,train
2d12e3162b3eb23a47131cb4cd1a52c8,/data/FMD_Data_26082026/fmd_temp_images/ICube Defects Library/Bubble/20241107_062323_L24_C2_9878.bmp,Bubble,L24,train
3078e7c1262229a5ac972318ad1d3194,/data/FMD_Data_26082026/fmd_temp_images/ICube Defects Library/Bubble/20241111_053351_L24_C1_1.bmp,Bubble,L24,train
32c6f80b32b77f001f6fa727e4a1a022,/data/FMD_Data_26082026/fmd_temp_images/ICube Defects Library/Bubble/20241107_035652_L24_C13_9774.bmp,Bubble,L24,train
3690355729ae4f1c96f9f10fa510f706,/data/FMD_Data_26082026/fmd_temp_images/ICube Defects Library/Bubble/20241106_185031_L24_C15_9521.bmp,Bubble,L24,train
369adc8477a712374d7433a1bcbcc1eb,/data/FMD_Data_26082026/fmd_temp_images/ICube Defects Library/Bubble/20241106_194358_L24_C7_9640.bmp,Bubble,L24,train
3938ee242e4e671f166a98236362c3e5,/data/FMD_Data_26082026/fmd_temp_images/ICube Defects Library/Bubble/20241107_115407_L24_C13_9732.bmp,Bubble,L24,train
3de91a823e9a5743d493d55b14d9581f,/data/FMD_Data_26082026/fmd_temp_images/ICube Defects Library/Bubble/20241107_090843_L24_C14_9357.bmp,Bubble,L24,train
3ea2676e89df36bead471009998a1715,/data/FMD_Data_26082026/fmd_temp_images/ICube Defects Library/Bubble/20241110_040620_L24_C1_9761.bmp,Bubble,L24,train
415904439461f7584b459fbdc32c1443,/data/FMD_Data_26082026/fmd_temp_images/ICube Defects Library/Bubble/20241109_095317_L24_C11_9261.bmp,Bubble,L24,train
4309db8b574779b4e6beaff0359418d9,/data/FMD_Data_26082026/fmd_temp_images/ICube Defects Library/Bubble/20241109_201340_L24_C12_9217.bmp,Bubble,L24,train
50b9862f2db8d354ae58f3306b2ce9a9,/data/FMD_Data_26082026/fmd_temp_images/ICube Defects Library/Bubble/20241111_051848_L24_C11_1.bmp,Bubble,L24,train
59f83649acd3d02c1188660b5e95aaba,/data/FMD_Data_26082026/fmd_temp_images/ICube Defects Library/Bubble/20241101_235953_L24_C2_9893.bmp,Bubble,L24,train
5a4b7ec813e610165c76ee4ec5ee7234,/data/FMD_Data_26082026/fmd_temp_images/ICube Defects Library/Bubble/20241106_071232_L24_C1_1.bmp,Bubble,L24,train
63bfe7d6074e0d750170147c2def30a0,/data/FMD_Data_26082026/fmd_temp_images/ICube Defects Library/Bubble/20241107_054508_L24_C3_9712.bmp,Bubble,L24,train
66ec9cab03917ebc4a187db9258d01d2,/data/FMD_Data_26082026/fmd_temp_images/ICube Defects Library/Bubble/20241107_132904_L24_C13_9064.bmp,Bubble,L24,train
6a0eb2c6dfe432230f72594e781fe3c6,/data/FMD_Data_26082026/fmd_temp_images/ICube Defects Library/Bubble/20241106_093336_L24_C5_9968.bmp,Bubble,L24,train
71bd8ed18c6d722ee5295bd2eb65c010,/data/FMD_Data_26082026/fmd_temp_images/ICube Defects Library/Bubble/20241109_113854_L24_C2_9552.bmp,Bubble,L24,train
726e2fc131d2354a3c552a31060a0696,/data/FMD_Data_26082026/fmd_temp_images/ICube Defects Library/Bubble/20241109_095458_L24_C5_9786.bmp,Bubble,L24,train
774b332a1d4f6269e2cba4edc470c1b3,/data/FMD_Data_26082026/fmd_temp_images/ICube Defects Library/Bubble/20241109_125007_L24_C1_9062.bmp,Bubble,L24,train
77b607e264b54f951375d58449f39068,/data/FMD_Data_26082026/fmd_temp_images/ICube Defects Library/Bubble/20241111_055029_L24_C1_1.bmp,Bubble,L24,train
8bc8d23e107f528ee1489d04be58e38a,/data/FMD_Data_26082026/fmd_temp_images/ICube Defects Library/Bubble/20241101_233319_L24_C1_9672.bmp,Bubble,L24,train
8d8aca84c61ebcc8617aa6dd5e0c9ca6,/data/FMD_Data_26082026/fmd_temp_images/ICube Defects Library/Bubble/20241106_092701_L24_C11_9148.bmp,Bubble,L24,train
8ef593d3d0c14c8e109226a6ece82bcc,/data/FMD_Data_26082026/fmd_temp_images/ICube Defects Library/Bubble/20241109_121652_L24_C13_9816.bmp,Bubble,L24,train
9177171736f6e9050662e98904e44a7f,/data/FMD_Data_26082026/fmd_temp_images/ICube Defects Library/Bubble/20260805_063014_L24_PalletGHQ0805104535_Cavity11_D009G9N_Fail7_Score(0.9915763).bmp,Bubble,L24,train
92cef8e379b9b0b120012bd748145975,/data/FMD_Data_26082026/fmd_temp_images/ICube Defects Library/Bubble/20241106_093655_L24_C14_9759.bmp,Bubble,L24,train
9a7b8962a77abbacada046e70d17697c,/data/FMD_Data_26082026/fmd_temp_images/ICube Defects Library/Bubble/20241106_071634_L24_C9_1.bmp,Bubble,L24,train
9b078b2ea4ed5a55dc7fc5df4b17c155,/data/FMD_Data_26082026/fmd_temp_images/ICube Defects Library/Bubble/20241110_152128_L24_C10_9185.bmp,Bubble,L24,train
a0c90ec54395c38b98831cef98922837,/data/FMD_Data_26082026/fmd_temp_images/ICube Defects Library/Bubble/20241215_174000_L24_C6_1.bmp,Bubble,L24,train
a3d3b29028a27618ac5509b581dda336,/data/FMD_Data_26082026/fmd_temp_images/ICube Defects Library/Bubble/20241106_181317_L24_C6_9662.bmp,Bubble,L24,train
a5a4c4b5f30403e9f709a26622eda2f8,/data/FMD_Data_26082026/fmd_temp_images/ICube Defects Library/Bubble/20241107_110254_L24_C13_9107.bmp,Bubble,L24,train
a6bbd50ffd0208881c179aed61870c28,/data/FMD_Data_26082026/fmd_temp_images/ICube Defects Library/Bubble/20241110_054132_L24_C2_9612.bmp,Bubble,L24,train
a9579c4560e3537f88304bf00f6ed54d,/data/FMD_Data_26082026/fmd_temp_images/ICube Defects Library/Bubble/20241110_121133_L24_C1_9757.bmp,Bubble,L24,train
aa149d56067eb45d668017a82753d421,/data/FMD_Data_26082026/fmd_temp_images/ICube Defects Library/Bubble/20241101_110324_L24_C11_9264.bmp,Bubble,L24,train
aa17bfe13df68ccfdc18d1bed2f9a411,/data/FMD_Data_26082026/fmd_temp_images/ICube Defects Library/Bubble/20241104_171855_L24_C1_1.bmp,Bubble,L24,train
aa2a9b6fae8a86c41f1c8e8745dab7ec,/data/FMD_Data_26082026/fmd_temp_images/ICube Defects Library/Bubble/20241106_125840_L24_C3_9756.bmp,Bubble,L24,train
b454f5049dd2fbcda7db0819edab124f,/data/FMD_Data_26082026/fmd_temp_images/ICube Defects Library/Bubble/20241109_212928_L24_C9_9998.bmp,Bubble,L24,train
b75789280eae7e86da972ec11c95fe45,/data/FMD_Data_26082026/fmd_temp_images/ICube Defects Library/Bubble/20241111_190049_L24_C14_9891.bmp,Bubble,L24,train
c61a8245645237bbe487be43519517cf,/data/FMD_Data_26082026/fmd_temp_images/ICube Defects Library/Bubble/20241111_055504_L24_C9_1.bmp,Bubble,L24,train
c63a4a64ba63756379df2b8970079363,/data/FMD_Data_26082026/fmd_temp_images/ICube Defects Library/Bubble/20241111_055534_L24_C4_1.bmp,Bubble,L24,train
c903fadafc5169c03516c96064c3bd41,/data/FMD_Data_26082026/fmd_temp_images/ICube Defects Library/Bubble/20241108_013651_L24_C4_9669.bmp,Bubble,L24,train
d5b1cd5a2ce046311efecbc543b6fa86,/data/FMD_Data_26082026/fmd_temp_images/ICube Defects Library/Bubble/20241106_062653_L24_C6_1.bmp,Bubble,L24,train
db67d2ac4e5b24f0090faac869c6ea85,/data/FMD_Data_26082026/fmd_temp_images/ICube Defects Library/Bubble/20241104_154552_L24_C6_1.bmp,Bubble,L24,train
dc06baf3527a183eb45115a8e934a75a,/data/FMD_Data_26082026/fmd_temp_images/ICube Defects Library/Bubble/20241107_052316_L24_C3_9396.bmp,Bubble,L24,train
e2b8febe3885b1b71a744cf9db35228e,/data/FMD_Data_26082026/fmd_temp_images/ICube Defects Library/Bubble/20241102_090439_L24_C8_9204.bmp,Bubble,L24,train
e2f99b833782c824aab8efb78dedec01,/data/FMD_Data_26082026/fmd_temp_images/ICube Defects Library/Bubble/20241102_000107_L24_C6_9266.bmp,Bubble,L24,train
f65e9fdf4c8503d8d9400a4304caed91,/data/FMD_Data_26082026/fmd_temp_images/ICube Defects Library/Bubble/20241106_054711_L24_C1_1.bmp,Bubble,L24,train
f66289d17eca17e4ecb446eb03c0dca7,/data/FMD_Data_26082026/fmd_temp_images/ICube Defects Library/Bubble/20241107_200439_L24_C2_9204.bmp,Bubble,L24,train
f9b7c8de574504a124c9c9dfcfcfc1dd,/data/FMD_Data_26082026/fmd_temp_images/ICube Defects Library/Bubble/20241107_053445_L24_C3_9591.bmp,Bubble,L24,train
7a8657bd40935e406f07e16fe5d6fd35,/data/FMD_Data_26082026/fmd_temp_images/ICube Defects Library/Bubble Cluster/20241109_124243_L24_C12_9911.bmp,Bubble Cluster,L24,test
850d5e90d7b61ab95fbb0439491d17ad,/data/FMD_Data_26082026/fmd_temp_images/ICube Defects Library/Bubble Cluster/20241215_174500_L24_C6_1.bmp,Bubble Cluster,L24,test
890fb229dd8ca00fce1c03b19aa3543c,/data/FMD_Data_26082026/fmd_temp_images/ICube Defects Library/Bubble Cluster/20260807_223901_L24_PalletGHR0808025232_Cavity3_D009GGC_Fail7_Score(0.985067).bmp,Bubble Cluster,L24,test
fc33726617212de0ebd3e3b8be8d4415,/data/FMD_Data_26082026/fmd_temp_images/ICube Defects Library/Bubble Cluster/20241110_060953_L24_C6_9354.bmp,Bubble Cluster,L24,test
fd2486a0485077fab8c6de5d82ceb863,/data/FMD_Data_26082026/fmd_temp_images/ICube Defects Library/Bubble Cluster/20241114_125100_L24_PalletGHF1114175023_Cavity15_B01795H_Fail7_Score(1).bmp,Bubble Cluster,L24,test
0acc85fb2674aef7e6073e2d46054686,/data/FMD_Data_26082026/fmd_temp_images/ICube Defects Library/Bubble Cluster/20241102_030253_L24_C12_9626.bmp,Bubble Cluster,L24,train
1067433b9035b7a32cec1813127c82f5,/data/FMD_Data_26082026/fmd_temp_images/ICube Defects Library/Bubble Cluster/20241106_144058_L24_C11_9141.bmp,Bubble Cluster,L24,train
3446cf4de3aaee6aea2b2aed763c789c,/data/FMD_Data_26082026/fmd_temp_images/ICube Defects Library/Bubble Cluster/20241106_093649_L24_C14_9600.bmp,Bubble Cluster,L24,train
4bf2fd5510e17651e718dd283ba9ca4b,/data/FMD_Data_26082026/fmd_temp_images/ICube Defects Library/Bubble Cluster/20241109_212741_L24_C2_9249.bmp,Bubble Cluster,L24,train
57301427efa28c0c47dc7be33f36dba0,/data/FMD_Data_26082026/fmd_temp_images/ICube Defects Library/Bubble Cluster/20241106_114239_L24_C5_9864.bmp,Bubble Cluster,L24,train
b5b1f7c03df53e888c9e6bbdd52b5ce8,/data/FMD_Data_26082026/fmd_temp_images/ICube Defects Library/Bubble Cluster/20241114_125105_L24_PalletGHI1114175031_Cavity15_B01795H_Fail7_Score(1).bmp,Bubble Cluster,L24,train
c25e7046d745182afc0d387746d6e42d,/data/FMD_Data_26082026/fmd_temp_images/ICube Defects Library/Bubble Cluster/20241106_151608_L24_C5_9971.bmp,Bubble Cluster,L24,train
d743accd92240b3c8af12ee62c8fa39d,/data/FMD_Data_26082026/fmd_temp_images/ICube Defects Library/Bubble Cluster/20241109_120727_L24_C14_9602.bmp,Bubble Cluster,L24,train
dcb972ee76634c3db5c22d44fa181be0,/data/FMD_Data_26082026/fmd_temp_images/ICube Defects Library/Bubble Cluster/20241111_132823_L24_C9_9272.bmp,Bubble Cluster,L24,train
e100c5d6fdc2aba59563d425e7f17f48,/data/FMD_Data_26082026/fmd_temp_images/ICube Defects Library/Bubble Cluster/20241101_105743_L24_C15_9265.bmp,Bubble Cluster,L24,train
e1b70c85028e076d920edecfda233e1d,/data/FMD_Data_26082026/fmd_temp_images/ICube Defects Library/Bubble Cluster/20241215_173635_L24_C6_1.bmp,Bubble Cluster,L24,train
ebd1a35cb747f575f6714601b9d4e938,/data/FMD_Data_26082026/fmd_temp_images/ICube Defects Library/Bubble Cluster/20241107_180043_L24_C7_9365.bmp,Bubble Cluster,L24,train
f1d27e14a25cc677bae27f8b5db72aff,/data/FMD_Data_26082026/fmd_temp_images/ICube Defects Library/Bubble Cluster/20241111_124549_L24_C13_9905.bmp,Bubble Cluster,L24,train
563fde491ce074de02b894b6b8c091b6,/data/FMD_Data_26082026/fmd_temp_images/ICube Defects Library/Bubble Irregular/20241104_105211_L24_C2_9753.bmp,Bubble Irregular,L24,test
92944bcc8db995a472429ca511cef913,/data/FMD_Data_26082026/fmd_temp_images/ICube Defects Library/Bubble Irregular/20241110_181320_L24_C5_9123.bmp,Bubble Irregular,L24,test
b97c2df385e88bc77dc6fd5263ce91b7,/data/FMD_Data_26082026/fmd_temp_images/ICube Defects Library/Bubble Irregular/20241106_144506_L24_C9_9870.bmp,Bubble Irregular,L24,test
f365e9ea8d067e0c99bc4ff5c994075e,/data/FMD_Data_26082026/fmd_temp_images/ICube Defects Library/Bubble Irregular/20241106_091559_L24_C8_9440.bmp,Bubble Irregular,L24,test
23e050bd7fb0319220162016e459b8c1,/data/FMD_Data_26082026/fmd_temp_images/ICube Defects Library/Bubble Irregular/20241215_174157_L24_C6_1.bmp,Bubble Irregular,L24,train
3b18e2841ac7d2b3251412fbf797f617,/data/FMD_Data_26082026/fmd_temp_images/ICube Defects Library/Bubble Irregular/20241104_151305_L24_C7_9206.bmp,Bubble Irregular,L24,train
3fc09ebfecdabcd77540d4d7ea9b7dac,/data/FMD_Data_26082026/fmd_temp_images/ICube Defects Library/Bubble Irregular/20241110_061426_L24_C10_9724.bmp,Bubble Irregular,L24,train
915aae810917b5aec0ab2a6ebea0c5d3,/data/FMD_Data_26082026/fmd_temp_images/ICube Defects Library/Bubble Irregular/20241215_174734_L24_C12_1.bmp,Bubble Irregular,L24,train
9a884133b20c779828643fc51b84b575,/data/FMD_Data_26082026/fmd_temp_images/ICube Defects Library/Bubble Irregular/20241106_092943_L24_C10_9567.bmp,Bubble Irregular,L24,train
a72df0d007ff52c1274eaf1f56ef1af9,/data/FMD_Data_26082026/fmd_temp_images/ICube Defects Library/Bubble Irregular/20241106_083307_L24_C11_9201.bmp,Bubble Irregular,L24,train
ab76ca5a7513757f69e73a90f260bd44,/data/FMD_Data_26082026/fmd_temp_images/ICube Defects Library/Bubble Irregular/20241109_111943_L24_C7_9049.bmp,Bubble Irregular,L24,train
c9f232401d3e508a946e15edd365142c,/data/FMD_Data_26082026/fmd_temp_images/ICube Defects Library/Bubble Irregular/20241109_131523_L24_C15_9878.bmp,Bubble Irregular,L24,train
d65942d9e28c9d3a763c9c64705bd68d,/data/FMD_Data_26082026/fmd_temp_images/ICube Defects Library/Bubble Irregular/20241111_173010_L24_C11_9986.bmp,Bubble Irregular,L24,train
be91e42d48f3d1eedb2b4baa4b71bd81,/data/FMD_Data_26082026/fmd_temp_images/ICube Defects Library/Bubble On Edge/20241119_142725_L24_C4_9300.bmp,Bubble On Edge,L24,test
a0b2d5c8831b0c82a62bda7edc16d51e,/data/FMD_Data_26082026/fmd_temp_images/ICube Defects Library/Bubble On Edge/20241215_174449_L24_C6_1.bmp,Bubble On Edge,L24,train
afc11da46b2287c4bebe74171868a58e,/data/FMD_Data_26082026/fmd_temp_images/ICube Defects Library/Bubble On Edge/20241215_173616_L24_C6_1.bmp,Bubble On Edge,L24,train
073dd4fb56bfbf74181d751c1ecd223d,/data/FMD_Data_26082026/fmd_temp_images/Updated ICube Categorical Classes 20260915/Cavity Off Center/20260827_170829_L24_PalletGHB0827212423_Cavity7_B01BKKK_Fail7_Score(1).bmp,Cavity Off Center,L24,test
104b5b6076f8238eabd3ed734c998b53,/data/FMD_Data_26082026/fmd_temp_images/Updated ICube Categorical Classes 20260915/Cavity Off Center/20260816_011517_L24_PalletGHD0816053207_Cavity12_B01BFRZ_Fail7_Score(1).bmp,Cavity Off Center,L24,test
163ddf87ba1aaf51df7ff4eef262b21d,/data/FMD_Data_26082026/fmd_temp_images/ICube Defects Library/Cavity Off Center/20241109_000951_L24_C14_1.bmp,Cavity Off Center,L24,test
1c2a50280765ddcf9fbd646785f9a525,/data/FMD_Data_26082026/fmd_temp_images/Updated ICube Categorical Classes 20260915/Cavity Off Center/20241115_000641_L24_C15_1_0.9983.bmp,Cavity Off Center,L24,test
2484793119cd3a141585c9a8c8e58f0e,/data/FMD_Data_26082026/fmd_temp_images/ICube Defects Library/Cavity Off Center/20241109_000950_L24_C8_1.bmp,Cavity Off Center,L24,test
32eb4a06eb10f766914cb405802aa29d,/data/FMD_Data_26082026/fmd_temp_images/ICube Defects Library/Cavity Off Center/20241108_100130_L24_PalletGHM1108150045_Cavity6_B0178JH_Fail7_Score(1).bmp,Cavity Off Center,L24,test
358eeac94e492ac5d3d66c6bea0b989d,/data/FMD_Data_26082026/fmd_temp_images/ICube Defects Library/Cavity Off Center/20241109_000951_L24_C15_1.bmp,Cavity Off Center,L24,test
37a6279a6641bb0dd2408bf0962517b7,/data/FMD_Data_26082026/fmd_temp_images/Updated ICube Categorical Classes 20260915/Cavity Off Center/20260827_170829_L24_PalletGHB0827212423_Cavity6_B01BKKK_Fail7_Score(1).bmp,Cavity Off Center,L24,test
4d877abf4683e3ebb663e5e169f59f83,/data/FMD_Data_26082026/fmd_temp_images/ICube Defects Library/Cavity Off Center/20241106_000307_L24_PalletGHJ1106050206_Cavity12_B0178J2_Fail7_Score(1).bmp,Cavity Off Center,L24,test
53874a5f59944b15597696a443ca8b3e,/data/FMD_Data_26082026/fmd_temp_images/ICube Defects Library/Cavity Off Center/20241106_014608_L24_PalletGHF1106064459_Cavity13_B0178J3_Fail7_Score(1).bmp,Cavity Off Center,L24,test
583676c8915726c8b5a27cb9df1435e8,/data/FMD_Data_26082026/fmd_temp_images/ICube Defects Library/Cavity Off Center/20241111_062737_L24_PalletGHG1111112708_Cavity10_B0178JQ_Fail7_Score(1).bmp,Cavity Off Center,L24,test
768b9b14e85f7716ace9568a49442678,/data/FMD_Data_26082026/fmd_temp_images/Updated ICube Categorical Classes 20260915/Cavity Off Center/20260811_052940_L24_PalletGHB0811094451_Cavity10_B01BFR6_Fail7_Score(1).bmp,Cavity Off Center,L24,test
7d8c035bec99f854cf1e6607fe5818af,/data/FMD_Data_26082026/fmd_temp_images/Updated ICube Categorical Classes 20260915/Cavity Off Center/20260811_052940_L24_PalletGHB0811094451_Cavity11_B01BFR6_Fail7_Score(1).bmp,Cavity Off Center,L24,test
7e5b8a4df38834596ab5cd40155db981,/data/FMD_Data_26082026/fmd_temp_images/ICube Defects Library/Cavity Off Center/20241108_133424_L24_PalletGHL1108183335_Cavity8_B0178JH_Fail7_Score(1).bmp,Cavity Off Center,L24,test
7ecf9eb6bdfd3fdcbd414b107bd89102,/data/FMD_Data_26082026/fmd_temp_images/ICube Defects Library/Cavity Off Center/20241105_140540_L24_PalletGHG1105190432_Cavity15_B0178J4_Fail7_Score(1).bmp,Cavity Off Center,L24,test
8581ef10e6e1685cb58774d294bbf0d6,/data/FMD_Data_26082026/fmd_temp_images/Updated ICube Categorical Classes 20260915/Cavity Off Center/20241117_160212_L24_C11_1_0.9781.bmp,Cavity Off Center,L24,test
8a86a37d8aa359d8a69eb237be68f6a3,/data/FMD_Data_26082026/fmd_temp_images/ICube Defects Library/Cavity Off Center/20241109_160024_L24_PalletGHO1109205946_Cavity12_B0178JF_Fail7_Score(1).bmp,Cavity Off Center,L24,test
96d86525d20b92b190917929d8f3e492,/data/FMD_Data_26082026/fmd_temp_images/ICube Defects Library/Cavity Off Center/20241109_000951_L24_C10_1.bmp,Cavity Off Center,L24,test
a8c53c3b635a8c513f9c53d30d6ed675,/data/FMD_Data_26082026/fmd_temp_images/ICube Defects Library/Cavity Off Center/20241110_234121_L24_PalletGHR1111044049_Cavity10_B0178JP_Fail7_Score(1).bmp,Cavity Off Center,L24,test
a9a85433d3f21ab492f6c592b665da98,/data/FMD_Data_26082026/fmd_temp_images/Updated ICube Categorical Classes 20260915/Cavity Off Center/20260813_202314_L24_PalletGHB0814003724_Cavity14_B01BJ3V_Fail7_Score(1).bmp,Cavity Off Center,L24,test
af98a9e26fea14c277c96077ff795d0a,/data/FMD_Data_26082026/fmd_temp_images/Updated ICube Categorical Classes 20260915/Cavity Off Center/20260813_202314_L24_PalletGHB0814003724_Cavity12_B01BJ3V_Fail7_Score(1).bmp,Cavity Off Center,L24,test
b36eb3971e9b89e0c74e27b1d65d931e,/data/FMD_Data_26082026/fmd_temp_images/Updated ICube Categorical Classes 20260915/Cavity Off Center/20260811_052940_L24_PalletGHB0811094451_Cavity12_B01BFR6_Fail7_Score(1).bmp,Cavity Off Center,L24,test
bb12bc9948031713160eaf4b6fa20ec0,/data/FMD_Data_26082026/fmd_temp_images/Updated ICube Categorical Classes 20260915/Cavity Off Center/20260827_170829_L24_PalletGHB0827212423_Cavity15_B01BKKK_Fail7_Score(1).bmp,Cavity Off Center,L24,test
ce6f861ed194dd1d85200f0b318da030,/data/FMD_Data_26082026/fmd_temp_images/ICube Defects Library/Cavity Off Center/20241105_140540_L24_PalletGHG1105190432_Cavity13_B0178J4_Fail7_Score(1).bmp,Cavity Off Center,L24,test
d1787f1b91450338fd42aec69894f569,/data/FMD_Data_26082026/fmd_temp_images/Updated ICube Categorical Classes 20260915/Cavity Off Center/20260816_011517_L24_PalletGHD0816053207_Cavity9_B01BFRZ_Fail7_Score(1).bmp,Cavity Off Center,L24,test
eda26c8c26835090ae29ebf508a12e7b,/data/FMD_Data_26082026/fmd_temp_images/Updated ICube Categorical Classes 20260915/Cavity Off Center/20241117_175330_L24_C12_1_0.7580.bmp,Cavity Off Center,L24,test
fc4a67ca60a7459197663dce284ad606,/data/FMD_Data_26082026/fmd_temp_images/ICube Defects Library/Cavity Off Center/20241110_234121_L24_PalletGHR1111044049_Cavity12_B0178JP_Fail7_Score(1).bmp,Cavity Off Center,L24,test
ffe53470940f95ccd2dff10c3ccbbeaa,/data/FMD_Data_26082026/fmd_temp_images/Updated ICube Categorical Classes 20260915/Cavity Off Center/20260813_202314_L24_PalletGHB0814003724_Cavity10_B01BJ3V_Fail7_Score(1).bmp,Cavity Off Center,L24,test
0672019db9686e338cf0ef536d41d3c0,/data/FMD_Data_26082026/fmd_temp_images/Updated ICube Categorical Classes 20260915/Cavity Off Center/20241117_175330_L24_C14_1_0.8742.bmp,Cavity Off Center,L24,train
0bdd68f2b9a568d600fb8c36eda02cea,/data/FMD_Data_26082026/fmd_temp_images/ICube Defects Library/Cavity Off Center/20241109_000950_L24_C3_1.bmp,Cavity Off Center,L24,train
0c70d823059d303cc186277db626b06e,/data/FMD_Data_26082026/fmd_temp_images/Updated ICube Categorical Classes 20260915/Cavity Off Center/20241117_160212_L24_C12_1_0.8354.bmp,Cavity Off Center,L24,train
0d2c8765cd78c7e8eedbba210f182643,/data/FMD_Data_26082026/fmd_temp_images/ICube Defects Library/Cavity Off Center/20241105_140540_L24_PalletGHG1105190432_Cavity8_B0178J4_Fail7_Score(1).bmp,Cavity Off Center,L24,train
0d667a57ef2dbfc5ab24d22b5479e31e,/data/FMD_Data_26082026/fmd_temp_images/Updated ICube Categorical Classes 20260915/Cavity Off Center/20260811_052940_L24_PalletGHB0811094451_Cavity14_B01BFR6_Fail7_Score(1).bmp,Cavity Off Center,L24,train
13d5510a1bf636b0a4dc916bd1ab77c5,/data/FMD_Data_26082026/fmd_temp_images/ICube Defects Library/Cavity Off Center/20241111_121839_L24_PalletGHA1111171806_Cavity13_B0178JS_Fail7_Score(1).bmp,Cavity Off Center,L24,train
18564db5bb4f9f9915ca4a841e87b50e,/data/FMD_Data_26082026/fmd_temp_images/Updated ICube Categorical Classes 20260915/Cavity Off Center/20260813_202314_L24_PalletGHB0814003724_Cavity13_B01BJ3V_Fail7_Score(1).bmp,Cavity Off Center,L24,train
19485e08c4f9751848abc8bdbe3a9542,/data/FMD_Data_26082026/fmd_temp_images/ICube Defects Library/Cavity Off Center/20241110_234121_L24_PalletGHR1111044049_Cavity11_B0178JP_Fail7_Score(1).bmp,Cavity Off Center,L24,train
1dd119c7a020c8d3e23b88d0c3c69158,/data/FMD_Data_26082026/fmd_temp_images/ICube Defects Library/Cavity Off Center/20241109_155745_L24_PalletGHF1109205706_Cavity15_B0178JF_Fail7_Score(1).bmp,Cavity Off Center,L24,train
213b892974cf0fcbb999736f36bd2159,/data/FMD_Data_26082026/fmd_temp_images/ICube Defects Library/Cavity Off Center/20241108_133424_L24_PalletGHL1108183335_Cavity7_B0178JH_Fail7_Score(1).bmp,Cavity Off Center,L24,train
2ad815867a4fec6fbd01cb8ecfa36eec,/data/FMD_Data_26082026/fmd_temp_images/ICube Defects Library/Cavity Off Center/20241109_160024_L24_PalletGHO1109205946_Cavity10_B0178JF_Fail7_Score(1).bmp,Cavity Off Center,L24,train
2fb291734b014e0ee93ebbc4dd82c407,/data/FMD_Data_26082026/fmd_temp_images/ICube Defects Library/Cavity Off Center/20241105_140540_L24_PalletGHG1105190432_Cavity14_B0178J4_Fail7_Score(1).bmp,Cavity Off Center,L24,train
355afac9b9d31918573179294034dea7,/data/FMD_Data_26082026/fmd_temp_images/ICube Defects Library/Cavity Off Center/20241108_011803_L24_PalletGHS1108061715_Cavity13_B0178JB_Fail7_Score(1).bmp,Cavity Off Center,L24,train
37d6ca3740260ba38bd0f7d3541810e7,/data/FMD_Data_26082026/fmd_temp_images/ICube Defects Library/Cavity Off Center/20241108_011803_L24_PalletGHS1108061715_Cavity12_B0178JB_Fail7_Score(1).bmp,Cavity Off Center,L24,train
396413f64b2215f4c5e4f723f8dc7872,/data/FMD_Data_26082026/fmd_temp_images/ICube Defects Library/Cavity Off Center/20241110_094855_L24_PalletGHI1110144821_Cavity7_B0178JK_Fail7_Score(1).bmp,Cavity Off Center,L24,train
39c569b128b0d3f46476bd6a0c264609,/data/FMD_Data_26082026/fmd_temp_images/Updated ICube Categorical Classes 20260915/Cavity Off Center/20241117_160212_L24_C8_1_0.8349.bmp,Cavity Off Center,L24,train
3e6e2b3a32e120f158767eb2e08181a5,/data/FMD_Data_26082026/fmd_temp_images/Updated ICube Categorical Classes 20260915/Cavity Off Center/20260827_170829_L24_PalletGHB0827212423_Cavity14_B01BKKK_Fail7_Score(1).bmp,Cavity Off Center,L24,train
4177fe3ebd9f27027cba170728da518c,/data/FMD_Data_26082026/fmd_temp_images/Updated ICube Categorical Classes 20260915/Cavity Off Center/20260813_202314_L24_PalletGHB0814003724_Cavity15_B01BJ3V_Fail7_Score(1).bmp,Cavity Off Center,L24,train
436edfea7680178efd5d1dc8faebd0f1,/data/FMD_Data_26082026/fmd_temp_images/Updated ICube Categorical Classes 20260915/Cavity Off Center/20260827_170829_L24_PalletGHB0827212423_Cavity12_B01BKKK_Fail7_Score(1).bmp,Cavity Off Center,L24,train
49b41335468d6ba15d16c1263b55dbab,/data/FMD_Data_26082026/fmd_temp_images/Updated ICube Categorical Classes 20260915/Cavity Off Center/20241117_160212_L24_C10_1_0.9003.bmp,Cavity Off Center,L24,train
50340462aed1da2755484af08da75bc4,/data/FMD_Data_26082026/fmd_temp_images/ICube Defects Library/Cavity Off Center/20241110_234121_L24_PalletGHR1111044049_Cavity7_B0178JP_Fail7_Score(1).bmp,Cavity Off Center,L24,train
519c4b4274974b2acb252501295d155f,/data/FMD_Data_26082026/fmd_temp_images/ICube Defects Library/Cavity Off Center/20241109_000951_L24_C11_1.bmp,Cavity Off Center,L24,train
52cba08ba7044e57e528009155940edb,/data/FMD_Data_26082026/fmd_temp_images/Updated ICube Categorical Classes 20260915/Cavity Off Center/20260811_052940_L24_PalletGHB0811094451_Cavity13_B01BFR6_Fail7_Score(1).bmp,Cavity Off Center,L24,train
58081103662f2f3f0a58e9d3f06be28f,/data/FMD_Data_26082026/fmd_temp_images/ICube Defects Library/Cavity Off Center/20241109_000950_L24_C7_1.bmp,Cavity Off Center,L24,train
59d3a0376332f165a461cff09063ceb1,/data/FMD_Data_26082026/fmd_temp_images/ICube Defects Library/Cavity Off Center/20241111_062737_L24_PalletGHG1111112708_Cavity15_B0178JQ_Fail7_Score(1).bmp,Cavity Off Center,L24,train
5a1c3dcaa11d806cd5015057c7de267e,/data/FMD_Data_26082026/fmd_temp_images/ICube Defects Library/Cavity Off Center/20241107_062925_L24_PalletGHA1107112831_Cavity6_B0178J6_Fail7_Score(1).bmp,Cavity Off Center,L24,train
5f8a3afd049eec8239bbae6f43010cbc,/data/FMD_Data_26082026/fmd_temp_images/ICube Defects Library/Cavity Off Center/20241109_000950_L24_C6_1.bmp,Cavity Off Center,L24,train
61240d5bd3cdb6190e58a30a989660ca,/data/FMD_Data_26082026/fmd_temp_images/ICube Defects Library/Cavity Off Center/20241108_133424_L24_PalletGHL1108183335_Cavity10_B0178JH_Fail7_Score(1).bmp,Cavity Off Center,L24,train
6254554ffed6c9745626c6c345dffd4f,/data/FMD_Data_26082026/fmd_temp_images/ICube Defects Library/Cavity Off Center/20241106_000307_L24_PalletGHJ1106050206_Cavity13_B0178J2_Fail7_Score(1).bmp,Cavity Off Center,L24,train
66712e06b99de0c657e13f11bd9d180a,/data/FMD_Data_26082026/fmd_temp_images/ICube Defects Library/Cavity Off Center/20241106_042033_L24_PalletGHF1106091932_Cavity10_B0178J3_Fail7_Score(1).bmp,Cavity Off Center,L24,train
68ebfdffc740392391cfae9a3246e157,/data/FMD_Data_26082026/fmd_temp_images/Updated ICube Categorical Classes 20260915/Cavity Off Center/20260827_170829_L24_PalletGHB0827212423_Cavity13_B01BKKK_Fail7_Score(1).bmp,Cavity Off Center,L24,train
690e1b96293b850390513e031afbf25c,/data/FMD_Data_26082026/fmd_temp_images/Updated ICube Categorical Classes 20260915/Cavity Off Center/20260827_170829_L24_PalletGHB0827212423_Cavity8_B01BKKK_Fail7_Score(1).bmp,Cavity Off Center,L24,train
7ad4d22f9b51365168715d61a551dc58,/data/FMD_Data_26082026/fmd_temp_images/ICube Defects Library/Cavity Off Center/20241109_000951_L24_C12_1.bmp,Cavity Off Center,L24,train
7c2284072e1b030c82725b414c9e60c1,/data/FMD_Data_26082026/fmd_temp_images/Updated ICube Categorical Classes 20260915/Cavity Off Center/20241115_000641_L24_C14_1_1.0000.bmp,Cavity Off Center,L24,train
7e2f313f82efe48c346ceb1b19062528,/data/FMD_Data_26082026/fmd_temp_images/ICube Defects Library/Cavity Off Center/20241109_000950_L24_C4_1.bmp,Cavity Off Center,L24,train
7f1164438351219060eb1ed6044d6dd2,/data/FMD_Data_26082026/fmd_temp_images/ICube Defects Library/Cavity Off Center/20241111_121839_L24_PalletGHA1111171806_Cavity15_B0178JS_Fail7_Score(1).bmp,Cavity Off Center,L24,train
87e6d5db7d6ee06e96b7c5091ccb4fbd,/data/FMD_Data_26082026/fmd_temp_images/Updated ICube Categorical Classes 20260915/Cavity Off Center/20260811_052940_L24_PalletGHB0811094451_Cavity8_B01BFR6_Fail7_Score(1).bmp,Cavity Off Center,L24,train
8a848bd03bc2a8fab650ba8c56868153,/data/FMD_Data_26082026/fmd_temp_images/ICube Defects Library/Cavity Off Center/20241111_121839_L24_PalletGHA1111171806_Cavity14_B0178JS_Fail7_Score(1).bmp,Cavity Off Center,L24,train
8cf0892007a6233bbc83b2ee0ef5e744,/data/FMD_Data_26082026/fmd_temp_images/Updated ICube Categorical Classes 20260915/Cavity Off Center/20241117_175330_L24_C15_1_0.9968.bmp,Cavity Off Center,L24,train
8e685ae83d9fcbffa054fb39820474f0,/data/FMD_Data_26082026/fmd_temp_images/ICube Defects Library/Cavity Off Center/20241108_011803_L24_PalletGHS1108061715_Cavity11_B0178JB_Fail7_Score(1).bmp,Cavity Off Center,L24,train
8e992444c59add917229ce3c48a5dc9c,/data/FMD_Data_26082026/fmd_temp_images/Updated ICube Categorical Classes 20260915/Cavity Off Center/20260811_052940_L24_PalletGHB0811094451_Cavity15_B01BFR6_Fail7_Score(1).bmp,Cavity Off Center,L24,train
95f032b8becad3bd5cc79fc0a436eedb,/data/FMD_Data_26082026/fmd_temp_images/Updated ICube Categorical Classes 20260915/Cavity Off Center/20260827_170829_L24_PalletGHB0827212423_Cavity11_B01BKKK_Fail7_Score(1).bmp,Cavity Off Center,L24,train
98b611fc8e7fe3c05d2aa6074d4116ad,/data/FMD_Data_26082026/fmd_temp_images/ICube Defects Library/Cavity Off Center/20241109_155745_L24_PalletGHF1109205706_Cavity10_B0178JF_Fail7_Score(1).bmp,Cavity Off Center,L24,train
a0f23aee3293d86d9b53125603754c0e,/data/FMD_Data_26082026/fmd_temp_images/ICube Defects Library/Cavity Off Center/20241105_160145_L24_PalletGHN1105210045_Cavity15_B0178J4_Fail7_Score(1).bmp,Cavity Off Center,L24,train
a68929bac9aa33e485ba5f58cfc41f11,/data/FMD_Data_26082026/fmd_temp_images/Updated ICube Categorical Classes 20260915/Cavity Off Center/20241117_160212_L24_C9_1_0.9262.bmp,Cavity Off Center,L24,train
a9744cae8c8f6601b24f9bb06c7998e3,/data/FMD_Data_26082026/fmd_temp_images/Updated ICube Categorical Classes 20260915/Cavity Off Center/20260827_170829_L24_PalletGHB0827212423_Cavity10_B01BKKK_Fail7_Score(1).bmp,Cavity Off Center,L24,train
aa792b58b3b136bd57ad8d07b1b87868,/data/FMD_Data_26082026/fmd_temp_images/ICube Defects Library/Cavity Off Center/20241109_000950_L24_C5_1.bmp,Cavity Off Center,L24,train
b43a3f77c3253f24e6ff294f6e4ea33c,/data/FMD_Data_26082026/fmd_temp_images/Updated ICube Categorical Classes 20260915/Cavity Off Center/20241115_000641_L24_C13_1_1.0000.bmp,Cavity Off Center,L24,train
c005861884305751b31f17a4867cf0ec,/data/FMD_Data_26082026/fmd_temp_images/Updated ICube Categorical Classes 20260915/Cavity Off Center/20260811_052940_L24_PalletGHB0811094451_Cavity9_B01BFR6_Fail7_Score(1).bmp,Cavity Off Center,L24,train
c144da93de037b441f44c1fecd56a1bd,/data/FMD_Data_26082026/fmd_temp_images/ICube Defects Library/Cavity Off Center/20241111_121839_L24_PalletGHA1111171806_Cavity12_B0178JS_Fail7_Score(1).bmp,Cavity Off Center,L24,train
c9be6fb987efc1b1fb4baa0fe5d2589f,/data/FMD_Data_26082026/fmd_temp_images/ICube Defects Library/Cavity Off Center/20241109_000951_L24_C9_1.bmp,Cavity Off Center,L24,train
d040147d04ac6f5aa80a31d7a4f08d78,/data/FMD_Data_26082026/fmd_temp_images/Updated ICube Categorical Classes 20260915/Cavity Off Center/20260811_052940_L24_PalletGHB0811094451_Cavity7_B01BFR6_Fail7_Score(1).bmp,Cavity Off Center,L24,train
ddee69e062172677a95680bda9cb9f35,/data/FMD_Data_26082026/fmd_temp_images/Updated ICube Categorical Classes 20260915/Cavity Off Center/20241117_160212_L24_C6_1_1.0000.bmp,Cavity Off Center,L24,train
e53d5f22111d8ea1660c09efedeffd69,/data/FMD_Data_26082026/fmd_temp_images/ICube Defects Library/Cavity Off Center/20241111_062737_L24_PalletGHG1111112708_Cavity12_B0178JQ_Fail7_Score(1).bmp,Cavity Off Center,L24,train
e5b7ea7f376c372af5e64b7acfd8d306,/data/FMD_Data_26082026/fmd_temp_images/Updated ICube Categorical Classes 20260915/Cavity Off Center/20260811_052940_L24_PalletGHB0811094451_Cavity5_B01BFR6_Fail7_Score(1)_0.7559.bmp,Cavity Off Center,L24,train
eb1236c2f323aabd9197232c4d62087f,/data/FMD_Data_26082026/fmd_temp_images/ICube Defects Library/Cavity Off Center/20241107_062925_L24_PalletGHA1107112831_Cavity15_B0178J6_Fail7_Score(1).bmp,Cavity Off Center,L24,train
eec36ebbc562cd2da5a7c8844b90c1d9,/data/FMD_Data_26082026/fmd_temp_images/ICube Defects Library/Cavity Off Center/20241111_062737_L24_PalletGHG1111112708_Cavity9_B0178JQ_Fail7_Score(1).bmp,Cavity Off Center,L24,train
eed85e3a13b8e67692a4005cde92df87,/data/FMD_Data_26082026/fmd_temp_images/ICube Defects Library/Cavity Off Center/20241111_062737_L24_PalletGHG1111112708_Cavity8_B0178JQ_Fail7_Score(1).bmp,Cavity Off Center,L24,train
f1168fdfe93c4116d419893806152447,/data/FMD_Data_26082026/fmd_temp_images/Updated ICube Categorical Classes 20260915/Cavity Off Center/20260811_052940_L24_PalletGHB0811094451_Cavity6_B01BFR6_Fail7_Score(1).bmp,Cavity Off Center,L24,train
f16f3bb8b4a019260e963813e15c8810,/data/FMD_Data_26082026/fmd_temp_images/Updated ICube Categorical Classes 20260915/Cavity Off Center/20260827_170829_L24_PalletGHB0827212423_Cavity9_B01BKKK_Fail7_Score(1).bmp,Cavity Off Center,L24,train
f2a7dd75be464bc65789d5d06bf8452e,/data/FMD_Data_26082026/fmd_temp_images/ICube Defects Library/Cavity Off Center/20241111_062737_L24_PalletGHG1111112708_Cavity13_B0178JQ_Fail7_Score(1).bmp,Cavity Off Center,L24,train
f805a658efbfef4075a38cfa3fa8b39e,/data/FMD_Data_26082026/fmd_temp_images/ICube Defects Library/Cavity Off Center/20241105_151652_L24_PalletGHI1105201552_Cavity10_B0178J4_Fail7_Score(1).bmp,Cavity Off Center,L24,train
f90dbe3b936d6067c7f6479bbd1cc3df,/data/FMD_Data_26082026/fmd_temp_images/Updated ICube Categorical Classes 20260915/Cavity Off Center/20241117_175330_L24_C13_1_0.9987.bmp,Cavity Off Center,L24,train
fa3a3e7e6cd8a11ba04e0b0165611cfa,/data/FMD_Data_26082026/fmd_temp_images/ICube Defects Library/Cavity Off Center/20241109_000951_L24_C13_1.bmp,Cavity Off Center,L24,train
fc48eda0857b35b91e2b30c78e7f85ef,/data/FMD_Data_26082026/fmd_temp_images/ICube Defects Library/Cavity Off Center/20241111_062737_L24_PalletGHG1111112708_Cavity11_B0178JQ_Fail7_Score(1).bmp,Cavity Off Center,L24,train
04b83bbf8cb148e34a26fa7adc03696e,/data/FMD_Data_26082026/fmd_temp_images/ICube Defects Library/Dirty Camera/20260811_082010_L24_PalletGHB0811123635_Cavity15_B01BFR6_Fail7_Score(0.999631).bmp,Dirty Camera,L24,test
21f117c64e25bc60a209f1f36730129d,/data/FMD_Data_26082026/fmd_temp_images/ICube Defects Library/Dirty Camera/20260811_075312_L24_PalletGHH0811120936_Cavity13_B01BFR6_Fail7_Score(0.9874001).bmp,Dirty Camera,L24,test
229fbf9d347cc9ad3687c04df48ce655,/data/FMD_Data_26082026/fmd_temp_images/ICube Defects Library/Dirty Camera/20260811_085047_L24_PalletGHS0811130708_Cavity12_B01BFR6_Fail7_Score(0.98981).bmp,Dirty Camera,L24,test
4fa728033ef339afe5f1b0f408366765,/data/FMD_Data_26082026/fmd_temp_images/ICube Defects Library/Dirty Camera/20260811_061104_L24_PalletGHK0811102352_Cavity8_B01BFR6_Fail7_Score(0.9992949).bmp,Dirty Camera,L24,test
8565fd38d7871e1fe1a078429e4d3e44,/data/FMD_Data_26082026/fmd_temp_images/ICube Defects Library/Dirty Camera/20260811_061104_L24_PalletGHK0811102352_Cavity9_B01BFR6_Fail7_Score(0.9999964).bmp,Dirty Camera,L24,test
ae2b14f4527a070bb26b9906e21ae3d2,/data/FMD_Data_26082026/fmd_temp_images/ICube Defects Library/Dirty Camera/20260811_092052_L24_PalletGHN0811133715_Cavity6_B01BFR6_Fail7_Score(0.9985321).bmp,Dirty Camera,L24,test
baa5dc77a6fc1e564632daf5a5393582,/data/FMD_Data_26082026/fmd_temp_images/ICube Defects Library/Dirty Camera/20260811_061109_L24_PalletGHN0811102403_Cavity11_B01BFR6_Fail7_Score(0.9959699).bmp,Dirty Camera,L24,test
e267c7c49765b1048c4bf2e6376839b2,/data/FMD_Data_26082026/fmd_temp_images/ICube Defects Library/Dirty Camera/20260811_101903_L24_PalletGHU0811143528_Cavity5_B01BFR6_Fail7_Score(0.9914313).bmp,Dirty Camera,L24,test
0adc2a7e0a3e84dcddc44717c79b0e90,/data/FMD_Data_26082026/fmd_temp_images/ICube Defects Library/Dirty Camera/20260811_064532_L24_PalletGHH0811105955_Cavity12_B01BFR6_Fail7_Score(0.9999898).bmp,Dirty Camera,L24,train
324f198bdc058db43f3e7c2d7aa0ced9,/data/FMD_Data_26082026/fmd_temp_images/ICube Defects Library/Dirty Camera/20260811_071053_L24_PalletGHP0811112706_Cavity3_B01BFR6_Fail7_Score(0.9963369).bmp,Dirty Camera,L24,train
381f4ce2023e3a22009558c5f7616d38,/data/FMD_Data_26082026/fmd_temp_images/ICube Defects Library/Dirty Camera/20260811_095936_L24_PalletGHH0811141556_Cavity5_B01BFR6_Fail6_Score(0.9803247).bmp,Dirty Camera,L24,train
4c88de95e21393f5b6327d047734b974,/data/FMD_Data_26082026/fmd_temp_images/ICube Defects Library/Dirty Camera/20260811_055337_L24_PalletGHE0811100958_Cavity4_B01BFR6_Fail7_Score(0.9941126).bmp,Dirty Camera,L24,train
5c9d77c5ba60a2d853d6188b5b868ea3,/data/FMD_Data_26082026/fmd_temp_images/ICube Defects Library/Dirty Camera/20260811_061104_L24_PalletGHK0811102352_Cavity11_B01BFR6_Fail7_Score(0.9999306).bmp,Dirty Camera,L24,train
5e9f3fa42a48f33366f1b249b9ed9f54,/data/FMD_Data_26082026/fmd_temp_images/ICube Defects Library/Dirty Camera/20260811_110626_L24_PalletGHS0811152249_Cavity1_B01BFR7_Fail7_Score(0.9932564).bmp,Dirty Camera,L24,train
86f2d7b200ce7a95e23e22638f03b42b,/data/FMD_Data_26082026/fmd_temp_images/ICube Defects Library/Dirty Camera/20260811_082835_L24_PalletGHS0811124500_Cavity4_B01BFR6_Fail7_Score(0.9970156).bmp,Dirty Camera,L24,train
9be898e98c056b0a1f8fcc7f34a0164c,/data/FMD_Data_26082026/fmd_temp_images/ICube Defects Library/Dirty Camera/20260811_113941_L24_PalletGHQ0811155601_Cavity11_B01BFR7_Fail6_Score(0.9832483).bmp,Dirty Camera,L24,train
9cf0a4bb49ecb241a433fd569e8ebdd3,/data/FMD_Data_26082026/fmd_temp_images/ICube Defects Library/Dirty Camera/20260811_113251_L24_PalletGHA0811154910_Cavity8_B01BFR7_Fail7_Score(0.9965522).bmp,Dirty Camera,L24,train
a4379b7c9506487d22dc53c3ca288848,/data/FMD_Data_26082026/fmd_temp_images/ICube Defects Library/Dirty Camera/20260811_075740_L24_PalletGHM0811121401_Cavity1_B01BFR6_Fail6_Score(0.9819589).bmp,Dirty Camera,L24,train
a79ac4abeba8658c804a36f56c5d8e11,/data/FMD_Data_26082026/fmd_temp_images/ICube Defects Library/Dirty Camera/20260811_113452_L24_PalletGHG0811155112_Cavity15_B01BFR7_Fail7_Score(0.9968386).bmp,Dirty Camera,L24,train
a93aabf6fab145eda300fc66036955e4,/data/FMD_Data_26082026/fmd_temp_images/ICube Defects Library/Dirty Camera/20260811_103356_L24_PalletGHC0811145013_Cavity2_B01BFR6_Fail7_Score(0.9865698).bmp,Dirty Camera,L24,train
c82d754a38427518a8ad62103e69e333,/data/FMD_Data_26082026/fmd_temp_images/ICube Defects Library/Dirty Camera/20260811_095048_L24_PalletGHR0811140712_Cavity5_B01BFR6_Fail7_Score(0.9928588).bmp,Dirty Camera,L24,train
d6efa623528f9698e12e6ab313d140ec,/data/FMD_Data_26082026/fmd_temp_images/ICube Defects Library/Dirty Camera/20260811_104115_L24_PalletGHU0811145740_Cavity5_B01BFR6_Fail6_Score(0.9807678).bmp,Dirty Camera,L24,train
de7ddd4e09bc872f09cf0fd9f8dfde75,/data/FMD_Data_26082026/fmd_temp_images/ICube Defects Library/Dirty Camera/20260811_064607_L24_PalletGHE0811110232_Cavity1_B01BFR6_Fail7_Score(0.9878824).bmp,Dirty Camera,L24,train
e0b31db452c5e6fce94cf1aef68c99c1,/data/FMD_Data_26082026/fmd_temp_images/ICube Defects Library/Dirty Camera/20260811_061104_L24_PalletGHK0811102352_Cavity12_B01BFR6_Fail7_Score(0.9998984).bmp,Dirty Camera,L24,train
f3151cd08ffd1ab9744e6f0555295b91,/data/FMD_Data_26082026/fmd_temp_images/ICube Defects Library/Dirty Camera/20260811_083209_L24_PalletGHB0811124833_Cavity1_B01BFR6_Fail7_Score(0.9881856).bmp,Dirty Camera,L24,train
14407a8eb20ed3e47f7026a7afef5d9c,/data/FMD_Data_26082026/fmd_temp_images/Updated ICube Objects 20260915/Extraneous Polymer/20241108_123719_L24_PalletGHK1108173629_Cavity3_B0178JH_Fail6_Score(0.9757074)_0.9940_0.9708.bmp,Extraneous Polymer,L24,test
255b659f10c71511819376991df292c0,/data/FMD_Data_26082026/fmd_temp_images/Updated ICube Objects 20260915/Extraneous Polymer/20241120_062141_L24_C8_9987_0.9986.bmp,Extraneous Polymer,L24,test
367466ba60ac98a5ba60ca7846303150,/data/FMD_Data_26082026/fmd_temp_images/Updated ICube Objects 20260915/Extraneous Polymer/20241111_223701_L24_PalletGHR1112033634_Cavity14_B0178JW_Fail7_Score(0.997364)_1.0000_0.9574.bmp,Extraneous Polymer,L24,test
3694b549e49b060ffd2a7bd510b81c8a,/data/FMD_Data_26082026/fmd_temp_images/Updated ICube Objects 20260915/Extraneous Polymer/20260803_135038_L24_PalletGHE0803180616_Cavity6_D009G6P_Pass1_Score(0.03327972).bmp,Extraneous Polymer,L24,test
43592078b3a8c0bcca3be6c47188592a,/data/FMD_Data_26082026/fmd_temp_images/Updated ICube Objects 20260915/Extraneous Polymer/20260731_115736_L24_PalletGHG0731161356_Cavity12_D009G0Q_Pass1_Score(0.3032157).bmp,Extraneous Polymer,L24,test
5e00a48102c412b7ef89319f4379cc80,/data/FMD_Data_26082026/fmd_temp_images/Updated ICube Objects 20260915/Extraneous Polymer/20260823_174738_L24_PalletGHS0823220408_Cavity8_B01BKJV_Fail7_Score(0.995422).bmp,Extraneous Polymer,L24,test
72eb92f1e3c2f000f973831d9b13d8d1,/data/FMD_Data_26082026/fmd_temp_images/ICube Defects Library/Extraneous Polymer/20241106_140001_L24_C4_9627.bmp,Extraneous Polymer,L24,test
742ee7a899036f94ea57fc899f16a7dc,/data/FMD_Data_26082026/fmd_temp_images/ICube Defects Library/Extraneous Polymer/20241108_042349_L24_C3_9933.bmp,Extraneous Polymer,L24,test
8a0219657e936bd69c390a7ebd0dc03a,/data/FMD_Data_26082026/fmd_temp_images/ICube Defects Library/Extraneous Polymer/20241109_161500_L24_C10_9960.bmp,Extraneous Polymer,L24,test
95e5caa15821b5a8ef22ef1b59ec31df,/data/FMD_Data_26082026/fmd_temp_images/Updated ICube Objects 20260915/Extraneous Polymer/20241108_083847_L24_PalletGHL1108133647_Cavity13_B0178JH_Fail6_Score(0.9802432)_0.9968_0.9816.bmp,Extraneous Polymer,L24,test
a8e3a6dc467be9dc649a70c105a84fea,/data/FMD_Data_26082026/fmd_temp_images/Updated ICube Objects 20260915/Extraneous Polymer/20241112_034424_L24_PalletGHA1112084359_Cavity15_B0178JV_Fail7_Score(0.9999998)_0.9805_0.9821.bmp,Extraneous Polymer,L24,test
c4aa3dd17270defcf2088100a2f7d7ec,/data/FMD_Data_26082026/fmd_temp_images/Updated ICube Objects 20260915/Extraneous Polymer/20260814_080027_L24_PalletGHM0814121704_Cavity11_B01BFRL_Fail7_Score(0.9920896).bmp,Extraneous Polymer,L24,test
d01277a3dae0ec6401f00b64b049bd7a,/data/FMD_Data_26082026/fmd_temp_images/Updated ICube Objects 20260915/Extraneous Polymer/20260729_090447_L24_PalletGHL0729132101_Cavity3_D009FW1_Pass1_Score(0.253889).bmp,Extraneous Polymer,L24,test
dead08d659e60ef151361b9f15b6e294,/data/FMD_Data_26082026/fmd_temp_images/Updated ICube Objects 20260915/Extraneous Polymer/20241209_154911_L24_C8_9944_1.0000_0.7906.bmp,Extraneous Polymer,L24,test
ef1ae8fe00ac48e8313c8c316e228d4b,/data/FMD_Data_26082026/fmd_temp_images/Updated ICube Objects 20260915/Extraneous Polymer/20260827_091340_L24_PalletGHO0827133029_Cavity1_B01BKKJ_Fail4_Score(0.9425024).bmp,Extraneous Polymer,L24,test
f873ac3d8b0d5a60c83669b21353195d,/data/FMD_Data_26082026/fmd_temp_images/Updated ICube Objects 20260915/Extraneous Polymer/20241104_235947_L24_PalletGHR1105045838_Cavity1_B0178HV_Fail3_Score(0.9186684)_0.9972_0.9648.bmp,Extraneous Polymer,L24,test
fbefadd200f752acb4aa56abc4624787,/data/FMD_Data_26082026/fmd_temp_images/Updated ICube Objects 20260915/Extraneous Polymer/20260731_133931_L24_PalletGHU0731175551_Cavity10_D009G0V_Pass1_Score(0.5302956).bmp,Extraneous Polymer,L24,test
fcbab0993074a9445215c8a48a04dbc5,/data/FMD_Data_26082026/fmd_temp_images/Updated ICube Objects 20260915/Extraneous Polymer/20241207_005256_L24_C14_9876_1.0000_0.7995.bmp,Extraneous Polymer,L24,test
043332d9fa401d11cde86dbe51ebb1ea,/data/FMD_Data_26082026/fmd_temp_images/Updated ICube Objects 20260915/Extraneous Polymer/20241108_002429_L24_C11_9170_0.9997_0.9596.bmp,Extraneous Polymer,L24,train
0b5e750deb8dca03479d13b134362440,/data/FMD_Data_26082026/fmd_temp_images/Updated ICube Objects 20260915/Extraneous Polymer/20241102_034931_L24_C14_9062_0.9995_0.7391.bmp,Extraneous Polymer,L24,train
0bac9320c18fb20397771cea6ff631d7,/data/FMD_Data_26082026/fmd_temp_images/Updated ICube Objects 20260915/Extraneous Polymer/20241214_144655_L24_C7_9986_0.9999_0.4205.bmp,Extraneous Polymer,L24,train
0c2125ddd5848ef2081588b4b5c62ec1,/data/FMD_Data_26082026/fmd_temp_images/Updated ICube Objects 20260915/Extraneous Polymer/20241112_114228_L24_C11_9999_0.9948.bmp,Extraneous Polymer,L24,train
0d1f1530468ff04775b0f0a3ffa10abb,/data/FMD_Data_26082026/fmd_temp_images/Updated ICube Objects 20260915/Extraneous Polymer/20241103_000010_L24_C11_9429_1.0000.bmp,Extraneous Polymer,L24,train
11cbe72235bbb302e7b85d341d61528d,/data/FMD_Data_26082026/fmd_temp_images/Updated ICube Objects 20260915/Extraneous Polymer/20241109_165254_L24_C8_9169_0.9993_0.3759.bmp,Extraneous Polymer,L24,train
1a099ec89a1a464b4fda6fb673c2f6e9,/data/FMD_Data_26082026/fmd_temp_images/Updated ICube Objects 20260915/Extraneous Polymer/20260817_170040_L24_PalletGHR0817211634_Cavity10_B01BHW5_Fail2_Score(0.9049667).bmp,Extraneous Polymer,L24,train
2c2e4d050aa2fdc72181bcb41c2fa617,/data/FMD_Data_26082026/fmd_temp_images/Updated ICube Objects 20260915/Extraneous Polymer/20260826_095017_L24_PalletGHQ0826140704_Cavity1_B01BKKC_Fail3_Score(0.9286257).bmp,Extraneous Polymer,L24,train
2e8b18735852b4b8bceb232ebd33fca8,/data/FMD_Data_26082026/fmd_temp_images/Updated ICube Objects 20260915/Extraneous Polymer/20241118_114336_L24_C11_9898_0.9999.bmp,Extraneous Polymer,L24,train
302c4ca0e24fa00b6b3abc7003088286,/data/FMD_Data_26082026/fmd_temp_images/Updated ICube Objects 20260915/Extraneous Polymer/20241109_220006_L24_C15_9070_0.9988_0.6889.bmp,Extraneous Polymer,L24,train
4111cfb6b9c34ad364793d9c2ad4584b,/data/FMD_Data_26082026/fmd_temp_images/Updated ICube Objects 20260915/Extraneous Polymer/20241109_121757_L24_C13_9986_0.9907_0.4813.bmp,Extraneous Polymer,L24,train
4accab63a61137ddcf6061f63df54278,/data/FMD_Data_26082026/fmd_temp_images/Updated ICube Objects 20260915/Extraneous Polymer/20241109_071504_L24_PalletGHJ1109121415_Cavity15_B0178JD_Fail7_Score(0.987294)_0.9993_0.9818.bmp,Extraneous Polymer,L24,train
52e323bbc5287025037fc82896cbd2dc,/data/FMD_Data_26082026/fmd_temp_images/Updated ICube Objects 20260915/Extraneous Polymer/20260821_021154_L24_PalletGHD0821062810_Cavity1_B01BHWW_Fail7_Score(0.9938156).bmp,Extraneous Polymer,L24,train
5347b6e5c95121d9e7204aea292aed43,/data/FMD_Data_26082026/fmd_temp_images/Updated ICube Objects 20260915/Extraneous Polymer/20241115_165358_L24_C11_9997_1.0000.bmp,Extraneous Polymer,L24,train
57bab90608221ffa2c94b9e8beda9351,/data/FMD_Data_26082026/fmd_temp_images/Updated ICube Objects 20260915/Extraneous Polymer/20241112_052543_L24_C4_9204_0.9991.bmp,Extraneous Polymer,L24,train
5a68a47fa083c0868e5e0d68a7e26fe6,/data/FMD_Data_26082026/fmd_temp_images/Updated ICube Objects 20260915/Extraneous Polymer/20241108_205606_L24_PalletGHJ1109015521_Cavity10_B0178JH_Fail7_Score(0.9973226)_0.9961_0.9954.bmp,Extraneous Polymer,L24,train
5ce97c7a3cdf3db1a5b647efb6d19b8e,/data/FMD_Data_26082026/fmd_temp_images/ICube Defects Library/Extraneous Polymer/20241109_165018_L24_C6_9999.bmp,Extraneous Polymer,L24,train
61ca71711f1dd960173f07e3510e3711,/data/FMD_Data_26082026/fmd_temp_images/Updated ICube Objects 20260915/Extraneous Polymer/20260803_113404_L24_PalletGHN0803154940_Cavity7_D009G6H_Pass1_Score(0.8998446).bmp,Extraneous Polymer,L24,train
6c67bbcc6762b48addf6e185ebc4ca6a,/data/FMD_Data_26082026/fmd_temp_images/Updated ICube Objects 20260915/Extraneous Polymer/20241121_210853_L24_C11_9840_0.9999.bmp,Extraneous Polymer,L24,train
6ebdf21cb63b13de9ee8b55bc4e63aa5,/data/FMD_Data_26082026/fmd_temp_images/ICube Defects Library/Extraneous Polymer/20241109_225540_L24_C4_9957.bmp,Extraneous Polymer,L24,train
7e5e0ebf217ba23b74cd8b41b36d39e9,/data/FMD_Data_26082026/fmd_temp_images/Updated ICube Objects 20260915/Extraneous Polymer/20241105_010319_L24_PalletGHD1105055852_Cavity15_B0178HX_Fail7_Score(0.9999995)_0.9999_0.9581.bmp,Extraneous Polymer,L24,train
7efd60ee5aa67057421e72d54a55b78c,/data/FMD_Data_26082026/fmd_temp_images/ICube Defects Library/Extraneous Polymer/20260810_221103_L24_PalletGHA0811022725_Cavity6_B01BF2L_Fail6_Score(0.9823089).bmp,Extraneous Polymer,L24,train
8de38f997aca0594e5d60e8733224d59,/data/FMD_Data_26082026/fmd_temp_images/Updated ICube Objects 20260915/Extraneous Polymer/20260804_092320_L24_PalletGHI0804133906_Cavity14_D009G8C_Fail2_Score(0.9058634).bmp,Extraneous Polymer,L24,train
918424bcd2afafbd671a7f05246b2849,/data/FMD_Data_26082026/fmd_temp_images/ICube Defects Library/Extraneous Polymer/20241210_035053_L24_C14_9938.bmp,Extraneous Polymer,L24,train
9468b9997724f27808e63ab8147803cb,/data/FMD_Data_26082026/fmd_temp_images/Updated ICube Objects 20260915/Extraneous Polymer/20260828_182151_L24_PalletGHR0828223848_Cavity9_B01BLK4_Fail7_Score(0.9912352).bmp,Extraneous Polymer,L24,train
9f6e67147c02454f8c33c25fcbf713cc,/data/FMD_Data_26082026/fmd_temp_images/Updated ICube Objects 20260915/Extraneous Polymer/20241205_171629_L24_C10_9765_0.9998_0.5373.bmp,Extraneous Polymer,L24,train
b267ad4ba12de6e40bca326463323268,/data/FMD_Data_26082026/fmd_temp_images/Updated ICube Objects 20260915/Extraneous Polymer/20260818_114721_L24_PalletGHO0818155627_Cavity15_B01BHWC_Fail5_Score(0.9619309).bmp,Extraneous Polymer,L24,train
b325f95967c395562151fa5cdde05f7e,/data/FMD_Data_26082026/fmd_temp_images/ICube Defects Library/Extraneous Polymer/20241107_211152_L24_C15_9808.bmp,Extraneous Polymer,L24,train
ba7ce9544406d68f1ef2c8347c723fb8,/data/FMD_Data_26082026/fmd_temp_images/Updated ICube Objects 20260915/Extraneous Polymer/20241110_221442_L24_PalletGHJ1111031359_Cavity8_B0178JN_Fail7_Score(0.9947081)_1.0000_0.9901.bmp,Extraneous Polymer,L24,train
bbdf87de467d5f495ed428865dcbb535,/data/FMD_Data_26082026/fmd_temp_images/Updated ICube Objects 20260915/Extraneous Polymer/20260821_213038_L24_PalletGHB0822014654_Cavity6_B01BHX1_Fail5_Score(0.9509143).bmp,Extraneous Polymer,L24,train
be03444191087be352d472b6f47c8a64,/data/FMD_Data_26082026/fmd_temp_images/ICube Defects Library/Extraneous Polymer/20260810_203017_L24_PalletGHB0811004554_Cavity15_B01BF2L_Fail7_Score(0.9880998).bmp,Extraneous Polymer,L24,train
d3a92e2bc56b2147b46b4986d221aff6,/data/FMD_Data_26082026/fmd_temp_images/Updated ICube Objects 20260915/Extraneous Polymer/20260818_094629_L24_PalletGHQ0818140227_Cavity5_B01BHWC_Fail3_Score(0.9201016).bmp,Extraneous Polymer,L24,train
d73273e8e5911eca1968f3bcfa9fe55e,/data/FMD_Data_26082026/fmd_temp_images/Updated ICube Objects 20260915/Extraneous Polymer/20241110_093715_L24_PalletGHE1110143641_Cavity8_B0178JK_Fail7_Score(0.9840244)_1.0000_0.9782.bmp,Extraneous Polymer,L24,train
e3a2bb9c4b1c25b844614a65aab0ce64,/data/FMD_Data_26082026/fmd_temp_images/Updated ICube Objects 20260915/Extraneous Polymer/20241118_200759_L24_C11_9981_1.0000.bmp,Extraneous Polymer,L24,train
e730a301483468772363191e812d7cc1,/data/FMD_Data_26082026/fmd_temp_images/Updated ICube Objects 20260915/Extraneous Polymer/20241205_012740_L24_C14_9883_0.9998.bmp,Extraneous Polymer,L24,train
ec51c744925501d666c4fb89d7d3e862,/data/FMD_Data_26082026/fmd_temp_images/Updated ICube Objects 20260915/Extraneous Polymer/20241104_023200_L24_PalletGHU1104073049_Cavity3_B01778W_Fail7_Score(0.9999302)_0.9989_0.9991.bmp,Extraneous Polymer,L24,train
f1fd8dde6e144d0eae4221cb469239cb,/data/FMD_Data_26082026/fmd_temp_images/ICube Defects Library/Extraneous Polymer/20241109_210741_L24_C1_9999.bmp,Extraneous Polymer,L24,train
f9e3cc0b9f0f39c78b9f46d6b6f7d150,/data/FMD_Data_26082026/fmd_temp_images/Updated ICube Objects 20260915/Extraneous Polymer/20241115_061555_L24_PalletGHC1115111452_Cavity15_B01795M_Fail7_Score(0.9963451)_1.0000_0.9604.bmp,Extraneous Polymer,L24,train
fcc5fcbe35e3b7fdd3991742a966f433,/data/FMD_Data_26082026/fmd_temp_images/ICube Defects Library/Extraneous Polymer/20260729_151531_L24_PalletGHD0729193149_Cavity13_D009FWL_Fail4_Score(0.9452041).bmp,Extraneous Polymer,L24,train
ff5051f1258c3a6890a0eb1a1aa52a22,/data/FMD_Data_26082026/fmd_temp_images/Updated ICube Objects 20260915/Extraneous Polymer/20241119_180420_L24_C15_9036_0.9985.bmp,Extraneous Polymer,L24,train
fff62166c474b9514ddf136a50298811,/data/FMD_Data_26082026/fmd_temp_images/Updated ICube Objects 20260915/Extraneous Polymer/20241208_011820_L24_C5_9972_1.0000_0.5339.bmp,Extraneous Polymer,L24,train
177108660aec3caf3a65be58ea950443,/data/FMD_Data_26082026/fmd_temp_images/Updated ICube Objects 20260915/Fiber/20241120_034101_L24_C12_9948_0.9992_0.8933.bmp,Fiber,L24,test
210e5b7c75c7e2152fd913ff44ed587b,/data/FMD_Data_26082026/fmd_temp_images/Updated ICube Objects 20260915/Fiber/20241120_135159_L24_C5_9999_0.9430.bmp,Fiber,L24,test
21169b8e5a354cbf66ad0db0c446461e,/data/FMD_Data_26082026/fmd_temp_images/Updated ICube Objects 20260915/Fiber/20260816_181210_L24_PalletGHM0816222740_Cavity1_B01BHVZ_Fail7_Score(0.9999971).bmp,Fiber,L24,test
301f87c92226eb1d591d7086c64690cb,/data/FMD_Data_26082026/fmd_temp_images/Updated ICube Objects 20260915/Fiber/20260806_171944_L24_PalletGHH0806213542_Cavity3_D009GDG_Pass1_Score(0.06564659).bmp,Fiber,L24,test
47a066cc4e013af5f6877e767f1a7a0d,/data/FMD_Data_26082026/fmd_temp_images/Updated ICube Objects 20260915/Fiber/20241114_142700_L24_PalletGHR1114192646_Cavity9_B01795H_Fail7_Score(0.9992219)_0.9999_0.9687.bmp,Fiber,L24,test
4aee946a95a13f6bb18fd2cf36176149,/data/FMD_Data_26082026/fmd_temp_images/Updated ICube Objects 20260915/Fiber/20241106_131502_L24_C3_9307_0.9996_0.5371.bmp,Fiber,L24,test
51c922fe2c669933d04bc4f4bf0314a1,/data/FMD_Data_26082026/fmd_temp_images/Updated ICube Objects 20260915/Fiber/20241106_074328_L24_C3_9035_0.9999_0.7487.bmp,Fiber,L24,test
583e13a8d79a7ac38ff795419ce02ea7,/data/FMD_Data_26082026/fmd_temp_images/Updated ICube Objects 20260915/Fiber/20241114_073211_L24_PalletGHI1114123151_Cavity6_B01795G_Fail2_Score(0.9028506)_0.9999_0.9833.bmp,Fiber,L24,test
682164a39ff3438bb97fccae889e6717,/data/FMD_Data_26082026/fmd_temp_images/ICube Defects Library/Fiber/20241108_184745_L24_C9_9550.bmp,Fiber,L24,test
7a50ba3ef1ed565ea2d83f3c84934f2c,/data/FMD_Data_26082026/fmd_temp_images/Updated ICube Objects 20260915/Fiber/20241110_113113_L24_PalletGHS1110163040_Cavity12_B0178JL_Fail7_Score(0.9915527)_0.9998_0.9763.bmp,Fiber,L24,test
809bb7d5dbfdba8625233d43e27704c5,/data/FMD_Data_26082026/fmd_temp_images/ICube Defects Library/Fiber/20241106_214737_L24_C15_9890.bmp,Fiber,L24,test
82cd9a13a39d0b1b58ee794db5919d1c,/data/FMD_Data_26082026/fmd_temp_images/Updated ICube Objects 20260915/Fiber/20241104_105438_L24_C15_9265_0.9997_0.4669.bmp,Fiber,L24,test
84c4025e258227412c6528ac6a71b97e,/data/FMD_Data_26082026/fmd_temp_images/Updated ICube Objects 20260915/Fiber/20241112_214805_L24_PalletGHJ1113024741_Cavity11_B0178JX_Fail7_Score(0.9999833)_0.9999_0.9759.bmp,Fiber,L24,test
87ac938832c36f1ba4171f99ca50a76b,/data/FMD_Data_26082026/fmd_temp_images/Updated ICube Objects 20260915/Fiber/20241110_043656_L24_C8_9278_0.9955_0.7323.bmp,Fiber,L24,test
96f10138781ea1c326da9b740fdbdb5b,/data/FMD_Data_26082026/fmd_temp_images/Updated ICube Objects 20260915/Fiber/20241109_144105_L24_C14_9137_0.9619_0.6842.bmp,Fiber,L24,test
a4426a52701ea1f35aaf27e2f98d444c,/data/FMD_Data_26082026/fmd_temp_images/ICube Defects Library/Fiber/20260728_151509_L24_PalletGHA0728193115_Cavity11_D009GNP_Fail7_Score(0.9994212).bmp,Fiber,L24,test
b017cf83fee68a0d02cb9875dfad5f8c,/data/FMD_Data_26082026/fmd_temp_images/Updated ICube Objects 20260915/Fiber/20241106_081107_L24_C12_9628_0.9963_0.6048.bmp,Fiber,L24,test
c8c51055908fedb531cdbeaa77a29a4d,/data/FMD_Data_26082026/fmd_temp_images/Updated ICube Objects 20260915/Fiber/20241206_033600_L24_C13_9182_0.9999_0.5216.bmp,Fiber,L24,test
c8fab8b3d10f6af95c1e0522ae79d516,/data/FMD_Data_26082026/fmd_temp_images/Updated ICube Objects 20260915/Fiber/20241106_213904_L24_C12_9898_0.9886_0.6522.bmp,Fiber,L24,test
cb6687b56d20cad00266e90c8b7bfb37,/data/FMD_Data_26082026/fmd_temp_images/Updated ICube Objects 20260915/Fiber/20260803_112026_L24_PalletGHQ0803153604_Cavity3_D009G6G_Pass1_Score(0.1828304).bmp,Fiber,L24,test
db49ac5621faf788020322a6923c2702,/data/FMD_Data_26082026/fmd_temp_images/Updated ICube Objects 20260915/Fiber/20241105_132448_L24_PalletGHQ1105182329_Cavity11_B0178J4_Fail2_Score(0.9032142)_0.9984_0.9549.bmp,Fiber,L24,test
dbea832e2a146ac9bc33f388947dc7b0,/data/FMD_Data_26082026/fmd_temp_images/Updated ICube Objects 20260915/Fiber/20241114_004752_L24_PalletGHQ1114054739_Cavity9_B01795D_Fail6_Score(0.9828023)_1.0000_0.9823.bmp,Fiber,L24,test
dc5b0f41f7bb82c9367b3558de7bfae1,/data/FMD_Data_26082026/fmd_temp_images/Updated ICube Objects 20260915/Fiber/20260728_220500_L24_PalletGHR0729022108_Cavity1_D009FV6_Fail5_Score(0.9597166).bmp,Fiber,L24,test
e02618fbf8bd9493517e6afecf169b77,/data/FMD_Data_26082026/fmd_temp_images/Updated ICube Objects 20260915/Fiber/20241111_055900_L24_C7_9874_0.9998.bmp,Fiber,L24,test
e37e099f0a90d5e4c612a5817478056c,/data/FMD_Data_26082026/fmd_temp_images/Updated ICube Objects 20260915/Fiber/20241106_082344_L24_C5_9970_0.9961_0.9574.bmp,Fiber,L24,test
ec4ae5513683c727d390c8b053383668,/data/FMD_Data_26082026/fmd_temp_images/ICube Defects Library/Fiber/20241111_182324_L24_C4_9997.bmp,Fiber,L24,test
011a6b5a618d9c9ec798b056452582e8,/data/FMD_Data_26082026/fmd_temp_images/Updated ICube Objects 20260915/Fiber/20241109_092754_L24_PalletGHI1109142714_Cavity15_B0178JD_Fail7_Score(0.9999862)_0.9997_0.9524.bmp,Fiber,L24,train
040007256606ed36c1c144c9fd9d87cd,/data/FMD_Data_26082026/fmd_temp_images/Updated ICube Objects 20260915/Fiber/20241114_072746_L24_PalletGHB1114122733_Cavity10_B01795G_Fail7_Score(0.9861693)_0.9998_0.9877.bmp,Fiber,L24,train
09226e1cb2196c9073d755712a9307d2,/data/FMD_Data_26082026/fmd_temp_images/Updated ICube Objects 20260915/Fiber/20241107_110545_L24_C9_9991_0.9999.bmp,Fiber,L24,train
0dca5308925205739e4aced5ca0ef066,/data/FMD_Data_26082026/fmd_temp_images/Updated ICube Objects 20260915/Fiber/20241109_101718_L24_C11_9241_1.0000_0.5640.bmp,Fiber,L24,train
19600b6e65d80698c2d3cc424c4a002c,/data/FMD_Data_26082026/fmd_temp_images/Updated ICube Objects 20260915/Fiber/20241104_072437_L24_PalletGHB1104122313_Cavity3_B01778W_Fail4_Score(0.9408574)_1.0000_0.9602.bmp,Fiber,L24,train
2371e5cc96d7d5a9d57969b14a96a4ae,/data/FMD_Data_26082026/fmd_temp_images/Updated ICube Objects 20260915/Fiber/20260826_063531_L24_PalletGHB0826105213_Cavity8_B01BKKB_Fail7_Score(0.9905316).bmp,Fiber,L24,train
2f2e817167ddca15f52b277189725ade,/data/FMD_Data_26082026/fmd_temp_images/Updated ICube Objects 20260915/Fiber/20241106_142836_L24_C14_9271_0.9908_0.6485.bmp,Fiber,L24,train
31570e052876d9a08989f44049aeecc5,/data/FMD_Data_26082026/fmd_temp_images/Updated ICube Objects 20260915/Fiber/20241114_073135_L24_PalletGHS1114123122_Cavity15_B01795G_Fail6_Score(0.9818988)_0.9992_0.9711.bmp,Fiber,L24,train
33c7672b5b8a9c9653958b6ab475a092,/data/FMD_Data_26082026/fmd_temp_images/Updated ICube Objects 20260915/Fiber/20260806_163940_L24_PalletGHT0806205535_Cavity3_D009GDD_Pass1_Score(0.3393892).bmp,Fiber,L24,train
35ab9720e6347ea93ce6ad08a5035b93,/data/FMD_Data_26082026/fmd_temp_images/Updated ICube Objects 20260915/Fiber/20241213_105347_L24_C4_9912_1.0000_0.5986.bmp,Fiber,L24,train
35cd06c0f991dd9407d1e7a5db0f29de,/data/FMD_Data_26082026/fmd_temp_images/Updated ICube Objects 20260915/Fiber/20241106_125610_L24_C10_9310_0.9920_0.8070.bmp,Fiber,L24,train
3644bb7db42b93e95f284ab67e545775,/data/FMD_Data_26082026/fmd_temp_images/Updated ICube Objects 20260915/Fiber/20260730_160856_L24_PalletGHC0730202516_Cavity1_D009FZD_Pass1_Score(0.01801783).bmp,Fiber,L24,train
36a04f12117736822d6a693b04ac74de,/data/FMD_Data_26082026/fmd_temp_images/Updated ICube Objects 20260915/Fiber/20241105_152643_L24_PalletGHH1105202507_Cavity6_B0178J4_Fail7_Score(0.9933429)_0.9999_0.9743.bmp,Fiber,L24,train
39a4b439da623d173dae9062d48d23ae,/data/FMD_Data_26082026/fmd_temp_images/Updated ICube Objects 20260915/Fiber/20260729_090548_L24_PalletGHK0729132202_Cavity11_D009FW1_Pass1_Score(0.8075786).bmp,Fiber,L24,train
3e84a9f9615e436a68312f449a2f1b6f,/data/FMD_Data_26082026/fmd_temp_images/Updated ICube Objects 20260915/Fiber/20241109_131709_L24_PalletGHO1109181622_Cavity12_B0178JF_Fail4_Score(0.9445959)_0.9999_0.9555.bmp,Fiber,L24,train
4b48bd2ba3c3fa2dbd87eb7accbfd5a8,/data/FMD_Data_26082026/fmd_temp_images/Updated ICube Objects 20260915/Fiber/20260803_102134_L24_PalletGHP0803143627_Cavity4_D009G6C_Pass1_Score(0.1906486).bmp,Fiber,L24,train
4c8dbb5e0052ce98de02c7b5e6d0ba4a,/data/FMD_Data_26082026/fmd_temp_images/Updated ICube Objects 20260915/Fiber/20241113_223319_L24_PalletGHH1114033257_Cavity8_B01795D_Fail4_Score(0.9392524)_0.9993_0.9540.bmp,Fiber,L24,train
58f20b6dd0054115aa661fa0acf873ea,/data/FMD_Data_26082026/fmd_temp_images/Updated ICube Objects 20260915/Fiber/20241110_201022_L24_PalletGHN1111010951_Cavity14_B0178JN_Fail2_Score(0.903236)_0.9997_0.9558.bmp,Fiber,L24,train
622261bcfcd11ba1f6c76a4df0d4463f,/data/FMD_Data_26082026/fmd_temp_images/Updated ICube Objects 20260915/Fiber/20241110_035113_L24_C8_9719_0.9956_0.7088.bmp,Fiber,L24,train
692d668d75fe0bc122647027307a7768,/data/FMD_Data_26082026/fmd_temp_images/Updated ICube Objects 20260915/Fiber/20260817_063305_L24_PalletGHO0817105000_Cavity13_B01BHW1_Fail5_Score(0.958001).bmp,Fiber,L24,train
6abc66c87b5d5941ae722042d190d541,/data/FMD_Data_26082026/fmd_temp_images/Updated ICube Objects 20260915/Fiber/20241114_150627_L24_PalletGHA1114200611_Cavity3_B01795H_Fail4_Score(0.9395448)_0.9999_0.9792.bmp,Fiber,L24,train
76095f5c223c26b94d1a7cdc1f61f52a,/data/FMD_Data_26082026/fmd_temp_images/Updated ICube Objects 20260915/Fiber/20241110_102513_L24_PalletGHC1110152439_Cavity15_B0178JK_Fail7_Score(0.9901456)_0.9998_0.9797.bmp,Fiber,L24,train
77bd8386590ce4ce8235867ae9810629,/data/FMD_Data_26082026/fmd_temp_images/Updated ICube Objects 20260915/Fiber/20241205_031132_L24_C5_9142_0.9993_0.4643.bmp,Fiber,L24,train
783428468a1108d0dad7d6ee52480096,/data/FMD_Data_26082026/fmd_temp_images/ICube Defects Library/Fiber/20260731_125719_L24_PalletGHM0731171343_Cavity7_D009G0S_Fail7_Score(0.9903694).bmp,Fiber,L24,train
7de1efd69ab8c5ca098983e27f597482,/data/FMD_Data_26082026/fmd_temp_images/ICube Defects Library/Fiber/20260728_222957_L24_PalletGHA0729024604_Cavity3_D009FV7_Fail7_Score(0.9976553).bmp,Fiber,L24,train
8027a2710485b60752e43eb8cebf37ea,/data/FMD_Data_26082026/fmd_temp_images/Updated ICube Objects 20260915/Fiber/20260730_184150_L24_PalletGHS0730225813_Cavity5_D009FZL_Pass1_Score(0.2108034).bmp,Fiber,L24,train
872fedd0caae23877b7d19358fcf03bb,/data/FMD_Data_26082026/fmd_temp_images/Updated ICube Objects 20260915/Fiber/20260806_225051_L24_PalletGHM0807030649_Cavity8_D009GDX_Fail7_Score(0.9968582).bmp,Fiber,L24,train
8a3679e69492876cfc5dfa7b5b1bd030,/data/FMD_Data_26082026/fmd_temp_images/ICube Defects Library/Fiber/20241106_102644_L24_C10_9873.bmp,Fiber,L24,train
8cd35f043a8083311641c93db4e73a34,/data/FMD_Data_26082026/fmd_temp_images/Updated ICube Objects 20260915/Fiber/20241205_055336_L24_C10_9927_0.9999_0.6764.bmp,Fiber,L24,train
8eee7c7f9c74a524143a8f1ac70e7680,/data/FMD_Data_26082026/fmd_temp_images/Updated ICube Objects 20260915/Fiber/20241107_110545_L24_C8_9998_1.0000.bmp,Fiber,L24,train
92f9bc59b5d3ba3e0dba68460b149c7c,/data/FMD_Data_26082026/fmd_temp_images/Updated ICube Objects 20260915/Fiber/20260730_111302_L24_PalletGHA0730151805_Cavity1_D009FZ2_Pass1_Score(0.7006437).bmp,Fiber,L24,train
9364c85bd83c5f11d5fdb9e0e416741b,/data/FMD_Data_26082026/fmd_temp_images/Updated ICube Objects 20260915/Fiber/20241104_190817_L24_PalletGHD1105000705_Cavity9_B01792Q_Fail3_Score(0.9298699)_0.9997_0.9957.bmp,Fiber,L24,train
951a859abd7a8e47d2fb381cc57a37b6,/data/FMD_Data_26082026/fmd_temp_images/Updated ICube Objects 20260915/Fiber/20241106_073934_L24_C13_9459_0.9998_0.5490.bmp,Fiber,L24,train
951cfde3435da7d815a1899d4c7337f7,/data/FMD_Data_26082026/fmd_temp_images/Updated ICube Objects 20260915/Fiber/20260803_102654_L24_PalletGHF0803144124_Cavity1_D009G6D_Pass1_Score(0.08587527).bmp,Fiber,L24,train
953bff1699b116a47321cc5be4471b37,/data/FMD_Data_26082026/fmd_temp_images/Updated ICube Objects 20260915/Fiber/20241106_074104_L24_C10_9472_0.9919.bmp,Fiber,L24,train
9a470ddfdec9ca232d597fcd06e0c48f,/data/FMD_Data_26082026/fmd_temp_images/Updated ICube Objects 20260915/Fiber/20241111_142601_L24_PalletGHP1111192358_Cavity4_B0178JS_Fail7_Score(0.9994534)_0.9992_0.9558.bmp,Fiber,L24,train
9abc2e43efcfbdb053a97320026b1280,/data/FMD_Data_26082026/fmd_temp_images/Updated ICube Objects 20260915/Fiber/20241111_194723_L24_PalletGHH1112004538_Cavity7_B0178JW_Fail5_Score(0.9602427)_0.9995_0.9787.bmp,Fiber,L24,train
9b3a49fd192977913292c076f500339f,/data/FMD_Data_26082026/fmd_temp_images/Updated ICube Objects 20260915/Fiber/20241102_031559_L24_PalletGHE1102071432_Cavity12_B01778N_Fail7_Score(0.9879557)_1.0000_0.9758.bmp,Fiber,L24,train
a2473ac614f94e4f9f9a4cb97f57df08,/data/FMD_Data_26082026/fmd_temp_images/Updated ICube Objects 20260915/Fiber/20241106_091554_L24_C15_9298_0.9956_0.5200.bmp,Fiber,L24,train
a4653c32eb9482044bfdc0be6e4a87dc,/data/FMD_Data_26082026/fmd_temp_images/Updated ICube Objects 20260915/Fiber/20260729_184335_L24_PalletGHC0729225949_Cavity4_D009FWT_Pass1_Score(0.5392004).bmp,Fiber,L24,train
a5aebe1e5c41ac8af76b56d23b02af85,/data/FMD_Data_26082026/fmd_temp_images/Updated ICube Objects 20260915/Fiber/20260803_134246_L24_PalletGHT0803175828_Cavity3_D009G6N_Pass1_Score(0.05717438).bmp,Fiber,L24,train
afb2c9b2ab3ce7b9c4abe658380d51b2,/data/FMD_Data_26082026/fmd_temp_images/Updated ICube Objects 20260915/Fiber/20241112_013402_L24_PalletGHK1112063341_Cavity10_B0178JV_Fail6_Score(0.980264)_1.0000_0.9685.bmp,Fiber,L24,train
c3839f37a3de4fca8b1934e1caff40fb,/data/FMD_Data_26082026/fmd_temp_images/Updated ICube Objects 20260915/Fiber/20241104_105217_L24_C13_9567_0.9998_0.7337.bmp,Fiber,L24,train
c61725f1ef8a3dc0919e9c9bb669f06a,/data/FMD_Data_26082026/fmd_temp_images/Updated ICube Objects 20260915/Fiber/20260826_035854_L24_PalletGHB0826081534_Cavity10_B01BKKB_Fail4_Score(0.9487867).bmp,Fiber,L24,train
cb63cec72bc8d38ca8561798aa886763,/data/FMD_Data_26082026/fmd_temp_images/Updated ICube Objects 20260915/Fiber/20241102_132142_L24_C12_9035_0.9999_0.8752.bmp,Fiber,L24,train
ccea2a63c56e95f9192b6b5db562d5de,/data/FMD_Data_26082026/fmd_temp_images/Updated ICube Objects 20260915/Fiber/20241106_001755_L24_PalletGHE1106051650_Cavity10_B0178J2_Fail7_Score(0.9861818)_0.9994_0.9962.bmp,Fiber,L24,train
cd2c5e79ac4b72a428e5ab03f31ff75a,/data/FMD_Data_26082026/fmd_temp_images/ICube Defects Library/Fiber/20260729_232812_L24_PalletGHR0730034427_Cavity1_D009FX7_Fail6_Score(0.9736988).bmp,Fiber,L24,train
d24f21077028c1a790fff51dad4e7f3b,/data/FMD_Data_26082026/fmd_temp_images/ICube Defects Library/Fiber/20260810_220053_L24_PalletGHF0811021715_Cavity5_B01BF2L_Fail6_Score(0.9815739).bmp,Fiber,L24,train
d73e2ebb9f5d58a60c0fe361ec8b786c,/data/FMD_Data_26082026/fmd_temp_images/Updated ICube Objects 20260915/Fiber/20241101_234032_L24_C13_9988_0.9955_0.7640.bmp,Fiber,L24,train
e2d77af49c3e5fb6c463c5cfc64931f2,/data/FMD_Data_26082026/fmd_temp_images/Updated ICube Objects 20260915/Fiber/20241113_140919_L24_PalletGHJ1113190903_Cavity12_B01795B_Fail4_Score(0.9465745)_0.9997_0.9586.bmp,Fiber,L24,train
e65bde67197c3d064a0c6e58d5f4f5d8,/data/FMD_Data_26082026/fmd_temp_images/Updated ICube Objects 20260915/Fiber/20241105_174337_L24_C13_9082_0.9998_0.6363.bmp,Fiber,L24,train
e7725e1dc5ec08a4ee0fb8d29a33e138,/data/FMD_Data_26082026/fmd_temp_images/ICube Defects Library/Fiber/20260806_081546_L24_PalletGHL0806123113_Cavity13_D009GCR_Fail7_Score(0.9958234).bmp,Fiber,L24,train
e988d90150a7bee6b4e61741d88602fd,/data/FMD_Data_26082026/fmd_temp_images/Updated ICube Objects 20260915/Fiber/20241119_214524_L24_C4_9233_0.9949_0.5210.bmp,Fiber,L24,train
ea9faa3a5a947992ce500262ebb8a064,/data/FMD_Data_26082026/fmd_temp_images/Updated ICube Objects 20260915/Fiber/20241107_120258_L24_C5_9772_0.9998.bmp,Fiber,L24,train
ef99f477cbb6dc3b7a2256be613db5c3,/data/FMD_Data_26082026/fmd_temp_images/Updated ICube Objects 20260915/Fiber/20260729_190741_L24_PalletGHM0729232352_Cavity14_D009FWV_Pass1_Score(0.1345857).bmp,Fiber,L24,train
f06b8785d8a462fa80078cc8344447eb,/data/FMD_Data_26082026/fmd_temp_images/Updated ICube Objects 20260915/Fiber/20241109_141452_L24_C3_9423_0.9987_0.8426.bmp,Fiber,L24,train
f2931f7cafce76c0f41a8a62f09c58de,/data/FMD_Data_26082026/fmd_temp_images/Updated ICube Objects 20260915/Fiber/20260807_122724_L24_PalletGHB0807164326_Cavity11_D009GFM_Pass1_Score(0.7673733).bmp,Fiber,L24,train
f40ea903e1ca1a4de60568904d3183d7,/data/FMD_Data_26082026/fmd_temp_images/Updated ICube Objects 20260915/Fiber/20241109_082730_L24_C1_9816_0.9989_0.4507.bmp,Fiber,L24,train
f81959ae97b357d7907dcdca5fccada7,/data/FMD_Data_26082026/fmd_temp_images/Updated ICube Objects 20260915/Fiber/20260728_143826_L24_PalletGHJ0728185435_Cavity10_D009GNN_Fail5_Score(0.9567006).bmp,Fiber,L24,train
fee472e8ea8a3c6a595bdfd979af782a,/data/FMD_Data_26082026/fmd_temp_images/ICube Defects Library/Fiber/20260730_060954_L24_PalletGHJ0730102611_Cavity1_D009FXT_Fail4_Score(0.9347266).bmp,Fiber,L24,train
02cbe0099b90dc82742f715775c7be8c,/data/FMD_Data_26082026/fmd_temp_images/Updated ICube Objects 20260915/Foreign Matter/20241111_023935_L24_PalletGHP1111073859_Cavity3_B0178JP_Fail7_Score(0.9997332)_0.9996_0.9615.bmp,Foreign Matter,L24,test
04d56711d06d711f65ffbb47375360fe,/data/FMD_Data_26082026/fmd_temp_images/Updated ICube Objects 20260915/Foreign Matter/20241104_081529_L24_PalletGHO1104131416_Cavity7_B0178HS_Fail7_Score(0.987083)_0.9995_0.9984.bmp,Foreign Matter,L24,test
07c22e5e844015eb235a6da3ed550b68,/data/FMD_Data_26082026/fmd_temp_images/Updated ICube Objects 20260915/Foreign Matter/20241113_060825_L24_PalletGHF1113110803_Cavity9_B0178K2_Fail3_Score(0.9286645)_0.9999_0.9999.bmp,Foreign Matter,L24,test
0c4c93dcc3327d761c0536c12bfedc66,/data/FMD_Data_26082026/fmd_temp_images/Updated ICube Objects 20260915/Foreign Matter/20241115_044713_L24_PalletGHE1115094610_Cavity8_B01795M_Fail5_Score(0.9556772)_0.9995_0.9698.bmp,Foreign Matter,L24,test
0cd08b18df659fc38548a317c5db5680,/data/FMD_Data_26082026/fmd_temp_images/Updated ICube Objects 20260915/Foreign Matter/20260830_081030_L24_PalletGHQ0830122741_Cavity13_B01BLKL_Fail4_Score(0.9340531).bmp,Foreign Matter,L24,test
1282c92a6b259ff8de3ff1e454ffcb3c,/data/FMD_Data_26082026/fmd_temp_images/Updated ICube Objects 20260915/Foreign Matter/20241112_160806_L24_PalletGHQ1112210741_Cavity8_B0178JZ_Fail3_Score(0.9174933)_0.9997_0.9764.bmp,Foreign Matter,L24,test
14e0625f82801ffa13472e02a96ed817,/data/FMD_Data_26082026/fmd_temp_images/Updated ICube Objects 20260915/Foreign Matter/20260820_073828_L24_PalletGHL0820115438_Cavity13_B01BHWN_Fail6_Score(0.9762332).bmp,Foreign Matter,L24,test
18f5a54bab4264fbb5ebc0d653b1af84,/data/FMD_Data_26082026/fmd_temp_images/Updated ICube Objects 20260915/Foreign Matter/20241119_031435_L24_C13_9888_1.0000.bmp,Foreign Matter,L24,test
190e0bd0b59f646d7f01b42ba2aa0c3f,/data/FMD_Data_26082026/fmd_temp_images/Updated ICube Objects 20260915/Foreign Matter/20260803_102347_L24_PalletGHT0803143827_Cavity5_D009G6C_Pass1_Score(0.01019704).bmp,Foreign Matter,L24,test
1f29ea94768a6918fb330e501ddac7c1,/data/FMD_Data_26082026/fmd_temp_images/Updated ICube Objects 20260915/Foreign Matter/20260815_122209_L24_PalletGHF0815163852_Cavity15_B01BFRX_Fail7_Score(0.9867654).bmp,Foreign Matter,L24,test
235380fd185268527245fc68ce311b92,/data/FMD_Data_26082026/fmd_temp_images/Updated ICube Objects 20260915/Foreign Matter/20241120_021104_L24_C9_9986_1.0000.bmp,Foreign Matter,L24,test
236bed54b7245c7d86ed3e5f0b2a4734,/data/FMD_Data_26082026/fmd_temp_images/Updated ICube Objects 20260915/Foreign Matter/20241102_015234_L24_PalletGHB1102055112_Cavity2_B01778N_Fail6_Score(0.9761967)_0.9999_0.9967.bmp,Foreign Matter,L24,test
24ca54ea888ee2874bdd926bd81c8282,/data/FMD_Data_26082026/fmd_temp_images/ICube Defects Library/Foreign Matter/20241110_071712_L24_C14_9576.bmp,Foreign Matter,L24,test
24f7a4c1b3d60ea1db66e15672c68fdc,/data/FMD_Data_26082026/fmd_temp_images/Updated ICube Objects 20260915/Foreign Matter/20241109_205622_L24_PalletGHM1110015540_Cavity13_B0178JG_Fail4_Score(0.938957)_0.9978_0.9852.bmp,Foreign Matter,L24,test
2995adc5586edbd3446f55f58f11774c,/data/FMD_Data_26082026/fmd_temp_images/Updated ICube Objects 20260915/Foreign Matter/20260816_064459_L24_PalletGHQ0816110146_Cavity11_B01BFS0_Fail7_Score(0.9843407).bmp,Foreign Matter,L24,test
2bc50c3ec8ef43b6ee5fe90d1f40ee08,/data/FMD_Data_26082026/fmd_temp_images/Updated ICube Objects 20260915/Foreign Matter/20241102_113550_L24_C14_9891_0.9995_0.5524.bmp,Foreign Matter,L24,test
2e755ba3387207e03b882a4f9186ab85,/data/FMD_Data_26082026/fmd_temp_images/Updated ICube Objects 20260915/Foreign Matter/20260818_132705_L24_PalletGHU0818174304_Cavity2_B01BHWD_Fail6_Score(0.9765141).bmp,Foreign Matter,L24,test
31b8f13fcb7f07aee6e2797dc514325b,/data/FMD_Data_26082026/fmd_temp_images/Updated ICube Objects 20260915/Foreign Matter/20241110_123829_L24_PalletGHS1110173751_Cavity11_B0178JL_Fail6_Score(0.9691309)_1.0000_0.9996.bmp,Foreign Matter,L24,test
335d5c3c000a7af7e78bd25a8a175a19,/data/FMD_Data_26082026/fmd_temp_images/Updated ICube Objects 20260915/Foreign Matter/20241120_115704_L24_C5_9195_0.9988.bmp,Foreign Matter,L24,test
347b4dd40e45864cf03f16cc461e96ac,/data/FMD_Data_26082026/fmd_temp_images/Updated ICube Objects 20260915/Foreign Matter/20241120_184122_L24_C9_9990_1.0000.bmp,Foreign Matter,L24,test
34c6fee08bafeda23e8dd6b8a651157d,/data/FMD_Data_26082026/fmd_temp_images/Updated ICube Objects 20260915/Foreign Matter/20260825_100202_L24_PalletGHU0825141843_Cavity13_B01BKK6_Fail7_Score(0.9992551).bmp,Foreign Matter,L24,test
365a97f8482ace3ef52fc96841e37a18,/data/FMD_Data_26082026/fmd_temp_images/Updated ICube Objects 20260915/Foreign Matter/20241104_105228_L24_C2_9607_1.0000_0.7247.bmp,Foreign Matter,L24,test
36b09cc32dd01b5a94e6fa0276e68c9b,/data/FMD_Data_26082026/fmd_temp_images/Updated ICube Objects 20260915/Foreign Matter/20241106_220727_L24_PalletGHR1107030629_Cavity14_B0178HW_Fail3_Score(0.917628)_0.9999_0.9556.bmp,Foreign Matter,L24,test
38cb310a51ee0d1c659cc72d81271450,/data/FMD_Data_26082026/fmd_temp_images/Updated ICube Objects 20260915/Foreign Matter/20241104_091137_L24_PalletGHU1104141006_Cavity3_B0178HS_Fail7_Score(0.9974893)_0.9984_0.9680.bmp,Foreign Matter,L24,test
3bb5c478173cb37d17a7bfd6e47f90ce,/data/FMD_Data_26082026/fmd_temp_images/Updated ICube Objects 20260915/Foreign Matter/20260806_182058_L24_PalletGHP0806223655_Cavity7_D009GDK_Pass1_Score(0.8387492).bmp,Foreign Matter,L24,test
3d2a86344172a090c9b87fe4f7641cb1,/data/FMD_Data_26082026/fmd_temp_images/Updated ICube Objects 20260915/Foreign Matter/20241112_164947_L24_PalletGHU1112214919_Cavity14_B0178JZ_Fail5_Score(0.959374)_0.9786_0.9925.bmp,Foreign Matter,L24,test
452c0dc076cf22e09ddfd6f16f9f9262,/data/FMD_Data_26082026/fmd_temp_images/Updated ICube Objects 20260915/Foreign Matter/20260830_195823_L24_PalletGHK0831001536_Cavity3_B01BLKQ_Fail7_Score(0.9928634).bmp,Foreign Matter,L24,test
454744d9e1033551035718135979501d,/data/FMD_Data_26082026/fmd_temp_images/Updated ICube Objects 20260915/Foreign Matter/20241106_040355_L24_PalletGHM1106090248_Cavity13_B0178J3_Fail6_Score(0.9703004)_1.0000_0.9930.bmp,Foreign Matter,L24,test
46d71db0cd34592362c208d460a972e9,/data/FMD_Data_26082026/fmd_temp_images/Updated ICube Objects 20260915/Foreign Matter/20241106_101732_L24_C15_9963_0.9999_0.5418.bmp,Foreign Matter,L24,test
47868732dddd3b0c3871ef6648a156c1,/data/FMD_Data_26082026/fmd_temp_images/Updated ICube Objects 20260915/Foreign Matter/20260807_053125_L24_PalletGHN0807094726_Cavity5_D009GF2_Fail6_Score(0.9667791).bmp,Foreign Matter,L24,test
4b57bf911bd6be362b46188c8e7f2727,/data/FMD_Data_26082026/fmd_temp_images/Updated ICube Objects 20260915/Foreign Matter/20241114_205038_L24_PalletGHK1115015028_Cavity15_B01795K_Fail6_Score(0.9801846)_0.9999_0.9987.bmp,Foreign Matter,L24,test
4d90035c0acb8fc1abfd4af79039f27a,/data/FMD_Data_26082026/fmd_temp_images/Updated ICube Objects 20260915/Foreign Matter/20260815_190921_L24_PalletGHA0815232545_Cavity6_B01BFS1_Fail2_Score(0.9140458).bmp,Foreign Matter,L24,test
50b6f82946ed3b4f004d6457ed0891f1,/data/FMD_Data_26082026/fmd_temp_images/Updated ICube Objects 20260915/Foreign Matter/20260729_015654_L24_PalletGHS0729061306_Cavity14_D009FVG_Fail6_Score(0.9818695).bmp,Foreign Matter,L24,test
515415610f4d961162d7cdce1d23ddaa,/data/FMD_Data_26082026/fmd_temp_images/Updated ICube Objects 20260915/Foreign Matter/20241108_152253_L24_PalletGHP1108202203_Cavity6_B0178JH_Fail3_Score(0.9305963)_0.9985_0.9632.bmp,Foreign Matter,L24,test
52205407b70383f0bce36eb628a010f5,/data/FMD_Data_26082026/fmd_temp_images/Updated ICube Objects 20260915/Foreign Matter/20260804_171215_L24_PalletGHI0804212800_Cavity6_D009G90_Pass1_Score(0.5850332).bmp,Foreign Matter,L24,test
548c504844e21139e23eb1f02f3a2345,/data/FMD_Data_26082026/fmd_temp_images/Updated ICube Objects 20260915/Foreign Matter/20241111_052110_L24_PalletGHQ1111102018_Cavity15_B0178JQ_Fail2_Score(0.9001725)_0.9995_0.9763.bmp,Foreign Matter,L24,test
5865d6878a16fb939eef42b8ab192e75,/data/FMD_Data_26082026/fmd_temp_images/Updated ICube Objects 20260915/Foreign Matter/20260819_180447_L24_PalletGHD0819222057_Cavity8_B01BHWP_Fail5_Score(0.9548411).bmp,Foreign Matter,L24,test
588aa634e260093dacdb34b30da10a5b,/data/FMD_Data_26082026/fmd_temp_images/Updated ICube Objects 20260915/Foreign Matter/20260818_111926_L24_PalletGHU0818153530_Cavity15_B01BHWC_Fail6_Score(0.9822817).bmp,Foreign Matter,L24,test
5c39bace4789cad2ee2d0e1e34f91be6,/data/FMD_Data_26082026/fmd_temp_images/Updated ICube Objects 20260915/Foreign Matter/20260824_174211_L24_PalletGHS0824215851_Cavity9_B01BKK3_Fail6_Score(0.9705326).bmp,Foreign Matter,L24,test
6174bfa03785da788820c9bb1db9ca71,/data/FMD_Data_26082026/fmd_temp_images/Updated ICube Objects 20260915/Foreign Matter/20241103_011439_L24_PalletGHP1103051323_Cavity7_B01778T_Fail6_Score(0.9780016)_0.9973_0.9924.bmp,Foreign Matter,L24,test
69c43531b0d3cc8c7f4ca5ed72ce92c6,/data/FMD_Data_26082026/fmd_temp_images/Updated ICube Objects 20260915/Foreign Matter/20260825_113610_L24_PalletGHE0825155253_Cavity13_B01BKK6_Fail7_Score(0.9972489).bmp,Foreign Matter,L24,test
7963093dae929a659bd4d3d5209641e6,/data/FMD_Data_26082026/fmd_temp_images/Updated ICube Objects 20260915/Foreign Matter/20260830_203109_L24_PalletGHF0831004821_Cavity7_B01BLKQ_Fail7_Score(0.9987257).bmp,Foreign Matter,L24,test
7d5ec804ee615489f2b8cc2ec964aaa4,/data/FMD_Data_26082026/fmd_temp_images/Updated ICube Objects 20260915/Foreign Matter/20241110_120213_L24_PalletGHM1110170135_Cavity14_B0178JL_Fail2_Score(0.9122526)_0.9999_0.9591.bmp,Foreign Matter,L24,test
7d5ecd332eabe80be732814a9981131c,/data/FMD_Data_26082026/fmd_temp_images/Updated ICube Objects 20260915/Foreign Matter/20241109_212800_L24_PalletGHQ1110022714_Cavity9_B0178JG_Fail3_Score(0.919127)_0.9743_0.9775.bmp,Foreign Matter,L24,test
7f8a0611f849f03c2d21c01008c63ce0,/data/FMD_Data_26082026/fmd_temp_images/Updated ICube Objects 20260915/Foreign Matter/20241114_214956_L24_PalletGHK1115024927_Cavity15_B01795J_Fail7_Score(0.9908707)_1.0000_0.9526.bmp,Foreign Matter,L24,test
7fd95ad7eb1083e7861cc70ca63312e8,/data/FMD_Data_26082026/fmd_temp_images/Updated ICube Objects 20260915/Foreign Matter/20241108_045723_L24_PalletGHP1108095631_Cavity2_B0178JH_Fail7_Score(0.9996234)_0.9996_0.9905.bmp,Foreign Matter,L24,test
821da8c18db595894da694923bf83d87,/data/FMD_Data_26082026/fmd_temp_images/Updated ICube Objects 20260915/Foreign Matter/20241119_195113_L24_C12_9900_0.9206.bmp,Foreign Matter,L24,test
84079e5e3817d3f82cc94e0d48b01bfd,/data/FMD_Data_26082026/fmd_temp_images/Updated ICube Objects 20260915/Foreign Matter/20260805_092048_L24_PalletGHS0805133640_Cavity7_D009G9W_Pass1_Score(0.009661615).bmp,Foreign Matter,L24,test
8d3e90be1c539bada43fe2b2a56cf266,/data/FMD_Data_26082026/fmd_temp_images/Updated ICube Objects 20260915/Foreign Matter/20241108_094203_L24_PalletGHC1108144112_Cavity5_B0178JH_Fail5_Score(0.9611355)_0.9980_0.9646.bmp,Foreign Matter,L24,test
9a1af959cb6fdf4f3d9c9bcefb7b3ab6,/data/FMD_Data_26082026/fmd_temp_images/Updated ICube Objects 20260915/Foreign Matter/20241114_113315_L24_PalletGHE1114163255_Cavity7_B01795G_Fail2_Score(0.9078121)_0.9999_0.9944.bmp,Foreign Matter,L24,test
9d0d91e600e0428f93a1e083b6f169ba,/data/FMD_Data_26082026/fmd_temp_images/Updated ICube Objects 20260915/Foreign Matter/20241103_023509_L24_PalletGHE1103073348_Cavity8_B01778T_Fail2_Score(0.9129953)_1.0000_0.9711.bmp,Foreign Matter,L24,test
9f4c4147aa961013152bceae4165c1e5,/data/FMD_Data_26082026/fmd_temp_images/Updated ICube Objects 20260915/Foreign Matter/20241113_052054_L24_PalletGHK1113102025_Cavity11_B0178K2_Fail6_Score(0.9797539)_0.9999_0.9918.bmp,Foreign Matter,L24,test
a020ad2221ad94f4cc66fb3da606f54d,/data/FMD_Data_26082026/fmd_temp_images/Updated ICube Objects 20260915/Foreign Matter/20241114_142339_L24_PalletGHE1114192323_Cavity15_B01795H_Fail3_Score(0.9275911)_1.0000_0.9912.bmp,Foreign Matter,L24,test
a3e48a6e4093cfa075dd41ed79729437,/data/FMD_Data_26082026/fmd_temp_images/Updated ICube Objects 20260915/Foreign Matter/20260828_062205_L24_PalletGHJ0828103905_Cavity7_B01BLK9_Fail2_Score(0.9096741).bmp,Foreign Matter,L24,test
acb17099095c01a6a353349557607365,/data/FMD_Data_26082026/fmd_temp_images/Updated ICube Objects 20260915/Foreign Matter/20241114_234741_L24_PalletGHH1115044638_Cavity14_B01795J_Fail7_Score(0.9917788)_0.9980_0.9845.bmp,Foreign Matter,L24,test
adc973e6f07bd889427f9b7dc1c55724,/data/FMD_Data_26082026/fmd_temp_images/Updated ICube Objects 20260915/Foreign Matter/20241101_212904_L24_C14_9783_0.9997_0.7403.bmp,Foreign Matter,L24,test
af3c6947be9f23cfa5c88adb5af6e23f,/data/FMD_Data_26082026/fmd_temp_images/Updated ICube Objects 20260915/Foreign Matter/20241113_172438_L24_PalletGHS1113222422_Cavity10_B01795C_Fail7_Score(0.9984753)_1.0000_0.9865.bmp,Foreign Matter,L24,test
b5dfeaef78924a1b7387665212b575dd,/data/FMD_Data_26082026/fmd_temp_images/ICube Defects Library/Foreign Matter/20260729_064440_L24_PalletGHN0729110037_Cavity10_D009FVT_Fail7_Score(0.9968483).bmp,Foreign Matter,L24,test
b6857b78fa92a77b035b203aa28b8cfc,/data/FMD_Data_26082026/fmd_temp_images/Updated ICube Objects 20260915/Foreign Matter/20241108_083959_L24_PalletGHF1108133908_Cavity7_B0178JH_Fail3_Score(0.9225475)_0.9999_0.9942.bmp,Foreign Matter,L24,test
b84f155b78a19a3af36087d70e28cafa,/data/FMD_Data_26082026/fmd_temp_images/Updated ICube Objects 20260915/Foreign Matter/20260825_213158_L24_PalletGHK0826014743_Cavity15_B01BKK8_Fail4_Score(0.9424621).bmp,Foreign Matter,L24,test
ba0ba124f395d5ae17b34414f5450ad0,/data/FMD_Data_26082026/fmd_temp_images/Updated ICube Objects 20260915/Foreign Matter/20241103_061455_L24_C3_9940_1.0000_0.8696.bmp,Foreign Matter,L24,test
bb2e2a7804e84c85e5dc33682df4aac9,/data/FMD_Data_26082026/fmd_temp_images/Updated ICube Objects 20260915/Foreign Matter/20260820_065528_L24_PalletGHN0820111136_Cavity8_B01BHWM_Fail7_Score(0.9972058).bmp,Foreign Matter,L24,test
be857ec7b92556d77ee3bbbaa29f2131,/data/FMD_Data_26082026/fmd_temp_images/Updated ICube Objects 20260915/Foreign Matter/20260814_125357_L24_PalletGHL0814171040_Cavity5_B01BFRT_Fail7_Score(0.9967528).bmp,Foreign Matter,L24,test
beecdeac7ac1e82b5ef21f5ae7ce0a77,/data/FMD_Data_26082026/fmd_temp_images/Updated ICube Objects 20260915/Foreign Matter/20260820_050147_L24_PalletGHH0820091754_Cavity11_B01BHWM_Fail7_Score(0.9999943).bmp,Foreign Matter,L24,test
c950d0b43b23a605239234c89fda048e,/data/FMD_Data_26082026/fmd_temp_images/Updated ICube Objects 20260915/Foreign Matter/20241110_191811_L24_PalletGHF1111001738_Cavity2_B0178JM_Fail2_Score(0.9102409)_0.9991_0.9988.bmp,Foreign Matter,L24,test
c9a9d1573514cb72806c216c82709ac6,/data/FMD_Data_26082026/fmd_temp_images/Updated ICube Objects 20260915/Foreign Matter/20260824_220849_L24_PalletGHI0825022530_Cavity12_B01BKK3_Fail5_Score(0.9592142).bmp,Foreign Matter,L24,test
c9f33f8b1ad1a6e152b51181b0a84645,/data/FMD_Data_26082026/fmd_temp_images/Updated ICube Objects 20260915/Foreign Matter/20241106_084049_L24_C6_9571_0.9891_0.7670.bmp,Foreign Matter,L24,test
cab1d2c7a284867a222a52d084e5de01,/data/FMD_Data_26082026/fmd_temp_images/Updated ICube Objects 20260915/Foreign Matter/20260805_093614_L24_PalletGHC0805135205_Cavity6_D009G9X_Pass1_Score(0.01134026).bmp,Foreign Matter,L24,test
cb895a592ecbc826f6b04b94446c95c9,/data/FMD_Data_26082026/fmd_temp_images/Updated ICube Objects 20260915/Foreign Matter/20241103_012708_L24_PalletGHE1103062548_Cavity14_B01778T_Fail5_Score(0.9616768)_0.9986_0.9992.bmp,Foreign Matter,L24,test
ccb74d7af69e0fa9e5cd69dffbca15df,/data/FMD_Data_26082026/fmd_temp_images/Updated ICube Objects 20260915/Foreign Matter/20241102_014746_L24_PalletGHB1102054618_Cavity15_B01778N_Fail7_Score(0.9930394)_0.9997_0.9779.bmp,Foreign Matter,L24,test
cd72b6fb3d1a8011189519ab00615417,/data/FMD_Data_26082026/fmd_temp_images/Updated ICube Objects 20260915/Foreign Matter/20241109_093929_L24_C8_9048_0.9995_0.6919.bmp,Foreign Matter,L24,test
cdf87840d762573b96afb1d2eeca8dc9,/data/FMD_Data_26082026/fmd_temp_images/Updated ICube Objects 20260915/Foreign Matter/20260831_022945_L24_PalletGHT0831064700_Cavity2_B01BLKS_Fail5_Score(0.9592326).bmp,Foreign Matter,L24,test
cf75fddf34722ad25747558d78150ed1,/data/FMD_Data_26082026/fmd_temp_images/Updated ICube Objects 20260915/Foreign Matter/20260814_082552_L24_PalletGHE0814124231_Cavity12_B01BFRL_Fail7_Score(0.9989055).bmp,Foreign Matter,L24,test
d3062393516ce6f9fec9e5162856eee4,/data/FMD_Data_26082026/fmd_temp_images/Updated ICube Objects 20260915/Foreign Matter/20260728_175004_L24_PalletGHC0728220609_Cavity10_D009FTV_Fail2_Score(0.9108849).bmp,Foreign Matter,L24,test
d40bc350e132869a25b34fe8a798a221,/data/FMD_Data_26082026/fmd_temp_images/Updated ICube Objects 20260915/Foreign Matter/20241118_073858_L24_C5_9223_0.9988.bmp,Foreign Matter,L24,test
d69405c1c39f1718feb995bec82a089e,/data/FMD_Data_26082026/fmd_temp_images/Updated ICube Objects 20260915/Foreign Matter/20241103_152309_L24_PalletGHG1103202151_Cavity13_B01778W_Fail5_Score(0.961741)_0.9996_0.9546.bmp,Foreign Matter,L24,test
d6c61d48ac686a41769ac2e118332c4c,/data/FMD_Data_26082026/fmd_temp_images/Updated ICube Objects 20260915/Foreign Matter/20241102_115656_L24_C1_9519_0.9981_0.9694.bmp,Foreign Matter,L24,test
dcb201578f9a1c198feb8380c59fa3e6,/data/FMD_Data_26082026/fmd_temp_images/Updated ICube Objects 20260915/Foreign Matter/20260826_061701_L24_PalletGHG0826103347_Cavity12_B01BKKB_Fail7_Score(0.9997377).bmp,Foreign Matter,L24,test
dd869fbac4180cc44fcf7b76543e375b,/data/FMD_Data_26082026/fmd_temp_images/Updated ICube Objects 20260915/Foreign Matter/20260730_182209_L24_PalletGHR0730223828_Cavity12_D009FZK_Fail6_Score(0.9772537).bmp,Foreign Matter,L24,test
df8603e79fa73d140659abd54d637414,/data/FMD_Data_26082026/fmd_temp_images/Updated ICube Objects 20260915/Foreign Matter/20260825_115511_L24_PalletGHI0825161155_Cavity15_B01BKK6_Fail4_Score(0.9451209).bmp,Foreign Matter,L24,test
e6a58fb5ce7e65dc843bfe45d2c5b605,/data/FMD_Data_26082026/fmd_temp_images/Updated ICube Objects 20260915/Foreign Matter/20260810_201043_L24_PalletGHU0811002541_Cavity9_B01BF2L_Fail7_Score(0.9997499).bmp,Foreign Matter,L24,test
e9e5f10a9b0bad9e70eeb0846a004e7f,/data/FMD_Data_26082026/fmd_temp_images/Updated ICube Objects 20260915/Foreign Matter/20260806_173414_L24_PalletGHS0806215012_Cavity12_D009GDH_Pass1_Score(0.8684668).bmp,Foreign Matter,L24,test
ec2850762371589b4817ab25d69edbda,/data/FMD_Data_26082026/fmd_temp_images/Updated ICube Objects 20260915/Foreign Matter/20260826_051338_L24_PalletGHA0826093019_Cavity11_B01BKKB_Fail7_Score(0.9934465).bmp,Foreign Matter,L24,test
f16e25bab862c815a855d535ec195307,/data/FMD_Data_26082026/fmd_temp_images/Updated ICube Objects 20260915/Foreign Matter/20260803_101652_L24_PalletGHN0803143231_Cavity13_D009G6C_Pass1_Score(0.3765454).bmp,Foreign Matter,L24,test
f39556bee3117eeaf70df77b37cf41c5,/data/FMD_Data_26082026/fmd_temp_images/Updated ICube Objects 20260915/Foreign Matter/20260806_124218_L24_PalletGHR0806165813_Cavity5_D009GQ5_Pass1_Score(0.01250082).bmp,Foreign Matter,L24,test
fd7195b9949283084e3e7d5a8b7372b0,/data/FMD_Data_26082026/fmd_temp_images/Updated ICube Objects 20260915/Foreign Matter/20241109_183106_L24_PalletGHE1109233021_Cavity11_B0178JG_Fail7_Score(0.9932979)_0.9999_0.9942.bmp,Foreign Matter,L24,test
01cea177f2c156e1f640c74ff8171633,/data/FMD_Data_26082026/fmd_temp_images/Updated ICube Objects 20260915/Foreign Matter/20241102_111557_L24_PalletGHK1102151433_Cavity14_B01778Q_Fail7_Score(0.9844671)_0.9997_0.9968.bmp,Foreign Matter,L24,train
031634e920e58eeeef9b5a937ba3c647,/data/FMD_Data_26082026/fmd_temp_images/Updated ICube Objects 20260915/Foreign Matter/20260831_002625_L24_PalletGHK0831044334_Cavity3_B01BLKR_Fail6_Score(0.9692978).bmp,Foreign Matter,L24,train
041994b5076d2a680d25b0038c09b960,/data/FMD_Data_26082026/fmd_temp_images/Updated ICube Objects 20260915/Foreign Matter/20260825_000756_L24_PalletGHF0825042437_Cavity8_B01BKK4_Fail4_Score(0.9345546).bmp,Foreign Matter,L24,train
05b307135a8610b35d2685b809e456a4,/data/FMD_Data_26082026/fmd_temp_images/ICube Defects Library/Foreign Matter/20241105_204620_L24_C2_9939.bmp,Foreign Matter,L24,train
0a722f1976c5aedb5d7690c547c9863c,/data/FMD_Data_26082026/fmd_temp_images/Updated ICube Objects 20260915/Foreign Matter/20241111_173507_L24_PalletGHT1111223441_Cavity7_B0178JS_Fail5_Score(0.9624488)_0.9988_0.9879.bmp,Foreign Matter,L24,train
0c19c4284e5956bccbf764a4df8764e3,/data/FMD_Data_26082026/fmd_temp_images/Updated ICube Objects 20260915/Foreign Matter/20241111_123346_L24_PalletGHC1111173244_Cavity13_B0178JS_Fail7_Score(0.9997857)_0.9998_0.9958.bmp,Foreign Matter,L24,train
0d46b49675a17c4f82571fbb4d7faa42,/data/FMD_Data_26082026/fmd_temp_images/ICube Defects Library/Foreign Matter/20260805_074727_L24_PalletGHA0805120307_Cavity12_D009G9R_Fail7_Score(0.9999899).bmp,Foreign Matter,L24,train
0e74efb71e3b6ff681c0931883d073e4,/data/FMD_Data_26082026/fmd_temp_images/Updated ICube Objects 20260915/Foreign Matter/20260828_181444_L24_PalletGHB0828223145_Cavity8_B01BLK4_Fail7_Score(0.9903772).bmp,Foreign Matter,L24,train
0f5dcdfd159dc308686a4de6345a4ee4,/data/FMD_Data_26082026/fmd_temp_images/Updated ICube Objects 20260915/Foreign Matter/20241204_164202_L24_C7_9974_0.9998_0.6066.bmp,Foreign Matter,L24,train
0ff4627d80985c60e0f7cbf65adbe89a,/data/FMD_Data_26082026/fmd_temp_images/Updated ICube Objects 20260915/Foreign Matter/20260820_025123_L24_PalletGHT0820070729_Cavity1_B01BHWL_Fail7_Score(0.9960507).bmp,Foreign Matter,L24,train
104e2ccd71a5e69501187b2c67c51ea2,/data/FMD_Data_26082026/fmd_temp_images/Updated ICube Objects 20260915/Foreign Matter/20260804_192730_L24_PalletGHP0804234304_Cavity11_D009G96_Fail7_Score(0.9884417).bmp,Foreign Matter,L24,train
11417e65971c691400286f8e20a2d97c,/data/FMD_Data_26082026/fmd_temp_images/Updated ICube Objects 20260915/Foreign Matter/20260814_173628_L24_PalletGHD0814215308_Cavity7_B01BFRV_Fail3_Score(0.9171127).bmp,Foreign Matter,L24,train
12725403f35077106efede0be3440ae5,/data/FMD_Data_26082026/fmd_temp_images/ICube Defects Library/Foreign Matter/20241106_115502_L24_C4_9357.bmp,Foreign Matter,L24,train
13a4a4cd07116c6e18ac1a8dd6be53f1,/data/FMD_Data_26082026/fmd_temp_images/Updated ICube Objects 20260915/Foreign Matter/20260730_194413_L24_PalletGHF0731000030_Cavity4_D009GP8_Pass1_Score(0.5888482).bmp,Foreign Matter,L24,train
13b16ef9b4818376dfadcb4a244606bd,/data/FMD_Data_26082026/fmd_temp_images/Updated ICube Objects 20260915/Foreign Matter/20260803_114050_L24_PalletGHS0803155631_Cavity7_D009G6H_Fail7_Score(0.9862965).bmp,Foreign Matter,L24,train
1489823ad817ccea9725cd3098ffc77c,/data/FMD_Data_26082026/fmd_temp_images/Updated ICube Objects 20260915/Foreign Matter/20260730_163511_L24_PalletGHB0730205110_Cavity9_D009FZF_Fail6_Score(0.9697534).bmp,Foreign Matter,L24,train
15607090a3099e5e84c25d3cbdd54e92,/data/FMD_Data_26082026/fmd_temp_images/Updated ICube Objects 20260915/Foreign Matter/20241102_155800_L24_C12_9796_0.9999_0.6130.bmp,Foreign Matter,L24,train
16c534688deabf89644720522f52b436,/data/FMD_Data_26082026/fmd_temp_images/Updated ICube Objects 20260915/Foreign Matter/20241113_230733_L24_PalletGHM1114040719_Cavity15_B01795D_Fail6_Score(0.9729543)_0.9995_0.9814.bmp,Foreign Matter,L24,train
18738cbb0163c77932bef037c4995aa3,/data/FMD_Data_26082026/fmd_temp_images/Updated ICube Objects 20260915/Foreign Matter/20260808_203429_L24_PalletGHR0809005033_Cavity10_D009GJ8_Fail4_Score(0.9429071).bmp,Foreign Matter,L24,train
1a820df29f11244595724ff6b67e750a,/data/FMD_Data_26082026/fmd_temp_images/Updated ICube Objects 20260915/Foreign Matter/20260810_200908_L24_PalletGHN0811002510_Cavity4_B01BF2L_Fail4_Score(0.9469301).bmp,Foreign Matter,L24,train
1b29a34c55a02fbec07ec1120974af29,/data/FMD_Data_26082026/fmd_temp_images/Updated ICube Objects 20260915/Foreign Matter/20260731_091818_L24_PalletGHA0731133441_Cavity7_D009G0K_Fail3_Score(0.9178114).bmp,Foreign Matter,L24,train
1dac9c69fb8e70ce2dc138e5ecb9a298,/data/FMD_Data_26082026/fmd_temp_images/Updated ICube Objects 20260915/Foreign Matter/20260826_010202_L24_PalletGHS0826051831_Cavity6_B01BKK9_Fail7_Score(0.9899144).bmp,Foreign Matter,L24,train
1ddcb17f7f83e827493b1e0318257ea1,/data/FMD_Data_26082026/fmd_temp_images/Updated ICube Objects 20260915/Foreign Matter/20241111_001436_L24_PalletGHN1111051405_Cavity8_B0178JP_Fail7_Score(0.9992161)_0.9986_0.9691.bmp,Foreign Matter,L24,train
1f2f82720d77f0299415677177ff47e3,/data/FMD_Data_26082026/fmd_temp_images/Updated ICube Objects 20260915/Foreign Matter/20260824_041230_L24_PalletGHU0824082907_Cavity7_B01BKJZ_Fail3_Score(0.9218401).bmp,Foreign Matter,L24,train
1fbd271fd75949d8786e94e225b674d3,/data/FMD_Data_26082026/fmd_temp_images/Updated ICube Objects 20260915/Foreign Matter/20260825_144844_L24_PalletGHO0825190521_Cavity1_B01BKK7_Fail4_Score(0.9392694).bmp,Foreign Matter,L24,train
203e34979dfe2422ab1af4d77c2b4186,/data/FMD_Data_26082026/fmd_temp_images/Updated ICube Objects 20260915/Foreign Matter/20241110_141321_L24_C2_9751_1.0000_0.9138.bmp,Foreign Matter,L24,train
21082fa0a1e35ac0482e98db8e2788aa,/data/FMD_Data_26082026/fmd_temp_images/Updated ICube Objects 20260915/Foreign Matter/20241109_232148_L24_PalletGHU1110042108_Cavity14_B0178JJ_Fail7_Score(0.9944059)_0.9970_0.9981.bmp,Foreign Matter,L24,train
226de16a7e765a09a070e4c7b6834005,/data/FMD_Data_26082026/fmd_temp_images/Updated ICube Objects 20260915/Foreign Matter/20241114_235405_L24_PalletGHE1115045255_Cavity2_B01795J_Fail6_Score(0.9685485)_0.9999_0.9990.bmp,Foreign Matter,L24,train
261cdbe08160d6368ccffa557a84920c,/data/FMD_Data_26082026/fmd_temp_images/Updated ICube Objects 20260915/Foreign Matter/20241102_002417_L24_C6_9811_0.9990_0.5266.bmp,Foreign Matter,L24,train
270cd04bce60568d5757dc12efcb38c8,/data/FMD_Data_26082026/fmd_temp_images/Updated ICube Objects 20260915/Foreign Matter/20260729_052206_L24_PalletGHB0729093632_Cavity11_D009FVQ_Fail3_Score(0.9228986).bmp,Foreign Matter,L24,train
27b0beaff3a50a5dd01c9f4f0b9a7fbc,/data/FMD_Data_26082026/fmd_temp_images/Updated ICube Objects 20260915/Foreign Matter/20241106_191044_L24_PalletGHF1107000943_Cavity6_B0178HW_Fail7_Score(0.9849772)_0.9996_0.9950.bmp,Foreign Matter,L24,train
2b9f704c26db728222c0bb05ec8e9459,/data/FMD_Data_26082026/fmd_temp_images/Updated ICube Objects 20260915/Foreign Matter/20241113_000619_L24_PalletGHQ1113050557_Cavity14_B0178K1_Fail3_Score(0.9306639)_0.9997_0.9971.bmp,Foreign Matter,L24,train
2ce4f826d32cb682bb5394acf1e808b4,/data/FMD_Data_26082026/fmd_temp_images/Updated ICube Objects 20260915/Foreign Matter/20241108_031709_L24_PalletGHJ1108081621_Cavity5_B0178JH_Fail7_Score(0.9997452)_0.9736_0.9778.bmp,Foreign Matter,L24,train
2e1755a3039af894b77dc0efaa994b51,/data/FMD_Data_26082026/fmd_temp_images/Updated ICube Objects 20260915/Foreign Matter/20260824_122633_L24_PalletGHA0824164305_Cavity11_B01BKK2_Fail7_Score(0.9943325).bmp,Foreign Matter,L24,train
2e285d8e668222afdb1c32deab0ac133,/data/FMD_Data_26082026/fmd_temp_images/Updated ICube Objects 20260915/Foreign Matter/20260820_062610_L24_PalletGHM0820104203_Cavity14_B01BHWM_Fail6_Score(0.9818824).bmp,Foreign Matter,L24,train
2f0e9b33f442872f125d331c47c7a666,/data/FMD_Data_26082026/fmd_temp_images/Updated ICube Objects 20260915/Foreign Matter/20241106_082851_L24_C11_9875_0.9992_0.3580.bmp,Foreign Matter,L24,train
343692d535bd6c2264424bcd7074aa60,/data/FMD_Data_26082026/fmd_temp_images/Updated ICube Objects 20260915/Foreign Matter/20260830_201036_L24_PalletGHJ0831002746_Cavity10_B01BLKQ_Fail5_Score(0.951589).bmp,Foreign Matter,L24,train
3557aa2d091653baff18d20ba337d775,/data/FMD_Data_26082026/fmd_temp_images/Updated ICube Objects 20260915/Foreign Matter/20260829_043825_L24_PalletGHP0829085528_Cavity11_B01BLK7_Fail3_Score(0.9186887).bmp,Foreign Matter,L24,train
3775a55d645acc92bf203608a844976a,/data/FMD_Data_26082026/fmd_temp_images/Updated ICube Objects 20260915/Foreign Matter/20260821_123154_L24_PalletGHP0821164816_Cavity13_B01BHWZ_Fail7_Score(0.9953558).bmp,Foreign Matter,L24,train
37e026a1c7b94e2f4817f5eb0ec4dc85,/data/FMD_Data_26082026/fmd_temp_images/Updated ICube Objects 20260915/Foreign Matter/20260806_120053_L24_PalletGHD0806161652_Cavity14_D009GD2_Pass1_Score(0.8108547).bmp,Foreign Matter,L24,train
3a195b2b5f0ac839b389c065e2ca7207,/data/FMD_Data_26082026/fmd_temp_images/Updated ICube Objects 20260915/Foreign Matter/20241206_034127_L24_C9_9936_0.9998_0.7721.bmp,Foreign Matter,L24,train
3b4856808a905b2508e59b0c3f072f88,/data/FMD_Data_26082026/fmd_temp_images/Updated ICube Objects 20260915/Foreign Matter/20260817_064349_L24_PalletGHU0817110047_Cavity13_B01BHW1_Fail7_Score(0.9971647).bmp,Foreign Matter,L24,train
3d040571acf2b67d69f57f1bd79ce490,/data/FMD_Data_26082026/fmd_temp_images/Updated ICube Objects 20260915/Foreign Matter/20241113_140318_L24_PalletGHS1113190302_Cavity14_B01795B_Fail7_Score(0.9954082)_0.9995_0.9542.bmp,Foreign Matter,L24,train
3dc0825559fe4d589fb31b9201b25281,/data/FMD_Data_26082026/fmd_temp_images/Updated ICube Objects 20260915/Foreign Matter/20241111_073931_L24_PalletGHH1111123900_Cavity14_B0178JQ_Fail7_Score(0.9990578)_0.9998_0.9720.bmp,Foreign Matter,L24,train
3ef25d4661cfe4fc916f870d5f0c5971,/data/FMD_Data_26082026/fmd_temp_images/Updated ICube Objects 20260915/Foreign Matter/20241113_045357_L24_PalletGHH1113095327_Cavity11_B0178K2_Fail3_Score(0.9256905)_0.9999_0.9729.bmp,Foreign Matter,L24,train
3f51d0fa2e8537fc1482483ed349bffc,/data/FMD_Data_26082026/fmd_temp_images/Updated ICube Objects 20260915/Foreign Matter/20260812_011330_L24_PalletGHK0812052959_Cavity12_B01BFRC_Fail7_Score(0.9996071).bmp,Foreign Matter,L24,train
3fe2794bfb7aedb35b60c4269ad3aaa6,/data/FMD_Data_26082026/fmd_temp_images/Updated ICube Objects 20260915/Foreign Matter/20260808_144702_L24_PalletGHC0808190309_Cavity6_D009GHR_Fail7_Score(0.9995823).bmp,Foreign Matter,L24,train
4141ad1c225743cc0009c68610340d01,/data/FMD_Data_26082026/fmd_temp_images/Updated ICube Objects 20260915/Foreign Matter/20260819_234544_L24_PalletGHA0820040157_Cavity2_B01BHWK_Fail2_Score(0.904178).bmp,Foreign Matter,L24,train
421d22a8ca7280acc0da19194b7a4019,/data/FMD_Data_26082026/fmd_temp_images/Updated ICube Objects 20260915/Foreign Matter/20260820_013747_L24_PalletGHM0820055400_Cavity14_B01BHWK_Fail7_Score(0.9976296).bmp,Foreign Matter,L24,train
462928b28a2c69c51a43a13bfb549b33,/data/FMD_Data_26082026/fmd_temp_images/Updated ICube Objects 20260915/Foreign Matter/20241105_202251_L24_PalletGHI1106012145_Cavity12_B0178J1_Fail7_Score(0.9862775)_0.9979_0.9544.bmp,Foreign Matter,L24,train
4abcb33e3ed0927b56126c7d9eff345b,/data/FMD_Data_26082026/fmd_temp_images/Updated ICube Objects 20260915/Foreign Matter/20241109_032643_L24_PalletGHO1109082601_Cavity12_B0178JH_Fail3_Score(0.9181554)_0.9993_0.9937.bmp,Foreign Matter,L24,train
4b4d0fe0202ac7521f0a2a1212e88738,/data/FMD_Data_26082026/fmd_temp_images/Updated ICube Objects 20260915/Foreign Matter/20260822_212328_L24_PalletGHI0823013956_Cavity10_B01BKJQ_Fail7_Score(0.9890819).bmp,Foreign Matter,L24,train
4bed4fb031684143bb3822f42f203b10,/data/FMD_Data_26082026/fmd_temp_images/Updated ICube Objects 20260915/Foreign Matter/20241111_124322_L24_PalletGHE1111174116_Cavity13_B0178JS_Fail7_Score(0.9935056)_0.9992_0.9550.bmp,Foreign Matter,L24,train
4c39b3b5fdb85e6b9667b64c1cab5705,/data/FMD_Data_26082026/fmd_temp_images/Updated ICube Objects 20260915/Foreign Matter/20260806_051814_L24_PalletGHD0806093409_Cavity10_D009GCJ_Fail6_Score(0.9781319).bmp,Foreign Matter,L24,train
4dc7e644fdcc59e8829f5564532e0a13,/data/FMD_Data_26082026/fmd_temp_images/ICube Defects Library/Foreign Matter/20260803_101254_L24_PalletGHA0803142833_Cavity4_D009G6C_Fail7_Score(0.9929036).bmp,Foreign Matter,L24,train
4f294a98eae014d1428ca5f231358aae,/data/FMD_Data_26082026/fmd_temp_images/Updated ICube Objects 20260915/Foreign Matter/20241112_221147_L24_PalletGHS1113031103_Cavity14_B0178JX_Fail7_Score(0.9979878)_1.0000_0.9997.bmp,Foreign Matter,L24,train
501e155cddeaa763c153da1b9b58947d,/data/FMD_Data_26082026/fmd_temp_images/Updated ICube Objects 20260915/Foreign Matter/20241114_194943_L24_PalletGHJ1115004928_Cavity7_B01795K_Fail7_Score(0.9903552)_0.9996_0.9950.bmp,Foreign Matter,L24,train
507525dac05ca18a5c5f04ea023c0e18,/data/FMD_Data_26082026/fmd_temp_images/Updated ICube Objects 20260915/Foreign Matter/20241108_150953_L24_PalletGHS1108200858_Cavity12_B0178JH_Fail7_Score(0.9919034)_1.0000_0.9714.bmp,Foreign Matter,L24,train
51d32d6980f7d5db9bbb44ce01cdd919,/data/FMD_Data_26082026/fmd_temp_images/Updated ICube Objects 20260915/Foreign Matter/20260827_191500_L24_PalletGHS0827233152_Cavity15_B01BKKM_Fail5_Score(0.9656383).bmp,Foreign Matter,L24,train
526826dcdadf30ea13d36abeeb56f876,/data/FMD_Data_26082026/fmd_temp_images/Updated ICube Objects 20260915/Foreign Matter/20260730_171907_L24_PalletGHA0730213523_Cavity1_D009FZG_Pass1_Score(0.1216911).bmp,Foreign Matter,L24,train
52e2e9fe96907c4d3ced51738071cf82,/data/FMD_Data_26082026/fmd_temp_images/Updated ICube Objects 20260915/Foreign Matter/20260811_022030_L24_PalletGHE0811063650_Cavity11_B01BF2L_Fail6_Score(0.9831395).bmp,Foreign Matter,L24,train
534cfc6b01990211a493c7e50805a9e4,/data/FMD_Data_26082026/fmd_temp_images/Updated ICube Objects 20260915/Foreign Matter/20260807_134439_L24_PalletGHS0807180042_Cavity11_D009GFQ_Pass1_Score(0.02593881).bmp,Foreign Matter,L24,train
54ac72d45bd70fe93c5ec580be37dabe,/data/FMD_Data_26082026/fmd_temp_images/Updated ICube Objects 20260915/Foreign Matter/20260804_133004_L24_PalletGHD0804174551_Cavity8_D009G8P_Pass1_Score(0.05953038).bmp,Foreign Matter,L24,train
55c62f22c1d8932636bf1208db2e08b3,/data/FMD_Data_26082026/fmd_temp_images/Updated ICube Objects 20260915/Foreign Matter/20260820_021106_L24_PalletGHL0820062630_Cavity15_B01BHWL_Fail6_Score(0.9831763).bmp,Foreign Matter,L24,train
55f33adacbea08f41d665a267540b610,/data/FMD_Data_26082026/fmd_temp_images/Updated ICube Objects 20260915/Foreign Matter/20260909_060704_L24_PalletGHR0909102409_Cavity5_B01BN0F_Fail7_Score(0.9914396).bmp,Foreign Matter,L24,train
5692614fe21d6c7d2a205b56339863a9,/data/FMD_Data_26082026/fmd_temp_images/Updated ICube Objects 20260915/Foreign Matter/20241110_214616_L24_PalletGHH1111024537_Cavity9_B0178JN_Fail7_Score(0.9913288)_0.9998_0.9764.bmp,Foreign Matter,L24,train
57786905260e19ae56fe2909f600f6ce,/data/FMD_Data_26082026/fmd_temp_images/ICube Defects Library/Foreign Matter/20241111_171642_L24_C6_9520.bmp,Foreign Matter,L24,train
585d5517f0c97726659b3dee694acb6d,/data/FMD_Data_26082026/fmd_temp_images/Updated ICube Objects 20260915/Foreign Matter/20260730_141851_L24_PalletGHN0730183510_Cavity9_D009FZ8_Pass1_Score(0.01449531).bmp,Foreign Matter,L24,train
593cf8ac83fd6265d553d298179e0f2c,/data/FMD_Data_26082026/fmd_temp_images/Updated ICube Objects 20260915/Foreign Matter/20241102_071543_L24_PalletGHB1102111420_Cavity2_B01778P_Fail3_Score(0.9233667)_0.9984_0.9931.bmp,Foreign Matter,L24,train
5d7898313b41b70ffa5991bf1580b67b,/data/FMD_Data_26082026/fmd_temp_images/Updated ICube Objects 20260915/Foreign Matter/20241111_065904_L24_PalletGHI1111115827_Cavity5_B0178JQ_Fail2_Score(0.9139614)_0.9999_0.9701.bmp,Foreign Matter,L24,train
615c1f9d7ab9a04809dcc6e97da6093b,/data/FMD_Data_26082026/fmd_temp_images/Updated ICube Objects 20260915/Foreign Matter/20241112_121312_L24_C12_9992_0.9935.bmp,Foreign Matter,L24,train
6191e7b217308318c4bb3f18e4e43895,/data/FMD_Data_26082026/fmd_temp_images/Updated ICube Objects 20260915/Foreign Matter/20241105_205808_L24_PalletGHP1106015709_Cavity10_B0178J1_Fail3_Score(0.9273983)_0.9997_0.9589.bmp,Foreign Matter,L24,train
628cfae1c585ac3546124059b1afde03,/data/FMD_Data_26082026/fmd_temp_images/Updated ICube Objects 20260915/Foreign Matter/20241104_122612_L24_PalletGHJ1104172501_Cavity14_B0178HR_Fail5_Score(0.9611438)_0.9999_0.9980.bmp,Foreign Matter,L24,train
63ff6e4a35f69b2d77cf7315e44eb808,/data/FMD_Data_26082026/fmd_temp_images/Updated ICube Objects 20260915/Foreign Matter/20260804_170624_L24_PalletGHH0804212211_Cavity8_D009G90_Pass1_Score(0.3089217).bmp,Foreign Matter,L24,train
64124392fd3d562ce9fde1827dfc941e,/data/FMD_Data_26082026/fmd_temp_images/Updated ICube Objects 20260915/Foreign Matter/20241115_092234_L24_C2_9049_0.9999.bmp,Foreign Matter,L24,train
65793a14ea80124d7b8f77db43d82c41,/data/FMD_Data_26082026/fmd_temp_images/Updated ICube Objects 20260915/Foreign Matter/20260804_172323_L24_PalletGHT0804213913_Cavity11_D009G91_Pass1_Score(0.5670335).bmp,Foreign Matter,L24,train
65feaad27b8ca2395144b82ca18db4a9,/data/FMD_Data_26082026/fmd_temp_images/Updated ICube Objects 20260915/Foreign Matter/20241112_205815_L24_PalletGHD1113015753_Cavity14_B0178JX_Fail3_Score(0.9260643)_0.9996_0.9608.bmp,Foreign Matter,L24,train
68344f75fd0b23dd67cf2ef0523b732c,/data/FMD_Data_26082026/fmd_temp_images/Updated ICube Objects 20260915/Foreign Matter/20241109_230252_L24_PalletGHG1110040217_Cavity9_B0178JJ_Fail4_Score(0.9426298)_0.9998_0.9763.bmp,Foreign Matter,L24,train
685667736ad2b6df908fe1db932221d9,/data/FMD_Data_26082026/fmd_temp_images/Updated ICube Objects 20260915/Foreign Matter/20241106_085703_L24_C8_9143_0.9992_0.8085.bmp,Foreign Matter,L24,train
68dcf4e1df1ea9c54c9ccecd52161386,/data/FMD_Data_26082026/fmd_temp_images/Updated ICube Objects 20260915/Foreign Matter/20241115_075242_L24_C8_9758_0.9996.bmp,Foreign Matter,L24,train
6a45af20f94c4e7b9e0b925533937412,/data/FMD_Data_26082026/fmd_temp_images/Updated ICube Objects 20260915/Foreign Matter/20241108_031522_L24_PalletGHS1108081431_Cavity5_B0178JH_Fail5_Score(0.9534031)_0.9655_0.9801.bmp,Foreign Matter,L24,train
7012a0963f69a2b9d534f7b9003a424b,/data/FMD_Data_26082026/fmd_temp_images/Updated ICube Objects 20260915/Foreign Matter/20241112_070311_L24_C6_9744_0.9999.bmp,Foreign Matter,L24,train
7141819e98e786f5a36b924f047d5f36,/data/FMD_Data_26082026/fmd_temp_images/Updated ICube Objects 20260915/Foreign Matter/20241110_113105_L24_PalletGHG1110162958_Cavity7_B0178JL_Fail7_Score(0.9975559)_1.0000_0.9812.bmp,Foreign Matter,L24,train
74b3467abcb673202639dba84ac8bdef,/data/FMD_Data_26082026/fmd_temp_images/Updated ICube Objects 20260915/Foreign Matter/20241110_233606_L24_PalletGHA1111043507_Cavity10_B0178JP_Fail7_Score(0.9993312)_0.9997_0.9576.bmp,Foreign Matter,L24,train
752377ad0017af96a09d40a500a8305a,/data/FMD_Data_26082026/fmd_temp_images/Updated ICube Objects 20260915/Foreign Matter/20241104_035931_L24_PalletGHU1104085821_Cavity15_B01778W_Fail6_Score(0.9791)_0.9996_0.9752.bmp,Foreign Matter,L24,train
75fd66216c5a0f557dece74c79bf47de,/data/FMD_Data_26082026/fmd_temp_images/Updated ICube Objects 20260915/Foreign Matter/20241102_002614_L24_C14_9760_0.9992_0.8124.bmp,Foreign Matter,L24,train
785ecad46e2892ee61c991e891737b47,/data/FMD_Data_26082026/fmd_temp_images/Updated ICube Objects 20260915/Foreign Matter/20260822_221222_L24_PalletGHT0823022850_Cavity13_B01BKJQ_Fail6_Score(0.9729117).bmp,Foreign Matter,L24,train
79ab9a05a7896fcdc1b6ee02db3ced0f,/data/FMD_Data_26082026/fmd_temp_images/Updated ICube Objects 20260915/Foreign Matter/20241104_042145_L24_PalletGHA1104091915_Cavity7_B01778W_Fail4_Score(0.9495834)_1.0000_0.9994.bmp,Foreign Matter,L24,train
7a5561611d2ada0f44ca206a2912fd72,/data/FMD_Data_26082026/fmd_temp_images/Updated ICube Objects 20260915/Foreign Matter/20241115_001244_L24_C2_9474_0.9999.bmp,Foreign Matter,L24,train
7b0d4c65324338dd792a0f7b300d7637,/data/FMD_Data_26082026/fmd_temp_images/Updated ICube Objects 20260915/Foreign Matter/20241105_185355_L24_PalletGHU1105235247_Cavity15_B0178J4_Fail7_Score(0.9878549)_1.0000_0.9910.bmp,Foreign Matter,L24,train
7bcabedb1242835fc6d5f8747deac620,/data/FMD_Data_26082026/fmd_temp_images/Updated ICube Objects 20260915/Foreign Matter/20241108_104103_L24_PalletGHM1108154012_Cavity6_B0178JH_Fail6_Score(0.9747143)_0.9993_0.9661.bmp,Foreign Matter,L24,train
7d4b868f628a369f4d2df188ae912c59,/data/FMD_Data_26082026/fmd_temp_images/Updated ICube Objects 20260915/Foreign Matter/20241116_230624_L24_C1_9970_0.9977.bmp,Foreign Matter,L24,train
7e4aaebfdde0acdd8143189a376185b5,/data/FMD_Data_26082026/fmd_temp_images/Updated ICube Objects 20260915/Foreign Matter/20241114_071602_L24_PalletGHO1114121204_Cavity14_B01795G_Fail3_Score(0.9246958)_0.9996_0.9691.bmp,Foreign Matter,L24,train
7e8850cf87120b35d1085176273c5805,/data/FMD_Data_26082026/fmd_temp_images/Updated ICube Objects 20260915/Foreign Matter/20241103_040610_L24_PalletGHR1103090449_Cavity13_B01778T_Fail4_Score(0.9452521)_0.9994_0.9973.bmp,Foreign Matter,L24,train
7f668c1cd45f860019008ed1328024e3,/data/FMD_Data_26082026/fmd_temp_images/Updated ICube Objects 20260915/Foreign Matter/20241106_033107_L24_PalletGHO1106083005_Cavity5_B0178J3_Fail7_Score(0.9925234)_0.9999_0.9880.bmp,Foreign Matter,L24,train
7facdd9c774f394de3b2927a3e69eadc,/data/FMD_Data_26082026/fmd_temp_images/Updated ICube Objects 20260915/Foreign Matter/20260827_103225_L24_PalletGHM0827144919_Cavity11_B01BKKJ_Fail5_Score(0.9651591).bmp,Foreign Matter,L24,train
811c5545182417adeb38136b74614cc3,/data/FMD_Data_26082026/fmd_temp_images/Updated ICube Objects 20260915/Foreign Matter/20241110_005155_L24_PalletGHE1110055118_Cavity2_B0178JJ_Fail7_Score(0.9925473)_0.9999_0.9571.bmp,Foreign Matter,L24,train
842e849e4231800f124e093ce911221e,/data/FMD_Data_26082026/fmd_temp_images/Updated ICube Objects 20260915/Foreign Matter/20241111_040340_L24_PalletGHS1111090306_Cavity12_B0178JP_Fail3_Score(0.9225594)_0.9998_0.9821.bmp,Foreign Matter,L24,train
84e4fca131f35c934991a7df47c9b218,/data/FMD_Data_26082026/fmd_temp_images/Updated ICube Objects 20260915/Foreign Matter/20260820_020637_L24_PalletGHT0820062250_Cavity6_B01BHWL_Fail2_Score(0.9112355).bmp,Foreign Matter,L24,train
85b7c53e2a66af2bf973e217db43c11d,/data/FMD_Data_26082026/fmd_temp_images/Updated ICube Objects 20260915/Foreign Matter/20260730_174109_L24_PalletGHT0730215729_Cavity12_D009FZH_Pass1_Score(0.8544888).bmp,Foreign Matter,L24,train
8730b75c988e4e0ffd1ae2dd69ced8e0,/data/FMD_Data_26082026/fmd_temp_images/Updated ICube Objects 20260915/Foreign Matter/20241107_002640_L24_PalletGHM1107052536_Cavity13_B0178HW_Fail7_Score(0.9994306)_1.0000_0.9843.bmp,Foreign Matter,L24,train
87fb167ec011340e5aa575960ab93224,/data/FMD_Data_26082026/fmd_temp_images/Updated ICube Objects 20260915/Foreign Matter/20260822_131043_L24_PalletGHI0822172710_Cavity13_B01BKJN_Fail6_Score(0.97895).bmp,Foreign Matter,L24,train
886c789506e335d190ea227760dd09dc,/data/FMD_Data_26082026/fmd_temp_images/Updated ICube Objects 20260915/Foreign Matter/20241106_002730_L24_PalletGHL1106052625_Cavity14_B0178J2_Fail7_Score(0.9998028)_0.9999_0.9961.bmp,Foreign Matter,L24,train
8a094aa0484b9fb507c418c70aa5a43e,/data/FMD_Data_26082026/fmd_temp_images/Updated ICube Objects 20260915/Foreign Matter/20260816_165658_L24_PalletGHL0816211349_Cavity13_B01BHVX_Fail2_Score(0.9016502).bmp,Foreign Matter,L24,train
8aa011998f5dd9f1cd47a7198333d0fd,/data/FMD_Data_26082026/fmd_temp_images/Updated ICube Objects 20260915/Foreign Matter/20260814_081926_L24_PalletGHM0814123605_Cavity13_B01BFRL_Fail7_Score(0.9940029).bmp,Foreign Matter,L24,train
8b29a34ffd7f23d2fec895a9c180ee75,/data/FMD_Data_26082026/fmd_temp_images/Updated ICube Objects 20260915/Foreign Matter/20260824_021717_L24_PalletGHQ0824063346_Cavity13_B01BKJX_Fail4_Score(0.9457145).bmp,Foreign Matter,L24,train
8b3690c3576ce5e4fdf0486601aea33b,/data/FMD_Data_26082026/fmd_temp_images/Updated ICube Objects 20260915/Foreign Matter/20241111_060254_L24_C3_9988_0.9996.bmp,Foreign Matter,L24,train
8b990531b9b80c61188d9d7a9ae57511,/data/FMD_Data_26082026/fmd_temp_images/Updated ICube Objects 20260915/Foreign Matter/20241101_223837_L24_C13_9876_0.9949_0.9287.bmp,Foreign Matter,L24,train
8bcdfb04dfd4e7880ab41e854786c6a2,/data/FMD_Data_26082026/fmd_temp_images/Updated ICube Objects 20260915/Foreign Matter/20260830_204835_L24_PalletGHJ0831010549_Cavity13_B01BLKQ_Fail6_Score(0.9771985).bmp,Foreign Matter,L24,train
8d341463d74b2aa8abd0d7f2c060d536,/data/FMD_Data_26082026/fmd_temp_images/Updated ICube Objects 20260915/Foreign Matter/20241114_090209_L24_PalletGHS1114140201_Cavity10_B01795G_Fail6_Score(0.9687284)_0.9999_0.9887.bmp,Foreign Matter,L24,train
8d4c555bb8d746ec6b04b2bf8c0fda3f,/data/FMD_Data_26082026/fmd_temp_images/Updated ICube Objects 20260915/Foreign Matter/20260823_233506_L24_PalletGHS0824035132_Cavity11_B01BKJX_Fail7_Score(0.9976956).bmp,Foreign Matter,L24,train
8e6992e807b6b2f7d46f3875b80384c5,/data/FMD_Data_26082026/fmd_temp_images/Updated ICube Objects 20260915/Foreign Matter/20241113_172654_L24_C11_9521_0.9999.bmp,Foreign Matter,L24,train
90bc1bcb1e5a53befae67db2dc60df01,/data/FMD_Data_26082026/fmd_temp_images/Updated ICube Objects 20260915/Foreign Matter/20260828_064717_L24_PalletGHN0828110405_Cavity8_B01BLK9_Fail7_Score(0.9901871).bmp,Foreign Matter,L24,train
93150bd1ca908114d0d9e3186b86f209,/data/FMD_Data_26082026/fmd_temp_images/Updated ICube Objects 20260915/Foreign Matter/20241102_145930_L24_C5_9984_0.9998_0.5719.bmp,Foreign Matter,L24,train
94095ca3f10b4f46969c865a5cf6827e,/data/FMD_Data_26082026/fmd_temp_images/Updated ICube Objects 20260915/Foreign Matter/20241102_042330_L24_C2_9359_0.9997_0.6922.bmp,Foreign Matter,L24,train
96b4adaa8c8f6ba89b484de90353b31c,/data/FMD_Data_26082026/fmd_temp_images/Updated ICube Objects 20260915/Foreign Matter/20241106_035414_L24_PalletGHE1106085313_Cavity13_B0178J3_Fail6_Score(0.9712706)_0.9999_0.9974.bmp,Foreign Matter,L24,train
96c728627f3ec5a4a2b83a1468e27523,/data/FMD_Data_26082026/fmd_temp_images/Updated ICube Objects 20260915/Foreign Matter/20241109_080332_L24_C15_9969_0.9799_0.6706.bmp,Foreign Matter,L24,train
986e085cf0080d51d3d35acd1c8a1576,/data/FMD_Data_26082026/fmd_temp_images/Updated ICube Objects 20260915/Foreign Matter/20241106_114717_L24_PalletGHP1106164620_Cavity14_B0178J5_Fail2_Score(0.9143255)_0.9997_0.9784.bmp,Foreign Matter,L24,train
98a667a5b4fd17330d0895136712830c,/data/FMD_Data_26082026/fmd_temp_images/Updated ICube Objects 20260915/Foreign Matter/20241107_082712_L24_PalletGHK1107132618_Cavity6_B0178J7_Fail4_Score(0.943617)_1.0000_0.9955.bmp,Foreign Matter,L24,train
99329e4216dd617947dad53216af81ef,/data/FMD_Data_26082026/fmd_temp_images/Updated ICube Objects 20260915/Foreign Matter/20260822_193222_L24_PalletGHS0822234847_Cavity7_B01BKJQ_Fail5_Score(0.9528559).bmp,Foreign Matter,L24,train
995021179d292762410d9fedf05e42de,/data/FMD_Data_26082026/fmd_temp_images/Updated ICube Objects 20260915/Foreign Matter/20241105_190835_L24_PalletGHR1106000732_Cavity14_B0178J1_Fail2_Score(0.9075947)_0.9997_0.9978.bmp,Foreign Matter,L24,train
9ddfb00df026875f76bc464de0e092e8,/data/FMD_Data_26082026/fmd_temp_images/Updated ICube Objects 20260915/Foreign Matter/20260820_141517_L24_PalletGHQ0820183127_Cavity11_B01BHWR_Fail7_Score(0.9990211).bmp,Foreign Matter,L24,train
9e46abbd60b7c3ebdd1008d38c37cc44,/data/FMD_Data_26082026/fmd_temp_images/Updated ICube Objects 20260915/Foreign Matter/20260826_111245_L24_PalletGHN0826152935_Cavity5_B01BKKC_Fail7_Score(0.9926791).bmp,Foreign Matter,L24,train
a1fc38f382b520daecfe4f54ec0bdbcd,/data/FMD_Data_26082026/fmd_temp_images/Updated ICube Objects 20260915/Foreign Matter/20241105_225019_L24_PalletGHP1106034906_Cavity4_B0178J2_Fail7_Score(0.9906577)_1.0000_0.9572.bmp,Foreign Matter,L24,train
a2d02515f1de8ad263a0946b05b6f71e,/data/FMD_Data_26082026/fmd_temp_images/Updated ICube Objects 20260915/Foreign Matter/20260731_134251_L24_PalletGHE0731175916_Cavity7_D009G0V_Pass1_Score(0.7072136).bmp,Foreign Matter,L24,train
a2eaecafd667821dd7f6dcc1e1d3da0a,/data/FMD_Data_26082026/fmd_temp_images/Updated ICube Objects 20260915/Foreign Matter/20241102_094522_L24_PalletGHG1102134350_Cavity11_B01778Q_Fail6_Score(0.9714146)_1.0000_0.9923.bmp,Foreign Matter,L24,train
a54d20985f3a03ef1df526935ac36b0f,/data/FMD_Data_26082026/fmd_temp_images/Updated ICube Objects 20260915/Foreign Matter/20260813_204934_L24_PalletGHE0814010603_Cavity7_B01BJ3V_Fail6_Score(0.9810305).bmp,Foreign Matter,L24,train
a6e28434c0fffdc4c5a01033bbcc6670,/data/FMD_Data_26082026/fmd_temp_images/Updated ICube Objects 20260915/Foreign Matter/20241113_210724_L24_PalletGHO1114020703_Cavity15_B01795D_Fail2_Score(0.9010326)_0.9998_0.9991.bmp,Foreign Matter,L24,train
a6f06f121aaf1c0aa0163b2c2494f393,/data/FMD_Data_26082026/fmd_temp_images/Updated ICube Objects 20260915/Foreign Matter/20260804_171205_L24_PalletGHE0804212752_Cavity11_D009G90_Pass1_Score(0.01985878).bmp,Foreign Matter,L24,train
a8146bd782eeb95565d70bda7550bf21,/data/FMD_Data_26082026/fmd_temp_images/Updated ICube Objects 20260915/Foreign Matter/20241108_123921_L24_C2_9292_0.9973_0.5577.bmp,Foreign Matter,L24,train
a9591a1ded3dd0f5f4d43dcdf5e451e6,/data/FMD_Data_26082026/fmd_temp_images/Updated ICube Objects 20260915/Foreign Matter/20241111_130605_L24_PalletGHR1111180506_Cavity12_B0178JS_Fail6_Score(0.970943)_0.9999_0.9560.bmp,Foreign Matter,L24,train
aaa87591a5f700dd903df33deba64678,/data/FMD_Data_26082026/fmd_temp_images/Updated ICube Objects 20260915/Foreign Matter/20260806_215914_L24_PalletGHH0807021509_Cavity11_D009GDV_Fail7_Score(0.9883683).bmp,Foreign Matter,L24,train
aac6f4887999a29225b4dd9695607c76,/data/FMD_Data_26082026/fmd_temp_images/Updated ICube Objects 20260915/Foreign Matter/20241115_234810_L24_C8_9788_0.9998.bmp,Foreign Matter,L24,train
ab2d04aae0ca49f4ee115aba05660dfe,/data/FMD_Data_26082026/fmd_temp_images/Updated ICube Objects 20260915/Foreign Matter/20260807_112019_L24_PalletGHO0807153603_Cavity14_D009GFJ_Fail7_Score(0.9907009).bmp,Foreign Matter,L24,train
aef9733ba9ffda57ed6ff2581fa2f05a,/data/FMD_Data_26082026/fmd_temp_images/Updated ICube Objects 20260915/Foreign Matter/20260806_120014_L24_PalletGHJ0806161611_Cavity10_D009GD2_Pass1_Score(0.01515275).bmp,Foreign Matter,L24,train
af3ed6c90eccbc6f2cd8384ca47d7e64,/data/FMD_Data_26082026/fmd_temp_images/Updated ICube Objects 20260915/Foreign Matter/20241114_032714_L24_PalletGHR1114082700_Cavity5_B01795F_Fail3_Score(0.931252)_1.0000_0.9707.bmp,Foreign Matter,L24,train
af76c4218f8b548333175267e44c019b,/data/FMD_Data_26082026/fmd_temp_images/Updated ICube Objects 20260915/Foreign Matter/20241106_100636_L24_PalletGHN1106150536_Cavity14_B0178J5_Fail7_Score(0.9936867)_0.9998_0.9851.bmp,Foreign Matter,L24,train
afa8a8c04c4ce5510d5ed0f6ca6bc78d,/data/FMD_Data_26082026/fmd_temp_images/Updated ICube Objects 20260915/Foreign Matter/20260815_121910_L24_PalletGHD0815163559_Cavity15_B01BFRX_Fail5_Score(0.9595636).bmp,Foreign Matter,L24,train
afd593befdcb6b05e012bf50e3774671,/data/FMD_Data_26082026/fmd_temp_images/Updated ICube Objects 20260915/Foreign Matter/20241106_133943_L24_PalletGHO1106183830_Cavity2_B01778X_Fail5_Score(0.9501131)_0.9903_0.9765.bmp,Foreign Matter,L24,train
b094225bdc214af4e82fd5c8ca517ecd,/data/FMD_Data_26082026/fmd_temp_images/Updated ICube Objects 20260915/Foreign Matter/20260808_025750_L24_PalletGHB0808071358_Cavity11_D009GGR_Fail3_Score(0.9222504).bmp,Foreign Matter,L24,train
b1badf2c3ace6e4becb03008c9884efe,/data/FMD_Data_26082026/fmd_temp_images/Updated ICube Objects 20260915/Foreign Matter/20260820_042827_L24_PalletGHO0820084440_Cavity13_B01BHWL_Fail5_Score(0.9648359).bmp,Foreign Matter,L24,train
b51445e265d89aea89e609ed11957a40,/data/FMD_Data_26082026/fmd_temp_images/Updated ICube Objects 20260915/Foreign Matter/20241109_201746_L24_C5_9868_0.9999_0.9556.bmp,Foreign Matter,L24,train
b89e3f39891cb12081eae59d0bb4ca4f,/data/FMD_Data_26082026/fmd_temp_images/Updated ICube Objects 20260915/Foreign Matter/20241105_150658_L24_PalletGHJ1105200557_Cavity15_B0178J4_Fail7_Score(0.9971167)_1.0000_0.9954.bmp,Foreign Matter,L24,train
beaa4007de62e07a1ffff18309ccc6df,/data/FMD_Data_26082026/fmd_temp_images/Updated ICube Objects 20260915/Foreign Matter/20241110_035311_L24_PalletGHM1110085236_Cavity6_B0178JK_Fail4_Score(0.9431656)_0.9836_0.9952.bmp,Foreign Matter,L24,train
c2efc03d1d2e57566a775b9c7ac287df,/data/FMD_Data_26082026/fmd_temp_images/Updated ICube Objects 20260915/Foreign Matter/20260821_090653_L24_PalletGHJ0821132314_Cavity10_B01BHWX_Fail6_Score(0.9776536).bmp,Foreign Matter,L24,train
c39f47904c39a570beda74bcbe209e95,/data/FMD_Data_26082026/fmd_temp_images/Updated ICube Objects 20260915/Foreign Matter/20260804_165046_L24_PalletGHD0804210629_Cavity12_D009G8Z_Pass1_Score(0.03393888).bmp,Foreign Matter,L24,train
c475fb22b37cf017b2c44166ed893b7f,/data/FMD_Data_26082026/fmd_temp_images/Updated ICube Objects 20260915/Foreign Matter/20241114_100446_L24_PalletGHI1114150411_Cavity14_B01795G_Fail5_Score(0.9638047)_0.9998_0.9597.bmp,Foreign Matter,L24,train
c51e485f1f2fcf5f6847d19e3e9827f5,/data/FMD_Data_26082026/fmd_temp_images/Updated ICube Objects 20260915/Foreign Matter/20260730_175758_L24_PalletGHB0730221413_Cavity3_D009FZJ_Pass1_Score(0.8094382).bmp,Foreign Matter,L24,train
c6540fc1acb398aac1a230bb4a29df58,/data/FMD_Data_26082026/fmd_temp_images/Updated ICube Objects 20260915/Foreign Matter/20241115_092220_L24_PalletGHC1115142111_Cavity12_B01795M_Fail6_Score(0.9755948)_0.9999_0.9991.bmp,Foreign Matter,L24,train
c69c3de0e4ce7a68b9d84d23c4de966e,/data/FMD_Data_26082026/fmd_temp_images/Updated ICube Objects 20260915/Foreign Matter/20260825_201629_L24_PalletGHL0826003158_Cavity1_B01BKK8_Fail7_Score(0.9906775).bmp,Foreign Matter,L24,train
c862193f5b7e1fd24a0aa4b76f1d19ab,/data/FMD_Data_26082026/fmd_temp_images/Updated ICube Objects 20260915/Foreign Matter/20241104_164105_L24_PalletGHL1104213957_Cavity10_B0178HT_Fail2_Score(0.9048231)_0.9999_0.9733.bmp,Foreign Matter,L24,train
c8ab706d954c83b735b37f7368b90f43,/data/FMD_Data_26082026/fmd_temp_images/Updated ICube Objects 20260915/Foreign Matter/20241102_151354_L24_C4_9390_1.0000_0.6243.bmp,Foreign Matter,L24,train
c95e404efe9e387eed28773458a3de0c,/data/FMD_Data_26082026/fmd_temp_images/Updated ICube Objects 20260915/Foreign Matter/20260824_200444_L24_PalletGHI0825002121_Cavity13_B01BKK3_Fail3_Score(0.9254798).bmp,Foreign Matter,L24,train
ce356f8cedd7d52aff3abbae9424869c,/data/FMD_Data_26082026/fmd_temp_images/ICube Defects Library/Foreign Matter/20241109_084852_L24_C5_9725.bmp,Foreign Matter,L24,train
d06881153f638e927e99edae0544f73e,/data/FMD_Data_26082026/fmd_temp_images/Updated ICube Objects 20260915/Foreign Matter/20260816_100014_L24_PalletGHR0816141654_Cavity12_B01BHVW_Fail5_Score(0.966657).bmp,Foreign Matter,L24,train
d0ccc1a6833667180d4921316b5e41b8,/data/FMD_Data_26082026/fmd_temp_images/Updated ICube Objects 20260915/Foreign Matter/20241106_020200_L24_PalletGHD1106070055_Cavity14_B0178J3_Fail7_Score(0.9971084)_0.9998_0.9941.bmp,Foreign Matter,L24,train
d172a14086502edc03e615fd8cbe82ac,/data/FMD_Data_26082026/fmd_temp_images/Updated ICube Objects 20260915/Foreign Matter/20260728_123034_L24_PalletGHH0728164618_Cavity11_D009FTG_Fail2_Score(0.9087448).bmp,Foreign Matter,L24,train
d340275e00b11e8e2d53dbd40040c791,/data/FMD_Data_26082026/fmd_temp_images/Updated ICube Objects 20260915/Foreign Matter/20260806_172007_L24_PalletGHQ0806213604_Cavity5_D009GDG_Fail6_Score(0.9828382).bmp,Foreign Matter,L24,train
d3578553076c58ed27d4d5184540f2f7,/data/FMD_Data_26082026/fmd_temp_images/Updated ICube Objects 20260915/Foreign Matter/20241110_192939_L24_PalletGHD1111002842_Cavity15_B0178JM_Fail7_Score(0.9997829)_1.0000_0.9843.bmp,Foreign Matter,L24,train
d434565a1609afb85ff828509c8e4a5d,/data/FMD_Data_26082026/fmd_temp_images/Updated ICube Objects 20260915/Foreign Matter/20260729_183058_L24_PalletGHF0729224716_Cavity6_D009FWT_Pass1_Score(0.01054937).bmp,Foreign Matter,L24,train
d497131aafc5d7beb79c9141d1e72a0e,/data/FMD_Data_26082026/fmd_temp_images/Updated ICube Objects 20260915/Foreign Matter/20260807_105408_L24_PalletGHS0807151007_Cavity4_D009GFH_Pass1_Score(0.8608004).bmp,Foreign Matter,L24,train
d51698b1115db687d7f4d992128a6a8d,/data/FMD_Data_26082026/fmd_temp_images/Updated ICube Objects 20260915/Foreign Matter/20241102_020854_L24_PalletGHC1102060733_Cavity14_B01778N_Fail3_Score(0.9182582)_1.0000_0.9880.bmp,Foreign Matter,L24,train
d6273dd75ff19687628f56a62f02cebe,/data/FMD_Data_26082026/fmd_temp_images/Updated ICube Objects 20260915/Foreign Matter/20241114_150407_L24_PalletGHM1114200356_Cavity15_B01795H_Fail6_Score(0.9807756)_0.9993_0.9808.bmp,Foreign Matter,L24,train
d6bef9cd3e39ae40a8ed73f5bdf0dece,/data/FMD_Data_26082026/fmd_temp_images/Updated ICube Objects 20260915/Foreign Matter/20260820_050359_L24_PalletGHN0820092009_Cavity11_B01BHWM_Fail4_Score(0.9366499).bmp,Foreign Matter,L24,train
d6d00a0c58bb0c55090a979edab83e2a,/data/FMD_Data_26082026/fmd_temp_images/Updated ICube Objects 20260915/Foreign Matter/20260825_121507_L24_PalletGHP0825163148_Cavity10_B01BKK6_Fail5_Score(0.9510464).bmp,Foreign Matter,L24,train
d7be0c125b4dd5e150d17cfced113161,/data/FMD_Data_26082026/fmd_temp_images/Updated ICube Objects 20260915/Foreign Matter/20241102_222940_L24_PalletGHD1103022817_Cavity7_B01778T_Fail7_Score(0.9999034)_0.9941_0.9925.bmp,Foreign Matter,L24,train
d972a54b2600319dc0a5be996cea0478,/data/FMD_Data_26082026/fmd_temp_images/Updated ICube Objects 20260915/Foreign Matter/20260730_122106_L24_PalletGHG0730163724_Cavity11_D009FZ4_Pass1_Score(0.59151).bmp,Foreign Matter,L24,train
da232aed755a3617a2b9d97b52ef0a73,/data/FMD_Data_26082026/fmd_temp_images/Updated ICube Objects 20260915/Foreign Matter/20241102_071739_L24_C14_9967_0.9959_0.9425.bmp,Foreign Matter,L24,train
da29e3a4a542fe65507c341dff16cfbd,/data/FMD_Data_26082026/fmd_temp_images/Updated ICube Objects 20260915/Foreign Matter/20241107_022115_L24_C3_9999_1.0000_0.7326.bmp,Foreign Matter,L24,train
db9718b104f55917e39ac05d52371102,/data/FMD_Data_26082026/fmd_temp_images/Updated ICube Objects 20260915/Foreign Matter/20260807_094202_L24_PalletGHD0807135440_Cavity6_D009GFD_Fail7_Score(0.997604).bmp,Foreign Matter,L24,train
dc11e6e492f998311b86349705766f17,/data/FMD_Data_26082026/fmd_temp_images/ICube Defects Library/Foreign Matter/20260805_074448_L24_PalletGHL0805120022_Cavity12_D009G9R_Fail7_Score(0.9906123).bmp,Foreign Matter,L24,train
dc6140b3477d7852aa161e65dc8bd996,/data/FMD_Data_26082026/fmd_temp_images/Updated ICube Objects 20260915/Foreign Matter/20241111_090728_L24_PalletGHK1111140655_Cavity8_B0178JQ_Fail4_Score(0.9381652)_0.9999_0.9950.bmp,Foreign Matter,L24,train
dda99cc2f33fa7759444f4c30111c975,/data/FMD_Data_26082026/fmd_temp_images/Updated ICube Objects 20260915/Foreign Matter/20260825_221447_L24_PalletGHB0826023133_Cavity7_B01BKK8_Fail7_Score(0.9873959).bmp,Foreign Matter,L24,train
e0b001d048588d3a031a0e6f7c43ac2f,/data/FMD_Data_26082026/fmd_temp_images/Updated ICube Objects 20260915/Foreign Matter/20260806_163146_L24_PalletGHI0806204741_Cavity8_D009GDD_Pass1_Score(0.4731213).bmp,Foreign Matter,L24,train
e12d4237fad44e74769e0d9e648a302e,/data/FMD_Data_26082026/fmd_temp_images/Updated ICube Objects 20260915/Foreign Matter/20260829_012841_L24_PalletGHM0829054545_Cavity14_B01BLK6_Fail5_Score(0.9563602).bmp,Foreign Matter,L24,train
e4e8a363c45974c285208518e43a9c6e,/data/FMD_Data_26082026/fmd_temp_images/Updated ICube Objects 20260915/Foreign Matter/20241106_194048_L24_PalletGHC1107003951_Cavity6_B0178HW_Fail7_Score(0.9992056)_0.9996_0.9582.bmp,Foreign Matter,L24,train
e54f8aff99ba601e9722e3273b8b8a4f,/data/FMD_Data_26082026/fmd_temp_images/Updated ICube Objects 20260915/Foreign Matter/20241102_223933_L24_PalletGHM1103023816_Cavity15_B01778T_Fail7_Score(0.9867722)_0.9979_0.9914.bmp,Foreign Matter,L24,train
e682704b88bfefa2d8cd61f5579612ad,/data/FMD_Data_26082026/fmd_temp_images/Updated ICube Objects 20260915/Foreign Matter/20260820_135120_L24_PalletGHP0820180735_Cavity8_B01BHWR_Fail7_Score(0.9972762).bmp,Foreign Matter,L24,train
e729ed4c2920f59c93cda5fe6ad9cfb0,/data/FMD_Data_26082026/fmd_temp_images/ICube Defects Library/Foreign Matter/20260810_202438_L24_PalletGHQ0811004050_Cavity12_B01BF2L_Fail7_Score(0.9987215).bmp,Foreign Matter,L24,train
e7c457b7c6a3b18c962e8a26f134b5b8,/data/FMD_Data_26082026/fmd_temp_images/Updated ICube Objects 20260915/Foreign Matter/20241103_013016_L24_PalletGHL1103062901_Cavity14_B01778T_Fail4_Score(0.943894)_0.9999_0.9849.bmp,Foreign Matter,L24,train
e806f3db9407f769ac791c9c9063c159,/data/FMD_Data_26082026/fmd_temp_images/Updated ICube Objects 20260915/Foreign Matter/20241110_090953_L24_PalletGHN1110140914_Cavity2_B0178JK_Fail7_Score(0.994545)_0.9856_0.9731.bmp,Foreign Matter,L24,train
e9c6cb84e9064f72d966f9b5097d7028,/data/FMD_Data_26082026/fmd_temp_images/Updated ICube Objects 20260915/Foreign Matter/20241102_163431_L24_C14_9914_0.9999.bmp,Foreign Matter,L24,train
ea848b110119a79993df11350d07bd76,/data/FMD_Data_26082026/fmd_temp_images/Updated ICube Objects 20260915/Foreign Matter/20260808_223412_L24_PalletGHD0809025024_Cavity15_D009GJ9_Fail2_Score(0.9011358).bmp,Foreign Matter,L24,train
eaeab4b10a45b78d5146bbd58430beb0,/data/FMD_Data_26082026/fmd_temp_images/Updated ICube Objects 20260915/Foreign Matter/20260803_135045_L24_PalletGHG0803180621_Cavity11_D009G6P_Pass1_Score(0.1411088).bmp,Foreign Matter,L24,train
ec27ee25bd643ef91d8a56e264768481,/data/FMD_Data_26082026/fmd_temp_images/Updated ICube Objects 20260915/Foreign Matter/20241109_040534_L24_C3_9264_0.9999_0.9010.bmp,Foreign Matter,L24,train
ed29de18ab949f9febcb66f9642ca8d2,/data/FMD_Data_26082026/fmd_temp_images/Updated ICube Objects 20260915/Foreign Matter/20241110_083208_L24_PalletGHS1110133130_Cavity7_B0178JK_Fail5_Score(0.9629858)_0.9970_0.9767.bmp,Foreign Matter,L24,train
edea0a97e1da5fa023fdc4a66a25ca72,/data/FMD_Data_26082026/fmd_temp_images/Updated ICube Objects 20260915/Foreign Matter/20241109_224247_L24_PalletGHR1110034213_Cavity7_B0178JG_Fail6_Score(0.9804116)_1.0000_0.9665.bmp,Foreign Matter,L24,train
ee368b3d8e4c6ea5554518c4cbd64ca7,/data/FMD_Data_26082026/fmd_temp_images/Updated ICube Objects 20260915/Foreign Matter/20241102_181201_L24_PalletGHJ1102221045_Cavity7_B01778S_Fail3_Score(0.932084)_0.9991_0.9914.bmp,Foreign Matter,L24,train
ee81144b8f6fedac7186d6c7abaa404d,/data/FMD_Data_26082026/fmd_temp_images/Updated ICube Objects 20260915/Foreign Matter/20260815_050531_L24_PalletGHJ0815092218_Cavity13_B01BFRS_Fail7_Score(0.9983006).bmp,Foreign Matter,L24,train
f14510b4a1fa1c403d84793b3b7fba5f,/data/FMD_Data_26082026/fmd_temp_images/Updated ICube Objects 20260915/Foreign Matter/20241103_151253_L24_PalletGHJ1103201141_Cavity14_B01778W_Fail4_Score(0.9443211)_0.9984_0.9774.bmp,Foreign Matter,L24,train
f1c294c5f3759b6e80c76c0fe38d9506,/data/FMD_Data_26082026/fmd_temp_images/Updated ICube Objects 20260915/Foreign Matter/20260830_175817_L24_PalletGHP0830221525_Cavity15_B01BLKN_Fail7_Score(0.995065).bmp,Foreign Matter,L24,train
f1ce7ab1bf67ae117d19a143a13a84d0,/data/FMD_Data_26082026/fmd_temp_images/Updated ICube Objects 20260915/Foreign Matter/20260828_193526_L24_PalletGHD0828235229_Cavity13_B01BLK4_Fail4_Score(0.9376718).bmp,Foreign Matter,L24,train
f25892abf590ab96ff0ee88c791958c6,/data/FMD_Data_26082026/fmd_temp_images/Updated ICube Objects 20260915/Foreign Matter/20260826_002915_L24_PalletGHO0826044601_Cavity2_B01BKK9_Fail7_Score(0.9957788).bmp,Foreign Matter,L24,train
f3016859d6e228204f859fcb910d2ba8,/data/FMD_Data_26082026/fmd_temp_images/Updated ICube Objects 20260915/Foreign Matter/20260817_173127_L24_PalletGHA0817214721_Cavity10_B01BHW5_Fail7_Score(0.9991452).bmp,Foreign Matter,L24,train
f59f1f0a59d761582f3db68ba6cc84fc,/data/FMD_Data_26082026/fmd_temp_images/Updated ICube Objects 20260915/Foreign Matter/20241105_041941_L24_PalletGHL1105091832_Cavity14_B0178HX_Fail7_Score(0.9844898)_0.9999_0.9980.bmp,Foreign Matter,L24,train
f6549160ee77d7fcad8f4ee502d08c88,/data/FMD_Data_26082026/fmd_temp_images/Updated ICube Objects 20260915/Foreign Matter/20260804_162748_L24_PalletGHE0804204334_Cavity14_D009G8X_Pass1_Score(0.4578501).bmp,Foreign Matter,L24,train
fa75fcaabed0ea9a06ff20da171a3c56,/data/FMD_Data_26082026/fmd_temp_images/Updated ICube Objects 20260915/Foreign Matter/20241114_152348_L24_PalletGHA1114202338_Cavity2_B01795H_Fail2_Score(0.9073713)_1.0000_0.9983.bmp,Foreign Matter,L24,train
faa98f86c6be7ab09561104b12c41ad0,/data/FMD_Data_26082026/fmd_temp_images/Updated ICube Objects 20260915/Foreign Matter/20260803_124115_L24_PalletGHL0803165658_Cavity9_D009G6L_Pass1_Score(0.03863817).bmp,Foreign Matter,L24,train
fe7ad7617e704082d0498767db87670a,/data/FMD_Data_26082026/fmd_temp_images/Updated ICube Objects 20260915/Foreign Matter/20241109_084324_L24_C5_9898_0.9834_0.6612.bmp,Foreign Matter,L24,train
ffbed60cf0276ec806aa79b11129330e,/data/FMD_Data_26082026/fmd_temp_images/Updated ICube Objects 20260915/Foreign Matter/20260814_200134_L24_PalletGHR0815001819_Cavity12_B01BFRV_Fail5_Score(0.9595437).bmp,Foreign Matter,L24,train
ffcbaf1bbc568356e3d4f95db6216c89,/data/FMD_Data_26082026/fmd_temp_images/Updated ICube Objects 20260915/Foreign Matter/20241107_114842_L24_PalletGHK1107164752_Cavity15_B0178J8_Fail2_Score(0.9037165)_1.0000_0.9976.bmp,Foreign Matter,L24,train
90f815e79cb55c39b4099461cf2ee255,/data/FMD_Data_26082026/fmd_temp_images/ICube Defects Library/HEMA Fragment/20241108_105117_L24_C2_9484.bmp,HEMA Fragment,L24,test
9ab24e1d25096a2689cccc28786600aa,/data/FMD_Data_26082026/fmd_temp_images/ICube Defects Library/HEMA Fragment/20241104_060534_L24_C4_9340.bmp,HEMA Fragment,L24,test
1a6874adec1aeca1e768b5f079f2e9ed,/data/FMD_Data_26082026/fmd_temp_images/ICube Defects Library/HEMA Fragment/20241102_092656_L24_C15_9980.bmp,HEMA Fragment,L24,train
61cb7f4397cd6510c920cbb8c99e879b,/data/FMD_Data_26082026/fmd_temp_images/ICube Defects Library/HEMA Fragment/20241111_141940_L24_C9_9999.bmp,HEMA Fragment,L24,train
df502275ababe1e5d82a3d009f1ae98f,/data/FMD_Data_26082026/fmd_temp_images/ICube Defects Library/HEMA Fragment/20241105_135748_L24_C6_9593.bmp,HEMA Fragment,L24,train
01c80b92f422cd4af436d1fbb431a595,/data/FMD_Data_26082026/fmd_temp_images/ICube Defects Library/HEMA Obstruction/20241105_023332_L24_C1_9968.bmp,HEMA Obstruction,L24,test
0351e22e6b57f50dcc0972393e725b99,/data/FMD_Data_26082026/fmd_temp_images/ICube Defects Library/HEMA Obstruction/20241104_042609_L24_C11_9968.bmp,HEMA Obstruction,L24,test
04e8b007ccf1020454c57b4bc05cb0f4,/data/FMD_Data_26082026/fmd_temp_images/ICube Defects Library/HEMA Obstruction/20241108_014958_L24_C2_9999.bmp,HEMA Obstruction,L24,test
082889c4ad6ac1494314c81ffecc9e9c,/data/FMD_Data_26082026/fmd_temp_images/ICube Defects Library/HEMA Obstruction/20241107_235731_L24_C2_9829.bmp,HEMA Obstruction,L24,test
1628e8a5970bd465bc618688b8539891,/data/FMD_Data_26082026/fmd_temp_images/Updated ICube Categorical Classes 20260915/HEMA Obstruction/20241114_135701_L24_C14_9995_0.9991.bmp,HEMA Obstruction,L24,test
1637643db15d3ed66b9dfee863f1f547,/data/FMD_Data_26082026/fmd_temp_images/ICube Defects Library/HEMA Obstruction/20241109_004021_L24_C13_9744.bmp,HEMA Obstruction,L24,test
2442f839c8f4a459ebfda06dc22844cd,/data/FMD_Data_26082026/fmd_temp_images/ICube Defects Library/HEMA Obstruction/20241103_145455_L24_C7_9999.bmp,HEMA Obstruction,L24,test
2ee522116d35d064a0343e817beb08cd,/data/FMD_Data_26082026/fmd_temp_images/ICube Defects Library/HEMA Obstruction/20241104_140418_L24_C5_9520.bmp,HEMA Obstruction,L24,test
34a4332d5f4724835ee6bda6f2aabac7,/data/FMD_Data_26082026/fmd_temp_images/ICube Defects Library/HEMA Obstruction/20241111_140608_L24_C9_9999.bmp,HEMA Obstruction,L24,test
35b84c6bf29fd90667d58c4697fe2fcb,/data/FMD_Data_26082026/fmd_temp_images/ICube Defects Library/HEMA Obstruction/20241101_213922_L24_C6_9999.bmp,HEMA Obstruction,L24,test
37222101cad2ca5dca7df258dee0b7a6,/data/FMD_Data_26082026/fmd_temp_images/ICube Defects Library/HEMA Obstruction/20241102_201209_L24_C3_9995.bmp,HEMA Obstruction,L24,test
47f035464727ff85c8ba20eca21f212a,/data/FMD_Data_26082026/fmd_temp_images/ICube Defects Library/HEMA Obstruction/20241102_140001_L24_C10_9906.bmp,HEMA Obstruction,L24,test
4d33adcd5ecbcb4ffb3b52a3a4ededa2,/data/FMD_Data_26082026/fmd_temp_images/ICube Defects Library/HEMA Obstruction/20241108_222221_L24_C14_9778.bmp,HEMA Obstruction,L24,test
4fe0fa5b536f348bec5ba9f73d5a4127,/data/FMD_Data_26082026/fmd_temp_images/Updated ICube Categorical Classes 20260915/HEMA Obstruction/20241118_201208_L24_C13_9990_0.9990.bmp,HEMA Obstruction,L24,test
609a8c1deabf4fa5f03469127ad55bfb,/data/FMD_Data_26082026/fmd_temp_images/ICube Defects Library/HEMA Obstruction/20241104_095424_L24_C9_9989.bmp,HEMA Obstruction,L24,test
664f4b2399399be81eb85657aa648535,/data/FMD_Data_26082026/fmd_temp_images/Updated ICube Categorical Classes 20260915/HEMA Obstruction/20241117_150520_L24_C5_9938_0.9998.bmp,HEMA Obstruction,L24,test
71c58ee8e896cc41dc4fdc2b94c909ea,/data/FMD_Data_26082026/fmd_temp_images/Updated ICube Categorical Classes 20260915/HEMA Obstruction/20260822_091840_L24_PalletGHA0822133506_Cavity14_B01BKJM_Fail7_Score(0.9992151).bmp,HEMA Obstruction,L24,test
7ad1f8cc175d08c7df6546221c83b767,/data/FMD_Data_26082026/fmd_temp_images/ICube Defects Library/HEMA Obstruction/20241102_004906_L24_C5_9471.bmp,HEMA Obstruction,L24,test
806ab211f2050e2061c53228d04f3410,/data/FMD_Data_26082026/fmd_temp_images/Updated ICube Categorical Classes 20260915/HEMA Obstruction/20241114_160724_L24_C11_9598_0.9983.bmp,HEMA Obstruction,L24,test
8e1840b50906b8ce9c016c1a43b63a62,/data/FMD_Data_26082026/fmd_temp_images/ICube Defects Library/HEMA Obstruction/20241104_060534_L24_C5_9999.bmp,HEMA Obstruction,L24,test
987ec4fce819ba26bc20e2fc7d51db45,/data/FMD_Data_26082026/fmd_temp_images/Updated ICube Categorical Classes 20260915/HEMA Obstruction/20241207_143936_L24_C11_9999_0.9991.bmp,HEMA Obstruction,L24,test
b17e555318a88bbc0bd6768687e98429,/data/FMD_Data_26082026/fmd_temp_images/Updated ICube Categorical Classes 20260915/HEMA Obstruction/20241120_084354_L24_C12_9998_0.9992.bmp,HEMA Obstruction,L24,test
b45a75617e09666f32b96be44de94faa,/data/FMD_Data_26082026/fmd_temp_images/ICube Defects Library/HEMA Obstruction/20260806_173348_L24_PalletGHK0806214948_Cavity10_D009GDH_Fail7_Score(0.9991007).bmp,HEMA Obstruction,L24,test
b60d547005818dae9e07517e3145bd09,/data/FMD_Data_26082026/fmd_temp_images/Updated ICube Categorical Classes 20260915/HEMA Obstruction/20241207_004138_L24_C15_9782_0.9996.bmp,HEMA Obstruction,L24,test
bb0531151b7a419bb4c55e0dd2e91131,/data/FMD_Data_26082026/fmd_temp_images/Updated ICube Categorical Classes 20260915/HEMA Obstruction/20241114_224842_L24_C9_9988_0.8836.bmp,HEMA Obstruction,L24,test
bb75ab3554abcbdb6794ea9a6793374c,/data/FMD_Data_26082026/fmd_temp_images/Updated ICube Categorical Classes 20260915/HEMA Obstruction/20260908_132007_L24_PalletGHE0908173705_Cavity5_B01BN06_Fail7_Score(0.9993138).bmp,HEMA Obstruction,L24,test
c043f89eb3158662047033b6a8621425,/data/FMD_Data_26082026/fmd_temp_images/ICube Defects Library/HEMA Obstruction/20241102_074642_L24_C3_9126.bmp,HEMA Obstruction,L24,test
c5b2906f4fda662c21eb983ff10ead50,/data/FMD_Data_26082026/fmd_temp_images/Updated ICube Categorical Classes 20260915/HEMA Obstruction/20260827_080145_L24_PalletGHJ0827121835_Cavity4_B01BKKN_Fail7_Score(0.9990479).bmp,HEMA Obstruction,L24,test
cbdebec8a096939bbb4f69ea477da865,/data/FMD_Data_26082026/fmd_temp_images/Updated ICube Categorical Classes 20260915/HEMA Obstruction/20241207_151316_L24_C1_9988_0.9989.bmp,HEMA Obstruction,L24,test
cf753e0ae3c3762d00a7dfc739160fc7,/data/FMD_Data_26082026/fmd_temp_images/ICube Defects Library/HEMA Obstruction/20241106_132025_L24_C10_9999.bmp,HEMA Obstruction,L24,test
d3e8a748b30a8085132d70de0fcd78b8,/data/FMD_Data_26082026/fmd_temp_images/ICube Defects Library/HEMA Obstruction/20241103_091516_L24_C8_9982.bmp,HEMA Obstruction,L24,test
d5ed86929cfc64edae0658117a4f93fe,/data/FMD_Data_26082026/fmd_temp_images/ICube Defects Library/HEMA Obstruction/20241104_182258_L24_C3_9284.bmp,HEMA Obstruction,L24,test
d6738be1c696620088be62d1fa29ddf2,/data/FMD_Data_26082026/fmd_temp_images/ICube Defects Library/HEMA Obstruction/20241103_002339_L24_C8_9881.bmp,HEMA Obstruction,L24,test
d955ef9a86c6e5c93160012e2ee7bcbf,/data/FMD_Data_26082026/fmd_temp_images/ICube Defects Library/HEMA Obstruction/20241102_062824_L24_C3_9937.bmp,HEMA Obstruction,L24,test
db8432dbf36e288090e4e68f65c009e9,/data/FMD_Data_26082026/fmd_temp_images/Updated ICube Categorical Classes 20260915/HEMA Obstruction/20241207_063043_L24_C6_9550_0.9984.bmp,HEMA Obstruction,L24,test
e071c6cc9677f03ff8508a72134cdbb9,/data/FMD_Data_26082026/fmd_temp_images/Updated ICube Categorical Classes 20260915/HEMA Obstruction/20241207_003535_L24_C10_9999_0.9991.bmp,HEMA Obstruction,L24,test
e315138c5259b8fefa9efaa5ab6e8291,/data/FMD_Data_26082026/fmd_temp_images/ICube Defects Library/HEMA Obstruction/20241106_132841_L24_C13_9999.bmp,HEMA Obstruction,L24,test
ec9ecf6bf9d30f9b36482a47c62a8513,/data/FMD_Data_26082026/fmd_temp_images/Updated ICube Categorical Classes 20260915/HEMA Obstruction/20260821_181727_L24_PalletGHR0821223346_Cavity3_B01BHX0_Fail4_Score(0.9358898).bmp,HEMA Obstruction,L24,test
eda89acd08b85c06b19abc8a014221c3,/data/FMD_Data_26082026/fmd_temp_images/Updated ICube Categorical Classes 20260915/HEMA Obstruction/20241209_160220_L24_C4_9997_0.9908.bmp,HEMA Obstruction,L24,test
f01cbc36e12f42d5c3d0bb6d56ae0070,/data/FMD_Data_26082026/fmd_temp_images/ICube Defects Library/HEMA Obstruction/20241106_103647_L24_C12_9999.bmp,HEMA Obstruction,L24,test
f6d04771502db74cc9ff3db3747d7ea3,/data/FMD_Data_26082026/fmd_temp_images/Updated ICube Categorical Classes 20260915/HEMA Obstruction/20241208_201627_L24_C4_9937_0.9829.bmp,HEMA Obstruction,L24,test
f94accf9002ca25d68f20b0b1b8ff657,/data/FMD_Data_26082026/fmd_temp_images/Updated ICube Categorical Classes 20260915/HEMA Obstruction/20241215_145337_L24_C10_9676_0.9966.bmp,HEMA Obstruction,L24,test
faadbb4b39ad28d4c011ec13321681f8,/data/FMD_Data_26082026/fmd_temp_images/ICube Defects Library/HEMA Obstruction/20241102_132055_L24_C9_9991.bmp,HEMA Obstruction,L24,test
ff63a8da368aaad6a68edf083a5c9dd1,/data/FMD_Data_26082026/fmd_temp_images/ICube Defects Library/HEMA Obstruction/20241102_235212_L24_C6_9998.bmp,HEMA Obstruction,L24,test
ffe1826750d3a8a50a61223767647163,/data/FMD_Data_26082026/fmd_temp_images/Updated ICube Categorical Classes 20260915/HEMA Obstruction/20260815_111827_L24_PalletGHF0815153515_Cavity4_B01BFRX_Fail7_Score(0.9995502).bmp,HEMA Obstruction,L24,test
003d44ef30f39aff25422cfa6e63e1e7,/data/FMD_Data_26082026/fmd_temp_images/ICube Defects Library/HEMA Obstruction/20241103_052812_L24_C4_9987.bmp,HEMA Obstruction,L24,train
019f0778a2210a619eb8d7410750d89c,/data/FMD_Data_26082026/fmd_temp_images/Updated ICube Categorical Classes 20260915/HEMA Obstruction/20260817_052853_L24_PalletGHC0817094527_Cavity8_B01BHW1_Fail7_Score(0.9836511).bmp,HEMA Obstruction,L24,train
02a9d67cc6e81b6dbef1a99868cceadc,/data/FMD_Data_26082026/fmd_temp_images/ICube Defects Library/HEMA Obstruction/20241104_113148_L24_C13_9296.bmp,HEMA Obstruction,L24,train
03467e01f2b3f349e5a89c437170fdae,/data/FMD_Data_26082026/fmd_temp_images/ICube Defects Library/HEMA Obstruction/20241106_003903_L24_C5_9829.bmp,HEMA Obstruction,L24,train
07cf7b627fcaa00917d7f351a56deb37,/data/FMD_Data_26082026/fmd_temp_images/ICube Defects Library/HEMA Obstruction/20241104_041045_L24_C2_9971.bmp,HEMA Obstruction,L24,train
0abb0024227720632d3c420d550556a1,/data/FMD_Data_26082026/fmd_temp_images/ICube Defects Library/HEMA Obstruction/20241108_201910_L24_C15_9865.bmp,HEMA Obstruction,L24,train
162986e95c445290a33242abebabffc4,/data/FMD_Data_26082026/fmd_temp_images/ICube Defects Library/HEMA Obstruction/20241107_040308_L24_C2_9403.bmp,HEMA Obstruction,L24,train
1a1f629d1edaf1c5acffa411314f01ae,/data/FMD_Data_26082026/fmd_temp_images/ICube Defects Library/HEMA Obstruction/20241107_121541_L24_C8_9949.bmp,HEMA Obstruction,L24,train
1b11c770d92f6e4f9961cdcdecac2e6f,/data/FMD_Data_26082026/fmd_temp_images/ICube Defects Library/HEMA Obstruction/20241106_181033_L24_C8_9984.bmp,HEMA Obstruction,L24,train
1ede8a6f692a8691c3f7737c6dfaaa4f,/data/FMD_Data_26082026/fmd_temp_images/ICube Defects Library/HEMA Obstruction/20241110_200430_L24_C15_9999.bmp,HEMA Obstruction,L24,train
1f85d29a7bb26ca2858595cc64fb91f2,/data/FMD_Data_26082026/fmd_temp_images/Updated ICube Categorical Classes 20260915/HEMA Obstruction/20241208_200124_L24_C6_9488_0.9987.bmp,HEMA Obstruction,L24,train
1fbf3132b11c594b912e9537d7f608bc,/data/FMD_Data_26082026/fmd_temp_images/ICube Defects Library/HEMA Obstruction/20241102_071028_L24_C12_9993.bmp,HEMA Obstruction,L24,train
1feea6288cb8cedbfd33dc93b487c8bb,/data/FMD_Data_26082026/fmd_temp_images/ICube Defects Library/HEMA Obstruction/20241106_103724_L24_C9_9978.bmp,HEMA Obstruction,L24,train
20ace9b7cff4e9022d8a5be18c1a1ac9,/data/FMD_Data_26082026/fmd_temp_images/ICube Defects Library/HEMA Obstruction/20241107_113349_L24_C6_9964.bmp,HEMA Obstruction,L24,train
235323b888a21fe4d3622f4bd71067da,/data/FMD_Data_26082026/fmd_temp_images/Updated ICube Categorical Classes 20260915/HEMA Obstruction/20260817_084546_L24_PalletGHL0817130238_Cavity5_B01BHW2_Fail7_Score(0.9993209).bmp,HEMA Obstruction,L24,train
24a45308baf23ac824321b4c3612718a,/data/FMD_Data_26082026/fmd_temp_images/ICube Defects Library/HEMA Obstruction/20241103_222534_L24_C4_9908.bmp,HEMA Obstruction,L24,train
26a7c93d19b3a6e0da5a5332c0ef263c,/data/FMD_Data_26082026/fmd_temp_images/ICube Defects Library/HEMA Obstruction/20241107_063250_L24_C4_9755.bmp,HEMA Obstruction,L24,train
28c01809db371dedb00d07ed769592a6,/data/FMD_Data_26082026/fmd_temp_images/ICube Defects Library/HEMA Obstruction/20241105_073205_L24_C3_9986.bmp,HEMA Obstruction,L24,train
2babace9d1ec6b707579c3794079c159,/data/FMD_Data_26082026/fmd_temp_images/Updated ICube Categorical Classes 20260915/HEMA Obstruction/20241117_184438_L24_C3_9942_0.7876.bmp,HEMA Obstruction,L24,train
2cca2da95f119d87c0e750088054dc42,/data/FMD_Data_26082026/fmd_temp_images/Updated ICube Categorical Classes 20260915/HEMA Obstruction/20241208_214117_L24_C4_9463_0.9706.bmp,HEMA Obstruction,L24,train
2cee789d00c7eff22120b7514bda1e32,/data/FMD_Data_26082026/fmd_temp_images/Updated ICube Categorical Classes 20260915/HEMA Obstruction/20241121_180336_L24_C3_9999_0.9968.bmp,HEMA Obstruction,L24,train
2f344304bd463dc072de4c02f938e409,/data/FMD_Data_26082026/fmd_temp_images/ICube Defects Library/HEMA Obstruction/20241106_214548_L24_C10_9905.bmp,HEMA Obstruction,L24,train
30d0674ab9ea33c1783bd1cb69c4a3ba,/data/FMD_Data_26082026/fmd_temp_images/Updated ICube Categorical Classes 20260915/HEMA Obstruction/20241207_110313_L24_C7_9759_0.9995.bmp,HEMA Obstruction,L24,train
313001abea0f06f4df79fa009fd17f28,/data/FMD_Data_26082026/fmd_temp_images/Updated ICube Categorical Classes 20260915/HEMA Obstruction/20241209_074402_L24_C11_9776_0.9853.bmp,HEMA Obstruction,L24,train
356049068bfd6ba28a1e8493df76d582,/data/FMD_Data_26082026/fmd_temp_images/ICube Defects Library/HEMA Obstruction/20241105_203100_L24_C2_9804.bmp,HEMA Obstruction,L24,train
38335285b4169abd541cdd6234bf4370,/data/FMD_Data_26082026/fmd_temp_images/Updated ICube Categorical Classes 20260915/HEMA Obstruction/20241213_151022_L24_C8_9999_0.9309.bmp,HEMA Obstruction,L24,train
3ac2703d8a5058d294e3dc7090183247,/data/FMD_Data_26082026/fmd_temp_images/ICube Defects Library/HEMA Obstruction/20241107_004212_L24_C1_9988.bmp,HEMA Obstruction,L24,train
3bdffc3961dbc09f97bb6f28df11b60c,/data/FMD_Data_26082026/fmd_temp_images/ICube Defects Library/HEMA Obstruction/20241103_230130_L24_C14_9996.bmp,HEMA Obstruction,L24,train
3cf64841e82bfafa24af88bebad08329,/data/FMD_Data_26082026/fmd_temp_images/ICube Defects Library/HEMA Obstruction/20241107_153003_L24_C3_9970.bmp,HEMA Obstruction,L24,train
3d2423516df03b368af1a0bd617c05c1,/data/FMD_Data_26082026/fmd_temp_images/Updated ICube Categorical Classes 20260915/HEMA Obstruction/20260830_103452_L24_PalletGHT0830145204_Cavity6_B01BLKP_Fail7_Score(0.9866351).bmp,HEMA Obstruction,L24,train
3ded9a338c2d09d394ca8fdb035b941a,/data/FMD_Data_26082026/fmd_temp_images/ICube Defects Library/HEMA Obstruction/20241108_190359_L24_C5_9984.bmp,HEMA Obstruction,L24,train
4bb3211ccdbcd9df7d0a5182b12a49ee,/data/FMD_Data_26082026/fmd_temp_images/ICube Defects Library/HEMA Obstruction/20241105_194952_L24_C6_9881.bmp,HEMA Obstruction,L24,train
4de2a7b86efcb21396e8068702f5f59e,/data/FMD_Data_26082026/fmd_temp_images/ICube Defects Library/HEMA Obstruction/20241109_150122_L24_C5_9988.bmp,HEMA Obstruction,L24,train
5090dd625418a3b59a452216cd9a5aa1,/data/FMD_Data_26082026/fmd_temp_images/ICube Defects Library/HEMA Obstruction/20241105_045001_L24_C4_9437.bmp,HEMA Obstruction,L24,train
50aeeb6a45410b92a5eded2ead87316b,/data/FMD_Data_26082026/fmd_temp_images/ICube Defects Library/HEMA Obstruction/20241104_003143_L24_C2_9944.bmp,HEMA Obstruction,L24,train
514223fdc6d58fbce7362588a2ee7fbf,/data/FMD_Data_26082026/fmd_temp_images/Updated ICube Categorical Classes 20260915/HEMA Obstruction/20241207_132644_L24_C7_9973_0.9992.bmp,HEMA Obstruction,L24,train
5b9ca6b527b9a4d9ab2224c0708fe99d,/data/FMD_Data_26082026/fmd_temp_images/Updated ICube Categorical Classes 20260915/HEMA Obstruction/20241114_082417_L24_C5_9868_0.9993.bmp,HEMA Obstruction,L24,train
5c3e4c3e51f3c2ed3ffcfbe34bbc47bc,/data/FMD_Data_26082026/fmd_temp_images/ICube Defects Library/HEMA Obstruction/20241104_205050_L24_C3_9426.bmp,HEMA Obstruction,L24,train
5f18b1ddcb84d52ca2ff1fe43ef07a0b,/data/FMD_Data_26082026/fmd_temp_images/ICube Defects Library/HEMA Obstruction/20241104_010614_L24_C7_9784.bmp,HEMA Obstruction,L24,train
6c26855b570496bba9f3ec6ed214d177,/data/FMD_Data_26082026/fmd_temp_images/Updated ICube Categorical Classes 20260915/HEMA Obstruction/20241112_144047_L24_C12_9999_0.9994.bmp,HEMA Obstruction,L24,train
6d486f89bd73a8951ddf361bc27c7588,/data/FMD_Data_26082026/fmd_temp_images/Updated ICube Categorical Classes 20260915/HEMA Obstruction/20241119_064101_L24_C11_9997_0.9999.bmp,HEMA Obstruction,L24,train
6e431ca1c71206f8d1170847f27cd3af,/data/FMD_Data_26082026/fmd_temp_images/ICube Defects Library/HEMA Obstruction/20241103_003114_L24_C15_9998.bmp,HEMA Obstruction,L24,train
702d118f9ff8310cc2809852917edb82,/data/FMD_Data_26082026/fmd_temp_images/ICube Defects Library/HEMA Obstruction/20241103_025413_L24_C1_9999.bmp,HEMA Obstruction,L24,train
70c2ca20dccb39f27b71ab5329c9f9b3,/data/FMD_Data_26082026/fmd_temp_images/ICube Defects Library/HEMA Obstruction/20241109_174228_L24_C4_9649.bmp,HEMA Obstruction,L24,train
7484dbfeab5faceee8603d2b73917003,/data/FMD_Data_26082026/fmd_temp_images/ICube Defects Library/HEMA Obstruction/20241103_062656_L24_C11_9869.bmp,HEMA Obstruction,L24,train
74fd14fcfee77e54f61673a6d23c5161,/data/FMD_Data_26082026/fmd_temp_images/ICube Defects Library/HEMA Obstruction/20241108_025802_L24_C14_9340.bmp,HEMA Obstruction,L24,train
760277bff10644d628fbf35378c5dc24,/data/FMD_Data_26082026/fmd_temp_images/Updated ICube Categorical Classes 20260915/HEMA Obstruction/20241111_203015_L24_C11_9969_0.9966.bmp,HEMA Obstruction,L24,train
76144dd9e7580c63d2347c68d655b5e6,/data/FMD_Data_26082026/fmd_temp_images/ICube Defects Library/HEMA Obstruction/20241108_134502_L24_C11_9999.bmp,HEMA Obstruction,L24,train
792953d1c4c8ad7b4aa5ffe5874fc7af,/data/FMD_Data_26082026/fmd_temp_images/ICube Defects Library/HEMA Obstruction/20241105_175217_L24_C9_9936.bmp,HEMA Obstruction,L24,train
7b1a60141eaf636663265d5c6b4c8ffa,/data/FMD_Data_26082026/fmd_temp_images/Updated ICube Categorical Classes 20260915/HEMA Obstruction/20241207_082053_L24_C1_9984_0.9984.bmp,HEMA Obstruction,L24,train
8033f439ecc6ff49335257c58bb24c8e,/data/FMD_Data_26082026/fmd_temp_images/Updated ICube Categorical Classes 20260915/HEMA Obstruction/20260816_214920_L24_PalletGHC0817020554_Cavity10_B01BHVZ_Fail7_Score(0.9994628).bmp,HEMA Obstruction,L24,train
808dae6c1c789fd688d53ade385c0e63,/data/FMD_Data_26082026/fmd_temp_images/ICube Defects Library/HEMA Obstruction/20241109_044819_L24_C1_9265.bmp,HEMA Obstruction,L24,train
81d02c1bdb12f08783108d26ba1e7a74,/data/FMD_Data_26082026/fmd_temp_images/Updated ICube Categorical Classes 20260915/HEMA Obstruction/20260817_123635_L24_PalletGHK0817165224_Cavity10_B01BHW3_Fail7_Score(0.998796).bmp,HEMA Obstruction,L24,train
81edb6d02aa977d74fc124fad8003c01,/data/FMD_Data_26082026/fmd_temp_images/Updated ICube Categorical Classes 20260915/HEMA Obstruction/20260825_175227_L24_PalletGHB0825220856_Cavity7_B01BKK7_Fail7_Score(0.999992).bmp,HEMA Obstruction,L24,train
82054a680a42f919ad592a06b48a61c6,/data/FMD_Data_26082026/fmd_temp_images/ICube Defects Library/HEMA Obstruction/20241107_023803_L24_C12_9679.bmp,HEMA Obstruction,L24,train
825c2153913e271ed8a70cb6033ac8bd,/data/FMD_Data_26082026/fmd_temp_images/ICube Defects Library/HEMA Obstruction/20241106_003307_L24_C3_9989.bmp,HEMA Obstruction,L24,train
832e11ff41df7408c04247df1725998d,/data/FMD_Data_26082026/fmd_temp_images/ICube Defects Library/HEMA Obstruction/20241106_205637_L24_C10_9994.bmp,HEMA Obstruction,L24,train
846ad941668b7cacc2777f2ce6c03608,/data/FMD_Data_26082026/fmd_temp_images/Updated ICube Categorical Classes 20260915/HEMA Obstruction/20260817_124233_L24_PalletGHQ0817165828_Cavity2_B01BHW3_Fail7_Score(0.9999818).bmp,HEMA Obstruction,L24,train
87251c8bb9bff5f2334fa99cf3f78bfc,/data/FMD_Data_26082026/fmd_temp_images/ICube Defects Library/HEMA Obstruction/20241109_181251_L24_C12_9859.bmp,HEMA Obstruction,L24,train
881403098b3c11e609cee788dbd92ddf,/data/FMD_Data_26082026/fmd_temp_images/ICube Defects Library/HEMA Obstruction/20241105_172408_L24_C6_9999.bmp,HEMA Obstruction,L24,train
8a0232138aeaec6396eae8cac0309384,/data/FMD_Data_26082026/fmd_temp_images/Updated ICube Categorical Classes 20260915/HEMA Obstruction/20241118_203828_L24_C6_9970_0.9986.bmp,HEMA Obstruction,L24,train
8a11a953ac8aafe6e52155a1558227ef,/data/FMD_Data_26082026/fmd_temp_images/Updated ICube Categorical Classes 20260915/HEMA Obstruction/20241209_095150_L24_C12_9999_0.9998.bmp,HEMA Obstruction,L24,train
8b5d830bc516e73f0dfe600fc17e68fa,/data/FMD_Data_26082026/fmd_temp_images/ICube Defects Library/HEMA Obstruction/20241108_024417_L24_C5_9993.bmp,HEMA Obstruction,L24,train
8b9f2bdc86446cd59b627a78bc75dd3b,/data/FMD_Data_26082026/fmd_temp_images/Updated ICube Categorical Classes 20260915/HEMA Obstruction/20241209_234551_L24_C12_9980_0.9991.bmp,HEMA Obstruction,L24,train
905ded9968f84c35eaefa009d37fd820,/data/FMD_Data_26082026/fmd_temp_images/Updated ICube Categorical Classes 20260915/HEMA Obstruction/20241214_100810_L24_C4_9845_0.9993.bmp,HEMA Obstruction,L24,train
941aa8677f83c107990d89016381d7df,/data/FMD_Data_26082026/fmd_temp_images/ICube Defects Library/HEMA Obstruction/20241105_045208_L24_C8_9998.bmp,HEMA Obstruction,L24,train
992ce7a05801df8340034e75a246dc35,/data/FMD_Data_26082026/fmd_temp_images/ICube Defects Library/HEMA Obstruction/20241108_123335_L24_C11_9655.bmp,HEMA Obstruction,L24,train
9ba66a159a51b07649f9d5ea988e999f,/data/FMD_Data_26082026/fmd_temp_images/Updated ICube Categorical Classes 20260915/HEMA Obstruction/20241112_212926_L24_C11_9988_0.9998.bmp,HEMA Obstruction,L24,train
9becbc39d4c521efd7d110d993acad6f,/data/FMD_Data_26082026/fmd_temp_images/ICube Defects Library/HEMA Obstruction/20241105_034439_L24_C2_9999.bmp,HEMA Obstruction,L24,train
9ed688b9ea680704086a252188b1708a,/data/FMD_Data_26082026/fmd_temp_images/ICube Defects Library/HEMA Obstruction/20241107_050520_L24_C10_9999.bmp,HEMA Obstruction,L24,train
9fd0a2d0fd31ebf24ff6ab45d107c4b0,/data/FMD_Data_26082026/fmd_temp_images/ICube Defects Library/HEMA Obstruction/20241107_222021_L24_C6_9834.bmp,HEMA Obstruction,L24,train
aa99013cd03fa81a752a1eefb8e580e5,/data/FMD_Data_26082026/fmd_temp_images/ICube Defects Library/HEMA Obstruction/20241110_024940_L24_C13_9997.bmp,HEMA Obstruction,L24,train
ae8e24e3c698e54177e10b349ab3124a,/data/FMD_Data_26082026/fmd_temp_images/ICube Defects Library/HEMA Obstruction/20241102_063700_L24_C5_9999.bmp,HEMA Obstruction,L24,train
aecefe73ac19b935f553cfa8a9f06c3b,/data/FMD_Data_26082026/fmd_temp_images/ICube Defects Library/HEMA Obstruction/20241108_163003_L24_C6_9642.bmp,HEMA Obstruction,L24,train
b8115754d5c424649543249239bb63c2,/data/FMD_Data_26082026/fmd_temp_images/ICube Defects Library/HEMA Obstruction/20241108_002647_L24_C11_9677.bmp,HEMA Obstruction,L24,train
bd596f626f88b3a67903c6584f9b4f72,/data/FMD_Data_26082026/fmd_temp_images/Updated ICube Categorical Classes 20260915/HEMA Obstruction/20241114_041359_L24_C7_9965_0.9980.bmp,HEMA Obstruction,L24,train
bf7fdb654b07316c278a1dee533ebf24,/data/FMD_Data_26082026/fmd_temp_images/ICube Defects Library/HEMA Obstruction/20241105_223351_L24_C14_9889.bmp,HEMA Obstruction,L24,train
c097864b6bde24d4467dde6faa5e7401,/data/FMD_Data_26082026/fmd_temp_images/Updated ICube Categorical Classes 20260915/HEMA Obstruction/20260823_004300_L24_PalletGHS0823045925_Cavity12_B01BKJQ_Fail7_Score(0.9876639).bmp,HEMA Obstruction,L24,train
c4487aa21145f199b4d0ee9793547ea2,/data/FMD_Data_26082026/fmd_temp_images/Updated ICube Categorical Classes 20260915/HEMA Obstruction/20241207_145140_L24_C12_9827_0.9993.bmp,HEMA Obstruction,L24,train
c77d9b3e600a6260d40d9df13b94b8cd,/data/FMD_Data_26082026/fmd_temp_images/ICube Defects Library/HEMA Obstruction/20241106_170834_L24_C13_9988.bmp,HEMA Obstruction,L24,train
c9dd8f88835a52eeaf4d7ce4b0c59837,/data/FMD_Data_26082026/fmd_temp_images/ICube Defects Library/HEMA Obstruction/20241106_101604_L24_C5_9979.bmp,HEMA Obstruction,L24,train
cf417e0388646730d62f770cc2b5be49,/data/FMD_Data_26082026/fmd_temp_images/ICube Defects Library/HEMA Obstruction/20241105_175200_L24_C6_9960.bmp,HEMA Obstruction,L24,train
d0dbaa00e09c342449b23ec993c7fc34,/data/FMD_Data_26082026/fmd_temp_images/ICube Defects Library/HEMA Obstruction/20241106_074104_L24_C8_9998.bmp,HEMA Obstruction,L24,train
d272e371244cd1ab9506dac24d8ddfe6,/data/FMD_Data_26082026/fmd_temp_images/ICube Defects Library/HEMA Obstruction/20241104_083314_L24_C2_9991.bmp,HEMA Obstruction,L24,train
d2f2ab965a8d1def69d3ddfaa05ab8e4,/data/FMD_Data_26082026/fmd_temp_images/Updated ICube Categorical Classes 20260915/HEMA Obstruction/20241117_220551_L24_C9_9999_0.9995.bmp,HEMA Obstruction,L24,train
d37de63d6e63adf71a2b5d2c6009af0c,/data/FMD_Data_26082026/fmd_temp_images/ICube Defects Library/HEMA Obstruction/20241106_003342_L24_C11_9998.bmp,HEMA Obstruction,L24,train
d44e28e8bb8c7724298ea833aa74a5bc,/data/FMD_Data_26082026/fmd_temp_images/ICube Defects Library/HEMA Obstruction/20241105_040646_L24_C8_9604.bmp,HEMA Obstruction,L24,train
d7a5ee3ca2fa65709da00b5885129130,/data/FMD_Data_26082026/fmd_temp_images/Updated ICube Categorical Classes 20260915/HEMA Obstruction/20241114_160707_L24_C3_9991_0.9962.bmp,HEMA Obstruction,L24,train
d9f37e01f42d0a45f6740a999ba84094,/data/FMD_Data_26082026/fmd_temp_images/Updated ICube Categorical Classes 20260915/HEMA Obstruction/20260816_020512_L24_PalletGHC0816062203_Cavity7_B01BFRZ_Fail7_Score(0.9897994).bmp,HEMA Obstruction,L24,train
de754668702209dc84bf1ac2bca49ff6,/data/FMD_Data_26082026/fmd_temp_images/Updated ICube Categorical Classes 20260915/HEMA Obstruction/20260817_100344_L24_PalletGHU0817142036_Cavity9_B01BHW2_Fail7_Score(0.9994234).bmp,HEMA Obstruction,L24,train
e16d84819b45ed37a429670406ab5f43,/data/FMD_Data_26082026/fmd_temp_images/ICube Defects Library/HEMA Obstruction/20241109_094940_L24_C12_9999.bmp,HEMA Obstruction,L24,train
e1d0c51d140f76299c09721cd9402713,/data/FMD_Data_26082026/fmd_temp_images/Updated ICube Categorical Classes 20260915/HEMA Obstruction/20260828_034704_L24_PalletGHG0828080353_Cavity14_B01BLXH_Fail7_Score(0.9968749).bmp,HEMA Obstruction,L24,train
e2cf5bf3c75042b041345c5f0f7eebbd,/data/FMD_Data_26082026/fmd_temp_images/ICube Defects Library/HEMA Obstruction/20241104_222029_L24_C3_9210.bmp,HEMA Obstruction,L24,train
e37f804c790cfadc0ac7382652ac785b,/data/FMD_Data_26082026/fmd_temp_images/ICube Defects Library/HEMA Obstruction/20241103_080715_L24_C5_9995.bmp,HEMA Obstruction,L24,train
e90051b23f10b26492fb3eadf3827684,/data/FMD_Data_26082026/fmd_temp_images/ICube Defects Library/HEMA Obstruction/20241106_040558_L24_C8_9959.bmp,HEMA Obstruction,L24,train
ee2bb8005ecb6801a7cbf6baf14a0ff1,/data/FMD_Data_26082026/fmd_temp_images/ICube Defects Library/HEMA Obstruction/20241110_012631_L24_C3_9981.bmp,HEMA Obstruction,L24,train
ef01f27b00992bc9db761ffceafbabed,/data/FMD_Data_26082026/fmd_temp_images/ICube Defects Library/HEMA Obstruction/20241110_043606_L24_C15_9613.bmp,HEMA Obstruction,L24,train
f122936ebf55495cfb3268457dc3a781,/data/FMD_Data_26082026/fmd_temp_images/ICube Defects Library/HEMA Obstruction/20241105_161345_L24_C6_9991.bmp,HEMA Obstruction,L24,train
f256c836911b6bbee1fd0ad4a6c6f168,/data/FMD_Data_26082026/fmd_temp_images/Updated ICube Categorical Classes 20260915/HEMA Obstruction/20241209_063052_L24_C2_9997_0.9997.bmp,HEMA Obstruction,L24,train
f25da5155643cb5029254abfbf960f22,/data/FMD_Data_26082026/fmd_temp_images/ICube Defects Library/HEMA Obstruction/20241109_104644_L24_C9_9958.bmp,HEMA Obstruction,L24,train
f2a76d87f914ddff4997627b1b4cd03a,/data/FMD_Data_26082026/fmd_temp_images/ICube Defects Library/HEMA Obstruction/20241103_020221_L24_C11_9732.bmp,HEMA Obstruction,L24,train
f9216146865f0a2e8a2c50ac57d34b5f,/data/FMD_Data_26082026/fmd_temp_images/ICube Defects Library/HEMA Obstruction/20241109_195749_L24_C6_9980.bmp,HEMA Obstruction,L24,train
fa49db1e1140390a145edc68135c5b63,/data/FMD_Data_26082026/fmd_temp_images/ICube Defects Library/HEMA Obstruction/20241104_022359_L24_C13_9998.bmp,HEMA Obstruction,L24,train
fcd150153c68c8a885f1a4e2218d36a7,/data/FMD_Data_26082026/fmd_temp_images/Updated ICube Categorical Classes 20260915/HEMA Obstruction/20241114_000725_L24_C10_9485_0.9572.bmp,HEMA Obstruction,L24,train
fdb65dee7ade49eb3879a56b86e984f3,/data/FMD_Data_26082026/fmd_temp_images/ICube Defects Library/HEMA Obstruction/20241108_030927_L24_C11_9995.bmp,HEMA Obstruction,L24,train
ff47b03db1f4a23ec281cc2e049224c9,/data/FMD_Data_26082026/fmd_temp_images/ICube Defects Library/HEMA Obstruction/20241106_004304_L24_C5_9999.bmp,HEMA Obstruction,L24,train
03e09aba0c7f50c70bf3b13e657d8ba9,/data/FMD_Data_26082026/fmd_temp_images/Updated ICube Categorical Classes 20260915/Lens Off Center/20260730_141758_L24_PalletGHN0730183414_Cavity5_D009FZ8_Pass1_Score(0.0109601).bmp,Lens Off Center,L24,test
03f892a5faa88c49aba7183ded8050bd,/data/FMD_Data_26082026/fmd_temp_images/Updated ICube Categorical Classes 20260915/Lens Off Center/20260730_122758_L24_PalletGHC0730164333_Cavity8_D009FZ4_Pass1_Score(0.007711589).bmp,Lens Off Center,L24,test
13296370366420f0abe654bcc33ab3d1,/data/FMD_Data_26082026/fmd_temp_images/Updated ICube Categorical Classes 20260915/Lens Off Center/20260729_175932_L24_PalletGHK0729221548_Cavity2_D009FWS_Pass1_Score(0.01788253).bmp,Lens Off Center,L24,test
16c367d4bad7884a2628047478c62b09,/data/FMD_Data_26082026/fmd_temp_images/ICube Defects Library/Lens Off Center/20241108_164007_L24_C1_9792.bmp,Lens Off Center,L24,test
28921916af7edcb8caf22131da29f2af,/data/FMD_Data_26082026/fmd_temp_images/Updated ICube Categorical Classes 20260915/Lens Off Center/20260730_111659_L24_PalletGHD0730153308_Cavity13_D009FZ2_Pass1_Score(0.009486079).bmp,Lens Off Center,L24,test
2a083126370067b16f3ce3b0164ed975,/data/FMD_Data_26082026/fmd_temp_images/Updated ICube Categorical Classes 20260915/Lens Off Center/20260803_103034_L24_PalletGHM0803144615_Cavity11_D009G6D_Pass1_Score(0.01892126).bmp,Lens Off Center,L24,test
2e7aadf00b2ad01a5527dfe4f493dab7,/data/FMD_Data_26082026/fmd_temp_images/Updated ICube Categorical Classes 20260915/Lens Off Center/20260814_081743_L24_PalletGHQ0814123424_Cavity4_B01BFRL_Fail7_Score(0.990456)_0.7848.bmp,Lens Off Center,L24,test
2fb2e2a625c3d821eb7463fc5862387d,/data/FMD_Data_26082026/fmd_temp_images/Updated ICube Categorical Classes 20260915/Lens Off Center/20260730_182331_L24_PalletGHD0730223949_Cavity14_D009FZK_Pass1_Score(0.005893111).bmp,Lens Off Center,L24,test
3eeb10e10acaddf8293618081befd783,/data/FMD_Data_26082026/fmd_temp_images/Updated ICube Categorical Classes 20260915/Lens Off Center/20260730_184337_L24_PalletGHI0730225958_Cavity3_D009FZL_Pass1_Score(0.005792618).bmp,Lens Off Center,L24,test
41f405ccb0157bb2965fdb92ce2d2cb2,/data/FMD_Data_26082026/fmd_temp_images/Updated ICube Categorical Classes 20260915/Lens Off Center/20260805_091430_L24_PalletGHC0805133024_Cavity8_D009G9W_Pass1_Score(0.01518118).bmp,Lens Off Center,L24,test
4418d81738125c0d15f202f0f2d45eb2,/data/FMD_Data_26082026/fmd_temp_images/Updated ICube Categorical Classes 20260915/Lens Off Center/20260729_195927_L24_PalletGHJ0730001543_Cavity1_D009FWX_Pass1_Score(0.03319651).bmp,Lens Off Center,L24,test
4b8f7a00174e88aeebf37cec9694e32d,/data/FMD_Data_26082026/fmd_temp_images/ICube Defects Library/Lens Off Center/20241109_174136_L24_C2_9870.bmp,Lens Off Center,L24,test
4bec74ffb124181ae3d02650725d2e24,/data/FMD_Data_26082026/fmd_temp_images/Updated ICube Categorical Classes 20260915/Lens Off Center/20260804_133046_L24_PalletGHS0804174635_Cavity3_D009G8P_Pass1_Score(0.01212204).bmp,Lens Off Center,L24,test
4e336fc777a8f3e87e7aa0e768a7b7b9,/data/FMD_Data_26082026/fmd_temp_images/Updated ICube Categorical Classes 20260915/Lens Off Center/20260806_174348_L24_PalletGHH0806215943_Cavity10_D009GDH_Pass1_Score(0.003721178).bmp,Lens Off Center,L24,test
4f29d0a69d39e2c575e94935b6f715bf,/data/FMD_Data_26082026/fmd_temp_images/Updated ICube Categorical Classes 20260915/Lens Off Center/20260729_183234_L24_PalletGHS0729224847_Cavity14_D009FWT_Pass1_Score(0.02723777).bmp,Lens Off Center,L24,test
53bdc16bcaf037e6650c6176c75bba57,/data/FMD_Data_26082026/fmd_temp_images/Updated ICube Categorical Classes 20260915/Lens Off Center/20260806_181929_L24_PalletGHH0806223243_Cavity15_D009GDK_Pass1_Score(0.01315379).bmp,Lens Off Center,L24,test
56f1c7f4fd7d932c78c408fafec6a072,/data/FMD_Data_26082026/fmd_temp_images/Updated ICube Categorical Classes 20260915/Lens Off Center/20260807_121153_L24_PalletGHH0807162755_Cavity5_D009GFL_Pass1_Score(0.009866476).bmp,Lens Off Center,L24,test
5a43ec0c4450552191753e4614b3e065,/data/FMD_Data_26082026/fmd_temp_images/Updated ICube Categorical Classes 20260915/Lens Off Center/20260730_134117_L24_PalletGHS0730175736_Cavity2_D009FZ6_Pass1_Score(0.1683902).bmp,Lens Off Center,L24,test
5a8a54d6a73f01b1ea9048af74836783,/data/FMD_Data_26082026/fmd_temp_images/Updated ICube Categorical Classes 20260915/Lens Off Center/20260730_112307_L24_PalletGHG0730153537_Cavity2_D009FZ2_Pass1_Score(0.02370268).bmp,Lens Off Center,L24,test
5e6e1f720cd0134a27deaa604588df94,/data/FMD_Data_26082026/fmd_temp_images/Updated ICube Categorical Classes 20260915/Lens Off Center/20260803_103129_L24_PalletGHG0803144703_Cavity15_D009G6D_Pass1_Score(0.01081866).bmp,Lens Off Center,L24,test
6526723f18237fbf9ecc034114a372d4,/data/FMD_Data_26082026/fmd_temp_images/Updated ICube Categorical Classes 20260915/Lens Off Center/20260729_174355_L24_PalletGHO0729220007_Cavity7_D009FWR_Pass1_Score(0.01031446).bmp,Lens Off Center,L24,test
6622fe8c5a524666a694034a482aa7d6,/data/FMD_Data_26082026/fmd_temp_images/Updated ICube Categorical Classes 20260915/Lens Off Center/20260814_044210_L24_PalletGHI0814085847_Cavity7_B01BJPP_Fail3_Score(0.9272885).bmp,Lens Off Center,L24,test
679403da038ccaf8433e011e5b799122,/data/FMD_Data_26082026/fmd_temp_images/Updated ICube Categorical Classes 20260915/Lens Off Center/20260729_193929_L24_PalletGHA0729235542_Cavity9_D009FWW_Pass1_Score(0.02015752).bmp,Lens Off Center,L24,test
6998a1293c112b91ed1a85625f9dceeb,/data/FMD_Data_26082026/fmd_temp_images/Updated ICube Categorical Classes 20260915/Lens Off Center/20260730_130202_L24_PalletGHO0730171822_Cavity1_D009FZ5_Pass1_Score(0.02911991).bmp,Lens Off Center,L24,test
6b1ef0419adbfbffdf279957bdcdf5f5,/data/FMD_Data_26082026/fmd_temp_images/Updated ICube Categorical Classes 20260915/Lens Off Center/20260803_102241_L24_PalletGHR0803143822_Cavity2_D009G6C_Pass1_Score(0.00642097).bmp,Lens Off Center,L24,test
6dd9f8ad72aaa4fbd26c86075c4d3525,/data/FMD_Data_26082026/fmd_temp_images/Updated ICube Categorical Classes 20260915/Lens Off Center/20241215_164835_L24_C8_1_0.8103.bmp,Lens Off Center,L24,test
7385d9701332b83e90e0f6649d52affe,/data/FMD_Data_26082026/fmd_temp_images/Updated ICube Categorical Classes 20260915/Lens Off Center/20260729_143824_L24_PalletGHP0729185438_Cavity7_D009FWJ_Pass1_Score(0.0158639).bmp,Lens Off Center,L24,test
7626d29e44ba8d6492d2c6e57c32c457,/data/FMD_Data_26082026/fmd_temp_images/Updated ICube Categorical Classes 20260915/Lens Off Center/20241119_180441_L24_C14_9745_0.6986.bmp,Lens Off Center,L24,test
77f309565fdc9e338627f2426c68a4dd,/data/FMD_Data_26082026/fmd_temp_images/Updated ICube Categorical Classes 20260915/Lens Off Center/20260729_182522_L24_PalletGHC0729224125_Cavity7_D009FWT_Pass1_Score(0.01407599).bmp,Lens Off Center,L24,test
793a6a500ca81965c0c90e595e5d5cfc,/data/FMD_Data_26082026/fmd_temp_images/Updated ICube Categorical Classes 20260915/Lens Off Center/20260803_105532_L24_PalletGHQ0803151112_Cavity6_D009G6F_Pass1_Score(0.01131624).bmp,Lens Off Center,L24,test
8c0e071e38e91067cbc4f7c4f375eb7f,/data/FMD_Data_26082026/fmd_temp_images/Updated ICube Categorical Classes 20260915/Lens Off Center/20260811_143758_L24_PalletGHF0811185419_Cavity5_B01BFR7_Fail4_Score(0.9383411).bmp,Lens Off Center,L24,test
96e191951ae1216d2b20406a17435d55,/data/FMD_Data_26082026/fmd_temp_images/Updated ICube Categorical Classes 20260915/Lens Off Center/20260730_142354_L24_PalletGHU0730184014_Cavity12_D009FZ8_Pass1_Score(0.009861827).bmp,Lens Off Center,L24,test
9bb70995adf5c9df39c75d36f47a133c,/data/FMD_Data_26082026/fmd_temp_images/Updated ICube Categorical Classes 20260915/Lens Off Center/20260730_163346_L24_PalletGHG0730205008_Cavity8_D009FZF_Pass1_Score(0.006606281).bmp,Lens Off Center,L24,test
a01fe24e78c2109723ec02259c1f9253,/data/FMD_Data_26082026/fmd_temp_images/Updated ICube Categorical Classes 20260915/Lens Off Center/20260729_144830_L24_PalletGHJ0729190443_Cavity3_D009FWK_Pass1_Score(0.01194447).bmp,Lens Off Center,L24,test
a8a7b14fb100b7480c40df351e99c35a,/data/FMD_Data_26082026/fmd_temp_images/Updated ICube Categorical Classes 20260915/Lens Off Center/20241115_023042_L24_C2_9999_0.7977.bmp,Lens Off Center,L24,test
abc9d26d8a7c1d6215d9f5f262d533e3,/data/FMD_Data_26082026/fmd_temp_images/Updated ICube Categorical Classes 20260915/Lens Off Center/20260803_161327_L24_PalletGHR0803202910_Cavity14_D009G6X_Pass1_Score(0.05423629).bmp,Lens Off Center,L24,test
af0c8687b20ba00a53d2c33a311061c5,/data/FMD_Data_26082026/fmd_temp_images/Updated ICube Categorical Classes 20260915/Lens Off Center/20260729_192657_L24_PalletGHL0729234307_Cavity9_D009FWW_Pass1_Score(0.009145498).bmp,Lens Off Center,L24,test
b76f7f554200f4f0ec8f0ab1457b4c68,/data/FMD_Data_26082026/fmd_temp_images/Updated ICube Categorical Classes 20260915/Lens Off Center/20260805_090506_L24_PalletGHA0805132052_Cavity8_D009G9V_Pass1_Score(0.01397806).bmp,Lens Off Center,L24,test
b77b7b6d855f091458ac6e484f541012,/data/FMD_Data_26082026/fmd_temp_images/Updated ICube Categorical Classes 20260915/Lens Off Center/20260814_073016_L24_PalletGHO0814114657_Cavity14_B01BFRL_Fail7_Score(1).bmp,Lens Off Center,L24,test
b7fca82d53d4316dc7f03e5cb9148e0b,/data/FMD_Data_26082026/fmd_temp_images/Updated ICube Categorical Classes 20260915/Lens Off Center/20260805_085710_L24_PalletGHR0805131300_Cavity2_D009G9V_Pass1_Score(0.01838428).bmp,Lens Off Center,L24,test
b993423a3a5e8fe30e5fd348b51594c3,/data/FMD_Data_26082026/fmd_temp_images/Updated ICube Categorical Classes 20260915/Lens Off Center/20260729_195859_L24_PalletGHT0730001515_Cavity3_D009FWX_Pass1_Score(0.01422006).bmp,Lens Off Center,L24,test
bdc4d56ca95de5ab36b355cd6d8a2f9c,/data/FMD_Data_26082026/fmd_temp_images/Updated ICube Categorical Classes 20260915/Lens Off Center/20260730_115749_L24_PalletGHC0730161409_Cavity14_D009FZ3_Pass1_Score(0.01756543).bmp,Lens Off Center,L24,test
be02945ad68784129bdb0a6f34295b33,/data/FMD_Data_26082026/fmd_temp_images/Updated ICube Categorical Classes 20260915/Lens Off Center/20260803_155104_L24_PalletGHJ0803200649_Cavity9_D009G6W_Pass1_Score(0.02483106).bmp,Lens Off Center,L24,test
cd2bc70323910ddac2c100448d9f9f35,/data/FMD_Data_26082026/fmd_temp_images/Updated ICube Categorical Classes 20260915/Lens Off Center/20260729_085435_L24_PalletGHJ0729131044_Cavity5_D009FW0_Pass1_Score(0.01352578).bmp,Lens Off Center,L24,test
cea08007f9770d571e09ccf2fdde5ff8,/data/FMD_Data_26082026/fmd_temp_images/Updated ICube Categorical Classes 20260915/Lens Off Center/20260807_125106_L24_PalletGHG0807170708_Cavity5_D009GFN_Pass1_Score(0.02119702).bmp,Lens Off Center,L24,test
d13495f1f1dd4a98d631c00751ca6aeb,/data/FMD_Data_26082026/fmd_temp_images/Updated ICube Categorical Classes 20260915/Lens Off Center/20260804_125728_L24_PalletGHR0804171317_Cavity9_D009G8N_Pass1_Score(0.3359177).bmp,Lens Off Center,L24,test
d6dc8d84451de12fc6725d798efcf9bf,/data/FMD_Data_26082026/fmd_temp_images/Updated ICube Categorical Classes 20260915/Lens Off Center/20260729_143353_L24_PalletGHT0729185004_Cavity10_D009FWJ_Pass1_Score(0.01709187).bmp,Lens Off Center,L24,test
da4eba06e1b7c5b8e877c5ca5c529069,/data/FMD_Data_26082026/fmd_temp_images/Updated ICube Categorical Classes 20260915/Lens Off Center/20260729_184129_L24_PalletGHB0729225747_Cavity2_D009FWT_Pass1_Score(0.01557273).bmp,Lens Off Center,L24,test
df3cfbbd341b3471b38bd355ec0f5d84,/data/FMD_Data_26082026/fmd_temp_images/Updated ICube Categorical Classes 20260915/Lens Off Center/20260807_190144_L24_PalletGHO0807231750_Cavity7_D009GG2_Pass1_Score(0.01432472).bmp,Lens Off Center,L24,test
e0121c041c904ac7f17c610c7acd93ee,/data/FMD_Data_26082026/fmd_temp_images/Updated ICube Categorical Classes 20260915/Lens Off Center/20260731_135948_L24_PalletGHO0731181608_Cavity1_D009G0T_Pass1_Score(0.01565093).bmp,Lens Off Center,L24,test
e014618fcfd4d2bb247735179000a195,/data/FMD_Data_26082026/fmd_temp_images/Updated ICube Categorical Classes 20260915/Lens Off Center/20260803_102736_L24_PalletGHU0803144319_Cavity13_D009G6D_Pass1_Score(0.01207387).bmp,Lens Off Center,L24,test
e36f5c572919b0e7f6a570d1d8130a0f,/data/FMD_Data_26082026/fmd_temp_images/Updated ICube Categorical Classes 20260915/Lens Off Center/20260729_192717_L24_PalletGHS0729234331_Cavity15_D009FWW_Pass1_Score(0.01723474).bmp,Lens Off Center,L24,test
eff386d4341c042dc6b370d24d190fa3,/data/FMD_Data_26082026/fmd_temp_images/Updated ICube Categorical Classes 20260915/Lens Off Center/20260729_185749_L24_PalletGHD0729231405_Cavity15_D009FWV_Pass1_Score(0.009611666).bmp,Lens Off Center,L24,test
f0046ab44f998575a14320e7625d14f6,/data/FMD_Data_26082026/fmd_temp_images/Updated ICube Categorical Classes 20260915/Lens Off Center/20260804_171552_L24_PalletGHR0804213133_Cavity13_D009G90_Pass1_Score(0.01178819).bmp,Lens Off Center,L24,test
f24a6ff834903ad60765a28511a6485c,/data/FMD_Data_26082026/fmd_temp_images/Updated ICube Categorical Classes 20260915/Lens Off Center/20260807_172033_L24_PalletGHJ0807213630_Cavity1_D009GFX_Pass1_Score(0.009394705).bmp,Lens Off Center,L24,test
f2a9dab0a6e5b2be67f16b2c52edc53a,/data/FMD_Data_26082026/fmd_temp_images/Updated ICube Categorical Classes 20260915/Lens Off Center/20260805_155324_L24_PalletGHL0805200915_Cavity4_D009GBG_Pass1_Score(0.008671045).bmp,Lens Off Center,L24,test
f476ee8776e76403e7d490a64e4fb520,/data/FMD_Data_26082026/fmd_temp_images/Updated ICube Categorical Classes 20260915/Lens Off Center/20260804_132601_L24_PalletGHU0804174144_Cavity13_D009G8P_Pass1_Score(0.01522857).bmp,Lens Off Center,L24,test
fe5840bbd6a80a39de428924d8c8f7e0,/data/FMD_Data_26082026/fmd_temp_images/Updated ICube Categorical Classes 20260915/Lens Off Center/20260804_165547_L24_PalletGHD0804211134_Cavity4_D009G8Z_Pass1_Score(0.009179413).bmp,Lens Off Center,L24,test
fea48e4b5897f96274e974104c2e5542,/data/FMD_Data_26082026/fmd_temp_images/Updated ICube Categorical Classes 20260915/Lens Off Center/20260803_110201_L24_PalletGHB0803151741_Cavity2_D009G6F_Pass1_Score(0.01322496).bmp,Lens Off Center,L24,test
02b199e7bdedae5add7e53d97bf7c35d,/data/FMD_Data_26082026/fmd_temp_images/Updated ICube Categorical Classes 20260915/Lens Off Center/20260806_122235_L24_PalletGHU0806163832_Cavity9_D009GQ4_Pass1_Score(0.01134491).bmp,Lens Off Center,L24,train
02f93e15b9fe66e1d48f8e680460f5a9,/data/FMD_Data_26082026/fmd_temp_images/Updated ICube Categorical Classes 20260915/Lens Off Center/20260729_173958_L24_PalletGHT0729215138_Cavity13_D009FWR_Pass1_Score(0.01386273).bmp,Lens Off Center,L24,train
03af052eb238509016de35ee3bf71147,/data/FMD_Data_26082026/fmd_temp_images/Updated ICube Categorical Classes 20260915/Lens Off Center/20260729_200510_L24_PalletGHQ0730002125_Cavity4_D009FWX_Pass1_Score(0.01474905).bmp,Lens Off Center,L24,train
04816bf86278d7e2ea3efc648eb64f7e,/data/FMD_Data_26082026/fmd_temp_images/Updated ICube Categorical Classes 20260915/Lens Off Center/20260729_192727_L24_PalletGHC0729234344_Cavity12_D009FWW_Pass1_Score(0.009560823).bmp,Lens Off Center,L24,train
06e34cd29170d6c172b40c9a84515780,/data/FMD_Data_26082026/fmd_temp_images/Updated ICube Categorical Classes 20260915/Lens Off Center/20260729_174856_L24_PalletGHO0729220511_Cavity5_D009FWR_Pass1_Score(0.02513081).bmp,Lens Off Center,L24,train
0d0ba158fab2c27fb9a3f609f14a5013,/data/FMD_Data_26082026/fmd_temp_images/Updated ICube Categorical Classes 20260915/Lens Off Center/20260811_123045_L24_PalletGHO0811164711_Cavity7_B01BFR7_Pass1_Score(0.4030963).bmp,Lens Off Center,L24,train
10687fa73e84f9fb8c97d2fedfc3746b,/data/FMD_Data_26082026/fmd_temp_images/Updated ICube Categorical Classes 20260915/Lens Off Center/20260730_182429_L24_PalletGHM0730224048_Cavity5_D009FZK_Pass1_Score(0.007169008).bmp,Lens Off Center,L24,train
11fc12ef8dd39e29f34b5461a4c89b5d,/data/FMD_Data_26082026/fmd_temp_images/Updated ICube Categorical Classes 20260915/Lens Off Center/20260730_114945_L24_PalletGHI0730160602_Cavity4_D009FZ3_Pass1_Score(0.009732902).bmp,Lens Off Center,L24,train
12615711169ed77d0e219ffe1f1389b2,/data/FMD_Data_26082026/fmd_temp_images/Updated ICube Categorical Classes 20260915/Lens Off Center/20260729_192449_L24_PalletGHL0729234101_Cavity8_D009FWW_Pass1_Score(0.01174694).bmp,Lens Off Center,L24,train
143232988afb511e3154754ee957924e,/data/FMD_Data_26082026/fmd_temp_images/Updated ICube Categorical Classes 20260915/Lens Off Center/20260820_075146_L24_PalletGHP0820120751_Cavity6_B01BHWN_Fail3_Score(0.9236468).bmp,Lens Off Center,L24,train
19b520a898194031718a04dfa48ace49,/data/FMD_Data_26082026/fmd_temp_images/Updated ICube Categorical Classes 20260915/Lens Off Center/20260729_183157_L24_PalletGHG0729224814_Cavity2_D009FWT_Pass1_Score(0.103144).bmp,Lens Off Center,L24,train
1e2a98e8892232093daf6ae074155af0,/data/FMD_Data_26082026/fmd_temp_images/Updated ICube Categorical Classes 20260915/Lens Off Center/20260729_190041_L24_PalletGHS0729231649_Cavity1_D009FWV_Pass1_Score(0.05580437).bmp,Lens Off Center,L24,train
2094ae45f2db59d4c83e6e4dc4390281,/data/FMD_Data_26082026/fmd_temp_images/Updated ICube Categorical Classes 20260915/Lens Off Center/20260803_120036_L24_PalletGHI0803161612_Cavity1_D009G6J_Pass1_Score(0.01200747).bmp,Lens Off Center,L24,train
2138911de7f2c4936a27ced74d5a1e50,/data/FMD_Data_26082026/fmd_temp_images/Updated ICube Categorical Classes 20260915/Lens Off Center/20260806_121131_L24_PalletGHM0806162729_Cavity1_D009GQ4_Pass1_Score(0.00831145).bmp,Lens Off Center,L24,train
221fbadcf8a03de808ecf5298d63dcc8,/data/FMD_Data_26082026/fmd_temp_images/Updated ICube Categorical Classes 20260915/Lens Off Center/20260729_184316_L24_PalletGHQ0729225929_Cavity2_D009FWT_Pass1_Score(0.01657563).bmp,Lens Off Center,L24,train
2397830717f89092ae728cbd2914d9ef,/data/FMD_Data_26082026/fmd_temp_images/Updated ICube Categorical Classes 20260915/Lens Off Center/20241215_115516_L24_C12_1_1.0000.bmp,Lens Off Center,L24,train
2494471ff45e2c5bf90ba232dab9c0e3,/data/FMD_Data_26082026/fmd_temp_images/Updated ICube Categorical Classes 20260915/Lens Off Center/20260804_132313_L24_PalletGHG0804173858_Cavity1_D009G8P_Pass1_Score(0.01641661).bmp,Lens Off Center,L24,train
25278dd8c06ce1161ec64cf7b92c91dc,/data/FMD_Data_26082026/fmd_temp_images/ICube Defects Library/Lens Off Center/20260806_081807_L24_PalletGHN0806123147_Cavity9_D009GCR_Fail7_Score(0.9940712).bmp,Lens Off Center,L24,train
26a7f4d0440ce2a0f65901ba01253c28,/data/FMD_Data_26082026/fmd_temp_images/Updated ICube Categorical Classes 20260915/Lens Off Center/20260730_165131_L24_PalletGHR0730210751_Cavity11_D009FZF_Pass1_Score(0.005370021).bmp,Lens Off Center,L24,train
293360797c653342ab7f29a3af45c82e,/data/FMD_Data_26082026/fmd_temp_images/Updated ICube Categorical Classes 20260915/Lens Off Center/20260729_193935_L24_PalletGHD0729235551_Cavity9_D009FWW_Pass1_Score(0.009958029).bmp,Lens Off Center,L24,train
2a754ee7746cc7bbcd0c868eaf0b1e8d,/data/FMD_Data_26082026/fmd_temp_images/Updated ICube Categorical Classes 20260915/Lens Off Center/20260804_132736_L24_PalletGHL0804174320_Cavity6_D009G8P_Pass1_Score(0.009462416).bmp,Lens Off Center,L24,train
2bd52f3376467600d76ac822167598b8,/data/FMD_Data_26082026/fmd_temp_images/Updated ICube Categorical Classes 20260915/Lens Off Center/20260731_134054_L24_PalletGHF0731175612_Cavity4_D009G0V_Pass1_Score(0.0959782).bmp,Lens Off Center,L24,train
2d1880ec6b7f267551470bd815e5d502,/data/FMD_Data_26082026/fmd_temp_images/Updated ICube Categorical Classes 20260915/Lens Off Center/20260729_184415_L24_PalletGHR0729230032_Cavity3_D009FWT_Pass1_Score(0.009087801).bmp,Lens Off Center,L24,train
2d4ec2e9e842a5becf88e24a81ebcd3e,/data/FMD_Data_26082026/fmd_temp_images/Updated ICube Categorical Classes 20260915/Lens Off Center/20260730_142252_L24_PalletGHT0730183912_Cavity8_D009FZ8_Pass1_Score(0.01577902).bmp,Lens Off Center,L24,train
2eeaa52c2fa15c7daee72bb26722b65d,/data/FMD_Data_26082026/fmd_temp_images/ICube Defects Library/Lens Off Center/20241102_021334_L24_C3_9497.bmp,Lens Off Center,L24,train
307c3de9bb4a0b0f088a20978c2efe2d,/data/FMD_Data_26082026/fmd_temp_images/Updated ICube Categorical Classes 20260915/Lens Off Center/20260729_182629_L24_PalletGHJ0729224149_Cavity10_D009FWT_Pass1_Score(0.007671058).bmp,Lens Off Center,L24,train
30de96960970752fcfd42ad6e047fc9f,/data/FMD_Data_26082026/fmd_temp_images/Updated ICube Categorical Classes 20260915/Lens Off Center/20260805_090017_L24_PalletGHT0805131606_Cavity7_D009G9V_Pass1_Score(0.010719).bmp,Lens Off Center,L24,train
31c169e6aa1f5035b65e073b61ea3b6d,/data/FMD_Data_26082026/fmd_temp_images/Updated ICube Categorical Classes 20260915/Lens Off Center/20260811_143541_L24_PalletGHD0811185205_Cavity11_B01BFR7_Pass1_Score(0.1408389).bmp,Lens Off Center,L24,train
34188890d3d166137bde7356ac73b4ae,/data/FMD_Data_26082026/fmd_temp_images/Updated ICube Categorical Classes 20260915/Lens Off Center/20260729_173135_L24_PalletGHJ0729214751_Cavity11_D009FWR_Pass1_Score(0.01303667).bmp,Lens Off Center,L24,train
34ef306593c06d64c2c5ef6875550a9f,/data/FMD_Data_26082026/fmd_temp_images/Updated ICube Categorical Classes 20260915/Lens Off Center/20260729_180200_L24_PalletGHM0729221807_Cavity12_D009FWS_Pass1_Score(0.02085644).bmp,Lens Off Center,L24,train
37a3e17aa62762644579ce19ed523bb4,/data/FMD_Data_26082026/fmd_temp_images/Updated ICube Categorical Classes 20260915/Lens Off Center/20260804_161819_L24_PalletGHT0804203406_Cavity1_D009G8X_Pass1_Score(0.01353759).bmp,Lens Off Center,L24,train
396fa18fd289bad08fcf89a1a98982ae,/data/FMD_Data_26082026/fmd_temp_images/Updated ICube Categorical Classes 20260915/Lens Off Center/20260731_125643_L24_PalletGHB0731171306_Cavity10_D009G0S_Pass1_Score(0.0094437).bmp,Lens Off Center,L24,train
3ac1bec1046dff6ded1aa49a68571a89,/data/FMD_Data_26082026/fmd_temp_images/Updated ICube Categorical Classes 20260915/Lens Off Center/20260803_132639_L24_PalletGHL0803174217_Cavity5_D009G6N_Pass1_Score(0.01315951).bmp,Lens Off Center,L24,train
3ae2cace05f8fe4bc68d330bae3335e0,/data/FMD_Data_26082026/fmd_temp_images/Updated ICube Categorical Classes 20260915/Lens Off Center/20260729_191024_L24_PalletGHP0729232637_Cavity4_D009FWV_Pass1_Score(0.008289635).bmp,Lens Off Center,L24,train
3cd48459633d24988203ccc7e80f73c2,/data/FMD_Data_26082026/fmd_temp_images/Updated ICube Categorical Classes 20260915/Lens Off Center/20260908_112802_L24_PalletGHB0908154500_Cavity15_B01BN06_Pass1_Score(0.01103663).bmp,Lens Off Center,L24,train
3d94050efcaf9adc0d4211dbe670838a,/data/FMD_Data_26082026/fmd_temp_images/Updated ICube Categorical Classes 20260915/Lens Off Center/20260729_190741_L24_PalletGHM0729232352_Cavity7_D009FWV_Pass1_Score(0.01170075).bmp,Lens Off Center,L24,train
3df4cae78232054c1344d8fe83e116a1,/data/FMD_Data_26082026/fmd_temp_images/Updated ICube Categorical Classes 20260915/Lens Off Center/20260729_174641_L24_PalletGHQ0729220236_Cavity8_D009FWR_Pass1_Score(0.00935483).bmp,Lens Off Center,L24,train
413648b445143d5fb5db8d4bd190cf76,/data/FMD_Data_26082026/fmd_temp_images/Updated ICube Categorical Classes 20260915/Lens Off Center/20260729_174355_L24_PalletGHO0729220007_Cavity1_D009FWR_Pass1_Score(0.02574426).bmp,Lens Off Center,L24,train
4394728b44f5d4ea520e565f6ecc01b4,/data/FMD_Data_26082026/fmd_temp_images/Updated ICube Categorical Classes 20260915/Lens Off Center/20241215_112103_L24_C10_1_0.9668.bmp,Lens Off Center,L24,train
456806c4278b2dc53dfea778f847135e,/data/FMD_Data_26082026/fmd_temp_images/Updated ICube Categorical Classes 20260915/Lens Off Center/20260805_085716_L24_PalletGHU0805131307_Cavity14_D009G9V_Pass1_Score(0.009197116).bmp,Lens Off Center,L24,train
467c9adb1561ae6e5da57576b9bf7e75,/data/FMD_Data_26082026/fmd_temp_images/Updated ICube Categorical Classes 20260915/Lens Off Center/20260811_143758_L24_PalletGHF0811185419_Cavity6_B01BFR7_Pass1_Score(0.05729294).bmp,Lens Off Center,L24,train
46a936862b2185d7a6711ad17cd411cf,/data/FMD_Data_26082026/fmd_temp_images/Updated ICube Categorical Classes 20260915/Lens Off Center/20260803_110044_L24_PalletGHQ0803151625_Cavity6_D009G6F_Pass1_Score(0.01313198).bmp,Lens Off Center,L24,train
46b0d01b843024d14b44ed38ff9e03d8,/data/FMD_Data_26082026/fmd_temp_images/Updated ICube Categorical Classes 20260915/Lens Off Center/20260729_174832_L24_PalletGHF0729220446_Cavity13_D009FWR_Pass1_Score(0.01955926).bmp,Lens Off Center,L24,train
48c71c2df567f20aabe20c0613830df9,/data/FMD_Data_26082026/fmd_temp_images/Updated ICube Categorical Classes 20260915/Lens Off Center/20260807_125147_L24_PalletGHQ0807170737_Cavity1_D009GFN_Pass1_Score(0.02816325).bmp,Lens Off Center,L24,train
4cb3f97f59ac6add8ed092cda8d61296,/data/FMD_Data_26082026/fmd_temp_images/Updated ICube Categorical Classes 20260915/Lens Off Center/20260729_144919_L24_PalletGHF0729190534_Cavity4_D009FWK_Pass1_Score(0.03383517).bmp,Lens Off Center,L24,train
4fd86365fbbda3276edc911c109ca318,/data/FMD_Data_26082026/fmd_temp_images/Updated ICube Categorical Classes 20260915/Lens Off Center/20260803_122326_L24_PalletGHI0803163906_Cavity13_D009G6K_Pass1_Score(0.3921636).bmp,Lens Off Center,L24,train
52f872e97e0bc102d2122b2fa409a284,/data/FMD_Data_26082026/fmd_temp_images/Updated ICube Categorical Classes 20260915/Lens Off Center/20260730_122121_L24_PalletGHK0730163737_Cavity9_D009FZ4_Pass1_Score(0.02173734).bmp,Lens Off Center,L24,train
5697616546d56842465a02706a2972a4,/data/FMD_Data_26082026/fmd_temp_images/Updated ICube Categorical Classes 20260915/Lens Off Center/20260729_180229_L24_PalletGHE0729221845_Cavity13_D009FWS_Pass1_Score(0.01817936).bmp,Lens Off Center,L24,train
5724edcc70a981a07710e24a6cd3f684,/data/FMD_Data_26082026/fmd_temp_images/Updated ICube Categorical Classes 20260915/Lens Off Center/20260805_084126_L24_PalletGHB0805125713_Cavity9_D009G9T_Pass1_Score(0.03000319).bmp,Lens Off Center,L24,train
57f41c321defaf897524667a0d5bc9e5,/data/FMD_Data_26082026/fmd_temp_images/Updated ICube Categorical Classes 20260915/Lens Off Center/20260729_195724_L24_PalletGHK0730001340_Cavity5_D009FWX_Pass1_Score(0.02146453).bmp,Lens Off Center,L24,train
58952600883a14532f9697d26111aa70,/data/FMD_Data_26082026/fmd_temp_images/Updated ICube Categorical Classes 20260915/Lens Off Center/20260803_105201_L24_PalletGHF0803150743_Cavity3_D009G6F_Pass1_Score(0.01088756).bmp,Lens Off Center,L24,train
58b89255d0d8258193ebfb3da33aaa8c,/data/FMD_Data_26082026/fmd_temp_images/Updated ICube Categorical Classes 20260915/Lens Off Center/20260805_091430_L24_PalletGHC0805133024_Cavity1_D009G9W_Pass1_Score(0.03240079).bmp,Lens Off Center,L24,train
5abb12336fe541fc410abb3283cdcedb,/data/FMD_Data_26082026/fmd_temp_images/Updated ICube Categorical Classes 20260915/Lens Off Center/20260729_193005_L24_PalletGHJ0729234617_Cavity10_D009FWW_Pass1_Score(0.01574677).bmp,Lens Off Center,L24,train
5ff9b856f353d94e2c3b345c0bda64d1,/data/FMD_Data_26082026/fmd_temp_images/Updated ICube Categorical Classes 20260915/Lens Off Center/20260803_120200_L24_PalletGHN0803161732_Cavity14_D009G6J_Pass1_Score(0.01734644).bmp,Lens Off Center,L24,train
6627f124ec9d4dc1f224953b7dd8665b,/data/FMD_Data_26082026/fmd_temp_images/Updated ICube Categorical Classes 20260915/Lens Off Center/20241208_084112_L24_C5_9231_0.6581.bmp,Lens Off Center,L24,train
6a9e7246dbe232f7338b62f91c2e9aa9,/data/FMD_Data_26082026/fmd_temp_images/Updated ICube Categorical Classes 20260915/Lens Off Center/20241215_170523_L24_C6_1_0.9538.bmp,Lens Off Center,L24,train
6b69600dacaa1a7a4c7c77236c09780e,/data/FMD_Data_26082026/fmd_temp_images/Updated ICube Categorical Classes 20260915/Lens Off Center/20260804_134323_L24_PalletGHS0804175910_Cavity7_D009G8Q_Pass1_Score(0.008504152).bmp,Lens Off Center,L24,train
6cea97326e702e5900119030cb6376b6,/data/FMD_Data_26082026/fmd_temp_images/Updated ICube Categorical Classes 20260915/Lens Off Center/20260730_122710_L24_PalletGHU0730164328_Cavity8_D009FZ4_Pass1_Score(0.00835979).bmp,Lens Off Center,L24,train
6d1bad3d860771f4303a7d58bfed1ae9,/data/FMD_Data_26082026/fmd_temp_images/Updated ICube Categorical Classes 20260915/Lens Off Center/20260730_112442_L24_PalletGHT0730154059_Cavity12_D009FZ2_Pass1_Score(0.01167828).bmp,Lens Off Center,L24,train
6ed95f3505a2f7072ed1293a98009cb0,/data/FMD_Data_26082026/fmd_temp_images/Updated ICube Categorical Classes 20260915/Lens Off Center/20260805_083506_L24_PalletGHL0805125058_Cavity7_D009G9T_Pass1_Score(0.007522523).bmp,Lens Off Center,L24,train
6f75006eace37219596aaf811c6a8f67,/data/FMD_Data_26082026/fmd_temp_images/Updated ICube Categorical Classes 20260915/Lens Off Center/20241215_175032_L24_C6_1_0.9825.bmp,Lens Off Center,L24,train
72e1fb3e364f2318d8a0667b2f11b98a,/data/FMD_Data_26082026/fmd_temp_images/Updated ICube Categorical Classes 20260915/Lens Off Center/20260805_085902_L24_PalletGHN0805131450_Cavity10_D009G9V_Pass1_Score(0.01000232).bmp,Lens Off Center,L24,train
740c02d0c41dc23be7df2a024eb6eb70,/data/FMD_Data_26082026/fmd_temp_images/Updated ICube Categorical Classes 20260915/Lens Off Center/20260803_124601_L24_PalletGHD0803170140_Cavity7_D009G6L_Pass1_Score(0.01274544).bmp,Lens Off Center,L24,train
7637f3f316eb812b290052b62e0515aa,/data/FMD_Data_26082026/fmd_temp_images/Updated ICube Categorical Classes 20260915/Lens Off Center/20260729_191846_L24_PalletGHQ0729233501_Cavity6_D009FWW_Pass1_Score(0.008211076).bmp,Lens Off Center,L24,train
788de2640b31fd9adf4f0da642255823,/data/FMD_Data_26082026/fmd_temp_images/Updated ICube Categorical Classes 20260915/Lens Off Center/20260804_134911_L24_PalletGHN0804180456_Cavity8_D009G8Q_Pass1_Score(0.009522319).bmp,Lens Off Center,L24,train
7abc74dfd8404bde7d46842bb82d38c3,/data/FMD_Data_26082026/fmd_temp_images/Updated ICube Categorical Classes 20260915/Lens Off Center/20260805_085550_L24_PalletGHL0805131141_Cavity13_D009G9V_Pass1_Score(0.0101977).bmp,Lens Off Center,L24,train
7bff0a3713a5b7dddd5fa39d7af983d5,/data/FMD_Data_26082026/fmd_temp_images/Updated ICube Categorical Classes 20260915/Lens Off Center/20260805_161653_L24_PalletGHA0805203245_Cavity12_D009GBH_Pass1_Score(0.00737983).bmp,Lens Off Center,L24,train
81d857338059c0db5ea21d4b2b2dfce9,/data/FMD_Data_26082026/fmd_temp_images/Updated ICube Categorical Classes 20260915/Lens Off Center/20260803_110115_L24_PalletGHG0803151656_Cavity1_D009G6F_Pass1_Score(0.0135116).bmp,Lens Off Center,L24,train
83290b6ae45c642ff67a1e295ba597e4,/data/FMD_Data_26082026/fmd_temp_images/Updated ICube Categorical Classes 20260915/Lens Off Center/20260807_135307_L24_PalletGHA0807180912_Cavity8_D009GFQ_Pass1_Score(0.01823956).bmp,Lens Off Center,L24,train
89195383a016b8da270c53c8f51964b3,/data/FMD_Data_26082026/fmd_temp_images/Updated ICube Categorical Classes 20260915/Lens Off Center/20260729_192312_L24_PalletGHA0729233914_Cavity8_D009FWW_Pass1_Score(0.01026052).bmp,Lens Off Center,L24,train
8a05b468ff31d0251e07ad20fb4892ea,/data/FMD_Data_26082026/fmd_temp_images/Updated ICube Categorical Classes 20260915/Lens Off Center/20260730_175404_L24_PalletGHP0730221028_Cavity11_D009FZJ_Pass1_Score(0.004291296).bmp,Lens Off Center,L24,train
8bc00079973e8123d611d141f0996cab,/data/FMD_Data_26082026/fmd_temp_images/Updated ICube Categorical Classes 20260915/Lens Off Center/20260805_085449_L24_PalletGHM0805131038_Cavity9_D009G9V_Pass1_Score(0.01336902).bmp,Lens Off Center,L24,train
8c01a3d09810ef363077d4ebfaaec831,/data/FMD_Data_26082026/fmd_temp_images/Updated ICube Categorical Classes 20260915/Lens Off Center/20260729_144611_L24_PalletGHC0729190211_Cavity14_D009FWK_Pass1_Score(0.01728576).bmp,Lens Off Center,L24,train
9003d54afb1f7da81120cb54fd6791cd,/data/FMD_Data_26082026/fmd_temp_images/Updated ICube Categorical Classes 20260915/Lens Off Center/20260729_173505_L24_PalletGHM0729215117_Cavity11_D009FWR_Pass1_Score(0.008203864).bmp,Lens Off Center,L24,train
923c652c9beaf18c8f64667fc57f30f5,/data/FMD_Data_26082026/fmd_temp_images/Updated ICube Categorical Classes 20260915/Lens Off Center/20260729_164146_L24_PalletGHD0729205748_Cavity2_D009FWP_Pass1_Score(0.02966648).bmp,Lens Off Center,L24,train
942c09f89d99854290b5166e51535ed8,/data/FMD_Data_26082026/fmd_temp_images/Updated ICube Categorical Classes 20260915/Lens Off Center/20260730_154804_L24_PalletGHO0730200425_Cavity13_D009FZC_Pass1_Score(0.007849574).bmp,Lens Off Center,L24,train
9442fa21f45232da5119ea055add271b,/data/FMD_Data_26082026/fmd_temp_images/Updated ICube Categorical Classes 20260915/Lens Off Center/20260729_181257_L24_PalletGHC0729222909_Cavity1_D009FWS_Pass1_Score(0.01043928).bmp,Lens Off Center,L24,train
979348a0647329b5e38596d8eb9d33f1,/data/FMD_Data_26082026/fmd_temp_images/Updated ICube Categorical Classes 20260915/Lens Off Center/20260729_174402_L24_PalletGHQ0729220013_Cavity1_D009FWR_Pass1_Score(0.01576954).bmp,Lens Off Center,L24,train
97e908e5ce7d7fffe10adca0ce26720c,/data/FMD_Data_26082026/fmd_temp_images/Updated ICube Categorical Classes 20260915/Lens Off Center/20260729_190852_L24_PalletGHH0729232504_Cavity2_D009FWV_Pass1_Score(0.04681093).bmp,Lens Off Center,L24,train
989ad0c00d043a6651b0f6a8bd4d6765,/data/FMD_Data_26082026/fmd_temp_images/Updated ICube Categorical Classes 20260915/Lens Off Center/20260805_092430_L24_PalletGHP0805134021_Cavity1_D009G9W_Pass1_Score(0.009443939).bmp,Lens Off Center,L24,train
99ee470455e9049a8cf76f869e10f068,/data/FMD_Data_26082026/fmd_temp_images/Updated ICube Categorical Classes 20260915/Lens Off Center/20260729_185928_L24_PalletGHP0729231541_Cavity5_D009FWV_Pass1_Score(0.009499609).bmp,Lens Off Center,L24,train
9ab5a1a3b81a357511cb9721fd5526b8,/data/FMD_Data_26082026/fmd_temp_images/ICube Defects Library/Lens Off Center/20241109_110922_L24_C15_9608.bmp,Lens Off Center,L24,train
9f2f1ebfb35a64330f0a3906e73ff0a7,/data/FMD_Data_26082026/fmd_temp_images/Updated ICube Categorical Classes 20260915/Lens Off Center/20260730_155542_L24_PalletGHS0730201203_Cavity13_D009FZC_Pass1_Score(0.04127431).bmp,Lens Off Center,L24,train
a17fb600e93212556e9fb5df62825fb1,/data/FMD_Data_26082026/fmd_temp_images/ICube Defects Library/Lens Off Center/20241102_054402_L24_C10_9017.bmp,Lens Off Center,L24,train
a21a11ae960d65e127e2251dfb3812b4,/data/FMD_Data_26082026/fmd_temp_images/Updated ICube Categorical Classes 20260915/Lens Off Center/20260807_135932_L24_PalletGHC0807181536_Cavity14_D009GFR_Pass1_Score(0.1149887).bmp,Lens Off Center,L24,train
a343cb5d0aec92e911c235065e0eb449,/data/FMD_Data_26082026/fmd_temp_images/Updated ICube Categorical Classes 20260915/Lens Off Center/20260807_134332_L24_PalletGHP0807175931_Cavity6_D009GFQ_Pass1_Score(0.01239526).bmp,Lens Off Center,L24,train
a4f8c1ea8306ebe133ad162bee5509e1,/data/FMD_Data_26082026/fmd_temp_images/Updated ICube Categorical Classes 20260915/Lens Off Center/20260730_144813_L24_PalletGHF0730190434_Cavity3_D009FZ9_Pass1_Score(0.1312191).bmp,Lens Off Center,L24,train
a9a2d492f230c18ff1a7d53333fbf383,/data/FMD_Data_26082026/fmd_temp_images/Updated ICube Categorical Classes 20260915/Lens Off Center/20260805_094641_L24_PalletGHD0805140227_Cavity13_D009G9X_Pass1_Score(0.01041269).bmp,Lens Off Center,L24,train
aefa3c67255fac169e5aca9218009403,/data/FMD_Data_26082026/fmd_temp_images/Updated ICube Categorical Classes 20260915/Lens Off Center/20260827_011759_L24_PalletGHJ0827053446_Cavity4_B01BKKH_Fail4_Score(0.9461982).bmp,Lens Off Center,L24,train
b0cb0d54406fdca41f5b5df93b178550,/data/FMD_Data_26082026/fmd_temp_images/Updated ICube Categorical Classes 20260915/Lens Off Center/20260729_195119_L24_PalletGHK0730000734_Cavity13_D009FWX_Pass1_Score(0.01026303).bmp,Lens Off Center,L24,train
b1dcd72bcbe5d4a4160116784f4087e7,/data/FMD_Data_26082026/fmd_temp_images/Updated ICube Categorical Classes 20260915/Lens Off Center/20260814_095621_L24_PalletGHF0814141301_Cavity4_B01BFRN_Pass1_Score(0.006048024).bmp,Lens Off Center,L24,train
b398cefb4571d285b86a2206775f4fcb,/data/FMD_Data_26082026/fmd_temp_images/Updated ICube Categorical Classes 20260915/Lens Off Center/20260807_130129_L24_PalletGHS0807171641_Cavity11_D009GFN_Pass1_Score(0.02502316).bmp,Lens Off Center,L24,train
b55c935ba73f087d0156d696635c687a,/data/FMD_Data_26082026/fmd_temp_images/ICube Defects Library/Lens Off Center/20241102_021334_L24_C4_9654.bmp,Lens Off Center,L24,train
b5f31135c74da422aec8b0de8b39842d,/data/FMD_Data_26082026/fmd_temp_images/ICube Defects Library/Lens Off Center/20241108_175001_L24_C5_9292.bmp,Lens Off Center,L24,train
b69e1d6af946ce11309dc3972184e554,/data/FMD_Data_26082026/fmd_temp_images/Updated ICube Categorical Classes 20260915/Lens Off Center/20260811_120210_L24_PalletGHS0811161834_Cavity15_B01BFR7_Pass1_Score(0.6748148).bmp,Lens Off Center,L24,train
b6d42044a3bba3469e6c8e48c918612e,/data/FMD_Data_26082026/fmd_temp_images/Updated ICube Categorical Classes 20260915/Lens Off Center/20260803_110349_L24_PalletGHC0803151844_Cavity3_D009G6F_Pass1_Score(0.3638557).bmp,Lens Off Center,L24,train
b6d9da0cf2947984d98092a4b4a042b0,/data/FMD_Data_26082026/fmd_temp_images/Updated ICube Categorical Classes 20260915/Lens Off Center/20260803_124910_L24_PalletGHP0803170450_Cavity12_D009G6L_Pass1_Score(0.04742312).bmp,Lens Off Center,L24,train
b9f6e19f1d60ff609fc39612afd7622e,/data/FMD_Data_26082026/fmd_temp_images/Updated ICube Categorical Classes 20260915/Lens Off Center/20260729_180106_L24_PalletGHR0729221716_Cavity10_D009FWS_Pass1_Score(0.01326817).bmp,Lens Off Center,L24,train
ba2866e14c635d69f004f853b3b68d47,/data/FMD_Data_26082026/fmd_temp_images/Updated ICube Categorical Classes 20260915/Lens Off Center/20260805_100013_L24_PalletGHN0805141603_Cavity5_D009G9Z_Pass1_Score(0.008563817).bmp,Lens Off Center,L24,train
bfaa1afb3599dcd72508af6a8bf5070a,/data/FMD_Data_26082026/fmd_temp_images/Updated ICube Categorical Classes 20260915/Lens Off Center/20260730_115002_L24_PalletGHP0730160621_Cavity13_D009FZ3_Pass1_Score(0.02604878).bmp,Lens Off Center,L24,train
c18b08ae182b958d89702c761feab484,/data/FMD_Data_26082026/fmd_temp_images/Updated ICube Categorical Classes 20260915/Lens Off Center/20260729_143359_L24_PalletGHB0729185011_Cavity13_D009FWJ_Pass1_Score(0.009538949).bmp,Lens Off Center,L24,train
c280bf8f7bf6b1674016fa95b5bbb51f,/data/FMD_Data_26082026/fmd_temp_images/Updated ICube Categorical Classes 20260915/Lens Off Center/20260807_185727_L24_PalletGHS0807231331_Cavity14_D009GG2_Pass1_Score(0.01141316).bmp,Lens Off Center,L24,train
c2e106dacd906e2c745182587594e5cb,/data/FMD_Data_26082026/fmd_temp_images/Updated ICube Categorical Classes 20260915/Lens Off Center/20260807_122729_L24_PalletGHD0807164331_Cavity2_D009GFM_Pass1_Score(0.006976843).bmp,Lens Off Center,L24,train
c568bf9235b85a9444bcb9f797c8b5cb,/data/FMD_Data_26082026/fmd_temp_images/Updated ICube Categorical Classes 20260915/Lens Off Center/20260729_145118_L24_PalletGHF0729190732_Cavity6_D009FWK_Pass1_Score(0.01500028).bmp,Lens Off Center,L24,train
c7b9ef7f1d4c0f7f430df8cb14122049,/data/FMD_Data_26082026/fmd_temp_images/Updated ICube Categorical Classes 20260915/Lens Off Center/20260729_181005_L24_PalletGHF0729222620_Cavity13_D009FWS_Pass1_Score(0.01798016).bmp,Lens Off Center,L24,train
ce1c6028e2fbfd19e694881392113d83,/data/FMD_Data_26082026/fmd_temp_images/Updated ICube Categorical Classes 20260915/Lens Off Center/20260729_191802_L24_PalletGHC0729233417_Cavity8_D009FWW_Pass1_Score(0.01249975).bmp,Lens Off Center,L24,train
cfc5058f88d4bb632119c01ccc45489f,/data/FMD_Data_26082026/fmd_temp_images/Updated ICube Categorical Classes 20260915/Lens Off Center/20260811_120852_L24_PalletGHM0811162517_Cavity11_B01BFR7_Pass1_Score(0.05503225).bmp,Lens Off Center,L24,train
d494caa02fd8f64afce7a246c0d1aa9c,/data/FMD_Data_26082026/fmd_temp_images/Updated ICube Categorical Classes 20260915/Lens Off Center/20241215_163757_L24_C6_1_0.5252.bmp,Lens Off Center,L24,train
d5cfca2cd251076af04d4a247027d43c,/data/FMD_Data_26082026/fmd_temp_images/Updated ICube Categorical Classes 20260915/Lens Off Center/20260807_175139_L24_PalletGHK0807220739_Cavity13_D009GG0_Pass1_Score(0.02016598).bmp,Lens Off Center,L24,train
d8e01a1844d02a50984e1f9f9108581f,/data/FMD_Data_26082026/fmd_temp_images/Updated ICube Categorical Classes 20260915/Lens Off Center/20260730_142720_L24_PalletGHU0730184341_Cavity13_D009FZ8_Pass1_Score(0.02421194).bmp,Lens Off Center,L24,train
d90c7e681d0b64e74fe8baa4e410fd4c,/data/FMD_Data_26082026/fmd_temp_images/ICube Defects Library/Lens Off Center/20241109_091549_L24_C15_9292.bmp,Lens Off Center,L24,train
da7e2ef6335212d2cb78a6bd647d6aa0,/data/FMD_Data_26082026/fmd_temp_images/Updated ICube Categorical Classes 20260915/Lens Off Center/20260731_124409_L24_PalletGHB0731170034_Cavity4_D009G0S_Pass1_Score(0.00584954).bmp,Lens Off Center,L24,train
dba0ae1a3eb4f14112fd3ce2bf857f12,/data/FMD_Data_26082026/fmd_temp_images/Updated ICube Categorical Classes 20260915/Lens Off Center/20260804_165517_L24_PalletGHN0804211057_Cavity15_D009G8Z_Pass1_Score(0.01707709).bmp,Lens Off Center,L24,train
dc23ce43bceee8b0a019c376e858ebb2,/data/FMD_Data_26082026/fmd_temp_images/Updated ICube Categorical Classes 20260915/Lens Off Center/20260729_184758_L24_PalletGHN0729230408_Cavity3_D009FWT_Pass1_Score(0.01055509).bmp,Lens Off Center,L24,train
ded650963e5ada8817a063ced72a5f05,/data/FMD_Data_26082026/fmd_temp_images/Updated ICube Categorical Classes 20260915/Lens Off Center/20260730_124317_L24_PalletGHS0730165929_Cavity7_D009FZ4_Pass1_Score(0.01397866).bmp,Lens Off Center,L24,train
e1b5fa4c100c71bcbef37a99049e063f,/data/FMD_Data_26082026/fmd_temp_images/Updated ICube Categorical Classes 20260915/Lens Off Center/20260803_121001_L24_PalletGHR0803162542_Cavity2_D009G6J_Pass1_Score(0.0118444).bmp,Lens Off Center,L24,train
e2227681cca0d747176bf4f27a150c26,/data/FMD_Data_26082026/fmd_temp_images/Updated ICube Categorical Classes 20260915/Lens Off Center/20260803_105616_L24_PalletGHK0803151155_Cavity6_D009G6F_Pass1_Score(0.02590442).bmp,Lens Off Center,L24,train
e256d4ecf13b4cf3193c22804cdd129c,/data/FMD_Data_26082026/fmd_temp_images/Updated ICube Categorical Classes 20260915/Lens Off Center/20260729_193924_L24_PalletGHB0729235542_Cavity10_D009FWW_Pass1_Score(0.02235544).bmp,Lens Off Center,L24,train
e4b14a2e3d11fcfe0e8ebdb5a6739d5c,/data/FMD_Data_26082026/fmd_temp_images/Updated ICube Categorical Classes 20260915/Lens Off Center/20260807_130501_L24_PalletGHR0807171922_Cavity3_D009GFN_Pass1_Score(0.01721805).bmp,Lens Off Center,L24,train
e4b4f17916e2354959ae6b371cbe9181,/data/FMD_Data_26082026/fmd_temp_images/Updated ICube Categorical Classes 20260915/Lens Off Center/20260804_133004_L24_PalletGHD0804174551_Cavity9_D009G8P_Pass1_Score(0.01688427).bmp,Lens Off Center,L24,train
e9751c951fce0db37ce46d73b5c83f37,/data/FMD_Data_26082026/fmd_temp_images/Updated ICube Categorical Classes 20260915/Lens Off Center/20260803_112137_L24_PalletGHA0803153715_Cavity4_D009G6G_Pass1_Score(0.01120645).bmp,Lens Off Center,L24,train
e9e589aa3ef4c2256cbc1cd9b5c38a05,/data/FMD_Data_26082026/fmd_temp_images/Updated ICube Categorical Classes 20260915/Lens Off Center/20260729_190207_L24_PalletGHS0729231817_Cavity11_D009FWV_Pass1_Score(0.02513534).bmp,Lens Off Center,L24,train
eb9bc26dbde240c5fc7eaaefc3f39e52,/data/FMD_Data_26082026/fmd_temp_images/Updated ICube Categorical Classes 20260915/Lens Off Center/20241215_153618_L24_C6_1_0.8627.bmp,Lens Off Center,L24,train
ed1437d0802ee31fd561b539eed9846a,/data/FMD_Data_26082026/fmd_temp_images/Updated ICube Categorical Classes 20260915/Lens Off Center/20260806_164814_L24_PalletGHB0806210414_Cavity4_D009GDF_Pass1_Score(0.004668057).bmp,Lens Off Center,L24,train
f01d5ffb4735ad416eb2a88c915d606d,/data/FMD_Data_26082026/fmd_temp_images/Updated ICube Categorical Classes 20260915/Lens Off Center/20260729_145004_L24_PalletGHB0729190618_Cavity14_D009FWK_Pass1_Score(0.0990091).bmp,Lens Off Center,L24,train
f18b3206a7b286f544f6eb9a32cc6a43,/data/FMD_Data_26082026/fmd_temp_images/Updated ICube Categorical Classes 20260915/Lens Off Center/20260729_174438_L24_PalletGHJ0729220053_Cavity15_D009FWR_Pass1_Score(0.01558024).bmp,Lens Off Center,L24,train
f233bbc66a1f0929bd6130f2405da25a,/data/FMD_Data_26082026/fmd_temp_images/Updated ICube Categorical Classes 20260915/Lens Off Center/20260803_102831_L24_PalletGHP0803144413_Cavity2_D009G6D_Pass1_Score(0.03072083).bmp,Lens Off Center,L24,train
f3a86cc28349ffc21c2452ee7d621346,/data/FMD_Data_26082026/fmd_temp_images/Updated ICube Categorical Classes 20260915/Lens Off Center/20260803_105509_L24_PalletGHH0803151045_Cavity15_D009G6F_Pass1_Score(0.02544224).bmp,Lens Off Center,L24,train
f423c86651c69bb98570fcadedc0f0e3,/data/FMD_Data_26082026/fmd_temp_images/Updated ICube Categorical Classes 20260915/Lens Off Center/20260805_085740_L24_PalletGHH0805131329_Cavity9_D009G9V_Pass1_Score(0.01003093).bmp,Lens Off Center,L24,train
f45df7c5f91fe05d2789b3251f977c6a,/data/FMD_Data_26082026/fmd_temp_images/Updated ICube Categorical Classes 20260915/Lens Off Center/20260729_195910_L24_PalletGHC0730001526_Cavity8_D009FWX_Pass1_Score(0.008110702).bmp,Lens Off Center,L24,train
f6eb9053657ee2e2498829b968c8b8ce,/data/FMD_Data_26082026/fmd_temp_images/Updated ICube Categorical Classes 20260915/Lens Off Center/20260803_135220_L24_PalletGHS0803180759_Cavity10_D009G6P_Pass1_Score(0.01408064).bmp,Lens Off Center,L24,train
f6fad77380823d679c6f9c874afd6e05,/data/FMD_Data_26082026/fmd_temp_images/Updated ICube Categorical Classes 20260915/Lens Off Center/20260730_182421_L24_PalletGHJ0730224010_Cavity11_D009FZK_Pass1_Score(0.04241198).bmp,Lens Off Center,L24,train
f78de144e69aa14b0d318cf496016f0a,/data/FMD_Data_26082026/fmd_temp_images/Updated ICube Categorical Classes 20260915/Lens Off Center/20260803_110259_L24_PalletGHA0803151838_Cavity2_D009G6F_Pass1_Score(0.01368678).bmp,Lens Off Center,L24,train
f88447d3a4d3d716ced38b6a4310ca62,/data/FMD_Data_26082026/fmd_temp_images/Updated ICube Categorical Classes 20260915/Lens Off Center/20260805_092309_L24_PalletGHG0805133857_Cavity8_D009G9W_Pass1_Score(0.008807123).bmp,Lens Off Center,L24,train
fdd2f19445076a27514c3589afc20e74,/data/FMD_Data_26082026/fmd_temp_images/Updated ICube Categorical Classes 20260915/Lens Off Center/20260729_184144_L24_PalletGHF0729225800_Cavity3_D009FWT_Pass1_Score(0.01368791).bmp,Lens Off Center,L24,train
fe297d90735a5cd6b53e29dab0c271eb,/data/FMD_Data_26082026/fmd_temp_images/Updated ICube Categorical Classes 20260915/Lens Off Center/20260813_234552_L24_PalletGHT0814040229_Cavity15_B01BJL0_Fail7_Score(0.9866662).bmp,Lens Off Center,L24,train
0370c4d1cfdb3b42f52ed911e6259449,/data/FMD_Data_26082026/fmd_temp_images/ICube Defects Library/Low Dose Obstructing Region of Interest/20241115_083041_L24_PalletGHR1115132939_Cavity7_B01795M_Pass1_Score(0.005671203).bmp,Low Dose Obstructing Region of Interest,L24,test
135df25837717710925126c0bc40b163,/data/FMD_Data_26082026/fmd_temp_images/Updated ICube Categorical Classes 20260915/Low Dose/20260806_180124_L24_PalletGHD0806221722_Cavity10_D009GDJ_Pass1_Score(0.005963683).bmp,Low Dose Obstructing Region of Interest,L24,test
2f977f0d58f6867cbdb0ad8c8c5389aa,/data/FMD_Data_26082026/fmd_temp_images/Updated ICube Categorical Classes 20260915/Low Dose/20241109_150145_L24_C8_9847_0.8713.bmp,Low Dose Obstructing Region of Interest,L24,test
30fab0503d06ac86efd47c155620ecc4,/data/FMD_Data_26082026/fmd_temp_images/ICube Defects Library/Low Dose Obstructing Region of Interest/20241109_091903_L24_C15_9879.bmp,Low Dose Obstructing Region of Interest,L24,test
310d89148a9f469d734db76664b89300,/data/FMD_Data_26082026/fmd_temp_images/ICube Defects Library/Low Dose Obstructing Region of Interest/20241107_022115_L24_C2_9974.bmp,Low Dose Obstructing Region of Interest,L24,test
3fc2ea9319551054d9c85f9b26fe4321,/data/FMD_Data_26082026/fmd_temp_images/Updated ICube Categorical Classes 20260915/Low Dose/20241115_153659_L24_C9_9243_0.6157.bmp,Low Dose Obstructing Region of Interest,L24,test
5c18e0b54bfe453a80c7b19a801d891b,/data/FMD_Data_26082026/fmd_temp_images/Updated ICube Categorical Classes 20260915/Low Dose/20260804_131249_L24_PalletGHQ0804172834_Cavity5_D009G8N_Pass1_Score(0.01318693).bmp,Low Dose Obstructing Region of Interest,L24,test
5f2be3a2d1065397497cbe76eb176fea,/data/FMD_Data_26082026/fmd_temp_images/Updated ICube Categorical Classes 20260915/Low Dose/20260811_163104_L24_PalletGHN0811204730_Cavity13_B01BFR7_Fail7_Score(0.997673)_0.9985.bmp,Low Dose Obstructing Region of Interest,L24,test
683dfd006068fbb507e86f85e4755cc7,/data/FMD_Data_26082026/fmd_temp_images/Updated ICube Categorical Classes 20260915/Low Dose/20260807_130519_L24_PalletGHU0807171930_Cavity8_D009GFN_Pass1_Score(0.02098167).bmp,Low Dose Obstructing Region of Interest,L24,test
6d970865b1d494ea36c399ca60c391a9,/data/FMD_Data_26082026/fmd_temp_images/Updated ICube Categorical Classes 20260915/Low Dose/20241205_092704_L24_C6_9967_0.9990.bmp,Low Dose Obstructing Region of Interest,L24,test
6ff51e08e6c39af009ca1475925b2462,/data/FMD_Data_26082026/fmd_temp_images/ICube Defects Library/Low Dose Obstructing Region of Interest/20241115_092955_L24_PalletGHK1115142852_Cavity9_B01795M_Pass1_Score(0.005270779).bmp,Low Dose Obstructing Region of Interest,L24,test
73f70cf497546c97c8c0fe6d2c20938d,/data/FMD_Data_26082026/fmd_temp_images/Updated ICube Categorical Classes 20260915/Low Dose/20260806_125736_L24_PalletGHB0806171330_Cavity12_D009GQ6_Pass1_Score(0.02255374).bmp,Low Dose Obstructing Region of Interest,L24,test
7eccddc4b336c38d13c43eb9bec11178,/data/FMD_Data_26082026/fmd_temp_images/Updated ICube Categorical Classes 20260915/Low Dose/20241115_122118_L24_C10_9403_0.9941.bmp,Low Dose Obstructing Region of Interest,L24,test
7f8d0596354c4f3f4e558618ace9e671,/data/FMD_Data_26082026/fmd_temp_images/Updated ICube Categorical Classes 20260915/Low Dose/20241103_050302_L24_C15_9999_0.9687.bmp,Low Dose Obstructing Region of Interest,L24,test
871b98aec68099a973797f6b138b56bc,/data/FMD_Data_26082026/fmd_temp_images/ICube Defects Library/Low Dose Obstructing Region of Interest/20241107_163449_L24_C9_9738.bmp,Low Dose Obstructing Region of Interest,L24,test
8b63df750671c27362879f207ab507d9,/data/FMD_Data_26082026/fmd_temp_images/Updated ICube Categorical Classes 20260915/Low Dose/20241204_145522_L24_C12_9996_0.5687.bmp,Low Dose Obstructing Region of Interest,L24,test
8b72f72d3e3a8f4e66cf29737f80f5cb,/data/FMD_Data_26082026/fmd_temp_images/Updated ICube Categorical Classes 20260915/Low Dose/20260807_142342_L24_PalletGHL0807183944_Cavity13_D009GFS_Pass1_Score(0.01070517).bmp,Low Dose Obstructing Region of Interest,L24,test
8fd8ffea3bf305623f8ef26417f0b2e0,/data/FMD_Data_26082026/fmd_temp_images/Updated ICube Categorical Classes 20260915/Low Dose/20241120_214043_L24_C6_9529_0.8854.bmp,Low Dose Obstructing Region of Interest,L24,test
9024d584a466963df6bd64eb902bb110,/data/FMD_Data_26082026/fmd_temp_images/Updated ICube Categorical Classes 20260915/Low Dose/20241121_140108_L24_C5_9916_0.9996.bmp,Low Dose Obstructing Region of Interest,L24,test
97a3b70023cf038882faee514c2515be,/data/FMD_Data_26082026/fmd_temp_images/ICube Defects Library/Low Dose Obstructing Region of Interest/20260731_133118_L24_PalletGHN0731174737_Cavity2_D009G0V_Fail6_Score(0.9818794).bmp,Low Dose Obstructing Region of Interest,L24,test
a1f773802e78d6a3946d16224b32f091,/data/FMD_Data_26082026/fmd_temp_images/Updated ICube Categorical Classes 20260915/Low Dose/20260806_130507_L24_PalletGHU0806172105_Cavity2_D009GQ6_Pass1_Score(0.01880258).bmp,Low Dose Obstructing Region of Interest,L24,test
a6ae1442aa917d83f67f69d723a65e31,/data/FMD_Data_26082026/fmd_temp_images/Updated ICube Categorical Classes 20260915/Low Dose/20260814_075629_L24_PalletGHR0814121311_Cavity13_B01BFRL_Fail4_Score(0.948534)_0.9996.bmp,Low Dose Obstructing Region of Interest,L24,test
c0bcf39b729d19f8a496c0d314147564,/data/FMD_Data_26082026/fmd_temp_images/Updated ICube Categorical Classes 20260915/Low Dose/20260814_081948_L24_PalletGHU0814123624_Cavity13_B01BFRL_Fail6_Score(0.9670101)_0.9967.bmp,Low Dose Obstructing Region of Interest,L24,test
c35ee783cc9f72f0ceeef565b2043bb2,/data/FMD_Data_26082026/fmd_temp_images/Updated ICube Categorical Classes 20260915/Low Dose/20260806_173808_L24_PalletGHN0806215405_Cavity6_D009GDH_Pass1_Score(0.005122066).bmp,Low Dose Obstructing Region of Interest,L24,test
c7b1293edb9d444b71daf5973bd6d636,/data/FMD_Data_26082026/fmd_temp_images/Updated ICube Categorical Classes 20260915/Low Dose/20241118_104934_L24_C10_9689_0.9623.bmp,Low Dose Obstructing Region of Interest,L24,test
d742ad4fa21a91b4cbf305709d01edac,/data/FMD_Data_26082026/fmd_temp_images/Updated ICube Categorical Classes 20260915/Low Dose/20241215_054755_L24_C11_9708_0.8513.bmp,Low Dose Obstructing Region of Interest,L24,test
d7e362782bf47506b9adb79fd825990e,/data/FMD_Data_26082026/fmd_temp_images/Updated ICube Categorical Classes 20260915/Low Dose/20241215_150218_L24_C6_1_0.7258.bmp,Low Dose Obstructing Region of Interest,L24,test
f313576e609dc2d41a82c93452b88aa5,/data/FMD_Data_26082026/fmd_temp_images/Updated ICube Categorical Classes 20260915/Low Dose/20241215_100145_L24_C6_1_0.9995.bmp,Low Dose Obstructing Region of Interest,L24,test
f5e2a8e942245350ab870d69feacd005,/data/FMD_Data_26082026/fmd_temp_images/Updated ICube Categorical Classes 20260915/Low Dose/20241119_124001_L24_C14_9948_0.9980.bmp,Low Dose Obstructing Region of Interest,L24,test
f737e910f3aa726f4250c56878a3d989,/data/FMD_Data_26082026/fmd_temp_images/Updated ICube Categorical Classes 20260915/Low Dose/20260803_125217_L24_PalletGHH0803170751_Cavity10_D009G6L_Pass1_Score(0.01084149).bmp,Low Dose Obstructing Region of Interest,L24,test
fc458988390fe9fffd6a5dc1eb07516b,/data/FMD_Data_26082026/fmd_temp_images/Updated ICube Categorical Classes 20260915/Low Dose/20260806_175811_L24_PalletGHL0806221409_Cavity1_D009GDJ_Pass1_Score(0.01569647).bmp,Low Dose Obstructing Region of Interest,L24,test
fe15400d71922cc8b35e864ef29c59f1,/data/FMD_Data_26082026/fmd_temp_images/Updated ICube Categorical Classes 20260915/Low Dose/20241119_231227_L24_C14_9948_0.4349.bmp,Low Dose Obstructing Region of Interest,L24,test
0613ef36745c3a0335ba15f179a95d7a,/data/FMD_Data_26082026/fmd_temp_images/Updated ICube Categorical Classes 20260915/Low Dose/20260806_172552_L24_PalletGHP0806214151_Cavity14_D009GDG_Pass1_Score(0.005762458).bmp,Low Dose Obstructing Region of Interest,L24,train
06e1c5e5b9f081b87582773ebfaf9ebd,/data/FMD_Data_26082026/fmd_temp_images/Updated ICube Categorical Classes 20260915/Low Dose/20260805_155557_L24_PalletGHB0805201151_Cavity13_D009GBG_Pass1_Score(0.01107055).bmp,Low Dose Obstructing Region of Interest,L24,train
095a7a28d3fcd328a3001c5f7a619c0f,/data/FMD_Data_26082026/fmd_temp_images/Updated ICube Categorical Classes 20260915/Low Dose/20241215_182146_L24_C6_1_0.6474.bmp,Low Dose Obstructing Region of Interest,L24,train
213fc85309454ef710e72758f660973d,/data/FMD_Data_26082026/fmd_temp_images/Updated ICube Categorical Classes 20260915/Low Dose/20241209_173959_L24_C7_9155_0.9821.bmp,Low Dose Obstructing Region of Interest,L24,train
24182972b58d7102dba4abf8c71df55d,/data/FMD_Data_26082026/fmd_temp_images/Updated ICube Categorical Classes 20260915/Low Dose/20260805_090704_L24_PalletGHQ0805132253_Cavity15_D009G9V_Pass1_Score(0.01003569).bmp,Low Dose Obstructing Region of Interest,L24,train
25e5400dcfa4f9c288f8315df36b775c,/data/FMD_Data_26082026/fmd_temp_images/ICube Defects Library/Low Dose Obstructing Region of Interest/20241109_093805_L24_C15_9362.bmp,Low Dose Obstructing Region of Interest,L24,train
28ddc85e202933d2e4ff7dca4e5d8ae3,/data/FMD_Data_26082026/fmd_temp_images/ICube Defects Library/Low Dose Obstructing Region of Interest/20241111_160001_L24_C3_9820.bmp,Low Dose Obstructing Region of Interest,L24,train
29b589b060912a6f93623248ce0679a1,/data/FMD_Data_26082026/fmd_temp_images/ICube Defects Library/Low Dose Obstructing Region of Interest/20241109_154922_L24_C5_9949.bmp,Low Dose Obstructing Region of Interest,L24,train
2ccbfcf5784e543faafb5f207311be74,/data/FMD_Data_26082026/fmd_temp_images/Updated ICube Categorical Classes 20260915/Low Dose/20260811_230934_L24_PalletGHC0812032602_Cavity14_B01BFR9_Fail4_Score(0.9421822)_0.5411.bmp,Low Dose Obstructing Region of Interest,L24,train
3029fa176f8396c57de69a42c2ce4a31,/data/FMD_Data_26082026/fmd_temp_images/Updated ICube Categorical Classes 20260915/Low Dose/20260811_220228_L24_PalletGHS0812021856_Cavity4_B01BFR9_Fail7_Score(0.9987224)_0.9985.bmp,Low Dose Obstructing Region of Interest,L24,train
319d1d2bd42658808debece849b34378,/data/FMD_Data_26082026/fmd_temp_images/Updated ICube Categorical Classes 20260915/Low Dose/20241121_095951_L24_C12_9916_0.6597.bmp,Low Dose Obstructing Region of Interest,L24,train
32b52b70b8bb98860b13d18dec284d59,/data/FMD_Data_26082026/fmd_temp_images/Updated ICube Categorical Classes 20260915/Low Dose/20241109_185542_L24_C5_9816_0.8300.bmp,Low Dose Obstructing Region of Interest,L24,train
3a2119653255105c959122cbd469e0b6,/data/FMD_Data_26082026/fmd_temp_images/Updated ICube Categorical Classes 20260915/Low Dose/20241119_073928_L24_C15_9328_0.8580.bmp,Low Dose Obstructing Region of Interest,L24,train
3cb3b5ad98d5c1fba94e1bf223362437,/data/FMD_Data_26082026/fmd_temp_images/Updated ICube Categorical Classes 20260915/Low Dose/20241215_171753_L24_C10_1_0.9999.bmp,Low Dose Obstructing Region of Interest,L24,train
3eb455b37ac7159d0d96354dc0b226a2,/data/FMD_Data_26082026/fmd_temp_images/Updated ICube Categorical Classes 20260915/Low Dose/20260811_064858_L24_PalletGHR0811110512_Cavity1_B01BFR6_Fail6_Score(0.9786299)_0.6317.bmp,Low Dose Obstructing Region of Interest,L24,train
42a8fdc967a2549576d83e21a9c0716e,/data/FMD_Data_26082026/fmd_temp_images/ICube Defects Library/Low Dose Obstructing Region of Interest/20241109_220157_L24_C1_9938.bmp,Low Dose Obstructing Region of Interest,L24,train
45b5b16f72e7fe8dd1d684ed55ee6e7c,/data/FMD_Data_26082026/fmd_temp_images/Updated ICube Categorical Classes 20260915/Low Dose/20241207_162143_L24_C6_9675_0.9998.bmp,Low Dose Obstructing Region of Interest,L24,train
45b87ae80c03ea39f6e16ea8016ca821,/data/FMD_Data_26082026/fmd_temp_images/Updated ICube Categorical Classes 20260915/Low Dose/20260804_171513_L24_PalletGHH0804213059_Cavity3_D009G90_Pass1_Score(0.03304601).bmp,Low Dose Obstructing Region of Interest,L24,train
49999c249af921b0d13f51d657adec9f,/data/FMD_Data_26082026/fmd_temp_images/Updated ICube Categorical Classes 20260915/Low Dose/20241113_053831_L24_C12_9369_0.5009.bmp,Low Dose Obstructing Region of Interest,L24,train
4d4d1756cb169aa841699b0546c39bf0,/data/FMD_Data_26082026/fmd_temp_images/ICube Defects Library/Low Dose Obstructing Region of Interest/20241109_111811_L24_C6_9796.bmp,Low Dose Obstructing Region of Interest,L24,train
4d67b213f231b8ca82a96d729bdd592b,/data/FMD_Data_26082026/fmd_temp_images/ICube Defects Library/Low Dose Obstructing Region of Interest/20241111_053157_L24_C4_1.bmp,Low Dose Obstructing Region of Interest,L24,train
4d9927a3feeeac3e3f4a6f5d6f3828af,/data/FMD_Data_26082026/fmd_temp_images/ICube Defects Library/Low Dose Obstructing Region of Interest/20241109_172612_L24_C13_9268.bmp,Low Dose Obstructing Region of Interest,L24,train
501fb854df4b2965be2ca5ed5887baa6,/data/FMD_Data_26082026/fmd_temp_images/Updated ICube Categorical Classes 20260915/Low Dose/20260729_033927_L24_PalletGHJ0729075507_Cavity9_D009FVL_Fail6_Score(0.9804844).bmp,Low Dose Obstructing Region of Interest,L24,train
522358a81c185617f31763f2715589bc,/data/FMD_Data_26082026/fmd_temp_images/Updated ICube Categorical Classes 20260915/Low Dose/20241109_151804_L24_C5_9976_0.7654.bmp,Low Dose Obstructing Region of Interest,L24,train
53da7676eb9e72368b6068d9cb1937ae,/data/FMD_Data_26082026/fmd_temp_images/Updated ICube Categorical Classes 20260915/Low Dose/20260805_094525_L24_PalletGHA0805140116_Cavity14_D009G9X_Pass1_Score(0.01221347).bmp,Low Dose Obstructing Region of Interest,L24,train
551d703df74b5ab369907a983eb37355,/data/FMD_Data_26082026/fmd_temp_images/Updated ICube Categorical Classes 20260915/Low Dose/20241114_081335_L24_C7_9327_0.9527.bmp,Low Dose Obstructing Region of Interest,L24,train
5c4527bab29913913e3cfcaab1ba7d70,/data/FMD_Data_26082026/fmd_temp_images/Updated ICube Categorical Classes 20260915/Low Dose/20241115_082827_L24_C3_9099_0.5776.bmp,Low Dose Obstructing Region of Interest,L24,train
5d0955a60a70cfa3d05c8f025797d6ba,/data/FMD_Data_26082026/fmd_temp_images/Updated ICube Categorical Classes 20260915/Low Dose/20260805_143253_L24_PalletGHS0805184842_Cavity8_D009GBB_Pass1_Score(0.02598792).bmp,Low Dose Obstructing Region of Interest,L24,train
5db1d94c529e370fbf274c942ae02771,/data/FMD_Data_26082026/fmd_temp_images/Updated ICube Categorical Classes 20260915/Low Dose/20260811_070322_L24_PalletGHP0811111946_Cavity13_B01BFR6_Fail5_Score(0.9612994)_0.9138.bmp,Low Dose Obstructing Region of Interest,L24,train
61e0dec826245afd5be46731bdaddd4f,/data/FMD_Data_26082026/fmd_temp_images/Updated ICube Categorical Classes 20260915/Low Dose/20260805_082112_L24_PalletGHI0805123703_Cavity9_D009G9S_Pass1_Score(0.03710955).bmp,Low Dose Obstructing Region of Interest,L24,train
63708eb15a51f81c8003845d99ef1c2c,/data/FMD_Data_26082026/fmd_temp_images/Updated ICube Categorical Classes 20260915/Low Dose/20260804_134850_L24_PalletGHI0804180439_Cavity6_D009G8Q_Pass1_Score(0.175653).bmp,Low Dose Obstructing Region of Interest,L24,train
637fa9ab042c17524a47cf6fe205f557,/data/FMD_Data_26082026/fmd_temp_images/Updated ICube Categorical Classes 20260915/Low Dose/20241209_185828_L24_C12_9098_0.5529.bmp,Low Dose Obstructing Region of Interest,L24,train
736cbe7882fab06457dadd9f99dc3766,/data/FMD_Data_26082026/fmd_temp_images/Updated ICube Categorical Classes 20260915/Low Dose/20241208_122945_L24_C12_9726_0.9493.bmp,Low Dose Obstructing Region of Interest,L24,train
748295d968418ee513fc547065349766,/data/FMD_Data_26082026/fmd_temp_images/Updated ICube Categorical Classes 20260915/Low Dose/20260811_163754_L24_PalletGHD0811205417_Cavity12_B01BFR7_Fail7_Score(0.9962944)_0.9855.bmp,Low Dose Obstructing Region of Interest,L24,train
74bcf93dc33d0a6b04fad4b19e2b64aa,/data/FMD_Data_26082026/fmd_temp_images/Updated ICube Categorical Classes 20260915/Low Dose/20260805_092501_L24_PalletGHC0805134044_Cavity7_D009G9W_Pass1_Score(0.007244885).bmp,Low Dose Obstructing Region of Interest,L24,train
780993139832dd93e2ea7c6a28bca279,/data/FMD_Data_26082026/fmd_temp_images/Updated ICube Categorical Classes 20260915/Low Dose/20241106_142900_L24_C10_9142_0.8499.bmp,Low Dose Obstructing Region of Interest,L24,train
79195e9cf3a1fc1dfd47ed433de97416,/data/FMD_Data_26082026/fmd_temp_images/Updated ICube Categorical Classes 20260915/Low Dose/20260804_162154_L24_PalletGHJ0804203742_Cavity9_D009G8X_Pass1_Score(0.07759553).bmp,Low Dose Obstructing Region of Interest,L24,train
7c4fe89ec0d7b197de8b3169a8a0d73f,/data/FMD_Data_26082026/fmd_temp_images/Updated ICube Categorical Classes 20260915/Low Dose/20260803_112742_L24_PalletGHA0803154320_Cavity6_D009G6G_Pass1_Score(0.008153319).bmp,Low Dose Obstructing Region of Interest,L24,train
7e67a61009d9bdc0cf8845714c9e026b,/data/FMD_Data_26082026/fmd_temp_images/Updated ICube Categorical Classes 20260915/Low Dose/20260730_185954_L24_PalletGHI0730231552_Cavity11_D009FZL_Pass1_Score(0.007384658).bmp,Low Dose Obstructing Region of Interest,L24,train
800cc4298b25b29060f16f91522ce980,/data/FMD_Data_26082026/fmd_temp_images/Updated ICube Categorical Classes 20260915/Low Dose/20260803_124122_L24_PalletGHN0803165707_Cavity13_D009G6L_Pass1_Score(0.006078005).bmp,Low Dose Obstructing Region of Interest,L24,train
82c99e6eb45f9cccea8971544662aefd,/data/FMD_Data_26082026/fmd_temp_images/Updated ICube Categorical Classes 20260915/Low Dose/20260811_231524_L24_PalletGHI0812033153_Cavity2_B01BFR9_Fail4_Score(0.9461215)_0.9581.bmp,Low Dose Obstructing Region of Interest,L24,train
840969b0756dd5edf2d0eecc8632812e,/data/FMD_Data_26082026/fmd_temp_images/Updated ICube Categorical Classes 20260915/Low Dose/20241106_082739_L24_C3_9573_0.8266.bmp,Low Dose Obstructing Region of Interest,L24,train
843602dd0bbd1dbf142b718090b0dd9e,/data/FMD_Data_26082026/fmd_temp_images/Updated ICube Categorical Classes 20260915/Low Dose/20241215_154335_L24_C6_1_0.9996.bmp,Low Dose Obstructing Region of Interest,L24,train
84a35fd23913fe27ece2ba966af70882,/data/FMD_Data_26082026/fmd_temp_images/Updated ICube Categorical Classes 20260915/Low Dose/20260806_171522_L24_PalletGHB0806213119_Cavity3_D009GDG_Pass1_Score(0.005779862).bmp,Low Dose Obstructing Region of Interest,L24,train
8e7e0a1fbc1f38916b6186b622377564,/data/FMD_Data_26082026/fmd_temp_images/Updated ICube Categorical Classes 20260915/Low Dose/20260730_180804_L24_PalletGHK0730222355_Cavity3_D009FZJ_Pass1_Score(0.01663071).bmp,Low Dose Obstructing Region of Interest,L24,train
90662d3fd51b30accc4e6f98266a8426,/data/FMD_Data_26082026/fmd_temp_images/Updated ICube Categorical Classes 20260915/Low Dose/20260811_170353_L24_PalletGHO0811212019_Cavity15_B01BFR7_Fail6_Score(0.9727188)_0.9461.bmp,Low Dose Obstructing Region of Interest,L24,train
9a1943375362d2498bec8fa70be3e70f,/data/FMD_Data_26082026/fmd_temp_images/Updated ICube Categorical Classes 20260915/Low Dose/20260814_083647_L24_PalletGHF0814125329_Cavity3_B01BFRL_Fail3_Score(0.9286989)_0.9922.bmp,Low Dose Obstructing Region of Interest,L24,train
9af60c5f8f40f1296596c76ed5d84f15,/data/FMD_Data_26082026/fmd_temp_images/Updated ICube Categorical Classes 20260915/Low Dose/20241120_194925_L24_C5_9697_0.7751.bmp,Low Dose Obstructing Region of Interest,L24,train
a0b751ff22042122e61e0205592b2a8f,/data/FMD_Data_26082026/fmd_temp_images/Updated ICube Categorical Classes 20260915/Low Dose/20260805_161242_L24_PalletGHC0805202830_Cavity7_D009GBH_Pass1_Score(0.009696186).bmp,Low Dose Obstructing Region of Interest,L24,train
a80fbcfc9ddc80877b6d1729904976f3,/data/FMD_Data_26082026/fmd_temp_images/ICube Defects Library/Low Dose Obstructing Region of Interest/20241111_142556_L24_C6_9367.bmp,Low Dose Obstructing Region of Interest,L24,train
a9c091a4882b9789a4755004ff6e5e50,/data/FMD_Data_26082026/fmd_temp_images/ICube Defects Library/Low Dose Obstructing Region of Interest/20241216_102353_L24_C13_9483.bmp,Low Dose Obstructing Region of Interest,L24,train
aabc653257ca2a6cef7ac1ff53a2ffc4,/data/FMD_Data_26082026/fmd_temp_images/Updated ICube Categorical Classes 20260915/Low Dose/20260805_100432_L24_PalletGHF0805142020_Cavity9_D009G9Z_Pass1_Score(0.03593689).bmp,Low Dose Obstructing Region of Interest,L24,train
ad73a46be1a164163a341aad631d5575,/data/FMD_Data_26082026/fmd_temp_images/Updated ICube Categorical Classes 20260915/Low Dose/20241120_183110_L24_C9_9991_0.3379.bmp,Low Dose Obstructing Region of Interest,L24,train
ada87dd329d9d90356748d6c04666182,/data/FMD_Data_26082026/fmd_temp_images/Updated ICube Categorical Classes 20260915/Low Dose/20241119_140606_L24_C12_9988_0.8208.bmp,Low Dose Obstructing Region of Interest,L24,train
af94a6cddd15ac9ab9314bfbb2b035cd,/data/FMD_Data_26082026/fmd_temp_images/ICube Defects Library/Low Dose Obstructing Region of Interest/20241109_150021_L24_C2_9624.bmp,Low Dose Obstructing Region of Interest,L24,train
b154c16349e8198dee0970b8ab9620cb,/data/FMD_Data_26082026/fmd_temp_images/Updated ICube Categorical Classes 20260915/Low Dose/20260909_055403_L24_PalletGHT0909100858_Cavity1_B01BN0F_Fail7_Score(0.9995474).bmp,Low Dose Obstructing Region of Interest,L24,train
bc63fe19c96bb83efd31dedd35bdf645,/data/FMD_Data_26082026/fmd_temp_images/Updated ICube Categorical Classes 20260915/Low Dose/20241208_101318_L24_C2_9797_0.7092.bmp,Low Dose Obstructing Region of Interest,L24,train
bd4b0322813c9c0ce9de63d1ba5ca15e,/data/FMD_Data_26082026/fmd_temp_images/Updated ICube Categorical Classes 20260915/Low Dose/20260729_182358_L24_PalletGHC0729223955_Cavity6_D009FWT_Pass1_Score(0.007606626).bmp,Low Dose Obstructing Region of Interest,L24,train
bd7c079d4e5666931c0045aa78cd761c,/data/FMD_Data_26082026/fmd_temp_images/Updated ICube Categorical Classes 20260915/Low Dose/20241115_193211_L24_C2_9826_0.6495.bmp,Low Dose Obstructing Region of Interest,L24,train
c0fcc88303969b7a1ad1148ff95d7d82,/data/FMD_Data_26082026/fmd_temp_images/Updated ICube Categorical Classes 20260915/Low Dose/20260803_125739_L24_PalletGHC0803171314_Cavity6_D009G6L_Pass1_Score(0.009195566).bmp,Low Dose Obstructing Region of Interest,L24,train
c1884e4a6e89ae29d2e3a9d130f227cd,/data/FMD_Data_26082026/fmd_temp_images/Updated ICube Categorical Classes 20260915/Low Dose/20241121_012300_L24_C9_9010_0.9250.bmp,Low Dose Obstructing Region of Interest,L24,train
d3a284c605700900e1ad725d6e1eec06,/data/FMD_Data_26082026/fmd_temp_images/Updated ICube Categorical Classes 20260915/Low Dose/20260806_172637_L24_PalletGHK0806214236_Cavity3_D009GDG_Pass1_Score(0.006461203).bmp,Low Dose Obstructing Region of Interest,L24,train
d6bd1af46257c6bfdd760fc6dca1bdd7,/data/FMD_Data_26082026/fmd_temp_images/ICube Defects Library/Low Dose Obstructing Region of Interest/20241109_084225_L24_C7_9627.bmp,Low Dose Obstructing Region of Interest,L24,train
d839fe4329bd85a59d7367b84c0e4669,/data/FMD_Data_26082026/fmd_temp_images/Updated ICube Categorical Classes 20260915/Low Dose/20260805_160823_L24_PalletGHP0805202354_Cavity9_D009GBH_Pass1_Score(0.2883379).bmp,Low Dose Obstructing Region of Interest,L24,train
d8e2e4be4532194fcfcb34c5075e69cd,/data/FMD_Data_26082026/fmd_temp_images/Updated ICube Categorical Classes 20260915/Low Dose/20260806_175440_L24_PalletGHE0806221039_Cavity9_D009GDJ_Pass1_Score(0.005087614).bmp,Low Dose Obstructing Region of Interest,L24,train
daaadd41c17b00563b2488ee182e5bc4,/data/FMD_Data_26082026/fmd_temp_images/Updated ICube Categorical Classes 20260915/Low Dose/20260806_182926_L24_PalletGHL0806224516_Cavity4_D009GDK_Pass1_Score(0.004795074).bmp,Low Dose Obstructing Region of Interest,L24,train
e073740bca4bf08998b9683568330e6d,/data/FMD_Data_26082026/fmd_temp_images/Updated ICube Categorical Classes 20260915/Low Dose/20241115_215845_L24_C9_9323_0.6256.bmp,Low Dose Obstructing Region of Interest,L24,train
e73a266fa1abdd9924bbe7aed7c6389d,/data/FMD_Data_26082026/fmd_temp_images/Updated ICube Categorical Classes 20260915/Low Dose/20260730_171331_L24_PalletGHM0730212951_Cavity12_D009FZG_Pass1_Score(0.007585824).bmp,Low Dose Obstructing Region of Interest,L24,train
e8626b97bba05b4dcee676c82a33704f,/data/FMD_Data_26082026/fmd_temp_images/Updated ICube Categorical Classes 20260915/Low Dose/20260813_100010_L24_PalletGHG0813141647_Cavity10_B01BJL1_Fail7_Score(0.9988163)_0.9364.bmp,Low Dose Obstructing Region of Interest,L24,train
ea46a83d196609308dd9d3b1913629af,/data/FMD_Data_26082026/fmd_temp_images/Updated ICube Categorical Classes 20260915/Low Dose/20260812_133210_L24_PalletGHI0812174834_Cavity10_B01BFRG_Fail3_Score(0.9278573)_0.5909.bmp,Low Dose Obstructing Region of Interest,L24,train
ecb2763e00a00e9c40cc4a899ae116ab,/data/FMD_Data_26082026/fmd_temp_images/Updated ICube Categorical Classes 20260915/Low Dose/20241207_130447_L24_C12_9485_0.9970.bmp,Low Dose Obstructing Region of Interest,L24,train
ee107beec100f87be7de443f67b58df0,/data/FMD_Data_26082026/fmd_temp_images/Updated ICube Categorical Classes 20260915/Low Dose/20260806_171932_L24_PalletGHD0806213529_Cavity13_D009GDG_Pass1_Score(0.005163074).bmp,Low Dose Obstructing Region of Interest,L24,train
f829ae6309193ab26f86b0a92885fa1d,/data/FMD_Data_26082026/fmd_temp_images/Updated ICube Categorical Classes 20260915/Low Dose/20260806_175949_L24_PalletGHE0806221549_Cavity13_D009GDJ_Pass1_Score(0.003068984).bmp,Low Dose Obstructing Region of Interest,L24,train
f944afe1c3e91f2e04b9875282dbd20b,/data/FMD_Data_26082026/fmd_temp_images/Updated ICube Categorical Classes 20260915/Low Dose/20260730_170148_L24_PalletGHG0730211754_Cavity11_D009FZG_Pass1_Score(0.005621493).bmp,Low Dose Obstructing Region of Interest,L24,train
fde09336698766ae3a54b5d72b1d2bec,/data/FMD_Data_26082026/fmd_temp_images/ICube Defects Library/Low Dose Obstructing Region of Interest/20241110_152751_L24_C8_9666.bmp,Low Dose Obstructing Region of Interest,L24,train
ff20d7967e0d6ce09e18ccce9752da0e,/data/FMD_Data_26082026/fmd_temp_images/Updated ICube Categorical Classes 20260915/Low Dose/20241117_003800_L24_C8_9063_0.9975.bmp,Low Dose Obstructing Region of Interest,L24,train
04395655d6c734550218847a4d728e7a,/data/FMD_Data_26082026/fmd_temp_images/Updated ICube Categorical Classes 20260915/Missing Lens/20241205_000005_L24_C9_9276_1.0000.bmp,Missing Lens,L24,test
0ba51447a0fd13b7bf643c713ec7dc32,/data/FMD_Data_26082026/fmd_temp_images/Updated ICube Categorical Classes 20260915/Missing Lens/20241204_232348_L24_C8_9622_1.0000.bmp,Missing Lens,L24,test
1295ea5c3835c536adf8422640f69a89,/data/FMD_Data_26082026/fmd_temp_images/Updated ICube Categorical Classes 20260915/Missing Lens/20241204_232348_L24_C11_9983_1.0000.bmp,Missing Lens,L24,test
1ca0f4e217947381be064949703767f0,/data/FMD_Data_26082026/fmd_temp_images/Updated ICube Categorical Classes 20260915/Missing Lens/20241204_235911_L24_C14_9143_1.0000.bmp,Missing Lens,L24,test
1f32a2483fc29929be28d6ed8058a879,/data/FMD_Data_26082026/fmd_temp_images/Updated ICube Categorical Classes 20260915/Missing Lens/20241204_231149_L24_C11_9964_1.0000.bmp,Missing Lens,L24,test
200bc1520b9698d0674ed74134ab6453,/data/FMD_Data_26082026/fmd_temp_images/Updated ICube Categorical Classes 20260915/Missing Lens/20241205_000005_L24_C11_9966_1.0000.bmp,Missing Lens,L24,test
27ef1f57a32c4bfb9aee85c2ab8c5396,/data/FMD_Data_26082026/fmd_temp_images/Updated ICube Categorical Classes 20260915/Missing Lens/20241205_112052_L24_C9_9399_1.0000.bmp,Missing Lens,L24,test
2ca985a1eefb3e87b8ae975e2c769ed0,/data/FMD_Data_26082026/fmd_temp_images/Updated ICube Categorical Classes 20260915/Missing Lens/20241205_105546_L24_C10_9297_1.0000.bmp,Missing Lens,L24,test
32a01c59f51dbc4366543db7a557832b,/data/FMD_Data_26082026/fmd_temp_images/Updated ICube Categorical Classes 20260915/Missing Lens/20241204_225719_L24_C8_9499_1.0000.bmp,Missing Lens,L24,test
3af5cadaeefd9ee433ee3000cffc6e7d,/data/FMD_Data_26082026/fmd_temp_images/Updated ICube Categorical Classes 20260915/Missing Lens/20241204_235916_L24_C15_9865_1.0000.bmp,Missing Lens,L24,test
3b58a194c559d51c8ebb0afcc64bd586,/data/FMD_Data_26082026/fmd_temp_images/Updated ICube Categorical Classes 20260915/Missing Lens/20241204_235759_L24_C11_9557_1.0000.bmp,Missing Lens,L24,test
3c6c285fa3aa899ff8c214e6b8208564,/data/FMD_Data_26082026/fmd_temp_images/Updated ICube Categorical Classes 20260915/Missing Lens/20241204_230404_L24_C11_9532_1.0000.bmp,Missing Lens,L24,test
3ddc72659f1d9696f7c0c3eb0dfef1ac,/data/FMD_Data_26082026/fmd_temp_images/Updated ICube Categorical Classes 20260915/Missing Lens/20241204_230404_L24_C8_9169_1.0000.bmp,Missing Lens,L24,test
4d174a29441d4d5e839cb9289f66660c,/data/FMD_Data_26082026/fmd_temp_images/Updated ICube Categorical Classes 20260915/Missing Lens/20260804_173311_L24_PalletGHR0804214857_Cavity2_D009G91_Pass1_Score(0.01113325).bmp,Missing Lens,L24,test
5d8a9bd872d9c0f602b7a92651d1d549,/data/FMD_Data_26082026/fmd_temp_images/Updated ICube Categorical Classes 20260915/Missing Lens/20241204_233523_L24_C13_9327_1.0000.bmp,Missing Lens,L24,test
606a65b73055f555d2ddef1ee1fc58ca,/data/FMD_Data_26082026/fmd_temp_images/Updated ICube Categorical Classes 20260915/Missing Lens/20241204_230254_L24_C9_9882_1.0000.bmp,Missing Lens,L24,test
60a46c0a3b42b284633d66780063e8c7,/data/FMD_Data_26082026/fmd_temp_images/Updated ICube Categorical Classes 20260915/Missing Lens/20241204_231154_L24_C7_9363_1.0000.bmp,Missing Lens,L24,test
636c71ba8bb7e1346b4d905a747f7f97,/data/FMD_Data_26082026/fmd_temp_images/ICube Defects Library/Missing Lens/20241109_065507_L24_C7_9996.bmp,Missing Lens,L24,test
72aa427ca9b2b4c4f31afde88debcaf7,/data/FMD_Data_26082026/fmd_temp_images/Updated ICube Categorical Classes 20260915/Missing Lens/20241204_230417_L24_C13_9985_1.0000.bmp,Missing Lens,L24,test
7a0ece9dd0bde511623f864ed9822a31,/data/FMD_Data_26082026/fmd_temp_images/Updated ICube Categorical Classes 20260915/Missing Lens/20241205_001227_L24_C9_9979_1.0000.bmp,Missing Lens,L24,test
7c6d784f84c4a4a2204c5e168113c2ea,/data/FMD_Data_26082026/fmd_temp_images/Updated ICube Categorical Classes 20260915/Missing Lens/20260821_060454_L24_PalletGHP0821101909_Cavity14_B01BHWW_Fail2_Score(0.9032952).bmp,Missing Lens,L24,test
82e87523f1e4cdf5f473e1e5a3165c8e,/data/FMD_Data_26082026/fmd_temp_images/Updated ICube Categorical Classes 20260915/Missing Lens/20241204_230144_L24_C3_9767_1.0000.bmp,Missing Lens,L24,test
840fb04090fed97b23ea3028f3bff7d6,/data/FMD_Data_26082026/fmd_temp_images/Updated ICube Categorical Classes 20260915/Missing Lens/20241205_001218_L24_C13_9702_1.0000.bmp,Missing Lens,L24,test
859aaa7a8fad775eceb1f9535f99ea93,/data/FMD_Data_26082026/fmd_temp_images/Updated ICube Categorical Classes 20260915/Missing Lens/20241205_112458_L24_C11_9103_1.0000.bmp,Missing Lens,L24,test
87c9ff7f8fa1a28abaf92ab1adf275f3,/data/FMD_Data_26082026/fmd_temp_images/Updated ICube Categorical Classes 20260915/Missing Lens/20241205_001257_L24_C8_9828_1.0000.bmp,Missing Lens,L24,test
984f9b0d5a69cbd0f649952feb68cfc7,/data/FMD_Data_26082026/fmd_temp_images/Updated ICube Categorical Classes 20260915/Missing Lens/20241204_232753_L24_C13_9844_1.0000.bmp,Missing Lens,L24,test
98b0dda84bafb9f7e36ac30a61f8f3a4,/data/FMD_Data_26082026/fmd_temp_images/Updated ICube Categorical Classes 20260915/Missing Lens/20241204_230144_L24_C11_9999_1.0000.bmp,Missing Lens,L24,test
9a4ce4b2c6321f444e264cce6087e58c,/data/FMD_Data_26082026/fmd_temp_images/Updated ICube Categorical Classes 20260915/Missing Lens/20241205_113830_L24_C11_9972_1.0000.bmp,Missing Lens,L24,test
9f03d6fb23221048a309b118f7f330fc,/data/FMD_Data_26082026/fmd_temp_images/Updated ICube Categorical Classes 20260915/Missing Lens/20260729_193941_L24_PalletGHF0729235556_Cavity9_D009FWW_Pass1_Score(0.06336957).bmp,Missing Lens,L24,test
9f8b7a9d8c1d3af628dfad276e514ed8,/data/FMD_Data_26082026/fmd_temp_images/Updated ICube Categorical Classes 20260915/Missing Lens/20241204_235759_L24_C14_9200_1.0000.bmp,Missing Lens,L24,test
a64ae3ff5501dda13a33a680e03a73a1,/data/FMD_Data_26082026/fmd_temp_images/Updated ICube Categorical Classes 20260915/Missing Lens/20241204_230144_L24_C4_9606_1.0000.bmp,Missing Lens,L24,test
a67bd4da751887059d8fd6db8830879f,/data/FMD_Data_26082026/fmd_temp_images/Updated ICube Categorical Classes 20260915/Missing Lens/20241204_232748_L24_C14_9273_1.0000.bmp,Missing Lens,L24,test
a6c34ef8c7c9ac191f7f076a522d311e,/data/FMD_Data_26082026/fmd_temp_images/Updated ICube Categorical Classes 20260915/Missing Lens/20241204_231154_L24_C10_9715_1.0000.bmp,Missing Lens,L24,test
a97c9350b182c89e5c7c47dccb8ce921,/data/FMD_Data_26082026/fmd_temp_images/Updated ICube Categorical Classes 20260915/Missing Lens/20241204_235911_L24_C13_9181_1.0000.bmp,Missing Lens,L24,test
ab33233830ec5d9a210eabcd23c0a092,/data/FMD_Data_26082026/fmd_temp_images/Updated ICube Categorical Classes 20260915/Missing Lens/20241205_105546_L24_C6_9402_1.0000.bmp,Missing Lens,L24,test
ab4856774aea9ff4f1828cad7a21f489,/data/FMD_Data_26082026/fmd_temp_images/Updated ICube Categorical Classes 20260915/Missing Lens/20260729_195944_L24_PalletGHN0730001555_Cavity12_D009FWX_Pass1_Score(0.05691183).bmp,Missing Lens,L24,test
ae3a1f9e1868e2b11f61f3378400bca5,/data/FMD_Data_26082026/fmd_temp_images/Updated ICube Categorical Classes 20260915/Missing Lens/20241205_001223_L24_C12_9797_1.0000.bmp,Missing Lens,L24,test
b0fafa3bddae3e03c05225a62d1e16af,/data/FMD_Data_26082026/fmd_temp_images/Updated ICube Categorical Classes 20260915/Missing Lens/20241204_232348_L24_C9_9993_1.0000.bmp,Missing Lens,L24,test
b6690c72c16eec0538adccd63c988dd8,/data/FMD_Data_26082026/fmd_temp_images/Updated ICube Categorical Classes 20260915/Missing Lens/20241119_175209_L24_C13_9999_1.0000.bmp,Missing Lens,L24,test
bd2b4d895a269809234182a3b9d85844,/data/FMD_Data_26082026/fmd_temp_images/Updated ICube Categorical Classes 20260915/Missing Lens/20260820_175635_L24_PalletGHL0820221200_Cavity4_B01BHWS_Fail6_Score(0.9813554).bmp,Missing Lens,L24,test
c09ed9e6744e5189f30b12e686171c09,/data/FMD_Data_26082026/fmd_temp_images/Updated ICube Categorical Classes 20260915/Missing Lens/20260830_055112_L24_PalletGHM0830100758_Cavity13_B01BLKJ_Fail7_Score(0.9928979).bmp,Missing Lens,L24,test
c370bef9720b9d8326f6934c0000c1fc,/data/FMD_Data_26082026/fmd_temp_images/ICube Defects Library/Missing Lens/20241109_065541_L24_C11_9993.bmp,Missing Lens,L24,test
c48fe1a454f7f11b3cdcead8df8b9aa7,/data/FMD_Data_26082026/fmd_temp_images/Updated ICube Categorical Classes 20260915/Missing Lens/20241205_113821_L24_C8_9803_1.0000.bmp,Missing Lens,L24,test
c9aca8c4a99784b614ce3abc45507079,/data/FMD_Data_26082026/fmd_temp_images/Updated ICube Categorical Classes 20260915/Missing Lens/20241204_235847_L24_C14_9212_1.0000.bmp,Missing Lens,L24,test
d2cae65268e9b1db6ad1b26797837121,/data/FMD_Data_26082026/fmd_temp_images/Updated ICube Categorical Classes 20260915/Missing Lens/20241204_235916_L24_C14_9602_1.0000.bmp,Missing Lens,L24,test
da93437efd8f0429b650030d461900b6,/data/FMD_Data_26082026/fmd_temp_images/Updated ICube Categorical Classes 20260915/Missing Lens/20241205_113821_L24_C12_9964_1.0000.bmp,Missing Lens,L24,test
ddb2498e3d8db8b8e479f831099c31a7,/data/FMD_Data_26082026/fmd_temp_images/Updated ICube Categorical Classes 20260915/Missing Lens/20241204_232348_L24_C13_9941_1.0000.bmp,Missing Lens,L24,test
de4236ceaeaba0273e02b4c263dd7d20,/data/FMD_Data_26082026/fmd_temp_images/Updated ICube Categorical Classes 20260915/Missing Lens/20241205_103826_L24_C12_9752_1.0000.bmp,Missing Lens,L24,test
e1acac88d03c1a96595a06c562a31a98,/data/FMD_Data_26082026/fmd_temp_images/Updated ICube Categorical Classes 20260915/Missing Lens/20241205_001223_L24_C14_9651_1.0000.bmp,Missing Lens,L24,test
e5bc399cf0e7dfa2151aa664a2321cc4,/data/FMD_Data_26082026/fmd_temp_images/Updated ICube Categorical Classes 20260915/Missing Lens/20241205_110101_L24_C15_9322_1.0000.bmp,Missing Lens,L24,test
ecfe820652215ab3b44fa6a1839b511f,/data/FMD_Data_26082026/fmd_temp_images/Updated ICube Categorical Classes 20260915/Missing Lens/20241204_225719_L24_C7_9337_1.0000.bmp,Missing Lens,L24,test
efcf0b7e870fc6eb84094bab6c4830f7,/data/FMD_Data_26082026/fmd_temp_images/Updated ICube Categorical Classes 20260915/Missing Lens/20241205_001227_L24_C10_9879_1.0000.bmp,Missing Lens,L24,test
f71871dfaf2761f3c142fe04540d077c,/data/FMD_Data_26082026/fmd_temp_images/Updated ICube Categorical Classes 20260915/Missing Lens/20241204_231149_L24_C7_9730_1.0000.bmp,Missing Lens,L24,test
fc5f45b19269ccdf71e93c1ab92a9b9e,/data/FMD_Data_26082026/fmd_temp_images/Updated ICube Categorical Classes 20260915/Missing Lens/20241204_232348_L24_C12_9956_1.0000.bmp,Missing Lens,L24,test
ffdef44514aa53be3ea279eef2642ed3,/data/FMD_Data_26082026/fmd_temp_images/Updated ICube Categorical Classes 20260915/Missing Lens/20260811_180249_L24_PalletGHM0811221809_Cavity11_B01BFR9_Fail5_Score(0.9525482).bmp,Missing Lens,L24,test
00ca96108a883e4590315bfdcc1073d8,/data/FMD_Data_26082026/fmd_temp_images/Updated ICube Categorical Classes 20260915/Missing Lens/20241204_232753_L24_C11_9965_1.0000.bmp,Missing Lens,L24,train
014c9141ec95788bf1b36a7af7f6da5d,/data/FMD_Data_26082026/fmd_temp_images/Updated ICube Categorical Classes 20260915/Missing Lens/20241204_225719_L24_C9_9033_1.0000.bmp,Missing Lens,L24,train
01d6884fff67161b9d07da82b0f271fe,/data/FMD_Data_26082026/fmd_temp_images/Updated ICube Categorical Classes 20260915/Missing Lens/20241204_235847_L24_C11_9907_1.0000.bmp,Missing Lens,L24,train
075c0dbc4fdc2baf56e687236b3e61a0,/data/FMD_Data_26082026/fmd_temp_images/Updated ICube Categorical Classes 20260915/Missing Lens/20241204_232348_L24_C7_9824_1.0000.bmp,Missing Lens,L24,train
09a0a3a586907b71281278921596ce28,/data/FMD_Data_26082026/fmd_temp_images/Updated ICube Categorical Classes 20260915/Missing Lens/20260729_195050_L24_PalletGHA0730000705_Cavity7_D009FWX_Pass1_Score(0.006626129).bmp,Missing Lens,L24,train
09ccce46f2b22ca1c29a227906dede79,/data/FMD_Data_26082026/fmd_temp_images/Updated ICube Categorical Classes 20260915/Missing Lens/20241204_225807_L24_C9_9744_1.0000.bmp,Missing Lens,L24,train
0b5b6a74f5819a2e49561e4029823b74,/data/FMD_Data_26082026/fmd_temp_images/Updated ICube Categorical Classes 20260915/Missing Lens/20260729_200035_L24_PalletGHK0730001650_Cavity7_D009FWX_Pass1_Score(0.009674788).bmp,Missing Lens,L24,train
0b819780284ee0f54a46148e9ba2b7ec,/data/FMD_Data_26082026/fmd_temp_images/Updated ICube Categorical Classes 20260915/Missing Lens/20241205_001218_L24_C14_9994_1.0000.bmp,Missing Lens,L24,train
0eb9964f09136e42c01d797c4613c882,/data/FMD_Data_26082026/fmd_temp_images/Updated ICube Categorical Classes 20260915/Missing Lens/20241204_225957_L24_C12_9056_1.0000.bmp,Missing Lens,L24,train
13f3eaa8ed6a8b160a92ad47d6d4a5ba,/data/FMD_Data_26082026/fmd_temp_images/Updated ICube Categorical Classes 20260915/Missing Lens/20241204_232748_L24_C11_9584_1.0000.bmp,Missing Lens,L24,train
15d301b501464796341953275d6931db,/data/FMD_Data_26082026/fmd_temp_images/Updated ICube Categorical Classes 20260915/Missing Lens/20241205_001252_L24_C13_9923_1.0000.bmp,Missing Lens,L24,train
169a66e49c3a2e868b83bdb533447e3c,/data/FMD_Data_26082026/fmd_temp_images/Updated ICube Categorical Classes 20260915/Missing Lens/20241205_104658_L24_C8_9584_1.0000.bmp,Missing Lens,L24,train
1aa80e205179c8fa31df3052543e5a46,/data/FMD_Data_26082026/fmd_temp_images/Updated ICube Categorical Classes 20260915/Missing Lens/20241205_001218_L24_C11_9361_1.0000.bmp,Missing Lens,L24,train
1c8038b1f76ad6d8ceb77e455f5a6a18,/data/FMD_Data_26082026/fmd_temp_images/Updated ICube Categorical Classes 20260915/Missing Lens/20260731_111851_L24_PalletGHD0731153513_Cavity1_D009G0P_Pass1_Score(0.01662487).bmp,Missing Lens,L24,train
1ee0a107c40afe87fde609b9d75a6775,/data/FMD_Data_26082026/fmd_temp_images/Updated ICube Categorical Classes 20260915/Missing Lens/20241205_001257_L24_C13_9991_1.0000.bmp,Missing Lens,L24,train
23331acc61e1222a44f5116e18f8846a,/data/FMD_Data_26082026/fmd_temp_images/Updated ICube Categorical Classes 20260915/Missing Lens/20241204_230424_L24_C13_9206_1.0000.bmp,Missing Lens,L24,train
2368710006c5afb57c2679fed7816906,/data/FMD_Data_26082026/fmd_temp_images/Updated ICube Categorical Classes 20260915/Missing Lens/20241204_234213_L24_C13_9190_1.0000.bmp,Missing Lens,L24,train
2bb99ddb98e82b88e332aa313f88d039,/data/FMD_Data_26082026/fmd_temp_images/Updated ICube Categorical Classes 20260915/Missing Lens/20241204_225950_L24_C13_9762_1.0000.bmp,Missing Lens,L24,train
2d8b01a1e47ab42e6d868b6db350b410,/data/FMD_Data_26082026/fmd_temp_images/Updated ICube Categorical Classes 20260915/Missing Lens/20241204_235847_L24_C7_9333_1.0000.bmp,Missing Lens,L24,train
2dac4d0c7bb5268b0baf96b9ec405cc6,/data/FMD_Data_26082026/fmd_temp_images/Updated ICube Categorical Classes 20260915/Missing Lens/20241205_001257_L24_C10_9995_1.0000.bmp,Missing Lens,L24,train
2e3f52a6371633420025695e6cd37537,/data/FMD_Data_26082026/fmd_temp_images/Updated ICube Categorical Classes 20260915/Missing Lens/20241205_001227_L24_C13_9997_1.0000.bmp,Missing Lens,L24,train
2fb80749a7671a3ec1f3a25fcca53876,/data/FMD_Data_26082026/fmd_temp_images/Updated ICube Categorical Classes 20260915/Missing Lens/20241205_001257_L24_C14_9987_1.0000.bmp,Missing Lens,L24,train
2fbc23948d481b8f901b968dae9b1989,/data/FMD_Data_26082026/fmd_temp_images/Updated ICube Categorical Classes 20260915/Missing Lens/20241204_232933_L24_C12_9048_1.0000.bmp,Missing Lens,L24,train
2fc836bf9ff691d2d8e89637b9b22033,/data/FMD_Data_26082026/fmd_temp_images/Updated ICube Categorical Classes 20260915/Missing Lens/20241204_231154_L24_C12_9831_1.0000.bmp,Missing Lens,L24,train
3357c0f3e4232f405d10c48710c089ad,/data/FMD_Data_26082026/fmd_temp_images/Updated ICube Categorical Classes 20260915/Missing Lens/20241204_232348_L24_C14_9928_1.0000.bmp,Missing Lens,L24,train
34531d8f193d4e63d563c7876484ab9c,/data/FMD_Data_26082026/fmd_temp_images/Updated ICube Categorical Classes 20260915/Missing Lens/20260820_055746_L24_PalletGHA0820101107_Cavity13_B01BHWM_Fail7_Score(0.9988897).bmp,Missing Lens,L24,train
3a8188f10ac3ae13acdb31c6d3a71254,/data/FMD_Data_26082026/fmd_temp_images/Updated ICube Categorical Classes 20260915/Missing Lens/20241205_001227_L24_C12_9979_1.0000.bmp,Missing Lens,L24,train
3b34c49f8611df932546a6c26df8e1e0,/data/FMD_Data_26082026/fmd_temp_images/Updated ICube Categorical Classes 20260915/Missing Lens/20241205_000005_L24_C13_9465_1.0000.bmp,Missing Lens,L24,train
3cf7cfef3259a822ca0ea4bdf8848805,/data/FMD_Data_26082026/fmd_temp_images/Updated ICube Categorical Classes 20260915/Missing Lens/20241204_230404_L24_C13_9193_1.0000.bmp,Missing Lens,L24,train
3d8c4e9332f4ee4ec431526751c8d32c,/data/FMD_Data_26082026/fmd_temp_images/Updated ICube Categorical Classes 20260915/Missing Lens/20260816_070412_L24_PalletGHH0816112016_Cavity12_B01BFS0_Fail7_Score(0.9916398).bmp,Missing Lens,L24,train
46087b1c73709d79d616a1372ce0428a,/data/FMD_Data_26082026/fmd_temp_images/Updated ICube Categorical Classes 20260915/Missing Lens/20241205_001257_L24_C12_9953_1.0000.bmp,Missing Lens,L24,train
478fbe111deb8a892fe8a0814f2b8fc1,/data/FMD_Data_26082026/fmd_temp_images/Updated ICube Categorical Classes 20260915/Missing Lens/20241205_001218_L24_C8_9526_1.0000.bmp,Missing Lens,L24,train
47de8744623056a1656400e9bc156f58,/data/FMD_Data_26082026/fmd_temp_images/Updated ICube Categorical Classes 20260915/Missing Lens/20241205_001227_L24_C14_9997_1.0000.bmp,Missing Lens,L24,train
4b835f02ff9361af7b42f0477695bee7,/data/FMD_Data_26082026/fmd_temp_images/Updated ICube Categorical Classes 20260915/Missing Lens/20241205_000005_L24_C7_9126_1.0000.bmp,Missing Lens,L24,train
4cd64f6d68c520bfc305cbb2c692dfdf,/data/FMD_Data_26082026/fmd_temp_images/Updated ICube Categorical Classes 20260915/Missing Lens/20241204_232933_L24_C7_9160_1.0000.bmp,Missing Lens,L24,train
4d7f0c77c0e081558d385e6eb840aa6e,/data/FMD_Data_26082026/fmd_temp_images/Updated ICube Categorical Classes 20260915/Missing Lens/20241205_000005_L24_C8_9504_1.0000.bmp,Missing Lens,L24,train
4ff83035522b3241750ae3594456ac8c,/data/FMD_Data_26082026/fmd_temp_images/Updated ICube Categorical Classes 20260915/Missing Lens/20241204_235916_L24_C12_9316_1.0000.bmp,Missing Lens,L24,train
50230674745e0b7761fc4669698758ca,/data/FMD_Data_26082026/fmd_temp_images/Updated ICube Categorical Classes 20260915/Missing Lens/20241204_232348_L24_C10_9905_1.0000.bmp,Missing Lens,L24,train
516459312f6551ee7247e4ef7cd0cfe0,/data/FMD_Data_26082026/fmd_temp_images/Updated ICube Categorical Classes 20260915/Missing Lens/20241205_104730_L24_C15_9925_1.0000.bmp,Missing Lens,L24,train
529b2e60661b267f9c4f73e6f2138895,/data/FMD_Data_26082026/fmd_temp_images/Updated ICube Categorical Classes 20260915/Missing Lens/20241205_104729_L24_C9_9584_1.0000.bmp,Missing Lens,L24,train
548b696db8f3def8c951793a20a9934f,/data/FMD_Data_26082026/fmd_temp_images/Updated ICube Categorical Classes 20260915/Missing Lens/20241204_225950_L24_C9_9534_1.0000.bmp,Missing Lens,L24,train
58bbf574f7aac9754d2d3c7657c8547f,/data/FMD_Data_26082026/fmd_temp_images/Updated ICube Categorical Classes 20260915/Missing Lens/20260729_193537_L24_PalletGHC0729235127_Cavity9_D009FWW_Pass1_Score(0.0858441).bmp,Missing Lens,L24,train
5adee041f9aed9830afc1cafa8163af2,/data/FMD_Data_26082026/fmd_temp_images/Updated ICube Categorical Classes 20260915/Missing Lens/20241205_104211_L24_C9_9432_1.0000.bmp,Missing Lens,L24,train
5b0396ce6f7ea6ae1573f8382196af05,/data/FMD_Data_26082026/fmd_temp_images/Updated ICube Categorical Classes 20260915/Missing Lens/20241205_001218_L24_C1_9292_1.0000.bmp,Missing Lens,L24,train
65849230e56e9edac9d06865b5ccbb74,/data/FMD_Data_26082026/fmd_temp_images/Updated ICube Categorical Classes 20260915/Missing Lens/20241205_103826_L24_C7_9379_1.0000.bmp,Missing Lens,L24,train
67938c88c33ab4a7ca4ab2c7ae1dfa28,/data/FMD_Data_26082026/fmd_temp_images/Updated ICube Categorical Classes 20260915/Missing Lens/20241205_001257_L24_C7_9989_1.0000.bmp,Missing Lens,L24,train
6847c44543b19065d8d1a75810c10f11,/data/FMD_Data_26082026/fmd_temp_images/Updated ICube Categorical Classes 20260915/Missing Lens/20241204_231149_L24_C9_9734_1.0000.bmp,Missing Lens,L24,train
6be69a5c177abcb35dd242cb7c7c8706,/data/FMD_Data_26082026/fmd_temp_images/Updated ICube Categorical Classes 20260915/Missing Lens/20241115_050045_L24_C11_9865_1.0000.bmp,Missing Lens,L24,train
6e7d0b5d605955d8bf3ffc6efc06752e,/data/FMD_Data_26082026/fmd_temp_images/Updated ICube Categorical Classes 20260915/Missing Lens/20241205_001227_L24_C15_9989_1.0000.bmp,Missing Lens,L24,train
731cb7d0cf2856d673673a6b55661f4c,/data/FMD_Data_26082026/fmd_temp_images/Updated ICube Categorical Classes 20260915/Missing Lens/20241204_234213_L24_C14_9138_1.0000.bmp,Missing Lens,L24,train
73381700784af85fab6f1c9684cdf2a4,/data/FMD_Data_26082026/fmd_temp_images/Updated ICube Categorical Classes 20260915/Missing Lens/20241204_235847_L24_C5_9325_1.0000.bmp,Missing Lens,L24,train
75606fdca864f10a8f1ccaea6fd2fb16,/data/FMD_Data_26082026/fmd_temp_images/Updated ICube Categorical Classes 20260915/Missing Lens/20241205_113821_L24_C10_9999_1.0000.bmp,Missing Lens,L24,train
77b3273be63bfb3c8ba0e5b06dd753e9,/data/FMD_Data_26082026/fmd_temp_images/Updated ICube Categorical Classes 20260915/Missing Lens/20260729_195843_L24_PalletGHM0730001457_Cavity7_D009FWX_Pass1_Score(0.02115875).bmp,Missing Lens,L24,train
79ad1255f9ed4f400d9fa7311f817a46,/data/FMD_Data_26082026/fmd_temp_images/Updated ICube Categorical Classes 20260915/Missing Lens/20241205_001252_L24_C10_9441_1.0000.bmp,Missing Lens,L24,train
7ac3f76992d8c9cfdda4c66182053bd8,/data/FMD_Data_26082026/fmd_temp_images/Updated ICube Categorical Classes 20260915/Missing Lens/20241205_113830_L24_C7_9903_1.0000.bmp,Missing Lens,L24,train
7b2476c844b33d4217846b40fe288ad5,/data/FMD_Data_26082026/fmd_temp_images/Updated ICube Categorical Classes 20260915/Missing Lens/20241205_001257_L24_C9_9881_1.0000.bmp,Missing Lens,L24,train
7cf18756edf2cfea38c4678cf5659053,/data/FMD_Data_26082026/fmd_temp_images/Updated ICube Categorical Classes 20260915/Missing Lens/20241204_230254_L24_C13_9498_1.0000.bmp,Missing Lens,L24,train
7dd5008bbf7ff36c547efa2923c85355,/data/FMD_Data_26082026/fmd_temp_images/Updated ICube Categorical Classes 20260915/Missing Lens/20241205_001223_L24_C15_9017_1.0000.bmp,Missing Lens,L24,train
7fea9ce4d90eaed0eec748bea5b7d80a,/data/FMD_Data_26082026/fmd_temp_images/Updated ICube Categorical Classes 20260915/Missing Lens/20241205_112052_L24_C7_9150_1.0000.bmp,Missing Lens,L24,train
80680aab4dcfd36ff4abf006f54127fd,/data/FMD_Data_26082026/fmd_temp_images/Updated ICube Categorical Classes 20260915/Missing Lens/20241204_225726_L24_C12_9982_1.0000.bmp,Missing Lens,L24,train
84db499ffa1862a8de2ca24b55191b95,/data/FMD_Data_26082026/fmd_temp_images/Updated ICube Categorical Classes 20260915/Missing Lens/20241205_103821_L24_C13_9895_1.0000.bmp,Missing Lens,L24,train
8741c29053e044cec5fce8cd6c25b095,/data/FMD_Data_26082026/fmd_temp_images/Updated ICube Categorical Classes 20260915/Missing Lens/20241205_000005_L24_C10_9730_1.0000.bmp,Missing Lens,L24,train
89d65a43e7fa68b59df12afc8067223f,/data/FMD_Data_26082026/fmd_temp_images/Updated ICube Categorical Classes 20260915/Missing Lens/20241204_232348_L24_C6_9621_1.0000.bmp,Missing Lens,L24,train
8a3d109087a84f001ef836df7dd533b1,/data/FMD_Data_26082026/fmd_temp_images/Updated ICube Categorical Classes 20260915/Missing Lens/20241205_113821_L24_C13_9409_1.0000.bmp,Missing Lens,L24,train
8a557e0cba338d9e3a459d81327090fe,/data/FMD_Data_26082026/fmd_temp_images/Updated ICube Categorical Classes 20260915/Missing Lens/20241204_230424_L24_C5_9988_1.0000.bmp,Missing Lens,L24,train
8d776c7dd92232a4ae173af83175f0d1,/data/FMD_Data_26082026/fmd_temp_images/Updated ICube Categorical Classes 20260915/Missing Lens/20241118_123723_L24_C11_9264_0.9998.bmp,Missing Lens,L24,train
8e08c5a5e5fe817f86ab9f8545be6935,/data/FMD_Data_26082026/fmd_temp_images/Updated ICube Categorical Classes 20260915/Missing Lens/20241204_235910_L24_C9_9952_1.0000.bmp,Missing Lens,L24,train
917e9c722c5e9dcc899f835e12096f33,/data/FMD_Data_26082026/fmd_temp_images/Updated ICube Categorical Classes 20260915/Missing Lens/20241204_225719_L24_C11_9805_1.0000.bmp,Missing Lens,L24,train
91b01d35b2423587d12e85e0ec79cdff,/data/FMD_Data_26082026/fmd_temp_images/Updated ICube Categorical Classes 20260915/Missing Lens/20241205_001257_L24_C4_9979_1.0000.bmp,Missing Lens,L24,train
962bc00bd75b4df532d988eee781c65e,/data/FMD_Data_26082026/fmd_temp_images/Updated ICube Categorical Classes 20260915/Missing Lens/20241204_232348_L24_C3_9350_1.0000.bmp,Missing Lens,L24,train
97be24919f2742366caf518ee832f579,/data/FMD_Data_26082026/fmd_temp_images/Updated ICube Categorical Classes 20260915/Missing Lens/20241205_105546_L24_C13_9281_1.0000.bmp,Missing Lens,L24,train
97eb833f5ec62d6d66db6a1895c796d8,/data/FMD_Data_26082026/fmd_temp_images/Updated ICube Categorical Classes 20260915/Missing Lens/20260825_060156_L24_PalletGHA0825101508_Cavity13_B01BKK5_Fail7_Score(0.9919668).bmp,Missing Lens,L24,train
994009fd0523ca7e81c5442b26c2a138,/data/FMD_Data_26082026/fmd_temp_images/Updated ICube Categorical Classes 20260915/Missing Lens/20241204_234213_L24_C12_9257_1.0000.bmp,Missing Lens,L24,train
9a0f6054f790b79e4768e490ace71038,/data/FMD_Data_26082026/fmd_temp_images/Updated ICube Categorical Classes 20260915/Missing Lens/20260729_195044_L24_PalletGHT0730000701_Cavity15_D009FWX_Pass1_Score(0.01529992).bmp,Missing Lens,L24,train
9c99065e5ba980f65cb3fa337afd8ce4,/data/FMD_Data_26082026/fmd_temp_images/Updated ICube Categorical Classes 20260915/Missing Lens/20241205_113100_L24_C3_9652_1.0000.bmp,Missing Lens,L24,train
9d5b4081780f5c199af7c60602aef5a0,/data/FMD_Data_26082026/fmd_temp_images/Updated ICube Categorical Classes 20260915/Missing Lens/20241204_235847_L24_C4_9746_1.0000.bmp,Missing Lens,L24,train
9f9fda73b558d631b3a1078e8c7ed0cf,/data/FMD_Data_26082026/fmd_temp_images/Updated ICube Categorical Classes 20260915/Missing Lens/20241204_235759_L24_C7_9054_1.0000.bmp,Missing Lens,L24,train
a0dbd5d04c721f37b23305ef329d1bb6,/data/FMD_Data_26082026/fmd_temp_images/Updated ICube Categorical Classes 20260915/Missing Lens/20241205_001218_L24_C12_9763_1.0000.bmp,Missing Lens,L24,train
a1a5fba173f75930cc15e2e07e6bc08a,/data/FMD_Data_26082026/fmd_temp_images/Updated ICube Categorical Classes 20260915/Missing Lens/20241205_001227_L24_C11_9887_1.0000.bmp,Missing Lens,L24,train
a296cbed6beecfb34ca44c5f2da8ee0d,/data/FMD_Data_26082026/fmd_temp_images/Updated ICube Categorical Classes 20260915/Missing Lens/20260729_200015_L24_PalletGHE0730001628_Cavity9_D009FWX_Pass1_Score(0.03756905).bmp,Missing Lens,L24,train
a54e620ce1e3a376896141c5d77c2b16,/data/FMD_Data_26082026/fmd_temp_images/Updated ICube Categorical Classes 20260915/Missing Lens/20241204_225726_L24_C11_9915_1.0000.bmp,Missing Lens,L24,train
a74593c6cf09138d55b8708ff2a8af44,/data/FMD_Data_26082026/fmd_temp_images/Updated ICube Categorical Classes 20260915/Missing Lens/20241204_225719_L24_C13_9864_1.0000.bmp,Missing Lens,L24,train
a7bf694825df52049b55abdcb10f236c,/data/FMD_Data_26082026/fmd_temp_images/Updated ICube Categorical Classes 20260915/Missing Lens/20260814_175901_L24_PalletGHK0814221357_Cavity3_B01BFRV_Fail5_Score(0.953575).bmp,Missing Lens,L24,train
aa25887a83800d483e686b196585d334,/data/FMD_Data_26082026/fmd_temp_images/Updated ICube Categorical Classes 20260915/Missing Lens/20241205_105546_L24_C8_9248_1.0000.bmp,Missing Lens,L24,train
aa61365865747b3d02dd2bbfde4dbb8e,/data/FMD_Data_26082026/fmd_temp_images/Updated ICube Categorical Classes 20260915/Missing Lens/20241204_230144_L24_C7_9948_1.0000.bmp,Missing Lens,L24,train
aa98e402deb8b13a71065570cd998d17,/data/FMD_Data_26082026/fmd_temp_images/Updated ICube Categorical Classes 20260915/Missing Lens/20241205_113808_L24_C11_9423_1.0000.bmp,Missing Lens,L24,train
acc78c8fe33228b3dd310c8a89b5bb9a,/data/FMD_Data_26082026/fmd_temp_images/Updated ICube Categorical Classes 20260915/Missing Lens/20241205_000005_L24_C12_9768_1.0000.bmp,Missing Lens,L24,train
ad282e0d5813b7e1509bd59584c9bd52,/data/FMD_Data_26082026/fmd_temp_images/Updated ICube Categorical Classes 20260915/Missing Lens/20241205_001257_L24_C1_9372_1.0000.bmp,Missing Lens,L24,train
af7e788159446f16019394b606f4e192,/data/FMD_Data_26082026/fmd_temp_images/Updated ICube Categorical Classes 20260915/Missing Lens/20260729_195039_L24_PalletGHO0730000643_Cavity5_D009FWX_Pass1_Score(0.02090579).bmp,Missing Lens,L24,train
b136baaa89bd2209fbf6ef08cbbb4612,/data/FMD_Data_26082026/fmd_temp_images/Updated ICube Categorical Classes 20260915/Missing Lens/20241205_001257_L24_C15_9974_1.0000.bmp,Missing Lens,L24,train
b6a854590828fe4ad63ffd87b33a12ce,/data/FMD_Data_26082026/fmd_temp_images/Updated ICube Categorical Classes 20260915/Missing Lens/20241204_230404_L24_C7_9547_1.0000.bmp,Missing Lens,L24,train
b842e9e9805cd13daa1f6eb78f3d3c5e,/data/FMD_Data_26082026/fmd_temp_images/Updated ICube Categorical Classes 20260915/Missing Lens/20260817_060332_L24_PalletGHM0817101829_Cavity10_B01BHW1_Fail3_Score(0.9292851).bmp,Missing Lens,L24,train
bc82d04a57eb44f35e2818afa4a325f4,/data/FMD_Data_26082026/fmd_temp_images/Updated ICube Categorical Classes 20260915/Missing Lens/20241204_232753_L24_C14_9518_1.0000.bmp,Missing Lens,L24,train
bed82335691bd3a0dbbb31a36cf68759,/data/FMD_Data_26082026/fmd_temp_images/Updated ICube Categorical Classes 20260915/Missing Lens/20241205_001227_L24_C2_9512_1.0000.bmp,Missing Lens,L24,train
c1e7768afdfea6273788a39ca037540d,/data/FMD_Data_26082026/fmd_temp_images/Updated ICube Categorical Classes 20260915/Missing Lens/20241205_113100_L24_C4_9918_1.0000.bmp,Missing Lens,L24,train
c37fc54fe91c7d41c45eb2a5e85a4629,/data/FMD_Data_26082026/fmd_temp_images/Updated ICube Categorical Classes 20260915/Missing Lens/20260729_200515_L24_PalletGHP0730002120_Cavity10_D009FWX_Pass1_Score(0.02662611).bmp,Missing Lens,L24,train
c4913fa0d4302eaa45dac376fd793bd6,/data/FMD_Data_26082026/fmd_temp_images/Updated ICube Categorical Classes 20260915/Missing Lens/20241205_105154_L24_C11_9867_1.0000.bmp,Missing Lens,L24,train
c56b19732e2ffc9876da26412bcc5155,/data/FMD_Data_26082026/fmd_temp_images/Updated ICube Categorical Classes 20260915/Missing Lens/20241205_000005_L24_C4_9084_1.0000.bmp,Missing Lens,L24,train
c577f5213d5b20b39e89337ca1a2f0de,/data/FMD_Data_26082026/fmd_temp_images/ICube Defects Library/Missing Lens/20241110_160332_L24_PalletGHL1110210223_Cavity8_B0178JM_Fail6_Score(0.9763446).bmp,Missing Lens,L24,train
c668168f30f4c7778d3e651943c67032,/data/FMD_Data_26082026/fmd_temp_images/Updated ICube Categorical Classes 20260915/Missing Lens/20241204_232348_L24_C5_9882_1.0000.bmp,Missing Lens,L24,train
c8514ce819dcfe513ba19c6aa426e982,/data/FMD_Data_26082026/fmd_temp_images/Updated ICube Categorical Classes 20260915/Missing Lens/20241205_103820_L24_C8_9204_1.0000.bmp,Missing Lens,L24,train
c88362f4372630b46446bba7ff62b474,/data/FMD_Data_26082026/fmd_temp_images/Updated ICube Categorical Classes 20260915/Missing Lens/20241205_113821_L24_C11_9316_1.0000.bmp,Missing Lens,L24,train
c95491c5cc96f90e4245021ad71f127a,/data/FMD_Data_26082026/fmd_temp_images/Updated ICube Categorical Classes 20260915/Missing Lens/20260729_200001_L24_PalletGHU0730001616_Cavity5_D009FWX_Pass1_Score(0.04088157).bmp,Missing Lens,L24,train
cd7d0145d70ce38e16dc870c00cbf9c5,/data/FMD_Data_26082026/fmd_temp_images/Updated ICube Categorical Classes 20260915/Missing Lens/20241204_232933_L24_C8_9089_1.0000.bmp,Missing Lens,L24,train
ce5266c1905794d5e47db2f499035008,/data/FMD_Data_26082026/fmd_temp_images/Updated ICube Categorical Classes 20260915/Missing Lens/20241205_105546_L24_C14_9416_1.0000.bmp,Missing Lens,L24,train
cf607b7d3ed17598f8f6e7402539ba2f,/data/FMD_Data_26082026/fmd_temp_images/Updated ICube Categorical Classes 20260915/Missing Lens/20241205_001223_L24_C13_9961_1.0000.bmp,Missing Lens,L24,train
d1b5f869436dd8292a11bde6c638dc14,/data/FMD_Data_26082026/fmd_temp_images/Updated ICube Categorical Classes 20260915/Missing Lens/20241204_230144_L24_C5_9671_1.0000.bmp,Missing Lens,L24,train
d3d4cba882aab5f6e2f25ca34e4ba113,/data/FMD_Data_26082026/fmd_temp_images/Updated ICube Categorical Classes 20260915/Missing Lens/20241204_235752_L24_C13_9249_1.0000.bmp,Missing Lens,L24,train
d42e23590ebafeeae40498612cb50ed7,/data/FMD_Data_26082026/fmd_temp_images/Updated ICube Categorical Classes 20260915/Missing Lens/20241204_225719_L24_C14_9859_1.0000.bmp,Missing Lens,L24,train
d4894fd130aecf01eeedd613d04eddc3,/data/FMD_Data_26082026/fmd_temp_images/Updated ICube Categorical Classes 20260915/Missing Lens/20241205_101048_L24_C11_9809_1.0000.bmp,Missing Lens,L24,train
d75406204b1c62d89c21f324425ce25f,/data/FMD_Data_26082026/fmd_temp_images/Updated ICube Categorical Classes 20260915/Missing Lens/20241204_230417_L24_C11_9306_1.0000.bmp,Missing Lens,L24,train
d7dfc799e31ed42d1f3e0990fbbcca74,/data/FMD_Data_26082026/fmd_temp_images/Updated ICube Categorical Classes 20260915/Missing Lens/20241205_001227_L24_C7_9679_1.0000.bmp,Missing Lens,L24,train
d98997ee9b9d078e4b5e25e434b76ccc,/data/FMD_Data_26082026/fmd_temp_images/Updated ICube Categorical Classes 20260915/Missing Lens/20241205_001257_L24_C11_9994_1.0000.bmp,Missing Lens,L24,train
dc5e90912265426322157ae8b0c65150,/data/FMD_Data_26082026/fmd_temp_images/Updated ICube Categorical Classes 20260915/Missing Lens/20260729_195701_L24_PalletGHD0730001314_Cavity1_D009FWX_Pass1_Score(0.01061112).bmp,Missing Lens,L24,train
df753fdeb574509546454f601efa090f,/data/FMD_Data_26082026/fmd_temp_images/Updated ICube Categorical Classes 20260915/Missing Lens/20241204_231149_L24_C13_9664_1.0000.bmp,Missing Lens,L24,train
e0b7c4439f9ec5929a47bb995e36de33,/data/FMD_Data_26082026/fmd_temp_images/Updated ICube Categorical Classes 20260915/Missing Lens/20241204_232348_L24_C4_9436_1.0000.bmp,Missing Lens,L24,train
e16682556d187cef02a3b89236cd68fe,/data/FMD_Data_26082026/fmd_temp_images/Updated ICube Categorical Classes 20260915/Missing Lens/20241204_230254_L24_C10_9491_1.0000.bmp,Missing Lens,L24,train
e8c5257178aa214e0b94e6b97909bb52,/data/FMD_Data_26082026/fmd_temp_images/Updated ICube Categorical Classes 20260915/Missing Lens/20260807_150544_L24_PalletGHF0807192149_Cavity11_D009GFV_Pass1_Score(0.01497149).bmp,Missing Lens,L24,train
e8d688e563ef6efe62ebe36f8c1aaf46,/data/FMD_Data_26082026/fmd_temp_images/Updated ICube Categorical Classes 20260915/Missing Lens/20241205_001257_L24_C6_9959_1.0000.bmp,Missing Lens,L24,train
ec18e3b42d813b2233fc1b23af50d410,/data/FMD_Data_26082026/fmd_temp_images/Updated ICube Categorical Classes 20260915/Missing Lens/20241119_175208_L24_C8_9665_1.0000.bmp,Missing Lens,L24,train
ef45fb31066a093eb5e2e6d1e70688a0,/data/FMD_Data_26082026/fmd_temp_images/Updated ICube Categorical Classes 20260915/Missing Lens/20241205_113012_L24_C7_9254_1.0000.bmp,Missing Lens,L24,train
f0eaace14a89c9e9ad2223d53b4eb782,/data/FMD_Data_26082026/fmd_temp_images/Updated ICube Categorical Classes 20260915/Missing Lens/20241205_001223_L24_C11_9985_1.0000.bmp,Missing Lens,L24,train
f29eb9b35c7c624e3e9f477c944e70b0,/data/FMD_Data_26082026/fmd_temp_images/Updated ICube Categorical Classes 20260915/Missing Lens/20241205_113830_L24_C13_9871_1.0000.bmp,Missing Lens,L24,train
f3ec674fd1508b34f6e225ab5e9d7036,/data/FMD_Data_26082026/fmd_temp_images/Updated ICube Categorical Classes 20260915/Missing Lens/20260826_055630_L24_PalletGHL0826101211_Cavity10_B01BKKB_Fail3_Score(0.9325241).bmp,Missing Lens,L24,train
fa665cfe6c732d16365411de4f9fb9f4,/data/FMD_Data_26082026/fmd_temp_images/Updated ICube Categorical Classes 20260915/Missing Lens/20241205_001227_L24_C6_9954_1.0000.bmp,Missing Lens,L24,train
fc95547048671b4aeaf6daef3551dbdd,/data/FMD_Data_26082026/fmd_temp_images/Updated ICube Categorical Classes 20260915/Missing Lens/20241205_001252_L24_C12_9638_1.0000.bmp,Missing Lens,L24,train
fe850c3bf25a8cc2d09ff31cbe21f548,/data/FMD_Data_26082026/fmd_temp_images/Updated ICube Categorical Classes 20260915/Missing Lens/20241204_232348_L24_C15_9825_1.0000.bmp,Missing Lens,L24,train
ff9e8729881d862372a3c4c9ebf9d474,/data/FMD_Data_26082026/fmd_temp_images/Updated ICube Categorical Classes 20260915/Missing Lens/20241204_235759_L24_C3_9963_1.0000.bmp,Missing Lens,L24,train
0141878424c836c7edd13d1bc89c18aa,/data/FMD_Data_26082026/fmd_temp_images/Updated ICube Categorical Classes 20260915/Missing Primary Package/20241210_232038_L24_C2_9878_0.9997.bmp,Missing Primary Package,L24,test
0151bf7e265054a1042d9204ab1115c2,/data/FMD_Data_26082026/fmd_temp_images/Updated ICube Categorical Classes 20260915/Missing Primary Package/20241211_223139_L24_C4_9128_0.9998.bmp,Missing Primary Package,L24,test
01d22a995d64685999f87989aff5a5c4,/data/FMD_Data_26082026/fmd_temp_images/ICube Defects Library/Missing Primary Package/20260805_113439_L24_PalletGHT0805155030_Cavity11_D009GB3_Fail7_Score(0.9985599).bmp,Missing Primary Package,L24,test
042f4e912ecfe521ad839a2ac9ba3a4b,/data/FMD_Data_26082026/fmd_temp_images/ICube Defects Library/Missing Primary Package/20241109_042741_L24_C8_9525.bmp,Missing Primary Package,L24,test
05ebe1a585eb176d5af75f6acb8417eb,/data/FMD_Data_26082026/fmd_temp_images/Updated ICube Categorical Classes 20260915/Missing Primary Package/20241214_083801_L24_C8_9852_0.9997.bmp,Missing Primary Package,L24,test
07fe53d895026c93ef18b3b2fbe21ab2,/data/FMD_Data_26082026/fmd_temp_images/Updated ICube Categorical Classes 20260915/Missing Primary Package/20241121_040133_L24_C9_9882_0.9999.bmp,Missing Primary Package,L24,test
08cbd838a2012f6d5a2521b47c43a6ad,/data/FMD_Data_26082026/fmd_temp_images/Updated ICube Categorical Classes 20260915/Missing Primary Package/20260826_062127_L24_PalletGHU0826103815_Cavity5_B01BKKB_Fail7_Score(0.9891998).bmp,Missing Primary Package,L24,test
08d7d199286244ac48772ccc43aa7237,/data/FMD_Data_26082026/fmd_temp_images/Updated ICube Categorical Classes 20260915/Missing Primary Package/20241118_054254_L24_C11_9975_0.9998.bmp,Missing Primary Package,L24,test
08e0dce50f9c52cb2b653d593a9d9157,/data/FMD_Data_26082026/fmd_temp_images/ICube Defects Library/Missing Primary Package/20241104_180911_L24_C15_9911.bmp,Missing Primary Package,L24,test
0930f0c0eed4c170ab8744873fe10a60,/data/FMD_Data_26082026/fmd_temp_images/Updated ICube Categorical Classes 20260915/Missing Primary Package/20241113_133411_L24_C14_9959_0.9997.bmp,Missing Primary Package,L24,test
0bc36ec0b369c3215851ed2915831ea6,/data/FMD_Data_26082026/fmd_temp_images/Updated ICube Categorical Classes 20260915/Missing Primary Package/20241114_122809_L24_C14_9984_0.9996.bmp,Missing Primary Package,L24,test
0c740648dfcd0634473b35b28092fba9,/data/FMD_Data_26082026/fmd_temp_images/Updated ICube Categorical Classes 20260915/Missing Primary Package/20241114_122654_L24_C1_9918_0.9998.bmp,Missing Primary Package,L24,test
0d4255b2996fe6a43057136fe33a0823,/data/FMD_Data_26082026/fmd_temp_images/Updated ICube Categorical Classes 20260915/Missing Primary Package/20241115_112740_L24_C12_9526_0.9999.bmp,Missing Primary Package,L24,test
0d6733cc3450636915de456ce7599e91,/data/FMD_Data_26082026/fmd_temp_images/Updated ICube Categorical Classes 20260915/Missing Primary Package/20241212_174905_L24_C1_9259_0.9997.bmp,Missing Primary Package,L24,test
0dd5b72e30fa2b2a5fe8d923259c9dfc,/data/FMD_Data_26082026/fmd_temp_images/Updated ICube Categorical Classes 20260915/Missing Primary Package/20241207_193506_L24_C12_9943_0.9999.bmp,Missing Primary Package,L24,test
0dee67248d55684c24ab5c74327b8c15,/data/FMD_Data_26082026/fmd_temp_images/Updated ICube Categorical Classes 20260915/Missing Primary Package/20241215_060553_L24_C7_9807_0.9998.bmp,Missing Primary Package,L24,test
0f6361c481ae5a06d03d57a8a8ac14db,/data/FMD_Data_26082026/fmd_temp_images/ICube Defects Library/Missing Primary Package/20241106_221902_L24_C10_9739.bmp,Missing Primary Package,L24,test
105810b39fb531c38051a85bc85a0e7c,/data/FMD_Data_26082026/fmd_temp_images/Updated ICube Categorical Classes 20260915/Missing Primary Package/20241211_142807_L24_C8_9804_0.9998.bmp,Missing Primary Package,L24,test
10b0ae13b1dce4d59bbcc36a120d5638,/data/FMD_Data_26082026/fmd_temp_images/Updated ICube Categorical Classes 20260915/Missing Primary Package/20241113_132934_L24_C4_9948_0.9996.bmp,Missing Primary Package,L24,test
1182d0cf35673ed2696b65b9b972a386,/data/FMD_Data_26082026/fmd_temp_images/Updated ICube Categorical Classes 20260915/Missing Primary Package/20241215_052556_L24_C4_9861_0.9996.bmp,Missing Primary Package,L24,test
1197348085833ef490a9759739bfc415,/data/FMD_Data_26082026/fmd_temp_images/Updated ICube Categorical Classes 20260915/Missing Primary Package/20241214_053159_L24_C9_9830_0.9998.bmp,Missing Primary Package,L24,test
1245d5baf5bd911afb22d5b5c884ec93,/data/FMD_Data_26082026/fmd_temp_images/Updated ICube Categorical Classes 20260915/Missing Primary Package/20241113_112125_L24_C1_9951_0.9997.bmp,Missing Primary Package,L24,test
126cec81d0b70855d31f2b93a3e4a9f0,/data/FMD_Data_26082026/fmd_temp_images/ICube Defects Library/Missing Primary Package/20241110_211748_L24_C13_9984.bmp,Missing Primary Package,L24,test
13611a4457012899e9174c9b8bc2dae3,/data/FMD_Data_26082026/fmd_temp_images/Updated ICube Categorical Classes 20260915/Missing Primary Package/20241205_160812_L24_C13_9845_0.9998.bmp,Missing Primary Package,L24,test
13c6feb7bd2f411eea76ee742389137f,/data/FMD_Data_26082026/fmd_temp_images/Updated ICube Categorical Classes 20260915/Missing Primary Package/20241212_174905_L24_C12_9965_0.9997.bmp,Missing Primary Package,L24,test
148241f3debc8d98d2d736e4a1540004,/data/FMD_Data_26082026/fmd_temp_images/ICube Defects Library/Missing Primary Package/20241108_045134_L24_C7_9933.bmp,Missing Primary Package,L24,test
14b3c37c459f0bd3a92f045d9a76bf07,/data/FMD_Data_26082026/fmd_temp_images/Updated ICube Categorical Classes 20260915/Missing Primary Package/20241114_235745_L24_C11_9834_0.9998.bmp,Missing Primary Package,L24,test
153b4286ffe69c53129509c7c384861c,/data/FMD_Data_26082026/fmd_temp_images/Updated ICube Categorical Classes 20260915/Missing Primary Package/20241116_185335_L24_C2_9972_0.9998.bmp,Missing Primary Package,L24,test
155462664022e883afef48a07e6a0fa7,/data/FMD_Data_26082026/fmd_temp_images/Updated ICube Categorical Classes 20260915/Missing Primary Package/20241213_042529_L24_C5_9883_0.9996.bmp,Missing Primary Package,L24,test
159d0370a354216c32e8282330cdb9a9,/data/FMD_Data_26082026/fmd_temp_images/Updated ICube Categorical Classes 20260915/Missing Primary Package/20241216_081801_L24_C5_9905_0.9998.bmp,Missing Primary Package,L24,test
16083325456f57e8380f8574124d0daa,/data/FMD_Data_26082026/fmd_temp_images/Updated ICube Categorical Classes 20260915/Missing Primary Package/20241216_060927_L24_C1_9606_0.9998.bmp,Missing Primary Package,L24,test
1641c71c1e7bc8cea32f8a579657f7cf,/data/FMD_Data_26082026/fmd_temp_images/ICube Defects Library/Missing Primary Package/20241110_011133_L24_C10_9811.bmp,Missing Primary Package,L24,test
169400101647463c90cc8f782670f1b2,/data/FMD_Data_26082026/fmd_temp_images/Updated ICube Categorical Classes 20260915/Missing Primary Package/20241210_070822_L24_C9_9988_0.9998.bmp,Missing Primary Package,L24,test
16e677a58ba6b5b5d342e96be059c712,/data/FMD_Data_26082026/fmd_temp_images/ICube Defects Library/Missing Primary Package/20241107_075344_L24_C1_9942.bmp,Missing Primary Package,L24,test
16ede38dfd6d9838e852103fa801edec,/data/FMD_Data_26082026/fmd_temp_images/Updated ICube Categorical Classes 20260915/Missing Primary Package/20241120_070252_L24_C11_9900_0.9998.bmp,Missing Primary Package,L24,test
17fea1ab9a0cec03b54f631768b1c955,/data/FMD_Data_26082026/fmd_temp_images/ICube Defects Library/Missing Primary Package/20241110_211748_L24_C4_9854.bmp,Missing Primary Package,L24,test
18ab338a71e8fb6f8da1d028b1091413,/data/FMD_Data_26082026/fmd_temp_images/Updated ICube Categorical Classes 20260915/Missing Primary Package/20241208_182129_L24_C10_9992_0.9997.bmp,Missing Primary Package,L24,test
18aea11d1cbdb9dc03697d15f8f503f5,/data/FMD_Data_26082026/fmd_temp_images/Updated ICube Categorical Classes 20260915/Missing Primary Package/20241120_182705_L24_C12_9804_0.9998.bmp,Missing Primary Package,L24,test
1952364216bd163cf4ce8a0bf8cfe507,/data/FMD_Data_26082026/fmd_temp_images/ICube Defects Library/Missing Primary Package/20241108_174614_L24_C15_9965.bmp,Missing Primary Package,L24,test
19bba30a2e1ca65a3b0e93e2b096991f,/data/FMD_Data_26082026/fmd_temp_images/ICube Defects Library/Missing Primary Package/20241108_081423_L24_C11_9956.bmp,Missing Primary Package,L24,test
1a13dc404ec6e9c7a5275e518a73692b,/data/FMD_Data_26082026/fmd_temp_images/ICube Defects Library/Missing Primary Package/20241108_110236_L24_C11_9933.bmp,Missing Primary Package,L24,test
1a2ad6bcb9bb09cdf6f86d65db1737df,/data/FMD_Data_26082026/fmd_temp_images/Updated ICube Categorical Classes 20260915/Missing Primary Package/20241119_015444_L24_C15_9935_0.9997.bmp,Missing Primary Package,L24,test
1b962da8a85bd37fbd1dc20597e28cd2,/data/FMD_Data_26082026/fmd_temp_images/Updated ICube Categorical Classes 20260915/Missing Primary Package/20241121_034215_L24_C10_9932_0.9999.bmp,Missing Primary Package,L24,test
1bc8a4812c8eaa362b0a8b4425e3daf6,/data/FMD_Data_26082026/fmd_temp_images/Updated ICube Categorical Classes 20260915/Missing Primary Package/20241213_042529_L24_C7_9823_0.9997.bmp,Missing Primary Package,L24,test
1bde0c20f94bb6df967ffc8b952f2fdb,/data/FMD_Data_26082026/fmd_temp_images/Updated ICube Categorical Classes 20260915/Missing Primary Package/20241216_081810_L24_C1_9917_0.9995.bmp,Missing Primary Package,L24,test
1c27c4d912831b8365caa3f5744c0e84,/data/FMD_Data_26082026/fmd_temp_images/Updated ICube Categorical Classes 20260915/Missing Primary Package/20241206_100051_L24_C2_9478_0.9998.bmp,Missing Primary Package,L24,test
1c35274a4b6a452e19855b5d014fbd2a,/data/FMD_Data_26082026/fmd_temp_images/Updated ICube Categorical Classes 20260915/Missing Primary Package/20241118_123527_L24_C13_9974_0.9999.bmp,Missing Primary Package,L24,test
1cdc88c52b1b06dd2d3b40e2dcc86a17,/data/FMD_Data_26082026/fmd_temp_images/ICube Defects Library/Missing Primary Package/20241108_182359_L24_C5_9865.bmp,Missing Primary Package,L24,test
1d33348ccf51ab1f4809bc9fd26de812,/data/FMD_Data_26082026/fmd_temp_images/Updated ICube Categorical Classes 20260915/Missing Primary Package/20260827_004138_L24_PalletGHD0827045725_Cavity5_B01BKKH_Fail7_Score(0.9999275).bmp,Missing Primary Package,L24,test
1d45bdfb0552d674cdad518aa90a03a2,/data/FMD_Data_26082026/fmd_temp_images/ICube Defects Library/Missing Primary Package/20241108_175956_L24_C9_9949.bmp,Missing Primary Package,L24,test
1e11d19651c7b5136f7e45e9686cc53b,/data/FMD_Data_26082026/fmd_temp_images/Updated ICube Categorical Classes 20260915/Missing Primary Package/20241122_081234_L24_C12_9939_0.9999.bmp,Missing Primary Package,L24,test
1f476845975818d163d43ab13c0db0af,/data/FMD_Data_26082026/fmd_temp_images/ICube Defects Library/Missing Primary Package/20241103_141007_L24_C2_9460.bmp,Missing Primary Package,L24,test
1f5b56536828336149c591ac83e1c741,/data/FMD_Data_26082026/fmd_temp_images/ICube Defects Library/Missing Primary Package/20241108_191457_L24_C11_9969.bmp,Missing Primary Package,L24,test
1fcb415a434065d9d9a352e94e1b5a35,/data/FMD_Data_26082026/fmd_temp_images/ICube Defects Library/Missing Primary Package/20241108_110235_L24_C1_9306.bmp,Missing Primary Package,L24,test
214f266ac455113b66ce08d229bbccb9,/data/FMD_Data_26082026/fmd_temp_images/ICube Defects Library/Missing Primary Package/20241107_215355_L24_C11_9814.bmp,Missing Primary Package,L24,test
220600537480fb89e880d1b3f32cff0c,/data/FMD_Data_26082026/fmd_temp_images/ICube Defects Library/Missing Primary Package/20260728_232528_L24_PalletGHN0729034135_Cavity15_D009FV9_Fail7_Score(0.9990399).bmp,Missing Primary Package,L24,test
221f991a562124ac0496b7517443890f,/data/FMD_Data_26082026/fmd_temp_images/Updated ICube Categorical Classes 20260915/Missing Primary Package/20241120_182716_L24_C8_9934_0.9998.bmp,Missing Primary Package,L24,test
22b5723129709e4f68c9dd22faeac0d2,/data/FMD_Data_26082026/fmd_temp_images/Updated ICube Categorical Classes 20260915/Missing Primary Package/20241114_122809_L24_C13_9963_0.9998.bmp,Missing Primary Package,L24,test
23fb4062ceddefd9c333e31d9e4e62ca,/data/FMD_Data_26082026/fmd_temp_images/Updated ICube Categorical Classes 20260915/Missing Primary Package/20241212_174905_L24_C15_9780_0.9998.bmp,Missing Primary Package,L24,test
26b1913e328cc704b2389e244612fdc6,/data/FMD_Data_26082026/fmd_temp_images/Updated ICube Categorical Classes 20260915/Missing Primary Package/20241113_134537_L24_C7_9964_0.9997.bmp,Missing Primary Package,L24,test
2744b87b4b051fb6a8c46da78091091b,/data/FMD_Data_26082026/fmd_temp_images/Updated ICube Categorical Classes 20260915/Missing Primary Package/20241117_093705_L24_C1_9956_0.9998.bmp,Missing Primary Package,L24,test
28a237a4e4f64a9d7dc1d1ca265914f2,/data/FMD_Data_26082026/fmd_temp_images/ICube Defects Library/Missing Primary Package/20241108_042443_L24_C6_9936.bmp,Missing Primary Package,L24,test
293e368fbc7b692230936c242ccdbd7a,/data/FMD_Data_26082026/fmd_temp_images/Updated ICube Categorical Classes 20260915/Missing Primary Package/20241210_163150_L24_C14_9959_0.9997.bmp,Missing Primary Package,L24,test
2a1d30eba81a9b9e2f724d81f59fa7d5,/data/FMD_Data_26082026/fmd_temp_images/Updated ICube Categorical Classes 20260915/Missing Primary Package/20241206_121622_L24_C4_9606_0.9998.bmp,Missing Primary Package,L24,test
2c60d28319c075a7b70ff7a3262d9cba,/data/FMD_Data_26082026/fmd_temp_images/ICube Defects Library/Missing Primary Package/20241102_170757_L24_C5_9504.bmp,Missing Primary Package,L24,test
2c881c84654099690c2e2138342f810a,/data/FMD_Data_26082026/fmd_temp_images/Updated ICube Categorical Classes 20260915/Missing Primary Package/20241111_194515_L24_C6_9345_0.9997.bmp,Missing Primary Package,L24,test
2d0a8171b099b31c2c25306e257d7c6a,/data/FMD_Data_26082026/fmd_temp_images/Updated ICube Categorical Classes 20260915/Missing Primary Package/20241210_064958_L24_C9_9996_0.9998.bmp,Missing Primary Package,L24,test
2e2f6ce8b1d1af623a765a4b6385a8a2,/data/FMD_Data_26082026/fmd_temp_images/Updated ICube Categorical Classes 20260915/Missing Primary Package/20241206_182236_L24_C12_9766_0.9998.bmp,Missing Primary Package,L24,test
2f71f7c348b71aa059771aec16b0084e,/data/FMD_Data_26082026/fmd_temp_images/Updated ICube Categorical Classes 20260915/Missing Primary Package/20241118_040936_L24_C11_9967_0.9998.bmp,Missing Primary Package,L24,test
2f9890b0f8fd81e134f1d8c9f9cbfbd3,/data/FMD_Data_26082026/fmd_temp_images/Updated ICube Categorical Classes 20260915/Missing Primary Package/20241115_023043_L24_C13_9908_0.9999.bmp,Missing Primary Package,L24,test
301fff6132e61854848a75c9bab5c453,/data/FMD_Data_26082026/fmd_temp_images/ICube Defects Library/Missing Primary Package/20241107_202623_L24_C12_9692.bmp,Missing Primary Package,L24,test
30302c95a3cc65b20fa86191902787f4,/data/FMD_Data_26082026/fmd_temp_images/Updated ICube Categorical Classes 20260915/Missing Primary Package/20241120_053241_L24_C5_9005_0.9999.bmp,Missing Primary Package,L24,test
30936c38e527c28424f4ec27e4b63d7c,/data/FMD_Data_26082026/fmd_temp_images/Updated ICube Categorical Classes 20260915/Missing Primary Package/20241118_211655_L24_C10_9936_0.9998.bmp,Missing Primary Package,L24,test
31157c31fb26390a6040b7f608d200b0,/data/FMD_Data_26082026/fmd_temp_images/Updated ICube Categorical Classes 20260915/Missing Primary Package/20241114_235745_L24_C13_9659_0.9999.bmp,Missing Primary Package,L24,test
31a36130f0eeb1b894600f456056d69b,/data/FMD_Data_26082026/fmd_temp_images/Updated ICube Categorical Classes 20260915/Missing Primary Package/20241116_141420_L24_C11_9992_0.9999.bmp,Missing Primary Package,L24,test
321dbbfd82499b28e8828c7800c1860c,/data/FMD_Data_26082026/fmd_temp_images/Updated ICube Categorical Classes 20260915/Missing Primary Package/20241120_053231_L24_C1_9035_0.9999.bmp,Missing Primary Package,L24,test
3242c374210695fe9d4404298d5dffa8,/data/FMD_Data_26082026/fmd_temp_images/Updated ICube Categorical Classes 20260915/Missing Primary Package/20241114_124820_L24_C12_9958_0.9998.bmp,Missing Primary Package,L24,test
325db43d7272b4f8b3045d2550dce2e3,/data/FMD_Data_26082026/fmd_temp_images/Updated ICube Categorical Classes 20260915/Missing Primary Package/20241116_214631_L24_C13_9983_0.9998.bmp,Missing Primary Package,L24,test
326e5be8081450e5f7687018e1dc37ea,/data/FMD_Data_26082026/fmd_temp_images/ICube Defects Library/Missing Primary Package/20241103_151133_L24_C14_9003.bmp,Missing Primary Package,L24,test
328e4c96c36b8b69401fbc40e676b527,/data/FMD_Data_26082026/fmd_temp_images/Updated ICube Categorical Classes 20260915/Missing Primary Package/20241115_210818_L24_C12_9996_0.9999.bmp,Missing Primary Package,L24,test
33f05d11463371dea0a67445a1541cce,/data/FMD_Data_26082026/fmd_temp_images/Updated ICube Categorical Classes 20260915/Missing Primary Package/20241114_124820_L24_C14_9924_0.9997.bmp,Missing Primary Package,L24,test
343da61e056b8fa3e6745b3c19a74565,/data/FMD_Data_26082026/fmd_temp_images/ICube Defects Library/Missing Primary Package/20241103_151338_L24_C2_9722.bmp,Missing Primary Package,L24,test
3669f8ddbf55a0511b1986446cff60be,/data/FMD_Data_26082026/fmd_temp_images/Updated ICube Categorical Classes 20260915/Missing Primary Package/20241122_081234_L24_C13_9933_0.9999.bmp,Missing Primary Package,L24,test
37ed4d8ea92c01383377472fd3b9a282,/data/FMD_Data_26082026/fmd_temp_images/Updated ICube Categorical Classes 20260915/Missing Primary Package/20241214_045613_L24_C1_9908_0.9997.bmp,Missing Primary Package,L24,test
380f20d25201bf603107e72ee30c2e82,/data/FMD_Data_26082026/fmd_temp_images/ICube Defects Library/Missing Primary Package/20241107_202624_L24_C15_9797.bmp,Missing Primary Package,L24,test
38e5cb2b7ef4ddfde8270c86979b1f81,/data/FMD_Data_26082026/fmd_temp_images/Updated ICube Categorical Classes 20260915/Missing Primary Package/20241211_193254_L24_C11_9807_0.9998.bmp,Missing Primary Package,L24,test
394cc000b0dceebaf8d68b564c23f49a,/data/FMD_Data_26082026/fmd_temp_images/Updated ICube Categorical Classes 20260915/Missing Primary Package/20241121_034210_L24_C15_9956_0.9999.bmp,Missing Primary Package,L24,test
3a835ec96df142be98eaeaa715bbab36,/data/FMD_Data_26082026/fmd_temp_images/Updated ICube Categorical Classes 20260915/Missing Primary Package/20241116_214631_L24_C12_9932_0.9997.bmp,Missing Primary Package,L24,test
3ad3457c2209476ade8a1cf406ab10a6,/data/FMD_Data_26082026/fmd_temp_images/ICube Defects Library/Missing Primary Package/20241107_195033_L24_C12_9884.bmp,Missing Primary Package,L24,test
3bc7a7b9c1801786ab26963a61ff4941,/data/FMD_Data_26082026/fmd_temp_images/Updated ICube Categorical Classes 20260915/Missing Primary Package/20241119_173743_L24_C11_9629_0.9999.bmp,Missing Primary Package,L24,test
3c313ecb6f6796e5141491a0605cea00,/data/FMD_Data_26082026/fmd_temp_images/Updated ICube Categorical Classes 20260915/Missing Primary Package/20241213_144353_L24_C10_9945_0.9997.bmp,Missing Primary Package,L24,test
3cb67e4e0b12ac789379f3cf33dbfc19,/data/FMD_Data_26082026/fmd_temp_images/Updated ICube Categorical Classes 20260915/Missing Primary Package/20241115_183416_L24_C9_9997_0.9998.bmp,Missing Primary Package,L24,test
3d28ab5b565bfa94788be6fadc44b006,/data/FMD_Data_26082026/fmd_temp_images/Updated ICube Categorical Classes 20260915/Missing Primary Package/20241114_042122_L24_C11_9979_0.9998.bmp,Missing Primary Package,L24,test
3f30e17413ddb929f28091d0de89cac9,/data/FMD_Data_26082026/fmd_temp_images/Updated ICube Categorical Classes 20260915/Missing Primary Package/20241116_000229_L24_C1_9989_0.9996.bmp,Missing Primary Package,L24,test
3f7c9c751400923718b54b29fa89795f,/data/FMD_Data_26082026/fmd_temp_images/Updated ICube Categorical Classes 20260915/Missing Primary Package/20241209_123648_L24_C5_9523_0.9998.bmp,Missing Primary Package,L24,test
3fec164c87db5f7dbcc4aca56cc35d9c,/data/FMD_Data_26082026/fmd_temp_images/Updated ICube Categorical Classes 20260915/Missing Primary Package/20241115_023042_L24_C8_9847_0.9999.bmp,Missing Primary Package,L24,test
407551eafa45fe03dea5a7f70466c727,/data/FMD_Data_26082026/fmd_temp_images/Updated ICube Categorical Classes 20260915/Missing Primary Package/20241214_180139_L24_C8_9865_0.9996.bmp,Missing Primary Package,L24,test
41e30101193e04bff618f587ff4c8b28,/data/FMD_Data_26082026/fmd_temp_images/Updated ICube Categorical Classes 20260915/Missing Primary Package/20241114_122809_L24_C9_9942_0.9999.bmp,Missing Primary Package,L24,test
4380b6ef8745864bc417535cd81ea833,/data/FMD_Data_26082026/fmd_temp_images/Updated ICube Categorical Classes 20260915/Missing Primary Package/20241205_233024_L24_C5_9849_0.9998.bmp,Missing Primary Package,L24,test
43d783e1a99ce49db0673d6a6659fcec,/data/FMD_Data_26082026/fmd_temp_images/Updated ICube Categorical Classes 20260915/Missing Primary Package/20241205_160812_L24_C12_9353_0.8076.bmp,Missing Primary Package,L24,test
45347f771907977e6df7d49c202065d7,/data/FMD_Data_26082026/fmd_temp_images/ICube Defects Library/Missing Primary Package/20241108_190943_L24_C13_9974.bmp,Missing Primary Package,L24,test
4670ebc413861196cac0b382a9728f40,/data/FMD_Data_26082026/fmd_temp_images/Updated ICube Categorical Classes 20260915/Missing Primary Package/20241113_033909_L24_C4_9795_0.9997.bmp,Missing Primary Package,L24,test
468402659baba9f6a4bc7d5d4995e1d1,/data/FMD_Data_26082026/fmd_temp_images/ICube Defects Library/Missing Primary Package/20241111_173010_L24_C5_9670.bmp,Missing Primary Package,L24,test
47bea6cd0f574ea799446915ab3840c8,/data/FMD_Data_26082026/fmd_temp_images/ICube Defects Library/Missing Primary Package/20241110_011134_L24_C14_9943.bmp,Missing Primary Package,L24,test
47e87d72dea836fcbc31fb45292c296f,/data/FMD_Data_26082026/fmd_temp_images/Updated ICube Categorical Classes 20260915/Missing Primary Package/20241118_190618_L24_C11_9991_0.9998.bmp,Missing Primary Package,L24,test
49654a6aa59180d7c43e559d0fd60d59,/data/FMD_Data_26082026/fmd_temp_images/ICube Defects Library/Missing Primary Package/20241107_211011_L24_C5_9899.bmp,Missing Primary Package,L24,test
4a3130e01ee611def277a9ace8e8da08,/data/FMD_Data_26082026/fmd_temp_images/ICube Defects Library/Missing Primary Package/20241109_143723_L24_C12_9659.bmp,Missing Primary Package,L24,test
4a7167501a0efb95b55c33d0b7b9f400,/data/FMD_Data_26082026/fmd_temp_images/Updated ICube Categorical Classes 20260915/Missing Primary Package/20260827_004002_L24_PalletGHM0827045654_Cavity15_B01BKKH_Fail5_Score(0.9651716).bmp,Missing Primary Package,L24,test
4bfae5bd2f45f278996567e4234e4a8d,/data/FMD_Data_26082026/fmd_temp_images/Updated ICube Categorical Classes 20260915/Missing Primary Package/20241116_214744_L24_C15_9988_0.9999.bmp,Missing Primary Package,L24,test
4c4a42ab48110f72b4ff2628e58f4d29,/data/FMD_Data_26082026/fmd_temp_images/Updated ICube Categorical Classes 20260915/Missing Primary Package/20241211_144803_L24_C5_9703_0.9996.bmp,Missing Primary Package,L24,test
4cbbf8916b2ebcf1b238b6c30126b128,/data/FMD_Data_26082026/fmd_temp_images/ICube Defects Library/Missing Primary Package/20241109_212322_L24_C15_9900.bmp,Missing Primary Package,L24,test
4d489b8cdcde8ef2ef78ba7824a00766,/data/FMD_Data_26082026/fmd_temp_images/ICube Defects Library/Missing Primary Package/20260729_032909_L24_PalletGHC0729074519_Cavity13_D009FVL_Fail7_Score(0.9991159).bmp,Missing Primary Package,L24,test
4d99e92df5cfd777bbd54f6086ec41cb,/data/FMD_Data_26082026/fmd_temp_images/Updated ICube Categorical Classes 20260915/Missing Primary Package/20241214_180139_L24_C9_9964_0.9998.bmp,Missing Primary Package,L24,test
4dcc057d0349a4b75b452b3bf3c77798,/data/FMD_Data_26082026/fmd_temp_images/Updated ICube Categorical Classes 20260915/Missing Primary Package/20241115_212808_L24_C12_9994_0.9999.bmp,Missing Primary Package,L24,test
4df3ab1799673448470a3b16d4c1f03f,/data/FMD_Data_26082026/fmd_temp_images/Updated ICube Categorical Classes 20260915/Missing Primary Package/20241206_121622_L24_C5_9785_0.9998.bmp,Missing Primary Package,L24,test
4e3e0a2827481a14f67d67b4a29898f8,/data/FMD_Data_26082026/fmd_temp_images/Updated ICube Categorical Classes 20260915/Missing Primary Package/20241120_171118_L24_C14_9962_0.9998.bmp,Missing Primary Package,L24,test
4ea5ee93c3f181fdb247e3f3ca237ae3,/data/FMD_Data_26082026/fmd_temp_images/Updated ICube Categorical Classes 20260915/Missing Primary Package/20241213_055847_L24_C9_9601_0.9997.bmp,Missing Primary Package,L24,test
5018e0423288cc29e945643a338328f9,/data/FMD_Data_26082026/fmd_temp_images/Updated ICube Categorical Classes 20260915/Missing Primary Package/20241120_171118_L24_C15_9845_0.9998.bmp,Missing Primary Package,L24,test
51ad2c8cd1838e85239d7f0db9eb69ef,/data/FMD_Data_26082026/fmd_temp_images/ICube Defects Library/Missing Primary Package/20241108_191313_L24_C13_9905.bmp,Missing Primary Package,L24,test
528a52924cf2d527e98271efe4eab43a,/data/FMD_Data_26082026/fmd_temp_images/Updated ICube Categorical Classes 20260915/Missing Primary Package/20241117_014303_L24_C11_9964_0.9999.bmp,Missing Primary Package,L24,test
52f8e6f17cab07b603196fb5b7078f52,/data/FMD_Data_26082026/fmd_temp_images/Updated ICube Categorical Classes 20260915/Missing Primary Package/20241121_034215_L24_C13_9968_0.9999.bmp,Missing Primary Package,L24,test
5309eef11bc9b1c40e363f04fed81796,/data/FMD_Data_26082026/fmd_temp_images/Updated ICube Categorical Classes 20260915/Missing Primary Package/20241118_040936_L24_C10_9976_0.9994.bmp,Missing Primary Package,L24,test
5339ab591704be4a6beee4a7d4b2f9e0,/data/FMD_Data_26082026/fmd_temp_images/Updated ICube Categorical Classes 20260915/Missing Primary Package/20241210_163150_L24_C10_9951_0.9998.bmp,Missing Primary Package,L24,test
54b95900200bf0234f667da2e7c1ad25,/data/FMD_Data_26082026/fmd_temp_images/Updated ICube Categorical Classes 20260915/Missing Primary Package/20241112_145151_L24_C15_9803_0.9999.bmp,Missing Primary Package,L24,test
54c219dec0a3611424617d14500d9d01,/data/FMD_Data_26082026/fmd_temp_images/ICube Defects Library/Missing Primary Package/20241110_193544_L24_C5_9996.bmp,Missing Primary Package,L24,test
573c41d596db9963a4af4634b350ad3c,/data/FMD_Data_26082026/fmd_temp_images/Updated ICube Categorical Classes 20260915/Missing Primary Package/20241112_234539_L24_C12_9973_0.9998.bmp,Missing Primary Package,L24,test
57c83c315e95e38128dc3eef2e4987a3,/data/FMD_Data_26082026/fmd_temp_images/ICube Defects Library/Missing Primary Package/20241108_042443_L24_C1_9828.bmp,Missing Primary Package,L24,test
57fdc86c762fb42819ae407b1ca139b1,/data/FMD_Data_26082026/fmd_temp_images/ICube Defects Library/Missing Primary Package/20241108_042443_L24_C7_9944.bmp,Missing Primary Package,L24,test
58276162af648b8fce336ece5286fa51,/data/FMD_Data_26082026/fmd_temp_images/Updated ICube Categorical Classes 20260915/Missing Primary Package/20241211_200340_L24_C10_9562_0.9998.bmp,Missing Primary Package,L24,test
58852fd69eb41621e55f32fe050bff8c,/data/FMD_Data_26082026/fmd_temp_images/ICube Defects Library/Missing Primary Package/20241103_141007_L24_C5_9781.bmp,Missing Primary Package,L24,test
595c2d9e9c90586f3c68633256ddf800,/data/FMD_Data_26082026/fmd_temp_images/Updated ICube Categorical Classes 20260915/Missing Primary Package/20241120_160745_L24_C15_9933_0.9999.bmp,Missing Primary Package,L24,test
5a505c0533d59169272de113fdba5a0d,/data/FMD_Data_26082026/fmd_temp_images/Updated ICube Categorical Classes 20260915/Missing Primary Package/20241212_092914_L24_C6_9252_0.9998.bmp,Missing Primary Package,L24,test
5a561bed56605258157347a2b44fee59,/data/FMD_Data_26082026/fmd_temp_images/Updated ICube Categorical Classes 20260915/Missing Primary Package/20241212_034502_L24_C5_9707_0.9997.bmp,Missing Primary Package,L24,test
5aaf2c196dcb5a1dd00c47e8305cceac,/data/FMD_Data_26082026/fmd_temp_images/Updated ICube Categorical Classes 20260915/Missing Primary Package/20260821_002019_L24_PalletGHA0821043615_Cavity3_B01BHWV_Fail3_Score(0.9280376).bmp,Missing Primary Package,L24,test
5ad96d6246d96ad61b3c10ba6adf6b65,/data/FMD_Data_26082026/fmd_temp_images/ICube Defects Library/Missing Primary Package/20260805_113434_L24_PalletGHQ0805155025_Cavity10_D009GB3_Fail7_Score(0.9973544).bmp,Missing Primary Package,L24,test
5b0525e15af00b064567e9f4966dc2ed,/data/FMD_Data_26082026/fmd_temp_images/Updated ICube Categorical Classes 20260915/Missing Primary Package/20241206_023135_L24_C13_9898_0.9999.bmp,Missing Primary Package,L24,test
5c1f8bcd5521f13c2bfedde59b2d0de2,/data/FMD_Data_26082026/fmd_temp_images/Updated ICube Categorical Classes 20260915/Missing Primary Package/20241115_114733_L24_C13_9590_0.9999.bmp,Missing Primary Package,L24,test
5cc6a82e2b72e5c36687aafd8368d516,/data/FMD_Data_26082026/fmd_temp_images/Updated ICube Categorical Classes 20260915/Missing Primary Package/20241121_192813_L24_C14_9987_0.9999.bmp,Missing Primary Package,L24,test
5d938482686ca422258d3326a5f6818f,/data/FMD_Data_26082026/fmd_temp_images/Updated ICube Categorical Classes 20260915/Missing Primary Package/20241213_112157_L24_C1_9212_0.9998.bmp,Missing Primary Package,L24,test
5df74ebcde6f37414d2c009a1b078dc7,/data/FMD_Data_26082026/fmd_temp_images/Updated ICube Categorical Classes 20260915/Missing Primary Package/20241205_130626_L24_C8_9753_0.9998.bmp,Missing Primary Package,L24,test
5e00ef31527c75c6e0c3b6b7190b7595,/data/FMD_Data_26082026/fmd_temp_images/Updated ICube Categorical Classes 20260915/Missing Primary Package/20241117_014140_L24_C10_9990_0.9998.bmp,Missing Primary Package,L24,test
5ecd2723d274cfd661ee3810d14b2892,/data/FMD_Data_26082026/fmd_temp_images/Updated ICube Categorical Classes 20260915/Missing Primary Package/20241214_041912_L24_C4_9748_0.9997.bmp,Missing Primary Package,L24,test
5f867b30e430a83cfd1b70d2c3572ea6,/data/FMD_Data_26082026/fmd_temp_images/Updated ICube Categorical Classes 20260915/Missing Primary Package/20241116_213459_L24_C15_9952_0.9998.bmp,Missing Primary Package,L24,test
5fd03ceb3c6a471d46b9ddc7ff9d00e0,/data/FMD_Data_26082026/fmd_temp_images/ICube Defects Library/Missing Primary Package/20241109_232346_L24_C14_9987.bmp,Missing Primary Package,L24,test
61a1d3590e7370b22bf91cf928ef42e7,/data/FMD_Data_26082026/fmd_temp_images/ICube Defects Library/Missing Primary Package/20241102_182951_L24_C12_9222.bmp,Missing Primary Package,L24,test
61a9908bc7d8c7ac6f80f05c3c4cfa75,/data/FMD_Data_26082026/fmd_temp_images/ICube Defects Library/Missing Primary Package/20241108_191457_L24_C12_9908.bmp,Missing Primary Package,L24,test
632c0e5c5cae56d2c9f69ab27c5d29b0,/data/FMD_Data_26082026/fmd_temp_images/ICube Defects Library/Missing Primary Package/20241110_193544_L24_C7_9977.bmp,Missing Primary Package,L24,test
6468361c3b54dda708d552a4aae56091,/data/FMD_Data_26082026/fmd_temp_images/ICube Defects Library/Missing Primary Package/20241104_020416_L24_C7_9469.bmp,Missing Primary Package,L24,test
6472b316e7b9e4cc3eee3d2e8fb6f6fd,/data/FMD_Data_26082026/fmd_temp_images/Updated ICube Categorical Classes 20260915/Missing Primary Package/20241215_005538_L24_C8_9861_0.9996.bmp,Missing Primary Package,L24,test
67d0f2a03372a227c5ae7d8dd45acee4,/data/FMD_Data_26082026/fmd_temp_images/Updated ICube Categorical Classes 20260915/Missing Primary Package/20241114_235745_L24_C6_9232_0.9999.bmp,Missing Primary Package,L24,test
683d1807b78e06c90a6523dc9c131f4f,/data/FMD_Data_26082026/fmd_temp_images/ICube Defects Library/Missing Primary Package/20241106_175741_L24_C11_9884.bmp,Missing Primary Package,L24,test
68e465b904a902bf8298a979b6d7e9e6,/data/FMD_Data_26082026/fmd_temp_images/Updated ICube Categorical Classes 20260915/Missing Primary Package/20241118_063715_L24_C5_9945_0.9998.bmp,Missing Primary Package,L24,test
6984cc761118799806889a93b85b56ad,/data/FMD_Data_26082026/fmd_temp_images/Updated ICube Categorical Classes 20260915/Missing Primary Package/20241120_070215_L24_C3_9857_0.9999.bmp,Missing Primary Package,L24,test
6a352d6c286dd47011b58ccc7456f535,/data/FMD_Data_26082026/fmd_temp_images/Updated ICube Categorical Classes 20260915/Missing Primary Package/20241121_122132_L24_C11_9964_0.9998.bmp,Missing Primary Package,L24,test
6ae405d71bc2316024e76fdb6cb4f02b,/data/FMD_Data_26082026/fmd_temp_images/ICube Defects Library/Missing Primary Package/20241109_172315_L24_C4_9965.bmp,Missing Primary Package,L24,test
6c171480e71217e7019e4c323134fd27,/data/FMD_Data_26082026/fmd_temp_images/ICube Defects Library/Missing Primary Package/20241102_170856_L24_C13_9731.bmp,Missing Primary Package,L24,test
6cf89e1f0ef1876a1d888de43909c991,/data/FMD_Data_26082026/fmd_temp_images/Updated ICube Categorical Classes 20260915/Missing Primary Package/20241214_230224_L24_C10_9963_0.9995.bmp,Missing Primary Package,L24,test
6d1f2167cf5b1a4c3a299921cb30ded2,/data/FMD_Data_26082026/fmd_temp_images/Updated ICube Categorical Classes 20260915/Missing Primary Package/20241206_014012_L24_C14_9640_0.9997.bmp,Missing Primary Package,L24,test
7067bf36d727d8f10ab3f4b282abe8e6,/data/FMD_Data_26082026/fmd_temp_images/ICube Defects Library/Missing Primary Package/20241102_132004_L24_C12_9593.bmp,Missing Primary Package,L24,test
71a2a36fe615313f184d98696f292cd8,/data/FMD_Data_26082026/fmd_temp_images/Updated ICube Categorical Classes 20260915/Missing Primary Package/20241206_021858_L24_C12_9838_0.9998.bmp,Missing Primary Package,L24,test
72117f7f57f080f5bf205f3d03a26173,/data/FMD_Data_26082026/fmd_temp_images/Updated ICube Categorical Classes 20260915/Missing Primary Package/20260728_195022_L24_PalletGHF0729000631_Cavity14_D009FV1_Fail6_Score(0.9747313).bmp,Missing Primary Package,L24,test
7387a4a4a73b3db2c7164937746f4aaf,/data/FMD_Data_26082026/fmd_temp_images/Updated ICube Categorical Classes 20260915/Missing Primary Package/20241116_032036_L24_C2_9992_0.9998.bmp,Missing Primary Package,L24,test
74350ac090b2340bda55d8019607bcdb,/data/FMD_Data_26082026/fmd_temp_images/ICube Defects Library/Missing Primary Package/20260803_182521_L24_PalletGHC0803223925_Cavity9_D009G74_Fail7_Score(0.9990509).bmp,Missing Primary Package,L24,test
76a842259e27ceeeaea9535a108ef271,/data/FMD_Data_26082026/fmd_temp_images/Updated ICube Categorical Classes 20260915/Missing Primary Package/20241121_192813_L24_C15_9963_0.9999.bmp,Missing Primary Package,L24,test
76e836637a073bc855acce6c80b2eaab,/data/FMD_Data_26082026/fmd_temp_images/Updated ICube Categorical Classes 20260915/Missing Primary Package/20241116_230510_L24_C13_9969_0.9993.bmp,Missing Primary Package,L24,test
78a141a3384040d4ce50cc814e88459a,/data/FMD_Data_26082026/fmd_temp_images/Updated ICube Categorical Classes 20260915/Missing Primary Package/20241115_114732_L24_C10_9758_0.9999.bmp,Missing Primary Package,L24,test
78ee3d81dc5bc9e62e7ce8246c969c81,/data/FMD_Data_26082026/fmd_temp_images/Updated ICube Categorical Classes 20260915/Missing Primary Package/20241112_112652_L24_C2_9860_0.9999.bmp,Missing Primary Package,L24,test
7c0c39ac62b7540e3ebdb8214d622309,/data/FMD_Data_26082026/fmd_temp_images/Updated ICube Categorical Classes 20260915/Missing Primary Package/20241213_202111_L24_C6_9776_0.9997.bmp,Missing Primary Package,L24,test
7c1c40dc67b97cbe479bbffffcf97056,/data/FMD_Data_26082026/fmd_temp_images/Updated ICube Categorical Classes 20260915/Missing Primary Package/20241121_075021_L24_C12_9880_0.9998.bmp,Missing Primary Package,L24,test
7c4659c919a7bdd85c4a9114fc7fcdef,/data/FMD_Data_26082026/fmd_temp_images/ICube Defects Library/Missing Primary Package/20241109_143723_L24_C13_9584.bmp,Missing Primary Package,L24,test
7c9c356958884fe025878f832a69753c,/data/FMD_Data_26082026/fmd_temp_images/ICube Defects Library/Missing Primary Package/20241102_170757_L24_C7_9707.bmp,Missing Primary Package,L24,test
7cb44bae4bad1a6489846ba9feb6e8db,/data/FMD_Data_26082026/fmd_temp_images/ICube Defects Library/Missing Primary Package/20241108_083405_L24_C13_9737.bmp,Missing Primary Package,L24,test
7d7ab1834c0849db9cacd187198e223f,/data/FMD_Data_26082026/fmd_temp_images/Updated ICube Categorical Classes 20260915/Missing Primary Package/20241118_045252_L24_C13_9973_0.9999.bmp,Missing Primary Package,L24,test
7d862d173284d023a93b858e1e8554cc,/data/FMD_Data_26082026/fmd_temp_images/Updated ICube Categorical Classes 20260915/Missing Primary Package/20241211_143254_L24_C3_9371_0.9999.bmp,Missing Primary Package,L24,test
7ee02f6374bfd8999bc305f562e2d5e3,/data/FMD_Data_26082026/fmd_temp_images/Updated ICube Categorical Classes 20260915/Missing Primary Package/20241116_212308_L24_C13_9978_0.9998.bmp,Missing Primary Package,L24,test
7f7d8080ba6f304994c96ffcac84e985,/data/FMD_Data_26082026/fmd_temp_images/ICube Defects Library/Missing Primary Package/20241108_110236_L24_C3_9649.bmp,Missing Primary Package,L24,test
8090746f0540e4c11ca829e839f46add,/data/FMD_Data_26082026/fmd_temp_images/ICube Defects Library/Missing Primary Package/20241108_191457_L24_C13_9866.bmp,Missing Primary Package,L24,test
81d8f992911de3a7c5bc121682299ba4,/data/FMD_Data_26082026/fmd_temp_images/ICube Defects Library/Missing Primary Package/20241108_081423_L24_C14_9879.bmp,Missing Primary Package,L24,test
8231943bd46a04ab0c68809aedfc6cf0,/data/FMD_Data_26082026/fmd_temp_images/Updated ICube Categorical Classes 20260915/Missing Primary Package/20241208_012646_L24_C1_9977_0.9996.bmp,Missing Primary Package,L24,test
829a7e644eacdb13e1ca8af9fa130db7,/data/FMD_Data_26082026/fmd_temp_images/ICube Defects Library/Missing Primary Package/20241108_110235_L24_C2_9505.bmp,Missing Primary Package,L24,test
8465b1232e6c9f7e76247756a734db45,/data/FMD_Data_26082026/fmd_temp_images/Updated ICube Categorical Classes 20260915/Missing Primary Package/20241113_132934_L24_C8_9967_0.9996.bmp,Missing Primary Package,L24,test
84f627768fce8cdace60e40cbacbbc87,/data/FMD_Data_26082026/fmd_temp_images/ICube Defects Library/Missing Primary Package/20241110_211748_L24_C9_9971.bmp,Missing Primary Package,L24,test
86355359d4586ec2b5a5333eae18b2dd,/data/FMD_Data_26082026/fmd_temp_images/Updated ICube Categorical Classes 20260915/Missing Primary Package/20241118_063715_L24_C4_9751_0.6523.bmp,Missing Primary Package,L24,test
86632c5f80d8542c3dc59ba9a1be03a0,/data/FMD_Data_26082026/fmd_temp_images/Updated ICube Categorical Classes 20260915/Missing Primary Package/20241114_040629_L24_C4_9951_0.9996.bmp,Missing Primary Package,L24,test
88d93b78b34ba1159e83e653825a96cb,/data/FMD_Data_26082026/fmd_temp_images/Updated ICube Categorical Classes 20260915/Missing Primary Package/20241212_224906_L24_C12_9470_0.9997.bmp,Missing Primary Package,L24,test
88e7626a058313dc7140dce4b407c965,/data/FMD_Data_26082026/fmd_temp_images/Updated ICube Categorical Classes 20260915/Missing Primary Package/20241119_013545_L24_C15_9977_0.9998.bmp,Missing Primary Package,L24,test
89189b953f3876f66ea610d06e3f262d,/data/FMD_Data_26082026/fmd_temp_images/Updated ICube Categorical Classes 20260915/Missing Primary Package/20241216_060927_L24_C10_9884_0.9998.bmp,Missing Primary Package,L24,test
8928bf78dfa85ddef64ab791ed27bb03,/data/FMD_Data_26082026/fmd_temp_images/Updated ICube Categorical Classes 20260915/Missing Primary Package/20241118_005409_L24_C1_9771_0.9998.bmp,Missing Primary Package,L24,test
8aba339489de4f24ea5e01320d8b66fd,/data/FMD_Data_26082026/fmd_temp_images/Updated ICube Categorical Classes 20260915/Missing Primary Package/20241211_194358_L24_C5_9881_0.9996.bmp,Missing Primary Package,L24,test
8b911942971379fc6a5deeede8ae4d18,/data/FMD_Data_26082026/fmd_temp_images/Updated ICube Categorical Classes 20260915/Missing Primary Package/20241209_124209_L24_C13_9620_0.9998.bmp,Missing Primary Package,L24,test
8c0cda3ea6215869ebe023d9cd74bbc0,/data/FMD_Data_26082026/fmd_temp_images/Updated ICube Categorical Classes 20260915/Missing Primary Package/20241212_092914_L24_C10_9844_0.9997.bmp,Missing Primary Package,L24,test
8d23fd08cbd73f490a9613f3eeca8592,/data/FMD_Data_26082026/fmd_temp_images/Updated ICube Categorical Classes 20260915/Missing Primary Package/20241118_171259_L24_C14_9941_0.9998.bmp,Missing Primary Package,L24,test
8da05b9830be7c3c11ba302d0cf9be38,/data/FMD_Data_26082026/fmd_temp_images/Updated ICube Categorical Classes 20260915/Missing Primary Package/20241113_033910_L24_C13_9897_0.9998.bmp,Missing Primary Package,L24,test
8f11539816d0fa836be3ff8c93cf7fc4,/data/FMD_Data_26082026/fmd_temp_images/Updated ICube Categorical Classes 20260915/Missing Primary Package/20241216_060927_L24_C2_9777_0.9997.bmp,Missing Primary Package,L24,test
908e76ab49a42972797b3b50168dd530,/data/FMD_Data_26082026/fmd_temp_images/Updated ICube Categorical Classes 20260915/Missing Primary Package/20241114_042122_L24_C13_9962_0.9999.bmp,Missing Primary Package,L24,test
91964e7fb10b78b4d4e93143bc62d96b,/data/FMD_Data_26082026/fmd_temp_images/Updated ICube Categorical Classes 20260915/Missing Primary Package/20241117_104013_L24_C7_9845_0.9998.bmp,Missing Primary Package,L24,test
91aaabbeac80b1b5dee7073a73c74dd5,/data/FMD_Data_26082026/fmd_temp_images/Updated ICube Categorical Classes 20260915/Missing Primary Package/20241116_141420_L24_C3_9994_0.9998.bmp,Missing Primary Package,L24,test
91e969d719aca415f17096ce8a01ccf2,/data/FMD_Data_26082026/fmd_temp_images/Updated ICube Categorical Classes 20260915/Missing Primary Package/20241119_021406_L24_C1_9977_0.9997.bmp,Missing Primary Package,L24,test
923c3bbc9c8d50e8aed26cae2f3d17e6,/data/FMD_Data_26082026/fmd_temp_images/Updated ICube Categorical Classes 20260915/Missing Primary Package/20241122_022143_L24_C4_9957_0.9999.bmp,Missing Primary Package,L24,test
93cc1e7e3094ab4e334c408a015a0696,/data/FMD_Data_26082026/fmd_temp_images/Updated ICube Categorical Classes 20260915/Missing Primary Package/20241114_122809_L24_C12_9848_0.9998.bmp,Missing Primary Package,L24,test
93e4dc5394ff1588391796e60f3395a3,/data/FMD_Data_26082026/fmd_temp_images/Updated ICube Categorical Classes 20260915/Missing Primary Package/20241121_075021_L24_C13_9962_0.9999.bmp,Missing Primary Package,L24,test
93ea21ece6525ddfc6552a2fc9e70d1b,/data/FMD_Data_26082026/fmd_temp_images/Updated ICube Categorical Classes 20260915/Missing Primary Package/20241117_235339_L24_C14_9968_0.9998.bmp,Missing Primary Package,L24,test
946820ac0f8b92d3ad056452d43c02ec,/data/FMD_Data_26082026/fmd_temp_images/Updated ICube Categorical Classes 20260915/Missing Primary Package/20241112_094943_L24_C8_9860_0.9998.bmp,Missing Primary Package,L24,test
956cfed53c46d5802af8954cced6f7a1,/data/FMD_Data_26082026/fmd_temp_images/Updated ICube Categorical Classes 20260915/Missing Primary Package/20241211_141419_L24_C4_9706_0.9999.bmp,Missing Primary Package,L24,test
95a4925ef0da98f6a3372ecd6d45f69e,/data/FMD_Data_26082026/fmd_temp_images/Updated ICube Categorical Classes 20260915/Missing Primary Package/20241113_112125_L24_C2_9980_0.9996.bmp,Missing Primary Package,L24,test
972cb2276ae94b7e355299439d812c02,/data/FMD_Data_26082026/fmd_temp_images/ICube Defects Library/Missing Primary Package/20260804_225948_L24_PalletGHL0805031533_Cavity11_D009G9J_Fail7_Score(0.9965415).bmp,Missing Primary Package,L24,test
97dc8a873c23f2af07bfea34808ac3c0,/data/FMD_Data_26082026/fmd_temp_images/ICube Defects Library/Missing Primary Package/20241110_193544_L24_C11_9961.bmp,Missing Primary Package,L24,test
996638aa85e0767448cf67828f57f622,/data/FMD_Data_26082026/fmd_temp_images/Updated ICube Categorical Classes 20260915/Missing Primary Package/20241213_103511_L24_C2_9682_0.9994.bmp,Missing Primary Package,L24,test
99d467b8264fd48c8ce288ffcfac0fc5,/data/FMD_Data_26082026/fmd_temp_images/Updated ICube Categorical Classes 20260915/Missing Primary Package/20241120_182705_L24_C10_9863_0.9999.bmp,Missing Primary Package,L24,test
9acdda266c12785c33fd80138944bd6c,/data/FMD_Data_26082026/fmd_temp_images/Updated ICube Categorical Classes 20260915/Missing Primary Package/20241207_040408_L24_C8_9423_0.9998.bmp,Missing Primary Package,L24,test
9c715eb85b2e6d2b0b19f1a27c2b7fdf,/data/FMD_Data_26082026/fmd_temp_images/ICube Defects Library/Missing Primary Package/20241108_081352_L24_C3_9965.bmp,Missing Primary Package,L24,test
9d969a5f20d351d82369582a7ba8d7a5,/data/FMD_Data_26082026/fmd_temp_images/Updated ICube Categorical Classes 20260915/Missing Primary Package/20241210_163150_L24_C13_9978_0.9998.bmp,Missing Primary Package,L24,test
9ec59039a19f343b7f635e21c318b640,/data/FMD_Data_26082026/fmd_temp_images/Updated ICube Categorical Classes 20260915/Missing Primary Package/20241112_060618_L24_C12_9503_0.9999.bmp,Missing Primary Package,L24,test
a124190805afc6cf963d1672f4fc68e8,/data/FMD_Data_26082026/fmd_temp_images/Updated ICube Categorical Classes 20260915/Missing Primary Package/20241211_143254_L24_C2_9683_0.9999.bmp,Missing Primary Package,L24,test
a12469ebe96705a2966c40d6bfa39c9d,/data/FMD_Data_26082026/fmd_temp_images/Updated ICube Categorical Classes 20260915/Missing Primary Package/20241116_154631_L24_C11_9994_0.9998.bmp,Missing Primary Package,L24,test
a2e5a770403194bf01c8aa59d55bebe5,/data/FMD_Data_26082026/fmd_temp_images/Updated ICube Categorical Classes 20260915/Missing Primary Package/20241118_144549_L24_C9_9959_0.9998.bmp,Missing Primary Package,L24,test
a524a88cb25a0d1b55a96497f00f5fab,/data/FMD_Data_26082026/fmd_temp_images/Updated ICube Categorical Classes 20260915/Missing Primary Package/20241215_211435_L24_C13_9990_0.9997.bmp,Missing Primary Package,L24,test
a563e016f2c7f5e5335976ea8880035a,/data/FMD_Data_26082026/fmd_temp_images/ICube Defects Library/Missing Primary Package/20241105_204620_L24_C15_9449.bmp,Missing Primary Package,L24,test
a5c4481bdec8d52d0eb5fed79285dafd,/data/FMD_Data_26082026/fmd_temp_images/Updated ICube Categorical Classes 20260915/Missing Primary Package/20260818_082448_L24_PalletGHD0818124051_Cavity7_B01BHWB_Fail3_Score(0.9306049).bmp,Missing Primary Package,L24,test
a673c8ffc78cfad1f6a96f22ca0722e6,/data/FMD_Data_26082026/fmd_temp_images/Updated ICube Categorical Classes 20260915/Missing Primary Package/20241215_052556_L24_C5_9885_0.9998.bmp,Missing Primary Package,L24,test
a70690361cef160be832b3f61f464a9f,/data/FMD_Data_26082026/fmd_temp_images/ICube Defects Library/Missing Primary Package/20241107_075344_L24_C2_9882.bmp,Missing Primary Package,L24,test
a8014750a041319a1d12ca95401a4a0e,/data/FMD_Data_26082026/fmd_temp_images/Updated ICube Categorical Classes 20260915/Missing Primary Package/20241116_043814_L24_C13_9987_0.9998.bmp,Missing Primary Package,L24,test
a99c624864d97b82cb2a0ee8a01531b2,/data/FMD_Data_26082026/fmd_temp_images/ICube Defects Library/Missing Primary Package/20241110_211748_L24_C12_9954.bmp,Missing Primary Package,L24,test
abbedb5523d89e19ba5ea51e8f7686ae,/data/FMD_Data_26082026/fmd_temp_images/Updated ICube Categorical Classes 20260915/Missing Primary Package/20241118_190608_L24_C1_9951_0.9997.bmp,Missing Primary Package,L24,test
ac22692416c877ca96f307ca6dae8065,/data/FMD_Data_26082026/fmd_temp_images/Updated ICube Categorical Classes 20260915/Missing Primary Package/20241116_110928_L24_C10_9996_0.9999.bmp,Missing Primary Package,L24,test
accb76fe91491f96722ece0f85964a6e,/data/FMD_Data_26082026/fmd_temp_images/ICube Defects Library/Missing Primary Package/20241102_145237_L24_C2_9945.bmp,Missing Primary Package,L24,test
acd2ea219e300c1df7b53996616a8e78,/data/FMD_Data_26082026/fmd_temp_images/Updated ICube Categorical Classes 20260915/Missing Primary Package/20241117_033239_L24_C12_9965_0.9998.bmp,Missing Primary Package,L24,test
acec8243fde7d752511ae86aedcf5074,/data/FMD_Data_26082026/fmd_temp_images/ICube Defects Library/Missing Primary Package/20241101_110324_L24_C13_9106.bmp,Missing Primary Package,L24,test
ad252e15ebc58553ad7f315c62cd527a,/data/FMD_Data_26082026/fmd_temp_images/Updated ICube Categorical Classes 20260915/Missing Primary Package/20241116_073052_L24_C14_9998_0.9998.bmp,Missing Primary Package,L24,test
ad8cfdbdf021093c3a698d80e0fbc002,/data/FMD_Data_26082026/fmd_temp_images/Updated ICube Categorical Classes 20260915/Missing Primary Package/20241118_000316_L24_C1_9640_0.9999.bmp,Missing Primary Package,L24,test
aecb418e498da2eded03500ac7e3691f,/data/FMD_Data_26082026/fmd_temp_images/Updated ICube Categorical Classes 20260915/Missing Primary Package/20241121_001003_L24_C13_9847_0.9999.bmp,Missing Primary Package,L24,test
af17587b4a61477d56cb734f2f582ddb,/data/FMD_Data_26082026/fmd_temp_images/ICube Defects Library/Missing Primary Package/20241103_040159_L24_C1_9095.bmp,Missing Primary Package,L24,test
afd02864e0f37fd2df360d5ddb66edb6,/data/FMD_Data_26082026/fmd_temp_images/ICube Defects Library/Missing Primary Package/20260805_113753_L24_PalletGHK0805155241_Cavity11_D009GB3_Fail7_Score(0.9988619).bmp,Missing Primary Package,L24,test
b2cf529ce90ae37a4ca4341586b4af9d,/data/FMD_Data_26082026/fmd_temp_images/Updated ICube Categorical Classes 20260915/Missing Primary Package/20241116_032036_L24_C14_9992_0.9998.bmp,Missing Primary Package,L24,test
b39a9599ad47e59c381667d18e4134c0,/data/FMD_Data_26082026/fmd_temp_images/Updated ICube Categorical Classes 20260915/Missing Primary Package/20241114_122809_L24_C8_9780_0.9999.bmp,Missing Primary Package,L24,test
b3fc4a0e8d440cc0a4b46fc221af27b0,/data/FMD_Data_26082026/fmd_temp_images/Updated ICube Categorical Classes 20260915/Missing Primary Package/20241207_080537_L24_C12_9814_0.9998.bmp,Missing Primary Package,L24,test
b6e68b2dc1f05335741e5a403d2d596a,/data/FMD_Data_26082026/fmd_temp_images/ICube Defects Library/Missing Primary Package/20241110_211748_L24_C1_9305.bmp,Missing Primary Package,L24,test
bbda22132d9f15ab754c66a568fcd640,/data/FMD_Data_26082026/fmd_temp_images/Updated ICube Categorical Classes 20260915/Missing Primary Package/20241216_020157_L24_C15_9816_0.9994.bmp,Missing Primary Package,L24,test
bbf9aae94f51fe2b56b77459888a16d2,/data/FMD_Data_26082026/fmd_temp_images/Updated ICube Categorical Classes 20260915/Missing Primary Package/20260822_060722_L24_PalletGHL0822102343_Cavity15_B01BKJM_Fail5_Score(0.9636075).bmp,Missing Primary Package,L24,test
bd18c92acddd6ba79a5c68a76ebb66f4,/data/FMD_Data_26082026/fmd_temp_images/ICube Defects Library/Missing Primary Package/20241107_202623_L24_C14_9812.bmp,Missing Primary Package,L24,test
bd6d14cf06a1a6f8f03fff97265b0ac3,/data/FMD_Data_26082026/fmd_temp_images/Updated ICube Categorical Classes 20260915/Missing Primary Package/20241119_173743_L24_C10_9540_0.9999.bmp,Missing Primary Package,L24,test
bd748c999f84b1ac0b351c514ef9eca2,/data/FMD_Data_26082026/fmd_temp_images/Updated ICube Categorical Classes 20260915/Missing Primary Package/20241213_183710_L24_C9_9608_0.9997.bmp,Missing Primary Package,L24,test
be667194ed32a35fbbfb775482aea4b7,/data/FMD_Data_26082026/fmd_temp_images/Updated ICube Categorical Classes 20260915/Missing Primary Package/20241120_182705_L24_C9_9880_0.9998.bmp,Missing Primary Package,L24,test
bf1675094cbbd7ebe79ab82f12c30359,/data/FMD_Data_26082026/fmd_temp_images/Updated ICube Categorical Classes 20260915/Missing Primary Package/20241209_181223_L24_C2_9956_0.9999.bmp,Missing Primary Package,L24,test
bfa0295d55b9d89f35997d737283b267,/data/FMD_Data_26082026/fmd_temp_images/Updated ICube Categorical Classes 20260915/Missing Primary Package/20241113_141749_L24_C11_9983_0.9998.bmp,Missing Primary Package,L24,test
bff6cfeed44de1ba2050b067ca09c35f,/data/FMD_Data_26082026/fmd_temp_images/Updated ICube Categorical Classes 20260915/Missing Primary Package/20241206_122015_L24_C13_9972_0.9997.bmp,Missing Primary Package,L24,test
c22dc2d82917e721cdbbc14fa7a62a3e,/data/FMD_Data_26082026/fmd_temp_images/Updated ICube Categorical Classes 20260915/Missing Primary Package/20241118_190618_L24_C9_9981_0.9998.bmp,Missing Primary Package,L24,test
c2a208c9d56b1cac6a79385f8cbe3f39,/data/FMD_Data_26082026/fmd_temp_images/Updated ICube Categorical Classes 20260915/Missing Primary Package/20241114_045207_L24_C1_9955_0.9996.bmp,Missing Primary Package,L24,test
c2bb7954fa5df4f91a294ad3ed18d188,/data/FMD_Data_26082026/fmd_temp_images/Updated ICube Categorical Classes 20260915/Missing Primary Package/20241120_161804_L24_C13_9742_0.9999.bmp,Missing Primary Package,L24,test
c31e96a11b0be0752147f5f42fadecf6,/data/FMD_Data_26082026/fmd_temp_images/ICube Defects Library/Missing Primary Package/20241108_045134_L24_C4_9896.bmp,Missing Primary Package,L24,test
c484c3af2ef22bc7a8722679fd3cc8c4,/data/FMD_Data_26082026/fmd_temp_images/Updated ICube Categorical Classes 20260915/Missing Primary Package/20241118_123537_L24_C12_9974_0.9998.bmp,Missing Primary Package,L24,test
c55192bb81385217205d25eb0243a871,/data/FMD_Data_26082026/fmd_temp_images/ICube Defects Library/Missing Primary Package/20241110_223247_L24_C6_9939.bmp,Missing Primary Package,L24,test
c5bead9de84de204a768b9dd45e4423f,/data/FMD_Data_26082026/fmd_temp_images/Updated ICube Categorical Classes 20260915/Missing Primary Package/20241120_070224_L24_C12_9414_0.9999.bmp,Missing Primary Package,L24,test
c65a4ae3b3bd918ae2b450853c115282,/data/FMD_Data_26082026/fmd_temp_images/Updated ICube Categorical Classes 20260915/Missing Primary Package/20241122_023229_L24_C12_9948_0.9999.bmp,Missing Primary Package,L24,test
c6a133593dd93d11d5d5e62e1199c14a,/data/FMD_Data_26082026/fmd_temp_images/ICube Defects Library/Missing Primary Package/20241108_083405_L24_C7_9753.bmp,Missing Primary Package,L24,test
c7330f2e374046f7b5c16b1286f15fa2,/data/FMD_Data_26082026/fmd_temp_images/ICube Defects Library/Missing Primary Package/20241102_182951_L24_C11_9740.bmp,Missing Primary Package,L24,test
c8fc1aa9c1f94477625005a012fd8f4b,/data/FMD_Data_26082026/fmd_temp_images/Updated ICube Categorical Classes 20260915/Missing Primary Package/20241120_070224_L24_C8_9820_0.9999.bmp,Missing Primary Package,L24,test
c9112379aacf03d0c080db5d721569ee,/data/FMD_Data_26082026/fmd_temp_images/Updated ICube Categorical Classes 20260915/Missing Primary Package/20241112_211847_L24_C15_9958_0.9996.bmp,Missing Primary Package,L24,test
ca81aa6e116bca3c9212a6da9c1ec495,/data/FMD_Data_26082026/fmd_temp_images/Updated ICube Categorical Classes 20260915/Missing Primary Package/20241216_060608_L24_C3_9936_0.9998.bmp,Missing Primary Package,L24,test
cacbbf3b232f617a9ae05b4f2b661b9c,/data/FMD_Data_26082026/fmd_temp_images/Updated ICube Categorical Classes 20260915/Missing Primary Package/20241206_021858_L24_C11_9710_0.9999.bmp,Missing Primary Package,L24,test
cb3dd48c2c25e5e6f172a0e645753a84,/data/FMD_Data_26082026/fmd_temp_images/Updated ICube Categorical Classes 20260915/Missing Primary Package/20241116_212416_L24_C1_9971_0.9997.bmp,Missing Primary Package,L24,test
cb6af9b4eb3d1a8c3693b53a1156222f,/data/FMD_Data_26082026/fmd_temp_images/Updated ICube Categorical Classes 20260915/Missing Primary Package/20241210_163150_L24_C5_9942_0.9999.bmp,Missing Primary Package,L24,test
cbc7af6bdb5eddac10a625c5b848d4b7,/data/FMD_Data_26082026/fmd_temp_images/Updated ICube Categorical Classes 20260915/Missing Primary Package/20241117_093705_L24_C2_9971_0.9998.bmp,Missing Primary Package,L24,test
cc55933603af79dc48a95f35be9ac19c,/data/FMD_Data_26082026/fmd_temp_images/Updated ICube Categorical Classes 20260915/Missing Primary Package/20241119_022132_L24_C6_9921_0.9998.bmp,Missing Primary Package,L24,test
cd3167e77c8f7755c0bd971487526fe7,/data/FMD_Data_26082026/fmd_temp_images/Updated ICube Categorical Classes 20260915/Missing Primary Package/20241117_110447_L24_C13_9986_0.9999.bmp,Missing Primary Package,L24,test
cd75f79b6f509efa4a4d2a839ff94f25,/data/FMD_Data_26082026/fmd_temp_images/Updated ICube Categorical Classes 20260915/Missing Primary Package/20241116_083637_L24_C1_9982_0.9998.bmp,Missing Primary Package,L24,test
cd933b460dbe006c386b8bd9eda84448,/data/FMD_Data_26082026/fmd_temp_images/ICube Defects Library/Missing Primary Package/20241110_195706_L24_C12_9975.bmp,Missing Primary Package,L24,test
cfbdbf901931bde2659d49926ee0d813,/data/FMD_Data_26082026/fmd_temp_images/Updated ICube Categorical Classes 20260915/Missing Primary Package/20241120_070224_L24_C13_9774_0.9999.bmp,Missing Primary Package,L24,test
d0a870f5a44c597e23ae26534f48b818,/data/FMD_Data_26082026/fmd_temp_images/Updated ICube Categorical Classes 20260915/Missing Primary Package/20241214_124936_L24_C8_9835_0.9995.bmp,Missing Primary Package,L24,test
d0b0e90ad8c9403244926c6d3dea6fdf,/data/FMD_Data_26082026/fmd_temp_images/Updated ICube Categorical Classes 20260915/Missing Primary Package/20241113_034135_L24_C13_9924_0.9999.bmp,Missing Primary Package,L24,test
d0f5fa3b8b7f0f65bf899545ec6c6002,/data/FMD_Data_26082026/fmd_temp_images/Updated ICube Categorical Classes 20260915/Missing Primary Package/20241213_202111_L24_C2_9803_0.9997.bmp,Missing Primary Package,L24,test
d195771cc1338230b0908ab872288b65,/data/FMD_Data_26082026/fmd_temp_images/Updated ICube Categorical Classes 20260915/Missing Primary Package/20241116_154858_L24_C12_9979_0.9998.bmp,Missing Primary Package,L24,test
d253b6551b60c0ea8821412dbaa39094,/data/FMD_Data_26082026/fmd_temp_images/Updated ICube Categorical Classes 20260915/Missing Primary Package/20241215_145950_L24_C11_9950_0.9996.bmp,Missing Primary Package,L24,test
d2cb5027abc71a429271ff0747f62503,/data/FMD_Data_26082026/fmd_temp_images/Updated ICube Categorical Classes 20260915/Missing Primary Package/20241112_114228_L24_C13_9879_0.9999.bmp,Missing Primary Package,L24,test
d43b07e18a1b39993f11f28eadf13c96,/data/FMD_Data_26082026/fmd_temp_images/Updated ICube Categorical Classes 20260915/Missing Primary Package/20241213_183710_L24_C10_9293_0.9998.bmp,Missing Primary Package,L24,test
d4dbf9800748a1a276672992359208c8,/data/FMD_Data_26082026/fmd_temp_images/Updated ICube Categorical Classes 20260915/Missing Primary Package/20241115_112752_L24_C5_9548_0.9999.bmp,Missing Primary Package,L24,test
d5f86aaa430e804c5df8fcff9a37b908,/data/FMD_Data_26082026/fmd_temp_images/Updated ICube Categorical Classes 20260915/Missing Primary Package/20241118_063715_L24_C6_9862_0.9998.bmp,Missing Primary Package,L24,test
d6da4ce825cd4d3405a63613a66dffd1,/data/FMD_Data_26082026/fmd_temp_images/Updated ICube Categorical Classes 20260915/Missing Primary Package/20241214_054519_L24_C4_9918_0.9996.bmp,Missing Primary Package,L24,test
d7786547498c7ae6e26b13b71fe7190d,/data/FMD_Data_26082026/fmd_temp_images/Updated ICube Categorical Classes 20260915/Missing Primary Package/20241214_051603_L24_C7_9934_0.9998.bmp,Missing Primary Package,L24,test
d7cb93f3041a59f35c3567ea44f09aac,/data/FMD_Data_26082026/fmd_temp_images/Updated ICube Categorical Classes 20260915/Missing Primary Package/20241214_083801_L24_C3_9714_0.9998.bmp,Missing Primary Package,L24,test
d806d22e92af43c49541e53e92acd30b,/data/FMD_Data_26082026/fmd_temp_images/Updated ICube Categorical Classes 20260915/Missing Primary Package/20241210_064959_L24_C12_9994_0.9996.bmp,Missing Primary Package,L24,test
d85259b0a2c2a4d799bd5eab4fba4058,/data/FMD_Data_26082026/fmd_temp_images/ICube Defects Library/Missing Primary Package/20241107_041712_L24_C12_9842.bmp,Missing Primary Package,L24,test
d8d0de92efecb6ae8ace5606c21cbdec,/data/FMD_Data_26082026/fmd_temp_images/Updated ICube Categorical Classes 20260915/Missing Primary Package/20241117_201351_L24_C1_9601_0.9998.bmp,Missing Primary Package,L24,test
daf44b3356d4a6e1e7878e9bfc5879dd,/data/FMD_Data_26082026/fmd_temp_images/ICube Defects Library/Missing Primary Package/20241106_175729_L24_C13_9188.bmp,Missing Primary Package,L24,test
db48bb586ef71db0ab137983c27789b6,/data/FMD_Data_26082026/fmd_temp_images/Updated ICube Categorical Classes 20260915/Missing Primary Package/20241117_202932_L24_C14_9935_0.9999.bmp,Missing Primary Package,L24,test
dbde33b4dcdecc2851225e867afb28af,/data/FMD_Data_26082026/fmd_temp_images/Updated ICube Categorical Classes 20260915/Missing Primary Package/20241118_044817_L24_C7_9968_0.9999.bmp,Missing Primary Package,L24,test
dc649f37de54ed9798d0d09ae57ccc6e,/data/FMD_Data_26082026/fmd_temp_images/Updated ICube Categorical Classes 20260915/Missing Primary Package/20241116_203459_L24_C2_9937_0.9998.bmp,Missing Primary Package,L24,test
dcb8cd559521fb31814defd5974eb3d4,/data/FMD_Data_26082026/fmd_temp_images/Updated ICube Categorical Classes 20260915/Missing Primary Package/20241214_230546_L24_C9_9991_0.9996.bmp,Missing Primary Package,L24,test
dd1b9d12e5a6287a5ba04379a70a11ba,/data/FMD_Data_26082026/fmd_temp_images/Updated ICube Categorical Classes 20260915/Missing Primary Package/20241115_112752_L24_C4_9719_0.9999.bmp,Missing Primary Package,L24,test
dd89f32bdca7e6b61c5a9c6e7e961db2,/data/FMD_Data_26082026/fmd_temp_images/Updated ICube Categorical Classes 20260915/Missing Primary Package/20241206_013818_L24_C2_9691_0.9997.bmp,Missing Primary Package,L24,test
dda551c626632d28cdae3c793b732321,/data/FMD_Data_26082026/fmd_temp_images/ICube Defects Library/Missing Primary Package/20241110_011133_L24_C8_9962.bmp,Missing Primary Package,L24,test
dde7c010955c0cf62b23a85792568d55,/data/FMD_Data_26082026/fmd_temp_images/Updated ICube Categorical Classes 20260915/Missing Primary Package/20241210_143747_L24_C1_9989_0.9998.bmp,Missing Primary Package,L24,test
df34ea8fea6e94dc6e3bdc06eb1dd093,/data/FMD_Data_26082026/fmd_temp_images/Updated ICube Categorical Classes 20260915/Missing Primary Package/20241121_075021_L24_C11_9979_0.9999.bmp,Missing Primary Package,L24,test
df45db9964707e77427edd6a5857b9a3,/data/FMD_Data_26082026/fmd_temp_images/Updated ICube Categorical Classes 20260915/Missing Primary Package/20241117_042203_L24_C1_9899_0.9997.bmp,Missing Primary Package,L24,test
e0038535860aa132f90d75ef577d2bda,/data/FMD_Data_26082026/fmd_temp_images/Updated ICube Categorical Classes 20260915/Missing Primary Package/20241111_235537_L24_C1_9011_0.9998.bmp,Missing Primary Package,L24,test
e1f26b9839776b16a8b485e2cce2591a,/data/FMD_Data_26082026/fmd_temp_images/ICube Defects Library/Missing Primary Package/20260805_113415_L24_PalletGHJ0805155004_Cavity2_D009GB3_Fail7_Score(0.9946421).bmp,Missing Primary Package,L24,test
e25c3de208109c502055c231a7f3c1c2,/data/FMD_Data_26082026/fmd_temp_images/ICube Defects Library/Missing Primary Package/20241110_180057_L24_C15_9949.bmp,Missing Primary Package,L24,test
e2c9ae73a3832a189664306975bfddd3,/data/FMD_Data_26082026/fmd_temp_images/Updated ICube Categorical Classes 20260915/Missing Primary Package/20241115_152106_L24_C9_9997_0.9999.bmp,Missing Primary Package,L24,test
e2fd9c06e157122f2d2d22905c982afd,/data/FMD_Data_26082026/fmd_temp_images/Updated ICube Categorical Classes 20260915/Missing Primary Package/20241117_104013_L24_C3_9926_0.9998.bmp,Missing Primary Package,L24,test
e3e2adbea87696619fb5cc8cce7d1b78,/data/FMD_Data_26082026/fmd_temp_images/Updated ICube Categorical Classes 20260915/Missing Primary Package/20241120_070252_L24_C1_9634_0.9999.bmp,Missing Primary Package,L24,test
e3f053cd1db1bd24f422c737b09735c9,/data/FMD_Data_26082026/fmd_temp_images/ICube Defects Library/Missing Primary Package/20260803_182809_L24_PalletGHO0803224351_Cavity13_D009G74_Fail7_Score(0.9897208).bmp,Missing Primary Package,L24,test
e431383d08b84540e52d25c73007cb61,/data/FMD_Data_26082026/fmd_temp_images/Updated ICube Categorical Classes 20260915/Missing Primary Package/20241116_214753_L24_C1_9938_0.9998.bmp,Missing Primary Package,L24,test
e4c3f18ab49df0d8365ee937877bae1b,/data/FMD_Data_26082026/fmd_temp_images/ICube Defects Library/Missing Primary Package/20241102_170856_L24_C14_9211.bmp,Missing Primary Package,L24,test
e5a67376fb7dc84b30919d5afde3938c,/data/FMD_Data_26082026/fmd_temp_images/ICube Defects Library/Missing Primary Package/20241110_011133_L24_C9_9940.bmp,Missing Primary Package,L24,test
e5e2a4d18a1802ac2f0fd428c3c3bbda,/data/FMD_Data_26082026/fmd_temp_images/Updated ICube Categorical Classes 20260915/Missing Primary Package/20241117_224141_L24_C14_9943_0.9997.bmp,Missing Primary Package,L24,test
e5ee01dabb8ef1eee062fb3d753634d6,/data/FMD_Data_26082026/fmd_temp_images/Updated ICube Categorical Classes 20260915/Missing Primary Package/20241213_202111_L24_C1_9889_0.9995.bmp,Missing Primary Package,L24,test
e7b43bb2eed78b749af572b8d291d0b5,/data/FMD_Data_26082026/fmd_temp_images/Updated ICube Categorical Classes 20260915/Missing Primary Package/20241114_011451_L24_C12_9971_0.9999.bmp,Missing Primary Package,L24,test
e88bf7c6be569453e1d92172916df220,/data/FMD_Data_26082026/fmd_temp_images/Updated ICube Categorical Classes 20260915/Missing Primary Package/20241114_053419_L24_C2_9888_0.9998.bmp,Missing Primary Package,L24,test
e9d07c0578e6b93d8df133a9b8fec9fb,/data/FMD_Data_26082026/fmd_temp_images/ICube Defects Library/Missing Primary Package/20241108_184745_L24_C13_9943.bmp,Missing Primary Package,L24,test
eb6755c0bb41a232b7fd6c9a186d15e8,/data/FMD_Data_26082026/fmd_temp_images/ICube Defects Library/Missing Primary Package/20241108_045134_L24_C8_9792.bmp,Missing Primary Package,L24,test
eba32395f620c8f51051360d31b9835a,/data/FMD_Data_26082026/fmd_temp_images/Updated ICube Categorical Classes 20260915/Missing Primary Package/20241211_142807_L24_C3_9768_0.9999.bmp,Missing Primary Package,L24,test
ec9ed759c2ecbd77e491ca9badb785ef,/data/FMD_Data_26082026/fmd_temp_images/Updated ICube Categorical Classes 20260915/Missing Primary Package/20241116_110928_L24_C11_9985_0.9999.bmp,Missing Primary Package,L24,test
ef0a51506f8250f0b2137b496c42d3c8,/data/FMD_Data_26082026/fmd_temp_images/Updated ICube Categorical Classes 20260915/Missing Primary Package/20241112_234539_L24_C11_9966_0.9999.bmp,Missing Primary Package,L24,test
f13935c515915c65b24ec1d66dd5c45a,/data/FMD_Data_26082026/fmd_temp_images/Updated ICube Categorical Classes 20260915/Missing Primary Package/20241211_194358_L24_C7_9876_0.9999.bmp,Missing Primary Package,L24,test
f1bc5c5e0f0c339af0bcbb2128b55948,/data/FMD_Data_26082026/fmd_temp_images/Updated ICube Categorical Classes 20260915/Missing Primary Package/20241120_053231_L24_C2_9061_0.9999.bmp,Missing Primary Package,L24,test
f2cdbed17f6ad44f37a9c5964d0e4212,/data/FMD_Data_26082026/fmd_temp_images/ICube Defects Library/Missing Primary Package/20241110_054311_L24_C15_9910.bmp,Missing Primary Package,L24,test
f405b4f17d55e6111435293825dd0a2e,/data/FMD_Data_26082026/fmd_temp_images/ICube Defects Library/Missing Primary Package/20241103_141007_L24_C13_9696.bmp,Missing Primary Package,L24,test
f42f13e2785651a3bd3b419d7d2ff490,/data/FMD_Data_26082026/fmd_temp_images/Updated ICube Categorical Classes 20260915/Missing Primary Package/20241207_193355_L24_C13_9960_0.9999.bmp,Missing Primary Package,L24,test
f433ea5cad19826344498836f7f0f5d5,/data/FMD_Data_26082026/fmd_temp_images/Updated ICube Categorical Classes 20260915/Missing Primary Package/20260817_064349_L24_PalletGHU0817110047_Cavity12_B01BHW1_Fail7_Score(0.9843199).bmp,Missing Primary Package,L24,test
f452da3731fcf959250425de7fb80e34,/data/FMD_Data_26082026/fmd_temp_images/Updated ICube Categorical Classes 20260915/Missing Primary Package/20241121_122132_L24_C10_9926_0.9998.bmp,Missing Primary Package,L24,test
f481ea0db6b4012359249655c9e15e98,/data/FMD_Data_26082026/fmd_temp_images/Updated ICube Categorical Classes 20260915/Missing Primary Package/20241206_182236_L24_C10_9876_0.9998.bmp,Missing Primary Package,L24,test
f4d5057cbcfe7a17dd9ec008bffc28e7,/data/FMD_Data_26082026/fmd_temp_images/Updated ICube Categorical Classes 20260915/Missing Primary Package/20241121_192813_L24_C13_9991_0.9996.bmp,Missing Primary Package,L24,test
f502ef1b795c51a4f4070b40fec0d215,/data/FMD_Data_26082026/fmd_temp_images/ICube Defects Library/Missing Primary Package/20241102_232217_L24_C5_9727.bmp,Missing Primary Package,L24,test
f5b6fbeb6152bbf46a15210ac174aff8,/data/FMD_Data_26082026/fmd_temp_images/Updated ICube Categorical Classes 20260915/Missing Primary Package/20241118_125158_L24_C8_9921_0.9998.bmp,Missing Primary Package,L24,test
f5db866a18be7cc5fa99ab7a826f1e1f,/data/FMD_Data_26082026/fmd_temp_images/Updated ICube Categorical Classes 20260915/Missing Primary Package/20241118_211656_L24_C11_9961_0.9998.bmp,Missing Primary Package,L24,test
f77ae2f7003fdc1614628699ad619c56,/data/FMD_Data_26082026/fmd_temp_images/Updated ICube Categorical Classes 20260915/Missing Primary Package/20241114_030114_L24_C2_9967_0.9997.bmp,Missing Primary Package,L24,test
f7c054595c08a663eccf437b4c008f4d,/data/FMD_Data_26082026/fmd_temp_images/Updated ICube Categorical Classes 20260915/Missing Primary Package/20241114_124820_L24_C11_9789_0.9999.bmp,Missing Primary Package,L24,test
f7da350ad53133c4e286d02ec16100fe,/data/FMD_Data_26082026/fmd_temp_images/Updated ICube Categorical Classes 20260915/Missing Primary Package/20241117_201351_L24_C2_9515_0.9998.bmp,Missing Primary Package,L24,test
f910727189be4b06bb4e5f928e70ea71,/data/FMD_Data_26082026/fmd_temp_images/Updated ICube Categorical Classes 20260915/Missing Primary Package/20241113_090818_L24_C14_9989_0.9997.bmp,Missing Primary Package,L24,test
f94222c01fa468e587643f50b0c1dd1c,/data/FMD_Data_26082026/fmd_temp_images/Updated ICube Categorical Classes 20260915/Missing Primary Package/20241116_052830_L24_C1_9963_0.9998.bmp,Missing Primary Package,L24,test
f980ccf7772747e38f202cbf702d86ac,/data/FMD_Data_26082026/fmd_temp_images/Updated ICube Categorical Classes 20260915/Missing Primary Package/20241213_055847_L24_C7_9329_0.9997.bmp,Missing Primary Package,L24,test
fa33697c899130a87d08e945ddda72c7,/data/FMD_Data_26082026/fmd_temp_images/Updated ICube Categorical Classes 20260915/Missing Primary Package/20241112_132527_L24_C14_9571_0.9998.bmp,Missing Primary Package,L24,test
fa56dac970ae02dfcefdeeb0d9e4073d,/data/FMD_Data_26082026/fmd_temp_images/Updated ICube Categorical Classes 20260915/Missing Primary Package/20241115_112752_L24_C1_9344_0.9998.bmp,Missing Primary Package,L24,test
faabdc1b772921ddda31bae21b554a62,/data/FMD_Data_26082026/fmd_temp_images/Updated ICube Categorical Classes 20260915/Missing Primary Package/20241114_045216_L24_C10_9880_0.9998.bmp,Missing Primary Package,L24,test
fad94c555702ef779c727d9e3daaa1e6,/data/FMD_Data_26082026/fmd_temp_images/Updated ICube Categorical Classes 20260915/Missing Primary Package/20241210_155354_L24_C1_9955_0.9996.bmp,Missing Primary Package,L24,test
fadaca29a11f23dd82760a5924b721fe,/data/FMD_Data_26082026/fmd_temp_images/Updated ICube Categorical Classes 20260915/Missing Primary Package/20241117_163024_L24_C1_9847_0.9998.bmp,Missing Primary Package,L24,test
fb1729c4e7e8d7957b6e2de8a4ab926a,/data/FMD_Data_26082026/fmd_temp_images/ICube Defects Library/Missing Primary Package/20241104_163628_L24_C4_9126.bmp,Missing Primary Package,L24,test
fbb6eaf6330246d2fcfbf0e77b6ff78e,/data/FMD_Data_26082026/fmd_temp_images/Updated ICube Categorical Classes 20260915/Missing Primary Package/20241207_100412_L24_C12_9570_0.9997.bmp,Missing Primary Package,L24,test
fc0b5e8a7d751336ea889d480c2a9be4,/data/FMD_Data_26082026/fmd_temp_images/Updated ICube Categorical Classes 20260915/Missing Primary Package/20241216_081810_L24_C2_9949_0.9997.bmp,Missing Primary Package,L24,test
fd451a1c25108da9fe4034aeab814ed8,/data/FMD_Data_26082026/fmd_temp_images/Updated ICube Categorical Classes 20260915/Missing Primary Package/20241113_133411_L24_C11_9961_0.9998.bmp,Missing Primary Package,L24,test
fde537950c5f915536985a4e7c2b7590,/data/FMD_Data_26082026/fmd_temp_images/Updated ICube Categorical Classes 20260915/Missing Primary Package/20241121_034215_L24_C14_9939_0.9998.bmp,Missing Primary Package,L24,test
fe96f48b173cff9cda872c1f69241edb,/data/FMD_Data_26082026/fmd_temp_images/Updated ICube Categorical Classes 20260915/Missing Primary Package/20241205_130712_L24_C3_9911_0.9999.bmp,Missing Primary Package,L24,test
fef0c2d5d923f081f18fb8f28810fab8,/data/FMD_Data_26082026/fmd_temp_images/Updated ICube Categorical Classes 20260915/Missing Primary Package/20241116_212308_L24_C1_9822_0.9998.bmp,Missing Primary Package,L24,test
ff571f3cb97b9937acb69d95f7afb732,/data/FMD_Data_26082026/fmd_temp_images/Updated ICube Categorical Classes 20260915/Missing Primary Package/20241120_070252_L24_C5_9418_0.9998.bmp,Missing Primary Package,L24,test
000112fabecf4a8307a603fda0254878,/data/FMD_Data_26082026/fmd_temp_images/ICube Defects Library/Missing Primary Package/20241107_204942_L24_C9_9791.bmp,Missing Primary Package,L24,train
00fd8ab58140381677c01b783d32703b,/data/FMD_Data_26082026/fmd_temp_images/Updated ICube Categorical Classes 20260915/Missing Primary Package/20241215_183725_L24_C11_9966_0.9998.bmp,Missing Primary Package,L24,train
011f6c2be2114992d26542e4a107866c,/data/FMD_Data_26082026/fmd_temp_images/Updated ICube Categorical Classes 20260915/Missing Primary Package/20260827_004022_L24_PalletGHU0827045715_Cavity4_B01BKKH_Fail7_Score(0.9905584).bmp,Missing Primary Package,L24,train
013029cbd1864c6292e1741c3537efb2,/data/FMD_Data_26082026/fmd_temp_images/Updated ICube Categorical Classes 20260915/Missing Primary Package/20241209_204426_L24_C2_9984_0.9999.bmp,Missing Primary Package,L24,train
01394a36822b4f151318b6eb37b39dcd,/data/FMD_Data_26082026/fmd_temp_images/Updated ICube Categorical Classes 20260915/Missing Primary Package/20241211_223139_L24_C11_9382_0.9998.bmp,Missing Primary Package,L24,train
01e7db60739f025fa56af0082585d6dc,/data/FMD_Data_26082026/fmd_temp_images/Updated ICube Categorical Classes 20260915/Missing Primary Package/20241212_174905_L24_C8_9754_0.9994.bmp,Missing Primary Package,L24,train
01e9340ac6bc1144e8f3096ba2cbe806,/data/FMD_Data_26082026/fmd_temp_images/Updated ICube Categorical Classes 20260915/Missing Primary Package/20241118_190618_L24_C10_9943_0.9998.bmp,Missing Primary Package,L24,train
01f30de3bf12a6f8622acb7ad12f2bb1,/data/FMD_Data_26082026/fmd_temp_images/Updated ICube Categorical Classes 20260915/Missing Primary Package/20241118_044817_L24_C10_9982_0.9999.bmp,Missing Primary Package,L24,train
03368590ba99aa2ffca0439030edabdf,/data/FMD_Data_26082026/fmd_temp_images/Updated ICube Categorical Classes 20260915/Missing Primary Package/20241122_031419_L24_C7_9985_0.9999.bmp,Missing Primary Package,L24,train
0347cf266249186db566791cd06d128b,/data/FMD_Data_26082026/fmd_temp_images/Updated ICube Categorical Classes 20260915/Missing Primary Package/20241118_065204_L24_C14_9866_0.9998.bmp,Missing Primary Package,L24,train
034e8c0cf848c9149f1a90c2f4935b2c,/data/FMD_Data_26082026/fmd_temp_images/Updated ICube Categorical Classes 20260915/Missing Primary Package/20241121_150729_L24_C3_9989_0.9999.bmp,Missing Primary Package,L24,train
035feb0b5c9051dbb62ba2ca6ea070bb,/data/FMD_Data_26082026/fmd_temp_images/Updated ICube Categorical Classes 20260915/Missing Primary Package/20241115_112752_L24_C14_9760_0.9999.bmp,Missing Primary Package,L24,train
0379d23c51de8c41a4f85f1137eb9796,/data/FMD_Data_26082026/fmd_temp_images/Updated ICube Categorical Classes 20260915/Missing Primary Package/20241116_212308_L24_C9_9982_0.9998.bmp,Missing Primary Package,L24,train
03bb3ce4deadfa4f908db369663122b0,/data/FMD_Data_26082026/fmd_temp_images/Updated ICube Categorical Classes 20260915/Missing Primary Package/20241207_193355_L24_C11_9993_0.9998.bmp,Missing Primary Package,L24,train
03e224bc470e231dd1d50a9f92abb736,/data/FMD_Data_26082026/fmd_temp_images/Updated ICube Categorical Classes 20260915/Missing Primary Package/20241212_174905_L24_C13_9615_0.9997.bmp,Missing Primary Package,L24,train
04277bf3441d18e71bdfbcf5a3e3776a,/data/FMD_Data_26082026/fmd_temp_images/ICube Defects Library/Missing Primary Package/20241110_193544_L24_C13_9983.bmp,Missing Primary Package,L24,train
0582564768eff684c65a05ad3a363a11,/data/FMD_Data_26082026/fmd_temp_images/ICube Defects Library/Missing Primary Package/20260805_113624_L24_PalletGHA0805155214_Cavity9_D009GB3_Fail7_Score(0.9981011).bmp,Missing Primary Package,L24,train
063902018c8db71d3f7faac2630880fa,/data/FMD_Data_26082026/fmd_temp_images/Updated ICube Categorical Classes 20260915/Missing Primary Package/20241208_220827_L24_C4_9996_0.9997.bmp,Missing Primary Package,L24,train
063ee6cc01af9cec35e6782af8f0c159,/data/FMD_Data_26082026/fmd_temp_images/Updated ICube Categorical Classes 20260915/Missing Primary Package/20241114_122809_L24_C15_9934_0.9998.bmp,Missing Primary Package,L24,train
06ef49c9be24804068b0a858b14d86ed,/data/FMD_Data_26082026/fmd_temp_images/Updated ICube Categorical Classes 20260915/Missing Primary Package/20241211_223139_L24_C5_9773_0.9998.bmp,Missing Primary Package,L24,train
0702f6cd450238b698155ea7a5f46dc4,/data/FMD_Data_26082026/fmd_temp_images/Updated ICube Categorical Classes 20260915/Missing Primary Package/20241114_045216_L24_C11_9972_0.9998.bmp,Missing Primary Package,L24,train
08600ac06f33f55abbb6e96675c29a8c,/data/FMD_Data_26082026/fmd_temp_images/Updated ICube Categorical Classes 20260915/Missing Primary Package/20241118_023621_L24_C1_9846_0.9998.bmp,Missing Primary Package,L24,train
08c2bc264206ff8dcd3de00c740f9c7b,/data/FMD_Data_26082026/fmd_temp_images/Updated ICube Categorical Classes 20260915/Missing Primary Package/20241118_065204_L24_C11_9916_0.9999.bmp,Missing Primary Package,L24,train
09bddaaf548c84628dc70aa1844e9d22,/data/FMD_Data_26082026/fmd_temp_images/Updated ICube Categorical Classes 20260915/Missing Primary Package/20241121_075021_L24_C14_9979_0.9999.bmp,Missing Primary Package,L24,train
09d2949d93d43815256d1c8da972f4db,/data/FMD_Data_26082026/fmd_temp_images/Updated ICube Categorical Classes 20260915/Missing Primary Package/20241214_045613_L24_C11_9896_0.9998.bmp,Missing Primary Package,L24,train
0a0c1caa1915f2cdc3a100e4440af806,/data/FMD_Data_26082026/fmd_temp_images/Updated ICube Categorical Classes 20260915/Missing Primary Package/20241121_075021_L24_C10_9931_0.9999.bmp,Missing Primary Package,L24,train
0a2de36e12f5f6eb10cc08e400b0e98f,/data/FMD_Data_26082026/fmd_temp_images/Updated ICube Categorical Classes 20260915/Missing Primary Package/20241113_182911_L24_C2_9976_0.9995.bmp,Missing Primary Package,L24,train
0a3a0509a3b7e8ac03eaf3b3215cfb12,/data/FMD_Data_26082026/fmd_temp_images/Updated ICube Categorical Classes 20260915/Missing Primary Package/20241112_131001_L24_C13_9707_0.9999.bmp,Missing Primary Package,L24,train
0ab7c28bcb3e04aefad441821c54ad7d,/data/FMD_Data_26082026/fmd_temp_images/ICube Defects Library/Missing Primary Package/20241107_041712_L24_C9_9838.bmp,Missing Primary Package,L24,train
0ad34fa95ba02a792cf3af3dd40b810f,/data/FMD_Data_26082026/fmd_temp_images/ICube Defects Library/Missing Primary Package/20241109_143723_L24_C15_9818.bmp,Missing Primary Package,L24,train
0ade9200acdf9df2bd16ff84cff66d53,/data/FMD_Data_26082026/fmd_temp_images/Updated ICube Categorical Classes 20260915/Missing Primary Package/20241113_230600_L24_C15_9969_0.9998.bmp,Missing Primary Package,L24,train
0b4cea4a5c5215c2e48e1fe5636dd561,/data/FMD_Data_26082026/fmd_temp_images/ICube Defects Library/Missing Primary Package/20260728_210043_L24_PalletGHA0729011652_Cavity11_D009FV4_Fail7_Score(0.9999176).bmp,Missing Primary Package,L24,train
0b91162be0e6bf1777bef47908c27449,/data/FMD_Data_26082026/fmd_temp_images/ICube Defects Library/Missing Primary Package/20241105_024512_L24_C12_9112.bmp,Missing Primary Package,L24,train
0c3549f368e1e35169bfef5138bc0eee,/data/FMD_Data_26082026/fmd_temp_images/Updated ICube Categorical Classes 20260915/Missing Primary Package/20241207_080537_L24_C11_9748_0.9998.bmp,Missing Primary Package,L24,train
0c669732d39aae89b22e3f5ca191d11a,/data/FMD_Data_26082026/fmd_temp_images/Updated ICube Categorical Classes 20260915/Missing Primary Package/20241118_065204_L24_C12_9815_0.9999.bmp,Missing Primary Package,L24,train
0cae8741ad8f1c3aaf55a2066e4393b0,/data/FMD_Data_26082026/fmd_temp_images/Updated ICube Categorical Classes 20260915/Missing Primary Package/20241212_174905_L24_C4_9888_0.9993.bmp,Missing Primary Package,L24,train
0d15e5e3f1b9d50a8bf4bcd27a54fb92,/data/FMD_Data_26082026/fmd_temp_images/Updated ICube Categorical Classes 20260915/Missing Primary Package/20241118_190618_L24_C7_9981_0.9998.bmp,Missing Primary Package,L24,train
0d38231fa14ff0e099585619bb7fb22a,/data/FMD_Data_26082026/fmd_temp_images/ICube Defects Library/Missing Primary Package/20241104_020416_L24_C6_9485.bmp,Missing Primary Package,L24,train
0e05373c3f2f48045164939e500562ae,/data/FMD_Data_26082026/fmd_temp_images/Updated ICube Categorical Classes 20260915/Missing Primary Package/20241121_122132_L24_C9_9942_0.9997.bmp,Missing Primary Package,L24,train
0e587227b2dd9993cd136478380a4bcb,/data/FMD_Data_26082026/fmd_temp_images/Updated ICube Categorical Classes 20260915/Missing Primary Package/20241214_083801_L24_C7_9854_0.9998.bmp,Missing Primary Package,L24,train
0f8b8b52d7134442789c87f0f05e128d,/data/FMD_Data_26082026/fmd_temp_images/ICube Defects Library/Missing Primary Package/20241109_212311_L24_C12_9897.bmp,Missing Primary Package,L24,train
1018047912df8ab3609a2d73907facef,/data/FMD_Data_26082026/fmd_temp_images/Updated ICube Categorical Classes 20260915/Missing Primary Package/20241121_140109_L24_C7_9900_0.9998.bmp,Missing Primary Package,L24,train
102ea63a2f53213bfd1d7fe1c54c4109,/data/FMD_Data_26082026/fmd_temp_images/Updated ICube Categorical Classes 20260915/Missing Primary Package/20241216_073513_L24_C9_9966_0.9997.bmp,Missing Primary Package,L24,train
1032c316bfaf6f2d88cfd3a98174d261,/data/FMD_Data_26082026/fmd_temp_images/ICube Defects Library/Missing Primary Package/20241107_041712_L24_C10_9938.bmp,Missing Primary Package,L24,train
10726e1cb6d8ab445966620082306e19,/data/FMD_Data_26082026/fmd_temp_images/Updated ICube Categorical Classes 20260915/Missing Primary Package/20241113_033740_L24_C12_9930_0.9997.bmp,Missing Primary Package,L24,train
10d6eaf6c30709384e7b8a5651fdc203,/data/FMD_Data_26082026/fmd_temp_images/Updated ICube Categorical Classes 20260915/Missing Primary Package/20241121_150729_L24_C12_9972_0.9998.bmp,Missing Primary Package,L24,train
11198a494d106a3a6d7e9c211779299a,/data/FMD_Data_26082026/fmd_temp_images/Updated ICube Categorical Classes 20260915/Missing Primary Package/20241114_122809_L24_C10_9973_0.9994.bmp,Missing Primary Package,L24,train
113df9b01d5d24d05bf91c9afd6ce71a,/data/FMD_Data_26082026/fmd_temp_images/Updated ICube Categorical Classes 20260915/Missing Primary Package/20241114_053419_L24_C1_9952_0.9998.bmp,Missing Primary Package,L24,train
11ad3c6a7e11fd83e6f335b074cd1b07,/data/FMD_Data_26082026/fmd_temp_images/Updated ICube Categorical Classes 20260915/Missing Primary Package/20241215_211425_L24_C2_9933_0.9997.bmp,Missing Primary Package,L24,train
1228f192ebaaf04a36b8ff2d8ea297db,/data/FMD_Data_26082026/fmd_temp_images/Updated ICube Categorical Classes 20260915/Missing Primary Package/20241209_224516_L24_C10_9985_0.9998.bmp,Missing Primary Package,L24,train
126636b5622641333ea915dc3f0fc636,/data/FMD_Data_26082026/fmd_temp_images/ICube Defects Library/Missing Primary Package/20241110_011134_L24_C13_9967.bmp,Missing Primary Package,L24,train
12d7358da6ea146e99d6cdaadef46b56,/data/FMD_Data_26082026/fmd_temp_images/Updated ICube Categorical Classes 20260915/Missing Primary Package/20241204_165751_L24_C13_9876_0.9999.bmp,Missing Primary Package,L24,train
12dc68da737d987c0f0e87f67ce65b47,/data/FMD_Data_26082026/fmd_temp_images/Updated ICube Categorical Classes 20260915/Missing Primary Package/20241210_001847_L24_C12_9973_0.9997.bmp,Missing Primary Package,L24,train
13ad3c9160d4d06a22d602e3faf4bedb,/data/FMD_Data_26082026/fmd_temp_images/Updated ICube Categorical Classes 20260915/Missing Primary Package/20241216_020231_L24_C3_9942_0.9991.bmp,Missing Primary Package,L24,train
13b6a33b965d0610a4451ff80b62d534,/data/FMD_Data_26082026/fmd_temp_images/Updated ICube Categorical Classes 20260915/Missing Primary Package/20241214_043515_L24_C11_9891_0.9998.bmp,Missing Primary Package,L24,train
14465921a34db2e767d9ea3341596df3,/data/FMD_Data_26082026/fmd_temp_images/Updated ICube Categorical Classes 20260915/Missing Primary Package/20241115_114732_L24_C9_9442_0.9999.bmp,Missing Primary Package,L24,train
1461495b1c22d9cb3357cc1cfb114984,/data/FMD_Data_26082026/fmd_temp_images/Updated ICube Categorical Classes 20260915/Missing Primary Package/20241215_052556_L24_C1_9851_0.9998.bmp,Missing Primary Package,L24,train
147c9688f5dace44e8f682bbfbc842fd,/data/FMD_Data_26082026/fmd_temp_images/Updated ICube Categorical Classes 20260915/Missing Primary Package/20241113_132934_L24_C7_9973_0.9997.bmp,Missing Primary Package,L24,train
1495ef09c6e0bde4128eb3962436e0c0,/data/FMD_Data_26082026/fmd_temp_images/ICube Defects Library/Missing Primary Package/20241107_075358_L24_C10_9914.bmp,Missing Primary Package,L24,train
14b0a0aed49c97946aded8bce59cb4b1,/data/FMD_Data_26082026/fmd_temp_images/Updated ICube Categorical Classes 20260915/Missing Primary Package/20241118_045252_L24_C14_9958_0.9999.bmp,Missing Primary Package,L24,train
15564514f6b1384ff5d5460a87ec8e37,/data/FMD_Data_26082026/fmd_temp_images/ICube Defects Library/Missing Primary Package/20241106_062130_L24_C10_9744.bmp,Missing Primary Package,L24,train
15facd4a92543a3d2b78f2ff8fa03b74,/data/FMD_Data_26082026/fmd_temp_images/Updated ICube Categorical Classes 20260915/Missing Primary Package/20241117_104013_L24_C1_9838_0.9998.bmp,Missing Primary Package,L24,train
1665936707aeab7e122c994af3c10e5b,/data/FMD_Data_26082026/fmd_temp_images/Updated ICube Categorical Classes 20260915/Missing Primary Package/20241215_211435_L24_C14_9954_0.9993.bmp,Missing Primary Package,L24,train
16db3f9a98ce87a8c39b18e2638708df,/data/FMD_Data_26082026/fmd_temp_images/ICube Defects Library/Missing Primary Package/20241108_042443_L24_C12_9899.bmp,Missing Primary Package,L24,train
1709cb20ea644da0ad5055b2f076a97a,/data/FMD_Data_26082026/fmd_temp_images/ICube Defects Library/Missing Primary Package/20241104_020416_L24_C3_9045.bmp,Missing Primary Package,L24,train
17407c513e00e9e84206b10e4b7a8719,/data/FMD_Data_26082026/fmd_temp_images/ICube Defects Library/Missing Primary Package/20241107_211011_L24_C10_9957.bmp,Missing Primary Package,L24,train
1761509d8ab1b54e21aaa55292bf1889,/data/FMD_Data_26082026/fmd_temp_images/Updated ICube Categorical Classes 20260915/Missing Primary Package/20241214_190552_L24_C1_9859_0.9996.bmp,Missing Primary Package,L24,train
17cf8da398ff3bc6e3f4ae213d9d3a36,/data/FMD_Data_26082026/fmd_temp_images/Updated ICube Categorical Classes 20260915/Missing Primary Package/20241214_165230_L24_C9_9940_0.9996.bmp,Missing Primary Package,L24,train
182cd454997b7a8a503f4c2a01b9b06e,/data/FMD_Data_26082026/fmd_temp_images/Updated ICube Categorical Classes 20260915/Missing Primary Package/20241204_165751_L24_C14_9905_0.9998.bmp,Missing Primary Package,L24,train
1856d505b284b759219ab693b1b36031,/data/FMD_Data_26082026/fmd_temp_images/Updated ICube Categorical Classes 20260915/Missing Primary Package/20241209_220245_L24_C12_9990_0.9999.bmp,Missing Primary Package,L24,train
1903a9cf5fec9ab83f08196682704b48,/data/FMD_Data_26082026/fmd_temp_images/ICube Defects Library/Missing Primary Package/20241108_121232_L24_C2_9928.bmp,Missing Primary Package,L24,train
191203ba42ab824cfe6e32c25b2b67bf,/data/FMD_Data_26082026/fmd_temp_images/ICube Defects Library/Missing Primary Package/20241109_025226_L24_C14_9821.bmp,Missing Primary Package,L24,train
198c05a90eb9f126afc80ca524bfe0de,/data/FMD_Data_26082026/fmd_temp_images/Updated ICube Categorical Classes 20260915/Missing Primary Package/20241112_060553_L24_C12_9080_0.9999.bmp,Missing Primary Package,L24,train
19ae4eb59eb6bfe70c05f41056d80548,/data/FMD_Data_26082026/fmd_temp_images/Updated ICube Categorical Classes 20260915/Missing Primary Package/20241212_030844_L24_C14_9522_0.9995.bmp,Missing Primary Package,L24,train
19d62cf9162c32adca4e7fb89641d1e5,/data/FMD_Data_26082026/fmd_temp_images/Updated ICube Categorical Classes 20260915/Missing Primary Package/20241207_194541_L24_C5_9905_0.9999.bmp,Missing Primary Package,L24,train
19fa648f67557288f1fc8bd2380de44b,/data/FMD_Data_26082026/fmd_temp_images/ICube Defects Library/Missing Primary Package/20241107_140515_L24_C14_9897.bmp,Missing Primary Package,L24,train
1a3691145e201a2573bed9a49389a865,/data/FMD_Data_26082026/fmd_temp_images/Updated ICube Categorical Classes 20260915/Missing Primary Package/20241117_010556_L24_C1_9899_0.9998.bmp,Missing Primary Package,L24,train
1a3f1648566c3b307217d009da202f45,/data/FMD_Data_26082026/fmd_temp_images/Updated ICube Categorical Classes 20260915/Missing Primary Package/20241117_202307_L24_C1_9820_0.9998.bmp,Missing Primary Package,L24,train
1a5bd87654f2f98a694018952a374cd8,/data/FMD_Data_26082026/fmd_temp_images/Updated ICube Categorical Classes 20260915/Missing Primary Package/20241116_032036_L24_C1_9984_0.9999.bmp,Missing Primary Package,L24,train
1ab25abcb78dcd849817fa36e35db3a8,/data/FMD_Data_26082026/fmd_temp_images/Updated ICube Categorical Classes 20260915/Missing Primary Package/20241207_193506_L24_C1_9909_0.9998.bmp,Missing Primary Package,L24,train
1bc5db51091744635ff06c1c5e09b7dd,/data/FMD_Data_26082026/fmd_temp_images/ICube Defects Library/Missing Primary Package/20241109_215431_L24_C5_9911.bmp,Missing Primary Package,L24,train
1be731ffa17d2351806bfe57f2d64310,/data/FMD_Data_26082026/fmd_temp_images/Updated ICube Categorical Classes 20260915/Missing Primary Package/20241206_121632_L24_C1_9535_0.9994.bmp,Missing Primary Package,L24,train
1bf5f06a64cc996fb91bd30816d20a2d,/data/FMD_Data_26082026/fmd_temp_images/Updated ICube Categorical Classes 20260915/Missing Primary Package/20241212_174905_L24_C3_9969_0.9997.bmp,Missing Primary Package,L24,train
1c0239e8a1f56e952dc560f26f239885,/data/FMD_Data_26082026/fmd_temp_images/Updated ICube Categorical Classes 20260915/Missing Primary Package/20241119_173743_L24_C8_9227_0.9999.bmp,Missing Primary Package,L24,train
1c51d596ce09490059b1e88c7737373b,/data/FMD_Data_26082026/fmd_temp_images/ICube Defects Library/Missing Primary Package/20241102_232217_L24_C12_9448.bmp,Missing Primary Package,L24,train
1d809f712af96fa4363ea338ab5e711c,/data/FMD_Data_26082026/fmd_temp_images/Updated ICube Categorical Classes 20260915/Missing Primary Package/20241116_230718_L24_C1_9926_0.9998.bmp,Missing Primary Package,L24,train
1d9912d2221b170fd9031a3b5ee0dccd,/data/FMD_Data_26082026/fmd_temp_images/Updated ICube Categorical Classes 20260915/Missing Primary Package/20241205_153407_L24_C10_9832_0.9998.bmp,Missing Primary Package,L24,train
1dd234fa227f2669bf6e15f3450a7d7a,/data/FMD_Data_26082026/fmd_temp_images/ICube Defects Library/Missing Primary Package/20241103_172935_L24_C4_9151.bmp,Missing Primary Package,L24,train
1de9cf3023770c25f8e28dd1a23ec68b,/data/FMD_Data_26082026/fmd_temp_images/Updated ICube Categorical Classes 20260915/Missing Primary Package/20241120_182716_L24_C6_9900_0.9999.bmp,Missing Primary Package,L24,train
1defad4aa7fa6da7aea8bab836a48eae,/data/FMD_Data_26082026/fmd_temp_images/Updated ICube Categorical Classes 20260915/Missing Primary Package/20241210_121130_L24_C12_9988_0.9998.bmp,Missing Primary Package,L24,train
1e1695bc7b9e5d702305d6d44719aee6,/data/FMD_Data_26082026/fmd_temp_images/Updated ICube Categorical Classes 20260915/Missing Primary Package/20241204_165751_L24_C7_9590_0.9999.bmp,Missing Primary Package,L24,train
1e4292ef4f431ec0dafa8a6e3c2ff773,/data/FMD_Data_26082026/fmd_temp_images/ICube Defects Library/Missing Primary Package/20241108_042443_L24_C11_9905.bmp,Missing Primary Package,L24,train
1f049e3efd56bd29c75b00f4dcfaa8bf,/data/FMD_Data_26082026/fmd_temp_images/Updated ICube Categorical Classes 20260915/Missing Primary Package/20241118_040936_L24_C14_9981_0.9997.bmp,Missing Primary Package,L24,train
1f3355f28d3b33500d2d1bba50a74524,/data/FMD_Data_26082026/fmd_temp_images/Updated ICube Categorical Classes 20260915/Missing Primary Package/20241215_045624_L24_C9_9893_0.9997.bmp,Missing Primary Package,L24,train
1f611e8f7e12678c2ae5fa6ed701fda8,/data/FMD_Data_26082026/fmd_temp_images/Updated ICube Categorical Classes 20260915/Missing Primary Package/20241209_152640_L24_C1_9707_0.9998.bmp,Missing Primary Package,L24,train
1f83361b39f7c628c54c350f0d1a8a5b,/data/FMD_Data_26082026/fmd_temp_images/Updated ICube Categorical Classes 20260915/Missing Primary Package/20241120_090349_L24_C1_9784_0.9997.bmp,Missing Primary Package,L24,train
1f8802bc7c142b87ca18c848bf8f72b2,/data/FMD_Data_26082026/fmd_temp_images/Updated ICube Categorical Classes 20260915/Missing Primary Package/20241115_114804_L24_C13_9576_0.9999.bmp,Missing Primary Package,L24,train
1fd3e00c9d8cb0efda86a70ebcb48f04,/data/FMD_Data_26082026/fmd_temp_images/Updated ICube Categorical Classes 20260915/Missing Primary Package/20241122_081101_L24_C4_9955_0.9999.bmp,Missing Primary Package,L24,train
1fd9461c7dc31b822a26570f963dce58,/data/FMD_Data_26082026/fmd_temp_images/Updated ICube Categorical Classes 20260915/Missing Primary Package/20241213_202111_L24_C3_9917_0.9998.bmp,Missing Primary Package,L24,train
204670b5dfe0079d3cac55ee71e658e4,/data/FMD_Data_26082026/fmd_temp_images/Updated ICube Categorical Classes 20260915/Missing Primary Package/20241211_154831_L24_C4_9758_0.9999.bmp,Missing Primary Package,L24,train
20890d94d22642f7c76c1e3871c162b0,/data/FMD_Data_26082026/fmd_temp_images/Updated ICube Categorical Classes 20260915/Missing Primary Package/20241212_174905_L24_C5_9825_0.9997.bmp,Missing Primary Package,L24,train
20b84d0d5594f1f3e177d8f9b7089a43,/data/FMD_Data_26082026/fmd_temp_images/Updated ICube Categorical Classes 20260915/Missing Primary Package/20241216_081810_L24_C5_9968_0.9997.bmp,Missing Primary Package,L24,train
219952a592c74ea7b63537591f978eb6,/data/FMD_Data_26082026/fmd_temp_images/Updated ICube Categorical Classes 20260915/Missing Primary Package/20241210_064958_L24_C3_9998_0.9998.bmp,Missing Primary Package,L24,train
226ebb658b5fad7418ba58caac72efcc,/data/FMD_Data_26082026/fmd_temp_images/Updated ICube Categorical Classes 20260915/Missing Primary Package/20241120_070224_L24_C7_9691_0.9998.bmp,Missing Primary Package,L24,train
22bd5cb0f1ceea032834ccad8a995092,/data/FMD_Data_26082026/fmd_temp_images/Updated ICube Categorical Classes 20260915/Missing Primary Package/20241112_131351_L24_C11_9841_0.9998.bmp,Missing Primary Package,L24,train
22d0e78129034df593c1680a586a4db5,/data/FMD_Data_26082026/fmd_temp_images/Updated ICube Categorical Classes 20260915/Missing Primary Package/20241115_212758_L24_C2_9989_0.9997.bmp,Missing Primary Package,L24,train
23e06eb254c2e016728c77fdbe02010a,/data/FMD_Data_26082026/fmd_temp_images/Updated ICube Categorical Classes 20260915/Missing Primary Package/20241117_235339_L24_C12_9912_0.9998.bmp,Missing Primary Package,L24,train
24cd116252e3f427562bef60cda885f7,/data/FMD_Data_26082026/fmd_temp_images/Updated ICube Categorical Classes 20260915/Missing Primary Package/20260827_004013_L24_PalletGHQ0827045704_Cavity4_B01BKKH_Fail5_Score(0.964279).bmp,Missing Primary Package,L24,train
253d422cbc15f5fdd2813a47b05a739f,/data/FMD_Data_26082026/fmd_temp_images/Updated ICube Categorical Classes 20260915/Missing Primary Package/20241112_132210_L24_C14_9343_0.9998.bmp,Missing Primary Package,L24,train
25430714a7ad843c115cee2f29582db0,/data/FMD_Data_26082026/fmd_temp_images/Updated ICube Categorical Classes 20260915/Missing Primary Package/20241116_212308_L24_C14_9897_0.9999.bmp,Missing Primary Package,L24,train
2562dcafd86e1c377384fac2b97f657d,/data/FMD_Data_26082026/fmd_temp_images/Updated ICube Categorical Classes 20260915/Missing Primary Package/20241122_043832_L24_C5_9986_0.9998.bmp,Missing Primary Package,L24,train
2600817639a92500cf6f8ded7e0eb547,/data/FMD_Data_26082026/fmd_temp_images/Updated ICube Categorical Classes 20260915/Missing Primary Package/20241118_040936_L24_C13_9993_0.9999.bmp,Missing Primary Package,L24,train
26333d7787da9a63aa6911ecb0c1c243,/data/FMD_Data_26082026/fmd_temp_images/Updated ICube Categorical Classes 20260915/Missing Primary Package/20241121_001003_L24_C14_9818_0.9998.bmp,Missing Primary Package,L24,train
268cce30f1f213b305ea48bca07e946f,/data/FMD_Data_26082026/fmd_temp_images/Updated ICube Categorical Classes 20260915/Missing Primary Package/20241204_165751_L24_C11_9342_0.9999.bmp,Missing Primary Package,L24,train
26912fead12b291581f7d0ce595ba99d,/data/FMD_Data_26082026/fmd_temp_images/Updated ICube Categorical Classes 20260915/Missing Primary Package/20241207_080537_L24_C10_9875_0.9994.bmp,Missing Primary Package,L24,train
269e9e3abb9dc4bcfb91805cafdf09fa,/data/FMD_Data_26082026/fmd_temp_images/Updated ICube Categorical Classes 20260915/Missing Primary Package/20260826_062325_L24_PalletGHJ0826103847_Cavity10_B01BKKB_Fail7_Score(0.9874665).bmp,Missing Primary Package,L24,train
26e104b13f4a9e168584e978f24bfc3e,/data/FMD_Data_26082026/fmd_temp_images/Updated ICube Categorical Classes 20260915/Missing Primary Package/20241112_032630_L24_C13_9383_0.9998.bmp,Missing Primary Package,L24,train
26fba78e81037666f53ccf50d03e1ced,/data/FMD_Data_26082026/fmd_temp_images/Updated ICube Categorical Classes 20260915/Missing Primary Package/20241117_202548_L24_C1_9800_0.9996.bmp,Missing Primary Package,L24,train
270fb3a7b548b2aa2816125c9ba0b268,/data/FMD_Data_26082026/fmd_temp_images/Updated ICube Categorical Classes 20260915/Missing Primary Package/20241115_112752_L24_C2_9756_0.9999.bmp,Missing Primary Package,L24,train
2755e79e38356ed5e59b53b3bec6165e,/data/FMD_Data_26082026/fmd_temp_images/Updated ICube Categorical Classes 20260915/Missing Primary Package/20241116_141420_L24_C4_9984_0.9998.bmp,Missing Primary Package,L24,train
275f0ba7fae81b2d55810082b76c2fa4,/data/FMD_Data_26082026/fmd_temp_images/Updated ICube Categorical Classes 20260915/Missing Primary Package/20241209_202536_L24_C8_9941_0.9999.bmp,Missing Primary Package,L24,train
27b6ac6156021ce8acb155af2b8fce82,/data/FMD_Data_26082026/fmd_temp_images/Updated ICube Categorical Classes 20260915/Missing Primary Package/20241211_143255_L24_C4_9637_0.9999.bmp,Missing Primary Package,L24,train
281db0eec189cc877d7008b8af88cc71,/data/FMD_Data_26082026/fmd_temp_images/Updated ICube Categorical Classes 20260915/Missing Primary Package/20260826_062142_L24_PalletGHD0826103826_Cavity1_B01BKKB_Fail2_Score(0.9005623).bmp,Missing Primary Package,L24,train
29b27487246c598bf37eca77f511dbd4,/data/FMD_Data_26082026/fmd_temp_images/Updated ICube Categorical Classes 20260915/Missing Primary Package/20241121_001003_L24_C11_9841_0.9999.bmp,Missing Primary Package,L24,train
2a8143f4bda550c12127579f7fd3ffc4,/data/FMD_Data_26082026/fmd_temp_images/Updated ICube Categorical Classes 20260915/Missing Primary Package/20241215_052556_L24_C7_9922_0.9998.bmp,Missing Primary Package,L24,train
2ab17169eb9c0af66e0d8e69b0ee2f39,/data/FMD_Data_26082026/fmd_temp_images/Updated ICube Categorical Classes 20260915/Missing Primary Package/20241215_052556_L24_C2_9806_0.9997.bmp,Missing Primary Package,L24,train
2ad9aaf0e54b9c1ef8202c93f07546ca,/data/FMD_Data_26082026/fmd_temp_images/ICube Defects Library/Missing Primary Package/20241103_172935_L24_C15_9595.bmp,Missing Primary Package,L24,train
2afd9ddaa5d8d394013947d6e9b2e708,/data/FMD_Data_26082026/fmd_temp_images/Updated ICube Categorical Classes 20260915/Missing Primary Package/20241214_045613_L24_C2_9904_0.9995.bmp,Missing Primary Package,L24,train
2b04cca9360c79f83ab88d5efd469841,/data/FMD_Data_26082026/fmd_temp_images/ICube Defects Library/Missing Primary Package/20241102_170856_L24_C11_9766.bmp,Missing Primary Package,L24,train
2b0e59f17c18a5bbd89257ac7eba96eb,/data/FMD_Data_26082026/fmd_temp_images/Updated ICube Categorical Classes 20260915/Missing Primary Package/20241212_030844_L24_C12_9541_0.9995.bmp,Missing Primary Package,L24,train
2b4f34aa3841189135b40f3a6563e58d,/data/FMD_Data_26082026/fmd_temp_images/Updated ICube Categorical Classes 20260915/Missing Primary Package/20241113_064649_L24_C14_9787_0.9997.bmp,Missing Primary Package,L24,train
2b5a7371b54ec47100ef57ba69fe4c81,/data/FMD_Data_26082026/fmd_temp_images/Updated ICube Categorical Classes 20260915/Missing Primary Package/20241210_064959_L24_C11_9987_0.9998.bmp,Missing Primary Package,L24,train
2b68d35462001af8e682c558f90b646b,/data/FMD_Data_26082026/fmd_temp_images/ICube Defects Library/Missing Primary Package/20241108_042443_L24_C3_9965.bmp,Missing Primary Package,L24,train
2c3ac08ca7d6b7d359cd24a3b5003d0f,/data/FMD_Data_26082026/fmd_temp_images/Updated ICube Categorical Classes 20260915/Missing Primary Package/20241113_033910_L24_C15_9734_0.9999.bmp,Missing Primary Package,L24,train
2c4d1b6c983840055748eff35f1335b3,/data/FMD_Data_26082026/fmd_temp_images/ICube Defects Library/Missing Primary Package/20241102_232217_L24_C4_9060.bmp,Missing Primary Package,L24,train
2c6b881c37a9d1d7e986c54fa8c13493,/data/FMD_Data_26082026/fmd_temp_images/ICube Defects Library/Missing Primary Package/20241110_193544_L24_C12_9966.bmp,Missing Primary Package,L24,train
2c7e78a650a6b69c73ca8a6d2b5cfd96,/data/FMD_Data_26082026/fmd_temp_images/Updated ICube Categorical Classes 20260915/Missing Primary Package/20241120_182716_L24_C7_9924_0.9998.bmp,Missing Primary Package,L24,train
2d28368181d12fd618aa76f09e40d7f8,/data/FMD_Data_26082026/fmd_temp_images/Updated ICube Categorical Classes 20260915/Missing Primary Package/20241205_202254_L24_C8_9929_0.9998.bmp,Missing Primary Package,L24,train
2d42b0ab1cc16a6725aa69a656a72e2e,/data/FMD_Data_26082026/fmd_temp_images/Updated ICube Categorical Classes 20260915/Missing Primary Package/20241209_162827_L24_C6_9817_0.9998.bmp,Missing Primary Package,L24,train
2d8c81bb45c3735d257feb87a106cd08,/data/FMD_Data_26082026/fmd_temp_images/Updated ICube Categorical Classes 20260915/Missing Primary Package/20241216_075853_L24_C1_9370_0.9997.bmp,Missing Primary Package,L24,train
2db78e12254aeb8cd4ad0ea876c05a0a,/data/FMD_Data_26082026/fmd_temp_images/ICube Defects Library/Missing Primary Package/20241107_215355_L24_C10_9940.bmp,Missing Primary Package,L24,train
2dc350b55e49c5356aa595663e854ae2,/data/FMD_Data_26082026/fmd_temp_images/Updated ICube Categorical Classes 20260915/Missing Primary Package/20241118_165117_L24_C1_9889_0.9998.bmp,Missing Primary Package,L24,train
2e3e6c5948f45b3b69297f63b5d548d2,/data/FMD_Data_26082026/fmd_temp_images/Updated ICube Categorical Classes 20260915/Missing Primary Package/20241121_161104_L24_C5_9969_0.9998.bmp,Missing Primary Package,L24,train
2e4e341db19abbc7e23740919b930cee,/data/FMD_Data_26082026/fmd_temp_images/Updated ICube Categorical Classes 20260915/Missing Primary Package/20241113_132934_L24_C2_9932_0.9996.bmp,Missing Primary Package,L24,train
2e7004e8123b2fdf584a3043ccc1c495,/data/FMD_Data_26082026/fmd_temp_images/Updated ICube Categorical Classes 20260915/Missing Primary Package/20241210_064958_L24_C7_9992_0.9999.bmp,Missing Primary Package,L24,train
2e90183d39175ee0b3569cbfb60b9d4b,/data/FMD_Data_26082026/fmd_temp_images/ICube Defects Library/Missing Primary Package/20241108_121232_L24_C3_9931.bmp,Missing Primary Package,L24,train
2f3223660b459149716d60c0255cc0a7,/data/FMD_Data_26082026/fmd_temp_images/Updated ICube Categorical Classes 20260915/Missing Primary Package/20241120_121757_L24_C14_9622_0.9998.bmp,Missing Primary Package,L24,train
2f68e0ac8021c4333f90c9ea8e5d8eb4,/data/FMD_Data_26082026/fmd_temp_images/Updated ICube Categorical Classes 20260915/Missing Primary Package/20241117_092554_L24_C11_9988_0.9998.bmp,Missing Primary Package,L24,train
2feac08697a4deb71cdbbb48be058008,/data/FMD_Data_26082026/fmd_temp_images/Updated ICube Categorical Classes 20260915/Missing Primary Package/20241204_155705_L24_C3_9380_0.9999.bmp,Missing Primary Package,L24,train
2ffbcae4a195e6bb5525daafc33739dd,/data/FMD_Data_26082026/fmd_temp_images/ICube Defects Library/Missing Primary Package/20241104_095840_L24_C14_9443.bmp,Missing Primary Package,L24,train
303e330406e0646b99d7bdad98e4b89b,/data/FMD_Data_26082026/fmd_temp_images/ICube Defects Library/Missing Primary Package/20241110_201717_L24_C14_9972.bmp,Missing Primary Package,L24,train
30e9161003b9df26155658e75f1d6c83,/data/FMD_Data_26082026/fmd_temp_images/ICube Defects Library/Missing Primary Package/20241110_161056_L24_C15_9994.bmp,Missing Primary Package,L24,train
3128464b4b35d391a8646a19444447d2,/data/FMD_Data_26082026/fmd_temp_images/ICube Defects Library/Missing Primary Package/20241110_211748_L24_C6_9811.bmp,Missing Primary Package,L24,train
312b0ba957c08b7ba5bcdb3a089b8c6e,/data/FMD_Data_26082026/fmd_temp_images/Updated ICube Categorical Classes 20260915/Missing Primary Package/20241122_023117_L24_C11_9923_0.9999.bmp,Missing Primary Package,L24,train
3187180765bfb51897763149e1e629fe,/data/FMD_Data_26082026/fmd_temp_images/Updated ICube Categorical Classes 20260915/Missing Primary Package/20241113_180708_L24_C1_9943_0.9996.bmp,Missing Primary Package,L24,train
31bf3e5d6f95486bfd8cec52f686311f,/data/FMD_Data_26082026/fmd_temp_images/ICube Defects Library/Missing Primary Package/20241108_083355_L24_C12_9704.bmp,Missing Primary Package,L24,train
3316763f49d1ed57101d4916d4033a66,/data/FMD_Data_26082026/fmd_temp_images/Updated ICube Categorical Classes 20260915/Missing Primary Package/20241115_133722_L24_C14_9963_0.9998.bmp,Missing Primary Package,L24,train
3448aada5e234c0496bfbb6d53e22c25,/data/FMD_Data_26082026/fmd_temp_images/Updated ICube Categorical Classes 20260915/Missing Primary Package/20241116_203459_L24_C1_9947_0.9998.bmp,Missing Primary Package,L24,train
344a246daa5f2aa63d56a62f53218b25,/data/FMD_Data_26082026/fmd_temp_images/ICube Defects Library/Missing Primary Package/20241103_141007_L24_C12_9387.bmp,Missing Primary Package,L24,train
346469000934f5b507084e6d9289f27b,/data/FMD_Data_26082026/fmd_temp_images/ICube Defects Library/Missing Primary Package/20241108_184746_L24_C14_9957.bmp,Missing Primary Package,L24,train
34caebc7cf9820f0ea82ea33f9c584d0,/data/FMD_Data_26082026/fmd_temp_images/Updated ICube Categorical Classes 20260915/Missing Primary Package/20241121_140109_L24_C10_9954_0.9999.bmp,Missing Primary Package,L24,train
3519ad79ce622cce56baf987df11283e,/data/FMD_Data_26082026/fmd_temp_images/Updated ICube Categorical Classes 20260915/Missing Primary Package/20241120_070252_L24_C3_9710_0.9998.bmp,Missing Primary Package,L24,train
3536a3e125eb0705cf22dc504a165dff,/data/FMD_Data_26082026/fmd_temp_images/Updated ICube Categorical Classes 20260915/Missing Primary Package/20241210_163150_L24_C8_9960_0.9998.bmp,Missing Primary Package,L24,train
35505ef947c6afde0c6db900fe567404,/data/FMD_Data_26082026/fmd_temp_images/Updated ICube Categorical Classes 20260915/Missing Primary Package/20241112_132516_L24_C2_9680_0.9998.bmp,Missing Primary Package,L24,train
35d065b69b5e11755826945c04127860,/data/FMD_Data_26082026/fmd_temp_images/Updated ICube Categorical Classes 20260915/Missing Primary Package/20241115_014823_L24_C4_9954_0.9998.bmp,Missing Primary Package,L24,train
36032d1fe8f59705c09a4fcedd3c19b2,/data/FMD_Data_26082026/fmd_temp_images/Updated ICube Categorical Classes 20260915/Missing Primary Package/20241118_023631_L24_C11_9926_0.9999.bmp,Missing Primary Package,L24,train
361e672828d91886e98844dbeed08bdc,/data/FMD_Data_26082026/fmd_temp_images/Updated ICube Categorical Classes 20260915/Missing Primary Package/20241205_172608_L24_C4_9953_0.9997.bmp,Missing Primary Package,L24,train
36430c35d9c5b61c9085d7b4f95525c1,/data/FMD_Data_26082026/fmd_temp_images/Updated ICube Categorical Classes 20260915/Missing Primary Package/20241113_141749_L24_C10_9986_0.9999.bmp,Missing Primary Package,L24,train
366ac25febd86383395eaf51d7060288,/data/FMD_Data_26082026/fmd_temp_images/ICube Defects Library/Missing Primary Package/20241110_011134_L24_C11_9975.bmp,Missing Primary Package,L24,train
3696b0a2397674a62b31804a7917f267,/data/FMD_Data_26082026/fmd_temp_images/Updated ICube Categorical Classes 20260915/Missing Primary Package/20241121_161104_L24_C9_9976_0.9997.bmp,Missing Primary Package,L24,train
36a7b4794254164c2a7fe5d8fe6c017e,/data/FMD_Data_26082026/fmd_temp_images/Updated ICube Categorical Classes 20260915/Missing Primary Package/20241112_132527_L24_C13_9842_0.9999.bmp,Missing Primary Package,L24,train
36c13200110e7f5ed2f623fdb483be9d,/data/FMD_Data_26082026/fmd_temp_images/Updated ICube Categorical Classes 20260915/Missing Primary Package/20241210_064958_L24_C6_9969_0.9997.bmp,Missing Primary Package,L24,train
36ed62201c63000fc9fa9cbcedfa483b,/data/FMD_Data_26082026/fmd_temp_images/Updated ICube Categorical Classes 20260915/Missing Primary Package/20241213_055847_L24_C8_9688_0.9996.bmp,Missing Primary Package,L24,train
37ebdeeed61b5b9ee7598c8f35f841ad,/data/FMD_Data_26082026/fmd_temp_images/ICube Defects Library/Missing Primary Package/20241108_110236_L24_C8_9609.bmp,Missing Primary Package,L24,train
39119d6fc76fb24726d374b99b99e76c,/data/FMD_Data_26082026/fmd_temp_images/Updated ICube Categorical Classes 20260915/Missing Primary Package/20241119_173743_L24_C13_9045_0.9999.bmp,Missing Primary Package,L24,train
39ccec02c1c009684d93cf3e89e5471e,/data/FMD_Data_26082026/fmd_temp_images/Updated ICube Categorical Classes 20260915/Missing Primary Package/20260831_030303_L24_PalletGHR0831072012_Cavity12_B01BLKS_Fail6_Score(0.9732873).bmp,Missing Primary Package,L24,train
39d291b0fb0ae9bdfc6cbd9bc1dbf55f,/data/FMD_Data_26082026/fmd_temp_images/ICube Defects Library/Missing Primary Package/20241108_042443_L24_C14_9933.bmp,Missing Primary Package,L24,train
39e319ef0b2e033739410ff735623878,/data/FMD_Data_26082026/fmd_temp_images/Updated ICube Categorical Classes 20260915/Missing Primary Package/20241206_121622_L24_C3_9647_0.9998.bmp,Missing Primary Package,L24,train
3a19e12d8fd8a02218687051ffba590e,/data/FMD_Data_26082026/fmd_temp_images/Updated ICube Categorical Classes 20260915/Missing Primary Package/20241210_143747_L24_C6_9988_0.9997.bmp,Missing Primary Package,L24,train
3aab239054ac120ccee50ee447d94f86,/data/FMD_Data_26082026/fmd_temp_images/Updated ICube Categorical Classes 20260915/Missing Primary Package/20241215_175511_L24_C5_9985_0.9984.bmp,Missing Primary Package,L24,train
3ab471640e14db1cef0d169037de7090,/data/FMD_Data_26082026/fmd_temp_images/ICube Defects Library/Missing Primary Package/20241106_221259_L24_C8_9705.bmp,Missing Primary Package,L24,train
3adf39276cbc8d9d064a70e71e58e77f,/data/FMD_Data_26082026/fmd_temp_images/Updated ICube Categorical Classes 20260915/Missing Primary Package/20241214_113520_L24_C4_9923_0.9993.bmp,Missing Primary Package,L24,train
3af09cb0d12bf00bd29df97aecb5fb30,/data/FMD_Data_26082026/fmd_temp_images/ICube Defects Library/Missing Primary Package/20260805_113537_L24_PalletGHD0805155047_Cavity6_D009GB3_Fail7_Score(0.9923793).bmp,Missing Primary Package,L24,train
3b2793717e2805bcc83c98f83e946089,/data/FMD_Data_26082026/fmd_temp_images/Updated ICube Categorical Classes 20260915/Missing Primary Package/20260827_004126_L24_PalletGHB0827045720_Cavity4_B01BKKH_Fail7_Score(0.9994383).bmp,Missing Primary Package,L24,train
3bcf806555e2d1d8de84b2e536c17f32,/data/FMD_Data_26082026/fmd_temp_images/Updated ICube Categorical Classes 20260915/Missing Primary Package/20241117_014140_L24_C14_9970_0.9998.bmp,Missing Primary Package,L24,train
3c049c92cd4074d558070778fad493dc,/data/FMD_Data_26082026/fmd_temp_images/Updated ICube Categorical Classes 20260915/Missing Primary Package/20241212_092627_L24_C2_9126_0.9995.bmp,Missing Primary Package,L24,train
3c2f216ef791358dcc8ca747fdf6b0c4,/data/FMD_Data_26082026/fmd_temp_images/ICube Defects Library/Missing Primary Package/20241110_002529_L24_C2_9895.bmp,Missing Primary Package,L24,train
3d368d0e03f0d5877181e83014b448a6,/data/FMD_Data_26082026/fmd_temp_images/ICube Defects Library/Missing Primary Package/20241108_191457_L24_C10_9968.bmp,Missing Primary Package,L24,train
3d5922f21341b023b2758da382c6a8b2,/data/FMD_Data_26082026/fmd_temp_images/Updated ICube Categorical Classes 20260915/Missing Primary Package/20241116_073052_L24_C13_9998_0.9998.bmp,Missing Primary Package,L24,train
3d81522ffe3b1a1face434a17cf8b54c,/data/FMD_Data_26082026/fmd_temp_images/ICube Defects Library/Missing Primary Package/20241108_045134_L24_C6_9704.bmp,Missing Primary Package,L24,train
3d8b88cd58610672892dd92df92fdca3,/data/FMD_Data_26082026/fmd_temp_images/ICube Defects Library/Missing Primary Package/20241108_042443_L24_C4_9841.bmp,Missing Primary Package,L24,train
3e2f1c9e51c0644c5607c698006d00fe,/data/FMD_Data_26082026/fmd_temp_images/Updated ICube Categorical Classes 20260915/Missing Primary Package/20241116_043709_L24_C14_9991_0.9998.bmp,Missing Primary Package,L24,train
3f82ba436c9fcd1a563f4454b11ee926,/data/FMD_Data_26082026/fmd_temp_images/Updated ICube Categorical Classes 20260915/Missing Primary Package/20241210_064958_L24_C8_9995_0.9999.bmp,Missing Primary Package,L24,train
3fa2cabad69640030088f0a4c341d1fe,/data/FMD_Data_26082026/fmd_temp_images/Updated ICube Categorical Classes 20260915/Missing Primary Package/20260827_004002_L24_PalletGHM0827045654_Cavity2_B01BKKH_Fail6_Score(0.9799688).bmp,Missing Primary Package,L24,train
3fe3e978bcd28763681f193191133422,/data/FMD_Data_26082026/fmd_temp_images/Updated ICube Categorical Classes 20260915/Missing Primary Package/20241206_121632_L24_C2_9671_0.9998.bmp,Missing Primary Package,L24,train
3ffbf33ba5aacaf458f4139eab114046,/data/FMD_Data_26082026/fmd_temp_images/Updated ICube Categorical Classes 20260915/Missing Primary Package/20241120_070224_L24_C11_9774_0.9999.bmp,Missing Primary Package,L24,train
405e1de69351867d747c7bbe9ff47b22,/data/FMD_Data_26082026/fmd_temp_images/Updated ICube Categorical Classes 20260915/Missing Primary Package/20241111_194515_L24_C4_9343_0.9998.bmp,Missing Primary Package,L24,train
406baa88e3fe0ff6cf23b25f30678a34,/data/FMD_Data_26082026/fmd_temp_images/ICube Defects Library/Missing Primary Package/20241108_110236_L24_C9_9918.bmp,Missing Primary Package,L24,train
40baa00b6b518a8e092981f58e927d80,/data/FMD_Data_26082026/fmd_temp_images/Updated ICube Categorical Classes 20260915/Missing Primary Package/20241212_101450_L24_C5_9625_0.9997.bmp,Missing Primary Package,L24,train
42378af73e790dbd408bc60e7fc6c43a,/data/FMD_Data_26082026/fmd_temp_images/Updated ICube Categorical Classes 20260915/Missing Primary Package/20241116_212308_L24_C12_9950_0.9999.bmp,Missing Primary Package,L24,train
428766c10b3fecddbb83f17c227c6d81,/data/FMD_Data_26082026/fmd_temp_images/Updated ICube Categorical Classes 20260915/Missing Primary Package/20241122_031419_L24_C9_9919_0.9998.bmp,Missing Primary Package,L24,train
42ed23378989475a6d7b60aa5fc73148,/data/FMD_Data_26082026/fmd_temp_images/Updated ICube Categorical Classes 20260915/Missing Primary Package/20241115_114804_L24_C10_9625_0.9999.bmp,Missing Primary Package,L24,train
432fa36a5faafabd11f6df23a07d1125,/data/FMD_Data_26082026/fmd_temp_images/ICube Defects Library/Missing Primary Package/20241107_193615_L24_C12_9704.bmp,Missing Primary Package,L24,train
436c0ea8dc9bc29e52ce8143d442c0a8,/data/FMD_Data_26082026/fmd_temp_images/ICube Defects Library/Missing Primary Package/20241108_083405_L24_C6_9787.bmp,Missing Primary Package,L24,train
441c25b2e4ff6fa33d9cb44913770590,/data/FMD_Data_26082026/fmd_temp_images/Updated ICube Categorical Classes 20260915/Missing Primary Package/20241212_174905_L24_C14_9766_0.9995.bmp,Missing Primary Package,L24,train
443b1cb37c35586e23862cca82dbe215,/data/FMD_Data_26082026/fmd_temp_images/Updated ICube Categorical Classes 20260915/Missing Primary Package/20241119_013540_L24_C1_9965_0.9997.bmp,Missing Primary Package,L24,train
444a9a9648c091e19459481b63eb33e2,/data/FMD_Data_26082026/fmd_temp_images/Updated ICube Categorical Classes 20260915/Missing Primary Package/20241214_041943_L24_C1_9416_0.9997.bmp,Missing Primary Package,L24,train
44e61b6c01a5e2f8e77b3fdf81ff2bca,/data/FMD_Data_26082026/fmd_temp_images/Updated ICube Categorical Classes 20260915/Missing Primary Package/20241113_105808_L24_C2_9975_0.9996.bmp,Missing Primary Package,L24,train
4546a4af04141e6e534bf0d92d2d4c50,/data/FMD_Data_26082026/fmd_temp_images/ICube Defects Library/Missing Primary Package/20241108_110236_L24_C4_9937.bmp,Missing Primary Package,L24,train
454f6bac82c8cc745178f9cc408648bf,/data/FMD_Data_26082026/fmd_temp_images/ICube Defects Library/Missing Primary Package/20241108_191457_L24_C9_9937.bmp,Missing Primary Package,L24,train
4551ebd66202316ecabd86cc0e7da414,/data/FMD_Data_26082026/fmd_temp_images/Updated ICube Categorical Classes 20260915/Missing Primary Package/20241205_130626_L24_C7_9652_0.9999.bmp,Missing Primary Package,L24,train
45caff7ec7e85e0e1525587f1af67870,/data/FMD_Data_26082026/fmd_temp_images/ICube Defects Library/Missing Primary Package/20241110_195720_L24_C13_9980.bmp,Missing Primary Package,L24,train
460af0a965b514939ec1c5185b58c20a,/data/FMD_Data_26082026/fmd_temp_images/Updated ICube Categorical Classes 20260915/Missing Primary Package/20241119_015443_L24_C12_9906_0.9998.bmp,Missing Primary Package,L24,train
4634669731da77d0adbcc76522667b4f,/data/FMD_Data_26082026/fmd_temp_images/Updated ICube Categorical Classes 20260915/Missing Primary Package/20241118_044817_L24_C11_9983_0.9999.bmp,Missing Primary Package,L24,train
46a71296f0caf754024e510bffa40fac,/data/FMD_Data_26082026/fmd_temp_images/Updated ICube Categorical Classes 20260915/Missing Primary Package/20241208_182129_L24_C11_9995_0.9997.bmp,Missing Primary Package,L24,train
46a99cda24dc06edf7f75b6500264b27,/data/FMD_Data_26082026/fmd_temp_images/Updated ICube Categorical Classes 20260915/Missing Primary Package/20241213_055847_L24_C11_9454_0.9997.bmp,Missing Primary Package,L24,train
47f50c0a41bc3d8561a71c87705677f4,/data/FMD_Data_26082026/fmd_temp_images/Updated ICube Categorical Classes 20260915/Missing Primary Package/20241122_022143_L24_C1_9251_0.9999.bmp,Missing Primary Package,L24,train
47fdf56259c2651f813e88f497b994ac,/data/FMD_Data_26082026/fmd_temp_images/ICube Defects Library/Missing Primary Package/20241108_081423_L24_C8_9917.bmp,Missing Primary Package,L24,train
48215ebe5d067743b6955ba30b08e754,/data/FMD_Data_26082026/fmd_temp_images/ICube Defects Library/Missing Primary Package/20241109_173858_L24_C13_9816.bmp,Missing Primary Package,L24,train
489d88d92fe800b6fe704ad30aa2ed22,/data/FMD_Data_26082026/fmd_temp_images/Updated ICube Categorical Classes 20260915/Missing Primary Package/20241210_065016_L24_C4_9982_0.9998.bmp,Missing Primary Package,L24,train
48ef312f1596bd4cd2b67d70052b8a69,/data/FMD_Data_26082026/fmd_temp_images/ICube Defects Library/Missing Primary Package/20241104_020416_L24_C4_9346.bmp,Missing Primary Package,L24,train
48f39feb1cfccfe6c7f0bd2c9f302c29,/data/FMD_Data_26082026/fmd_temp_images/ICube Defects Library/Missing Primary Package/20241107_211011_L24_C6_9958.bmp,Missing Primary Package,L24,train
48f4a91c141ee9d2a21eae8cd3299b0e,/data/FMD_Data_26082026/fmd_temp_images/Updated ICube Categorical Classes 20260915/Missing Primary Package/20241212_034502_L24_C7_9917_0.9996.bmp,Missing Primary Package,L24,train
4919437ea9337812d588bea82440d8e6,/data/FMD_Data_26082026/fmd_temp_images/ICube Defects Library/Missing Primary Package/20241108_094607_L24_C13_9950.bmp,Missing Primary Package,L24,train
491b082d6d63b0b0d5aa8da3429c9844,/data/FMD_Data_26082026/fmd_temp_images/Updated ICube Categorical Classes 20260915/Missing Primary Package/20241116_110928_L24_C8_9997_0.9998.bmp,Missing Primary Package,L24,train
4930134e38b04a1cf03d910ba5b8eb0b,/data/FMD_Data_26082026/fmd_temp_images/Updated ICube Categorical Classes 20260915/Missing Primary Package/20241206_043549_L24_C1_9904_0.9997.bmp,Missing Primary Package,L24,train
494abcc88acb508a9a13d20e338824c8,/data/FMD_Data_26082026/fmd_temp_images/Updated ICube Categorical Classes 20260915/Missing Primary Package/20241115_114804_L24_C12_9616_0.9999.bmp,Missing Primary Package,L24,train
49f6114895e30210700e1bda373c6cac,/data/FMD_Data_26082026/fmd_temp_images/ICube Defects Library/Missing Primary Package/20241102_232217_L24_C2_9553.bmp,Missing Primary Package,L24,train
4a08ecedce0097ff52b84fb8d76f933b,/data/FMD_Data_26082026/fmd_temp_images/ICube Defects Library/Missing Primary Package/20241107_140515_L24_C10_9632.bmp,Missing Primary Package,L24,train
4a62fbda053f6e0652d874842ce8a7a2,/data/FMD_Data_26082026/fmd_temp_images/ICube Defects Library/Missing Primary Package/20241110_131625_L24_C2_9947.bmp,Missing Primary Package,L24,train
4a717f0f4a9a52272ea0707d87388087,/data/FMD_Data_26082026/fmd_temp_images/Updated ICube Categorical Classes 20260915/Missing Primary Package/20241210_064958_L24_C4_9994_0.9998.bmp,Missing Primary Package,L24,train
4a7bf9430d99b19ce20ec57dd862895b,/data/FMD_Data_26082026/fmd_temp_images/Updated ICube Categorical Classes 20260915/Missing Primary Package/20241210_104317_L24_C4_9990_0.9997.bmp,Missing Primary Package,L24,train
4a8ee7f6ad9d2e71e161b37c7367fc3f,/data/FMD_Data_26082026/fmd_temp_images/ICube Defects Library/Missing Primary Package/20241104_020416_L24_C11_9197.bmp,Missing Primary Package,L24,train
4aa036c09a2da1dcc89c98bdccb9e16f,/data/FMD_Data_26082026/fmd_temp_images/Updated ICube Categorical Classes 20260915/Missing Primary Package/20241207_061705_L24_C6_9771_0.9997.bmp,Missing Primary Package,L24,train
4aae534b547383f638443f42cff3b93c,/data/FMD_Data_26082026/fmd_temp_images/Updated ICube Categorical Classes 20260915/Missing Primary Package/20241119_142014_L24_C7_9202_0.9998.bmp,Missing Primary Package,L24,train
4ada4652d01c2fb40edfbcb8b648d830,/data/FMD_Data_26082026/fmd_temp_images/ICube Defects Library/Missing Primary Package/20260728_202829_L24_PalletGHL0729004441_Cavity12_D009FV3_Fail7_Score(0.9998007).bmp,Missing Primary Package,L24,train
4af9c929fe43a43d47b84d6a3c7ddc74,/data/FMD_Data_26082026/fmd_temp_images/Updated ICube Categorical Classes 20260915/Missing Primary Package/20241113_090817_L24_C13_9988_0.9998.bmp,Missing Primary Package,L24,train
4b2967356b4329dd80cdf291d670aeae,/data/FMD_Data_26082026/fmd_temp_images/Updated ICube Categorical Classes 20260915/Missing Primary Package/20241204_165751_L24_C12_9865_0.9999.bmp,Missing Primary Package,L24,train
4b7a427b4afb10019c927400863013c6,/data/FMD_Data_26082026/fmd_temp_images/Updated ICube Categorical Classes 20260915/Missing Primary Package/20241206_000533_L24_C3_9840_0.9998.bmp,Missing Primary Package,L24,train
4c257fe0ca2491f155e84e19ca876f11,/data/FMD_Data_26082026/fmd_temp_images/ICube Defects Library/Missing Primary Package/20260805_113631_L24_PalletGHC0805155221_Cavity11_D009GB3_Fail7_Score(0.9957228).bmp,Missing Primary Package,L24,train
4c567abc3275d45f1d2c6b0083bf9b6a,/data/FMD_Data_26082026/fmd_temp_images/Updated ICube Categorical Classes 20260915/Missing Primary Package/20241114_045216_L24_C12_9875_0.9998.bmp,Missing Primary Package,L24,train
4cb42ad00e65bf775865285cfee6c69d,/data/FMD_Data_26082026/fmd_temp_images/ICube Defects Library/Missing Primary Package/20241110_211748_L24_C10_9975.bmp,Missing Primary Package,L24,train
4cb44782c0376f8b30fb30ef588c75c2,/data/FMD_Data_26082026/fmd_temp_images/Updated ICube Categorical Classes 20260915/Missing Primary Package/20241116_213459_L24_C13_9977_0.9999.bmp,Missing Primary Package,L24,train
4d0d6a26ea64a57d00af13b1a9ac1eb6,/data/FMD_Data_26082026/fmd_temp_images/ICube Defects Library/Missing Primary Package/20241107_202623_L24_C8_9922.bmp,Missing Primary Package,L24,train
4d41725f6f4a7389bd4ea7909145210f,/data/FMD_Data_26082026/fmd_temp_images/Updated ICube Categorical Classes 20260915/Missing Primary Package/20241215_031016_L24_C6_9768_0.9998.bmp,Missing Primary Package,L24,train
4e73df8833a9bdf5d22f3365ed9a37b1,/data/FMD_Data_26082026/fmd_temp_images/Updated ICube Categorical Classes 20260915/Missing Primary Package/20241122_022143_L24_C8_9880_0.9998.bmp,Missing Primary Package,L24,train
4f0c2725c74a4101fd54b4f66fe35b89,/data/FMD_Data_26082026/fmd_temp_images/Updated ICube Categorical Classes 20260915/Missing Primary Package/20241209_152559_L24_C1_9323_0.9997.bmp,Missing Primary Package,L24,train
4f2e28badc2b9dba5c1a8c62150e8812,/data/FMD_Data_26082026/fmd_temp_images/Updated ICube Categorical Classes 20260915/Missing Primary Package/20241116_031751_L24_C3_9990_0.9999.bmp,Missing Primary Package,L24,train
4f743e1ce7cc14b8efdd861b65b27e5a,/data/FMD_Data_26082026/fmd_temp_images/Updated ICube Categorical Classes 20260915/Missing Primary Package/20241208_093109_L24_C2_9991_0.9997.bmp,Missing Primary Package,L24,train
4f78f3e1184111d3849ccede07325d4e,/data/FMD_Data_26082026/fmd_temp_images/Updated ICube Categorical Classes 20260915/Missing Primary Package/20241212_030844_L24_C13_9715_0.9997.bmp,Missing Primary Package,L24,train
4f8e9611748df74bbcf28a24f3ca36ec,/data/FMD_Data_26082026/fmd_temp_images/ICube Defects Library/Missing Primary Package/20260805_113551_L24_PalletGHL0805155140_Cavity3_D009GB3_Fail7_Score(0.983889).bmp,Missing Primary Package,L24,train
4fc39c7c82af51757d71fabb4d45cd28,/data/FMD_Data_26082026/fmd_temp_images/Updated ICube Categorical Classes 20260915/Missing Primary Package/20241118_211655_L24_C7_9815_0.9998.bmp,Missing Primary Package,L24,train
4fe123d67e5349dd186be70e9553dfb2,/data/FMD_Data_26082026/fmd_temp_images/Updated ICube Categorical Classes 20260915/Missing Primary Package/20241113_033910_L24_C14_9930_0.9996.bmp,Missing Primary Package,L24,train
50778d45e944409df755503d08fba817,/data/FMD_Data_26082026/fmd_temp_images/ICube Defects Library/Missing Primary Package/20260803_182521_L24_PalletGHC0803223925_Cavity10_D009G74_Fail7_Score(0.998942).bmp,Missing Primary Package,L24,train
50de888305e7f332d532f7e2501a14af,/data/FMD_Data_26082026/fmd_temp_images/Updated ICube Categorical Classes 20260915/Missing Primary Package/20241211_223139_L24_C10_9899_0.9995.bmp,Missing Primary Package,L24,train
510dd9f22c7890e89fa98c5f0d4a6726,/data/FMD_Data_26082026/fmd_temp_images/Updated ICube Categorical Classes 20260915/Missing Primary Package/20241206_182122_L24_C2_9770_0.9998.bmp,Missing Primary Package,L24,train
5137d0afcb0d088a6673f47556a66817,/data/FMD_Data_26082026/fmd_temp_images/Updated ICube Categorical Classes 20260915/Missing Primary Package/20241207_051347_L24_C11_9358_0.9997.bmp,Missing Primary Package,L24,train
51777f26762ba89c86cd0649f008db27,/data/FMD_Data_26082026/fmd_temp_images/ICube Defects Library/Missing Primary Package/20241102_135306_L24_C14_9844.bmp,Missing Primary Package,L24,train
51fd048d2835f6a4ea4602f09cd8caf8,/data/FMD_Data_26082026/fmd_temp_images/Updated ICube Categorical Classes 20260915/Missing Primary Package/20241213_215913_L24_C7_9836_0.9996.bmp,Missing Primary Package,L24,train
52a9943554f18eb64aeccd624b35148d,/data/FMD_Data_26082026/fmd_temp_images/Updated ICube Categorical Classes 20260915/Missing Primary Package/20241121_040133_L24_C8_9959_0.9999.bmp,Missing Primary Package,L24,train
52ccd67a4a16ac4e3f134a7962b8d846,/data/FMD_Data_26082026/fmd_temp_images/Updated ICube Categorical Classes 20260915/Missing Primary Package/20241216_060608_L24_C4_9981_0.9998.bmp,Missing Primary Package,L24,train
5302dcd6f62f11e88bd954da568425f3,/data/FMD_Data_26082026/fmd_temp_images/ICube Defects Library/Missing Primary Package/20241108_210649_L24_C10_9887.bmp,Missing Primary Package,L24,train
532cdeb0efd73f7f4a085b49dd64bfa5,/data/FMD_Data_26082026/fmd_temp_images/Updated ICube Categorical Classes 20260915/Missing Primary Package/20241215_052556_L24_C11_9899_0.9998.bmp,Missing Primary Package,L24,train
5391ce224592fa6c63679ed6eccbf5b1,/data/FMD_Data_26082026/fmd_temp_images/ICube Defects Library/Missing Primary Package/20241108_175956_L24_C8_9962.bmp,Missing Primary Package,L24,train
53c5df39a50c83a4819b9f100937e09b,/data/FMD_Data_26082026/fmd_temp_images/ICube Defects Library/Missing Primary Package/20241103_223211_L24_C11_9421.bmp,Missing Primary Package,L24,train
54cb429322f090593e3a75f355a64a8d,/data/FMD_Data_26082026/fmd_temp_images/ICube Defects Library/Missing Primary Package/20241108_181020_L24_C10_9968.bmp,Missing Primary Package,L24,train
54f9e550a416e14c29db6aa57a070f83,/data/FMD_Data_26082026/fmd_temp_images/Updated ICube Categorical Classes 20260915/Missing Primary Package/20241206_095757_L24_C4_9145_0.9997.bmp,Missing Primary Package,L24,train
55080778aa667140c405982451ceb3c0,/data/FMD_Data_26082026/fmd_temp_images/Updated ICube Categorical Classes 20260915/Missing Primary Package/20241113_132934_L24_C6_9941_0.9997.bmp,Missing Primary Package,L24,train
5516112491884bec1e5044bd74b71918,/data/FMD_Data_26082026/fmd_temp_images/Updated ICube Categorical Classes 20260915/Missing Primary Package/20241115_152106_L24_C8_9996_0.9999.bmp,Missing Primary Package,L24,train
551e7e51d99340af77cb46779364bca3,/data/FMD_Data_26082026/fmd_temp_images/Updated ICube Categorical Classes 20260915/Missing Primary Package/20241116_032036_L24_C15_9994_0.9998.bmp,Missing Primary Package,L24,train
55203908734def685aa3c4384a88793c,/data/FMD_Data_26082026/fmd_temp_images/Updated ICube Categorical Classes 20260915/Missing Primary Package/20241115_023043_L24_C12_9935_0.9999.bmp,Missing Primary Package,L24,train
55775fd3f31c792d98ad5a8ead5d7813,/data/FMD_Data_26082026/fmd_temp_images/Updated ICube Categorical Classes 20260915/Missing Primary Package/20241113_133411_L24_C10_9916_0.9996.bmp,Missing Primary Package,L24,train
55cc89decd109ca43f037200b899922f,/data/FMD_Data_26082026/fmd_temp_images/Updated ICube Categorical Classes 20260915/Missing Primary Package/20241214_054519_L24_C2_9794_0.9997.bmp,Missing Primary Package,L24,train
55d6311d424e88fc5e342f0e0f51269d,/data/FMD_Data_26082026/fmd_temp_images/ICube Defects Library/Missing Primary Package/20241110_225711_L24_C13_9773.bmp,Missing Primary Package,L24,train
563e792300e6ff567bcf345edc856529,/data/FMD_Data_26082026/fmd_temp_images/Updated ICube Categorical Classes 20260915/Missing Primary Package/20241212_114158_L24_C12_9548_0.9997.bmp,Missing Primary Package,L24,train
56e67e146dab65dcdd78b13fee31f300,/data/FMD_Data_26082026/fmd_temp_images/ICube Defects Library/Missing Primary Package/20241110_184625_L24_C12_9911.bmp,Missing Primary Package,L24,train
56f27c7f28ecb26b474013aca2689b76,/data/FMD_Data_26082026/fmd_temp_images/Updated ICube Categorical Classes 20260915/Missing Primary Package/20241206_013818_L24_C6_9808_0.9996.bmp,Missing Primary Package,L24,train
56fa1c25e341a0456600dce051edf35d,/data/FMD_Data_26082026/fmd_temp_images/Updated ICube Categorical Classes 20260915/Missing Primary Package/20241206_014012_L24_C13_9771_0.9998.bmp,Missing Primary Package,L24,train
57363129641f58a86e951b02f661d426,/data/FMD_Data_26082026/fmd_temp_images/Updated ICube Categorical Classes 20260915/Missing Primary Package/20241116_212416_L24_C2_9948_0.9998.bmp,Missing Primary Package,L24,train
5781422f9d63a6bcb233ea91656cac19,/data/FMD_Data_26082026/fmd_temp_images/Updated ICube Categorical Classes 20260915/Missing Primary Package/20241116_200530_L24_C3_9965_0.9999.bmp,Missing Primary Package,L24,train
57d9e116cd1ba6e7c133f0289db2b500,/data/FMD_Data_26082026/fmd_temp_images/Updated ICube Categorical Classes 20260915/Missing Primary Package/20241214_230546_L24_C10_9956_0.9996.bmp,Missing Primary Package,L24,train
57ffd2f2385d2bdcb7fb4526adf46d9e,/data/FMD_Data_26082026/fmd_temp_images/ICube Defects Library/Missing Primary Package/20241108_183216_L24_C11_9807.bmp,Missing Primary Package,L24,train
585d2f42e8b506f56ccc8ebe6d52dd4e,/data/FMD_Data_26082026/fmd_temp_images/ICube Defects Library/Missing Primary Package/20241102_232217_L24_C3_9373.bmp,Missing Primary Package,L24,train
586d327f17726f3d85af5ea4e4cf1ef5,/data/FMD_Data_26082026/fmd_temp_images/Updated ICube Categorical Classes 20260915/Missing Primary Package/20241208_141416_L24_C9_9967_0.9998.bmp,Missing Primary Package,L24,train
587e74727dc27ef556fcaf4f3cdbf6ce,/data/FMD_Data_26082026/fmd_temp_images/Updated ICube Categorical Classes 20260915/Missing Primary Package/20241122_043832_L24_C1_9980_0.9998.bmp,Missing Primary Package,L24,train
589bc1e8d1e3dcf36d4ba46859944af0,/data/FMD_Data_26082026/fmd_temp_images/Updated ICube Categorical Classes 20260915/Missing Primary Package/20241206_121632_L24_C3_9643_0.9998.bmp,Missing Primary Package,L24,train
58e486eb9e477f3f96527d08b29e37a2,/data/FMD_Data_26082026/fmd_temp_images/Updated ICube Categorical Classes 20260915/Missing Primary Package/20241116_043814_L24_C14_9990_0.9997.bmp,Missing Primary Package,L24,train
59359a6203518e107f5a956e396cea45,/data/FMD_Data_26082026/fmd_temp_images/ICube Defects Library/Missing Primary Package/20241108_042443_L24_C13_9958.bmp,Missing Primary Package,L24,train
593ee014ea34cabf94bedf4d5192cc6e,/data/FMD_Data_26082026/fmd_temp_images/ICube Defects Library/Missing Primary Package/20241109_172315_L24_C5_9970.bmp,Missing Primary Package,L24,train
5955fbee7e47da5b9b40ff875d2f21c8,/data/FMD_Data_26082026/fmd_temp_images/Updated ICube Categorical Classes 20260915/Missing Primary Package/20241216_060608_L24_C6_9466_0.9997.bmp,Missing Primary Package,L24,train
59a98cd19692dc6050e7dbb3dbb15495,/data/FMD_Data_26082026/fmd_temp_images/ICube Defects Library/Missing Primary Package/20241108_083405_L24_C9_9354.bmp,Missing Primary Package,L24,train
59dfbbbbc081a4a0ac96ed34ed0fbe2b,/data/FMD_Data_26082026/fmd_temp_images/ICube Defects Library/Missing Primary Package/20241109_143723_L24_C11_9375.bmp,Missing Primary Package,L24,train
5ac12b9344e78fac388dddb37ed46340,/data/FMD_Data_26082026/fmd_temp_images/ICube Defects Library/Missing Primary Package/20241108_042443_L24_C9_9943.bmp,Missing Primary Package,L24,train
5aded28938a6ae5402cb076070982d83,/data/FMD_Data_26082026/fmd_temp_images/Updated ICube Categorical Classes 20260915/Missing Primary Package/20241113_201947_L24_C8_9976_0.9998.bmp,Missing Primary Package,L24,train
5b1fb640c0e0a8794a1e67feabd5fd0e,/data/FMD_Data_26082026/fmd_temp_images/Updated ICube Categorical Classes 20260915/Missing Primary Package/20241209_152930_L24_C15_9778_0.9998.bmp,Missing Primary Package,L24,train
5b561cf5d0136358182ca8e79eecee5b,/data/FMD_Data_26082026/fmd_temp_images/Updated ICube Categorical Classes 20260915/Missing Primary Package/20241112_094943_L24_C5_9712_0.9999.bmp,Missing Primary Package,L24,train
5ba8a93fc146d08f97b8d553c435822c,/data/FMD_Data_26082026/fmd_temp_images/ICube Defects Library/Missing Primary Package/20241107_110545_L24_C14_9926.bmp,Missing Primary Package,L24,train
5d49f41fa090a34ab4a8141cacf16a79,/data/FMD_Data_26082026/fmd_temp_images/Updated ICube Categorical Classes 20260915/Missing Primary Package/20241116_214632_L24_C14_9968_0.9996.bmp,Missing Primary Package,L24,train
5d5a38817ae3179784cce6621e068114,/data/FMD_Data_26082026/fmd_temp_images/Updated ICube Categorical Classes 20260915/Missing Primary Package/20241210_163150_L24_C12_9960_0.9996.bmp,Missing Primary Package,L24,train
5db3745ee3a32607d4ab339d81999659,/data/FMD_Data_26082026/fmd_temp_images/ICube Defects Library/Missing Primary Package/20241108_175956_L24_C5_9798.bmp,Missing Primary Package,L24,train
5e1452d22e0fddfff83c7c05bba4e88b,/data/FMD_Data_26082026/fmd_temp_images/Updated ICube Categorical Classes 20260915/Missing Primary Package/20241114_030114_L24_C12_9909_0.9999.bmp,Missing Primary Package,L24,train
5efec642b61cf700016204c92e585496,/data/FMD_Data_26082026/fmd_temp_images/Updated ICube Categorical Classes 20260915/Missing Primary Package/20241118_190618_L24_C12_9923_0.9998.bmp,Missing Primary Package,L24,train
5fc1debbf7d2688cf47cce5424ce0c19,/data/FMD_Data_26082026/fmd_temp_images/Updated ICube Categorical Classes 20260915/Missing Primary Package/20241117_165334_L24_C12_9910_0.9997.bmp,Missing Primary Package,L24,train
60209d5c61a6775216123642295abb7a,/data/FMD_Data_26082026/fmd_temp_images/Updated ICube Categorical Classes 20260915/Missing Primary Package/20241120_182705_L24_C11_9794_0.9188.bmp,Missing Primary Package,L24,train
602daea502aeab569d5b3a08bd38122f,/data/FMD_Data_26082026/fmd_temp_images/Updated ICube Categorical Classes 20260915/Missing Primary Package/20241213_141644_L24_C7_9659_0.9997.bmp,Missing Primary Package,L24,train
60555689ddb20840a2071b73e0386d79,/data/FMD_Data_26082026/fmd_temp_images/ICube Defects Library/Missing Primary Package/20241111_051130_L24_C13_9992.bmp,Missing Primary Package,L24,train
610879e0c57411d3967d6b646153d4b1,/data/FMD_Data_26082026/fmd_temp_images/Updated ICube Categorical Classes 20260915/Missing Primary Package/20241207_193355_L24_C12_9991_0.9999.bmp,Missing Primary Package,L24,train
6168e101b2ed87b2ed87af3e2d4199df,/data/FMD_Data_26082026/fmd_temp_images/ICube Defects Library/Missing Primary Package/20241109_205534_L24_C2_9842.bmp,Missing Primary Package,L24,train
621032c73b24378dc3b19666d44aa952,/data/FMD_Data_26082026/fmd_temp_images/ICube Defects Library/Missing Primary Package/20241104_020416_L24_C5_9219.bmp,Missing Primary Package,L24,train
62361077ba008cd271f97153802e9231,/data/FMD_Data_26082026/fmd_temp_images/Updated ICube Categorical Classes 20260915/Missing Primary Package/20241213_112157_L24_C5_9927_0.9991.bmp,Missing Primary Package,L24,train
6248ac1a81bfcdfeefeb3722ec155e20,/data/FMD_Data_26082026/fmd_temp_images/Updated ICube Categorical Classes 20260915/Missing Primary Package/20241209_152930_L24_C14_9977_0.9998.bmp,Missing Primary Package,L24,train
625a50c54509e5f83cd32ea0fbf633ca,/data/FMD_Data_26082026/fmd_temp_images/Updated ICube Categorical Classes 20260915/Missing Primary Package/20241215_031016_L24_C4_9786_0.9995.bmp,Missing Primary Package,L24,train
628f06efa5a9a18f2ed2d3b01c5d5b2d,/data/FMD_Data_26082026/fmd_temp_images/Updated ICube Categorical Classes 20260915/Missing Primary Package/20241211_140646_L24_C6_9440_0.9998.bmp,Missing Primary Package,L24,train
62a8633ee20f6f0b9b46271ccbb54ec7,/data/FMD_Data_26082026/fmd_temp_images/Updated ICube Categorical Classes 20260915/Missing Primary Package/20241120_132034_L24_C15_9844_0.9999.bmp,Missing Primary Package,L24,train
62e5c6217454ef347b287c3314fcca3d,/data/FMD_Data_26082026/fmd_temp_images/Updated ICube Categorical Classes 20260915/Missing Primary Package/20241114_030114_L24_C11_9863_0.9999.bmp,Missing Primary Package,L24,train
63012488231449c33a23f36e780b7987,/data/FMD_Data_26082026/fmd_temp_images/Updated ICube Categorical Classes 20260915/Missing Primary Package/20241214_180139_L24_C7_9953_0.9997.bmp,Missing Primary Package,L24,train
631e8fd6bc78d4fafb0fd39dc250974a,/data/FMD_Data_26082026/fmd_temp_images/Updated ICube Categorical Classes 20260915/Missing Primary Package/20241213_124947_L24_C9_9811_0.9996.bmp,Missing Primary Package,L24,train
6322d561ba061f23c1ab5f14091f12d3,/data/FMD_Data_26082026/fmd_temp_images/Updated ICube Categorical Classes 20260915/Missing Primary Package/20241114_040629_L24_C3_9934_0.9998.bmp,Missing Primary Package,L24,train
640691e3cf11cdbee3d34c250b8dcb45,/data/FMD_Data_26082026/fmd_temp_images/ICube Defects Library/Missing Primary Package/20241107_091635_L24_C12_9886.bmp,Missing Primary Package,L24,train
642848ae7483c96c109e1371f8b28eff,/data/FMD_Data_26082026/fmd_temp_images/ICube Defects Library/Missing Primary Package/20241101_220255_L24_C11_9870.bmp,Missing Primary Package,L24,train
64334e01356c59658c9cbc4e74ec9699,/data/FMD_Data_26082026/fmd_temp_images/Updated ICube Categorical Classes 20260915/Missing Primary Package/20241113_132934_L24_C3_9983_0.9998.bmp,Missing Primary Package,L24,train
64475fb6603967437e420df3d86738d9,/data/FMD_Data_26082026/fmd_temp_images/ICube Defects Library/Missing Primary Package/20241108_210649_L24_C12_9814.bmp,Missing Primary Package,L24,train
6450eaef0bb51dac691d54856a47311b,/data/FMD_Data_26082026/fmd_temp_images/ICube Defects Library/Missing Primary Package/20241108_181010_L24_C4_9975.bmp,Missing Primary Package,L24,train
64c3ade318890d3c643c24ac9fc56509,/data/FMD_Data_26082026/fmd_temp_images/Updated ICube Categorical Classes 20260915/Missing Primary Package/20241114_133117_L24_C3_9969_0.9998.bmp,Missing Primary Package,L24,train
64f2e48c3444a23b75244f8cee7ccad8,/data/FMD_Data_26082026/fmd_temp_images/Updated ICube Categorical Classes 20260915/Missing Primary Package/20241117_014140_L24_C13_9969_0.9999.bmp,Missing Primary Package,L24,train
65cf3094d236eaa5b9a65f09361c1f84,/data/FMD_Data_26082026/fmd_temp_images/ICube Defects Library/Missing Primary Package/20241108_081352_L24_C5_9638.bmp,Missing Primary Package,L24,train
66679b7e97a375b389cb65f8e071b73c,/data/FMD_Data_26082026/fmd_temp_images/Updated ICube Categorical Classes 20260915/Missing Primary Package/20241213_084852_L24_C2_9861_0.9994.bmp,Missing Primary Package,L24,train
6714fe22972f5f49750151d2245fa7c7,/data/FMD_Data_26082026/fmd_temp_images/Updated ICube Categorical Classes 20260915/Missing Primary Package/20241214_113520_L24_C3_9975_0.9994.bmp,Missing Primary Package,L24,train
68a7450e6972d6d30a37c2d86d60a135,/data/FMD_Data_26082026/fmd_temp_images/Updated ICube Categorical Classes 20260915/Missing Primary Package/20241121_161104_L24_C6_9955_0.9998.bmp,Missing Primary Package,L24,train
69549beb3f195eb2041efca8d2a555c1,/data/FMD_Data_26082026/fmd_temp_images/Updated ICube Categorical Classes 20260915/Missing Primary Package/20241114_030114_L24_C15_9886_0.9998.bmp,Missing Primary Package,L24,train
697a0b87b0868ea49817cd7eebcc9d0d,/data/FMD_Data_26082026/fmd_temp_images/ICube Defects Library/Missing Primary Package/20241102_170856_L24_C12_9372.bmp,Missing Primary Package,L24,train
6a19a17e6698ac5367fe9a9e017735e8,/data/FMD_Data_26082026/fmd_temp_images/ICube Defects Library/Missing Primary Package/20260805_113415_L24_PalletGHJ0805155004_Cavity11_D009GB3_Fail7_Score(0.9980994).bmp,Missing Primary Package,L24,train
6ae0bda4f4830ab857bc77b993ccab1c,/data/FMD_Data_26082026/fmd_temp_images/Updated ICube Categorical Classes 20260915/Missing Primary Package/20241212_030844_L24_C11_9485_0.9998.bmp,Missing Primary Package,L24,train
6b547a375b65136b1a3ef4e2f7226dfd,/data/FMD_Data_26082026/fmd_temp_images/ICube Defects Library/Missing Primary Package/20241102_081018_L24_C4_9693.bmp,Missing Primary Package,L24,train
6b6bfea0878ace4f49d3a5e35076e965,/data/FMD_Data_26082026/fmd_temp_images/Updated ICube Categorical Classes 20260915/Missing Primary Package/20241120_040032_L24_C6_9569_0.9998.bmp,Missing Primary Package,L24,train
6bce60392f3918b56fce293695595313,/data/FMD_Data_26082026/fmd_temp_images/Updated ICube Categorical Classes 20260915/Missing Primary Package/20241116_043814_L24_C11_9988_0.9998.bmp,Missing Primary Package,L24,train
6bf4da6a78d07cec46dfcbabf2c0d66c,/data/FMD_Data_26082026/fmd_temp_images/Updated ICube Categorical Classes 20260915/Missing Primary Package/20241116_031751_L24_C1_9996_0.9997.bmp,Missing Primary Package,L24,train
6c0f213f64270a6b620335a915b7f350,/data/FMD_Data_26082026/fmd_temp_images/Updated ICube Categorical Classes 20260915/Missing Primary Package/20241120_040032_L24_C4_9341_0.9999.bmp,Missing Primary Package,L24,train
6c567147a5d001105e9f8aa99fa09b50,/data/FMD_Data_26082026/fmd_temp_images/Updated ICube Categorical Classes 20260915/Missing Primary Package/20241210_064958_L24_C10_9995_0.9998.bmp,Missing Primary Package,L24,train
6cafea0e4ef951a1efe7e301cce90130,/data/FMD_Data_26082026/fmd_temp_images/Updated ICube Categorical Classes 20260915/Missing Primary Package/20241212_174905_L24_C2_9546_0.9996.bmp,Missing Primary Package,L24,train
6cbdcf961245179fd3d2f9a0b9080408,/data/FMD_Data_26082026/fmd_temp_images/Updated ICube Categorical Classes 20260915/Missing Primary Package/20241113_033909_L24_C7_9804_0.9998.bmp,Missing Primary Package,L24,train
6d57a3ada22dd066fc2dc392d076b3db,/data/FMD_Data_26082026/fmd_temp_images/ICube Defects Library/Missing Primary Package/20241109_213815_L24_C3_9891.bmp,Missing Primary Package,L24,train
6df1240ee3464c366a0c194dcccf68f8,/data/FMD_Data_26082026/fmd_temp_images/Updated ICube Categorical Classes 20260915/Missing Primary Package/20241117_202307_L24_C2_9904_0.9998.bmp,Missing Primary Package,L24,train
6e24a67bc7115b45bf1dcbcde225de50,/data/FMD_Data_26082026/fmd_temp_images/Updated ICube Categorical Classes 20260915/Missing Primary Package/20241117_235339_L24_C10_9955_0.9996.bmp,Missing Primary Package,L24,train
6e6d517d465d4c958746a1a0b8e7b976,/data/FMD_Data_26082026/fmd_temp_images/Updated ICube Categorical Classes 20260915/Missing Primary Package/20241121_161104_L24_C8_9857_0.9998.bmp,Missing Primary Package,L24,train
6e95ff9f6c7946d1eb0be90bf21736f9,/data/FMD_Data_26082026/fmd_temp_images/Updated ICube Categorical Classes 20260915/Missing Primary Package/20241121_155812_L24_C14_9922_0.8857.bmp,Missing Primary Package,L24,train
6ed4a94aad02e5002f371e37c60f6e24,/data/FMD_Data_26082026/fmd_temp_images/Updated ICube Categorical Classes 20260915/Missing Primary Package/20241116_230500_L24_C1_9971_0.9997.bmp,Missing Primary Package,L24,train
6ef92332692372df0abfaefb98a56554,/data/FMD_Data_26082026/fmd_temp_images/Updated ICube Categorical Classes 20260915/Missing Primary Package/20241204_165633_L24_C8_9744_0.9998.bmp,Missing Primary Package,L24,train
6f053850d1394c889b37f9ce1a40ab80,/data/FMD_Data_26082026/fmd_temp_images/ICube Defects Library/Missing Primary Package/20241108_110236_L24_C7_9934.bmp,Missing Primary Package,L24,train
6f2bee976f982824b26080931ef97775,/data/FMD_Data_26082026/fmd_temp_images/ICube Defects Library/Missing Primary Package/20241107_202623_L24_C9_9793.bmp,Missing Primary Package,L24,train
7045ebc9e03581eebcc4e504f66f1f6c,/data/FMD_Data_26082026/fmd_temp_images/Updated ICube Categorical Classes 20260915/Missing Primary Package/20241118_190618_L24_C13_9986_0.9998.bmp,Missing Primary Package,L24,train
70735d4383b02733e607d94ff9a2b4a8,/data/FMD_Data_26082026/fmd_temp_images/Updated ICube Categorical Classes 20260915/Missing Primary Package/20241215_211435_L24_C11_9975_0.9996.bmp,Missing Primary Package,L24,train
714ec1b5b0159c43ec6b26c41bc022c6,/data/FMD_Data_26082026/fmd_temp_images/Updated ICube Categorical Classes 20260915/Missing Primary Package/20241117_033239_L24_C14_9954_0.9998.bmp,Missing Primary Package,L24,train
724bd070b05776682fdf1657be64620d,/data/FMD_Data_26082026/fmd_temp_images/Updated ICube Categorical Classes 20260915/Missing Primary Package/20241206_192758_L24_C6_9022_0.9998.bmp,Missing Primary Package,L24,train
72791c7adc40cfe859206cfe99f05e3d,/data/FMD_Data_26082026/fmd_temp_images/Updated ICube Categorical Classes 20260915/Missing Primary Package/20241114_235745_L24_C4_9683_0.9999.bmp,Missing Primary Package,L24,train
72da33f62b11af222cb86d4250b788cd,/data/FMD_Data_26082026/fmd_temp_images/Updated ICube Categorical Classes 20260915/Missing Primary Package/20241118_065204_L24_C13_9838_0.9999.bmp,Missing Primary Package,L24,train
72eb0ea9461b7a82a9d1c8b4016e2637,/data/FMD_Data_26082026/fmd_temp_images/Updated ICube Categorical Classes 20260915/Missing Primary Package/20241206_014012_L24_C12_9755_0.9998.bmp,Missing Primary Package,L24,train
731de95ab78f39ce888ebd61bd63a834,/data/FMD_Data_26082026/fmd_temp_images/ICube Defects Library/Missing Primary Package/20241104_100336_L24_C9_9457.bmp,Missing Primary Package,L24,train
73e96c24b0ea0e9bf241ee8a11240a11,/data/FMD_Data_26082026/fmd_temp_images/Updated ICube Categorical Classes 20260915/Missing Primary Package/20241116_141420_L24_C7_9987_0.9998.bmp,Missing Primary Package,L24,train
741532c1e9c48c0f58fb8ce87d2af827,/data/FMD_Data_26082026/fmd_temp_images/Updated ICube Categorical Classes 20260915/Missing Primary Package/20241114_045207_L24_C7_9949_0.9998.bmp,Missing Primary Package,L24,train
741d748e94dfcd328322723c969a3231,/data/FMD_Data_26082026/fmd_temp_images/Updated ICube Categorical Classes 20260915/Missing Primary Package/20241210_104317_L24_C3_9993_0.9998.bmp,Missing Primary Package,L24,train
742e260bdb26b39bf489a48d858cc1ff,/data/FMD_Data_26082026/fmd_temp_images/ICube Defects Library/Missing Primary Package/20241104_020416_L24_C9_9693.bmp,Missing Primary Package,L24,train
74930d26c7e073c64e84f092ec814580,/data/FMD_Data_26082026/fmd_temp_images/ICube Defects Library/Missing Primary Package/20241107_215354_L24_C2_9880.bmp,Missing Primary Package,L24,train
74b08e39ca2c62ff28a5cb0d3e5b4ca5,/data/FMD_Data_26082026/fmd_temp_images/Updated ICube Categorical Classes 20260915/Missing Primary Package/20260731_121001_L24_PalletGHS0731162622_Cavity15_D009G0Q_Pass1_Score(0.7561282).bmp,Missing Primary Package,L24,train
74e73d5fb6e2031e901890f56cc39ace,/data/FMD_Data_26082026/fmd_temp_images/Updated ICube Categorical Classes 20260915/Missing Primary Package/20241121_122132_L24_C12_9975_0.9998.bmp,Missing Primary Package,L24,train
750ebc066ccfb63d020409371ed4e0e2,/data/FMD_Data_26082026/fmd_temp_images/Updated ICube Categorical Classes 20260915/Missing Primary Package/20241122_084116_L24_C11_9962_0.9999.bmp,Missing Primary Package,L24,train
752fb9ee911842a3ce64028d9a5a2fb3,/data/FMD_Data_26082026/fmd_temp_images/Updated ICube Categorical Classes 20260915/Missing Primary Package/20241120_070224_L24_C9_9531_0.9999.bmp,Missing Primary Package,L24,train
7536cafd51957f08add2909131499163,/data/FMD_Data_26082026/fmd_temp_images/Updated ICube Categorical Classes 20260915/Missing Primary Package/20241205_053033_L24_C8_9231_0.9999.bmp,Missing Primary Package,L24,train
7586a34aeb2ac5ea0af447f822c6c675,/data/FMD_Data_26082026/fmd_temp_images/Updated ICube Categorical Classes 20260915/Missing Primary Package/20241113_090817_L24_C11_9988_0.9998.bmp,Missing Primary Package,L24,train
75c729fb6d68eda5c490103a641cc84a,/data/FMD_Data_26082026/fmd_temp_images/ICube Defects Library/Missing Primary Package/20241109_034824_L24_C5_9863.bmp,Missing Primary Package,L24,train
763f226d4d7821aac87b9c6b50b36c0f,/data/FMD_Data_26082026/fmd_temp_images/ICube Defects Library/Missing Primary Package/20241108_083405_L24_C8_9815.bmp,Missing Primary Package,L24,train
7661b2892330f7f7f2f5123f60f7d0c4,/data/FMD_Data_26082026/fmd_temp_images/Updated ICube Categorical Classes 20260915/Missing Primary Package/20241116_213459_L24_C14_9943_0.9997.bmp,Missing Primary Package,L24,train
768003505910d88a0106e1644edbfcfc,/data/FMD_Data_26082026/fmd_temp_images/ICube Defects Library/Missing Primary Package/20241108_042443_L24_C10_9911.bmp,Missing Primary Package,L24,train
76be04b75cbbe7be077b2375951e5647,/data/FMD_Data_26082026/fmd_temp_images/Updated ICube Categorical Classes 20260915/Missing Primary Package/20241209_181223_L24_C1_9938_0.9998.bmp,Missing Primary Package,L24,train
76df082fa91d9e132a13d04d5a6ce4b4,/data/FMD_Data_26082026/fmd_temp_images/Updated ICube Categorical Classes 20260915/Missing Primary Package/20241121_122142_L24_C13_9985_0.9998.bmp,Missing Primary Package,L24,train
775d21da765bea727c124230803d0378,/data/FMD_Data_26082026/fmd_temp_images/ICube Defects Library/Missing Primary Package/20241103_141007_L24_C14_9704.bmp,Missing Primary Package,L24,train
781cf1a51ff0233075926bd7960b815f,/data/FMD_Data_26082026/fmd_temp_images/ICube Defects Library/Missing Primary Package/20241109_143723_L24_C1_9096.bmp,Missing Primary Package,L24,train
782320b2a1722ba51c9e43c86c814efe,/data/FMD_Data_26082026/fmd_temp_images/ICube Defects Library/Missing Primary Package/20241110_211748_L24_C8_9822.bmp,Missing Primary Package,L24,train
78bbd9de8fb2ea016f3a193d9ad015a4,/data/FMD_Data_26082026/fmd_temp_images/Updated ICube Categorical Classes 20260915/Missing Primary Package/20241206_023135_L24_C14_9847_0.9998.bmp,Missing Primary Package,L24,train
792257a10878d5501bb8b945c1e6e431,/data/FMD_Data_26082026/fmd_temp_images/Updated ICube Categorical Classes 20260915/Missing Primary Package/20241118_123537_L24_C13_9982_0.9998.bmp,Missing Primary Package,L24,train
79355c0a6021e4714e6eed8b4866e7af,/data/FMD_Data_26082026/fmd_temp_images/Updated ICube Categorical Classes 20260915/Missing Primary Package/20241206_014012_L24_C15_9882_0.9998.bmp,Missing Primary Package,L24,train
7951099c3b54875b81c285d606559b6c,/data/FMD_Data_26082026/fmd_temp_images/ICube Defects Library/Missing Primary Package/20241109_025226_L24_C13_9924.bmp,Missing Primary Package,L24,train
796dfd5a7ba656f31cfc365ddf873001,/data/FMD_Data_26082026/fmd_temp_images/Updated ICube Categorical Classes 20260915/Missing Primary Package/20241206_182122_L24_C1_9692_0.9998.bmp,Missing Primary Package,L24,train
797811d81dce2a3751dfed8b57ea6247,/data/FMD_Data_26082026/fmd_temp_images/Updated ICube Categorical Classes 20260915/Missing Primary Package/20241207_193345_L24_C3_9956_0.9999.bmp,Missing Primary Package,L24,train
799ddb3ec4adb497a2ec44aaf50c5ce4,/data/FMD_Data_26082026/fmd_temp_images/ICube Defects Library/Missing Primary Package/20241108_045134_L24_C5_9913.bmp,Missing Primary Package,L24,train
79abebdd1dc4b1699d2f62b1d17fd7f7,/data/FMD_Data_26082026/fmd_temp_images/ICube Defects Library/Missing Primary Package/20241110_193544_L24_C6_9964.bmp,Missing Primary Package,L24,train
79adb950dbbb2c636c91062b9ab83454,/data/FMD_Data_26082026/fmd_temp_images/Updated ICube Categorical Classes 20260915/Missing Primary Package/20241206_122015_L24_C15_9945_0.9996.bmp,Missing Primary Package,L24,train
7a3a2e92123537e885201871387de2d5,/data/FMD_Data_26082026/fmd_temp_images/Updated ICube Categorical Classes 20260915/Missing Primary Package/20241207_100412_L24_C13_9725_0.9998.bmp,Missing Primary Package,L24,train
7a46bd4447a4b3e65ec6841c36cfcbb3,/data/FMD_Data_26082026/fmd_temp_images/Updated ICube Categorical Classes 20260915/Missing Primary Package/20241213_112157_L24_C7_9943_0.9998.bmp,Missing Primary Package,L24,train
7aa2b4dabb0ea041e5f42063c96643ac,/data/FMD_Data_26082026/fmd_temp_images/Updated ICube Categorical Classes 20260915/Missing Primary Package/20241115_112740_L24_C13_9829_0.9999.bmp,Missing Primary Package,L24,train
7afe8584e09c0349666dfc0e312a3713,/data/FMD_Data_26082026/fmd_temp_images/Updated ICube Categorical Classes 20260915/Missing Primary Package/20241117_014303_L24_C7_9967_0.9999.bmp,Missing Primary Package,L24,train
7b05c638f9c3ecbf1b9bd2c77ae8580d,/data/FMD_Data_26082026/fmd_temp_images/Updated ICube Categorical Classes 20260915/Missing Primary Package/20241116_032031_L24_C15_9992_0.9999.bmp,Missing Primary Package,L24,train
7b65e867638fa552e86ec56f497ebe75,/data/FMD_Data_26082026/fmd_temp_images/ICube Defects Library/Missing Primary Package/20241110_004729_L24_C15_9976.bmp,Missing Primary Package,L24,train
7b99f69f243880520ed38e441f364d25,/data/FMD_Data_26082026/fmd_temp_images/Updated ICube Categorical Classes 20260915/Missing Primary Package/20241118_125158_L24_C9_9970_0.9998.bmp,Missing Primary Package,L24,train
7bf27c8e0bf13d3720e91f26d7756931,/data/FMD_Data_26082026/fmd_temp_images/Updated ICube Categorical Classes 20260915/Missing Primary Package/20241210_163150_L24_C9_9923_0.9999.bmp,Missing Primary Package,L24,train
7bf9092a6b3d9701f1e7b0190b9ee181,/data/FMD_Data_26082026/fmd_temp_images/Updated ICube Categorical Classes 20260915/Missing Primary Package/20241115_212808_L24_C13_9998_0.9999.bmp,Missing Primary Package,L24,train
7c0d68be2d0fde5f0430d22546c74594,/data/FMD_Data_26082026/fmd_temp_images/Updated ICube Categorical Classes 20260915/Missing Primary Package/20241116_230500_L24_C2_9973_0.9998.bmp,Missing Primary Package,L24,train
7c2d87530c32f174d0f806283f4fdb08,/data/FMD_Data_26082026/fmd_temp_images/Updated ICube Categorical Classes 20260915/Missing Primary Package/20241115_212808_L24_C11_9995_0.9999.bmp,Missing Primary Package,L24,train
7c98b5870ddc3ee66d2c64e035bf9adb,/data/FMD_Data_26082026/fmd_temp_images/Updated ICube Categorical Classes 20260915/Missing Primary Package/20241206_014012_L24_C11_9803_0.9999.bmp,Missing Primary Package,L24,train
7cb618d3db11c563047e85ec82d055ec,/data/FMD_Data_26082026/fmd_temp_images/ICube Defects Library/Missing Primary Package/20241108_175956_L24_C15_9995.bmp,Missing Primary Package,L24,train
7d8535f05e9ce1c167cb8b1e306bf0fd,/data/FMD_Data_26082026/fmd_temp_images/Updated ICube Categorical Classes 20260915/Missing Primary Package/20241210_065016_L24_C9_9983_0.9998.bmp,Missing Primary Package,L24,train
7ee5fc6430694a67943b11993e76a719,/data/FMD_Data_26082026/fmd_temp_images/ICube Defects Library/Missing Primary Package/20241108_151847_L24_C8_9953.bmp,Missing Primary Package,L24,train
7f03301bde11ae50dac72e128a6e2ec8,/data/FMD_Data_26082026/fmd_temp_images/ICube Defects Library/Missing Primary Package/20241106_221902_L24_C8_9664.bmp,Missing Primary Package,L24,train
7f16d313eaaf44866c0f15c8fb5b9626,/data/FMD_Data_26082026/fmd_temp_images/Updated ICube Categorical Classes 20260915/Missing Primary Package/20241214_054519_L24_C7_9969_0.9998.bmp,Missing Primary Package,L24,train
80239a22fe43b47fd4abd988767ae49f,/data/FMD_Data_26082026/fmd_temp_images/Updated ICube Categorical Classes 20260915/Missing Primary Package/20241117_081618_L24_C7_9960_0.9996.bmp,Missing Primary Package,L24,train
80fca84f807b56b4d1b0e07809880719,/data/FMD_Data_26082026/fmd_temp_images/ICube Defects Library/Missing Primary Package/20241105_204620_L24_C5_9517.bmp,Missing Primary Package,L24,train
80fff398e24217cf5826451e87e8ba87,/data/FMD_Data_26082026/fmd_temp_images/Updated ICube Categorical Classes 20260915/Missing Primary Package/20241114_042122_L24_C14_9820_0.9998.bmp,Missing Primary Package,L24,train
81257f7b379c53cfbc9e740aa3f22901,/data/FMD_Data_26082026/fmd_temp_images/Updated ICube Categorical Classes 20260915/Missing Primary Package/20241121_155812_L24_C13_9966_0.5512.bmp,Missing Primary Package,L24,train
816dce1186a93d1a8a32aea1bd9844d4,/data/FMD_Data_26082026/fmd_temp_images/Updated ICube Categorical Classes 20260915/Missing Primary Package/20241210_062651_L24_C4_9977_0.9997.bmp,Missing Primary Package,L24,train
8173457b07c5a1651b4a15dc244eaa19,/data/FMD_Data_26082026/fmd_temp_images/ICube Defects Library/Missing Primary Package/20241109_050827_L24_C12_9927.bmp,Missing Primary Package,L24,train
82187a23c0e5806d1e2fa2d68b986a44,/data/FMD_Data_26082026/fmd_temp_images/ICube Defects Library/Missing Primary Package/20241106_050640_L24_C5_9130.bmp,Missing Primary Package,L24,train
8238cb8263353aaacd4ea3a5eb27dba3,/data/FMD_Data_26082026/fmd_temp_images/ICube Defects Library/Missing Primary Package/20241104_020416_L24_C12_9731.bmp,Missing Primary Package,L24,train
82ec0d6834b769921da2b2a4c859cdab,/data/FMD_Data_26082026/fmd_temp_images/ICube Defects Library/Missing Primary Package/20241106_115114_L24_C13_9158.bmp,Missing Primary Package,L24,train
82f11722c54b38b455f856fd691284d1,/data/FMD_Data_26082026/fmd_temp_images/Updated ICube Categorical Classes 20260915/Missing Primary Package/20241115_114804_L24_C11_9783_0.9999.bmp,Missing Primary Package,L24,train
83208292ea6fd28c55be048c480c81d3,/data/FMD_Data_26082026/fmd_temp_images/Updated ICube Categorical Classes 20260915/Missing Primary Package/20241122_023229_L24_C11_9982_0.9998.bmp,Missing Primary Package,L24,train
837720ce27028754e44fd089c5fd6e9a,/data/FMD_Data_26082026/fmd_temp_images/Updated ICube Categorical Classes 20260915/Missing Primary Package/20241112_105452_L24_C12_9747_0.9999.bmp,Missing Primary Package,L24,train
839330dfc7179a6e452e1442e23cb84a,/data/FMD_Data_26082026/fmd_temp_images/Updated ICube Categorical Classes 20260915/Missing Primary Package/20241212_034502_L24_C6_9804_0.9996.bmp,Missing Primary Package,L24,train
8394e9acf0922aceaf737c767f040dd1,/data/FMD_Data_26082026/fmd_temp_images/ICube Defects Library/Missing Primary Package/20241108_191104_L24_C9_9897.bmp,Missing Primary Package,L24,train
83d05f8d5af2968e21437b940b218c45,/data/FMD_Data_26082026/fmd_temp_images/ICube Defects Library/Missing Primary Package/20260805_113421_L24_PalletGHL0805155009_Cavity7_D009GB3_Fail7_Score(0.9952601).bmp,Missing Primary Package,L24,train
83eede4de799d5246df2e2f39f953153,/data/FMD_Data_26082026/fmd_temp_images/Updated ICube Categorical Classes 20260915/Missing Primary Package/20241122_081101_L24_C5_9918_0.9999.bmp,Missing Primary Package,L24,train
846ed70705354d963838847056da734f,/data/FMD_Data_26082026/fmd_temp_images/Updated ICube Categorical Classes 20260915/Missing Primary Package/20241118_023631_L24_C10_9923_0.9998.bmp,Missing Primary Package,L24,train
84ed6e26efd823e9727c28b866a89692,/data/FMD_Data_26082026/fmd_temp_images/Updated ICube Categorical Classes 20260915/Missing Primary Package/20241207_070720_L24_C13_9738_0.9997.bmp,Missing Primary Package,L24,train
84ff5d123c3c5f1b21c159fd76a8655d,/data/FMD_Data_26082026/fmd_temp_images/ICube Defects Library/Missing Primary Package/20241107_215354_L24_C5_9809.bmp,Missing Primary Package,L24,train
854a689f095eb82e87c0d9a15be68f97,/data/FMD_Data_26082026/fmd_temp_images/Updated ICube Categorical Classes 20260915/Missing Primary Package/20241118_023621_L24_C2_9857_0.9999.bmp,Missing Primary Package,L24,train
86209c4d9782fa94ff5bdb76e1291d63,/data/FMD_Data_26082026/fmd_temp_images/Updated ICube Categorical Classes 20260915/Missing Primary Package/20241120_160734_L24_C3_9242_0.9999.bmp,Missing Primary Package,L24,train
864bda7d20bf7863c18f0a7b40f3f0ad,/data/FMD_Data_26082026/fmd_temp_images/Updated ICube Categorical Classes 20260915/Missing Primary Package/20241112_234540_L24_C14_9953_0.9999.bmp,Missing Primary Package,L24,train
865566978bb0813841aa920ef1ace1f7,/data/FMD_Data_26082026/fmd_temp_images/Updated ICube Categorical Classes 20260915/Missing Primary Package/20241210_163150_L24_C11_9907_0.9999.bmp,Missing Primary Package,L24,train
86d3b0c2fbc58b146d8780aad5206f70,/data/FMD_Data_26082026/fmd_temp_images/Updated ICube Categorical Classes 20260915/Missing Primary Package/20241118_040936_L24_C5_9961_0.9998.bmp,Missing Primary Package,L24,train
8744348ce1c7006fc612d4e40c3d6b16,/data/FMD_Data_26082026/fmd_temp_images/Updated ICube Categorical Classes 20260915/Missing Primary Package/20241211_143255_L24_C5_9769_0.9996.bmp,Missing Primary Package,L24,train
88ecaec4c7f0753fc793ff46b878083f,/data/FMD_Data_26082026/fmd_temp_images/ICube Defects Library/Missing Primary Package/20241110_193544_L24_C2_9990.bmp,Missing Primary Package,L24,train
8907267d20d8cab26dafeeffcd57464c,/data/FMD_Data_26082026/fmd_temp_images/Updated ICube Categorical Classes 20260915/Missing Primary Package/20241113_064649_L24_C10_9828_0.9997.bmp,Missing Primary Package,L24,train
89ce46dbe9bbfe324b2b9562bca84a9f,/data/FMD_Data_26082026/fmd_temp_images/Updated ICube Categorical Classes 20260915/Missing Primary Package/20241114_235745_L24_C7_9905_1.0000.bmp,Missing Primary Package,L24,train
8a1a4e3655397872b70e3e2e44d6ec31,/data/FMD_Data_26082026/fmd_temp_images/ICube Defects Library/Missing Primary Package/20241110_193544_L24_C1_9914.bmp,Missing Primary Package,L24,train
8ac3c2eb52d386ca357a6bc1ac860f21,/data/FMD_Data_26082026/fmd_temp_images/ICube Defects Library/Missing Primary Package/20241109_040045_L24_C4_9748.bmp,Missing Primary Package,L24,train
8b94c4add855eca4cfe5ff38eef8d23b,/data/FMD_Data_26082026/fmd_temp_images/Updated ICube Categorical Classes 20260915/Missing Primary Package/20241116_141420_L24_C8_9991_0.9998.bmp,Missing Primary Package,L24,train
8bcad9075a08753840b5bb2239e17488,/data/FMD_Data_26082026/fmd_temp_images/Updated ICube Categorical Classes 20260915/Missing Primary Package/20241120_182716_L24_C4_9936_0.9998.bmp,Missing Primary Package,L24,train
8be6bfa580bdbc7d42d20e226c310d84,/data/FMD_Data_26082026/fmd_temp_images/Updated ICube Categorical Classes 20260915/Missing Primary Package/20241207_194541_L24_C9_9932_0.9999.bmp,Missing Primary Package,L24,train
8bf96969d0475a31435291b5824e9930,/data/FMD_Data_26082026/fmd_temp_images/Updated ICube Categorical Classes 20260915/Missing Primary Package/20241213_112157_L24_C8_9824_0.9997.bmp,Missing Primary Package,L24,train
8c44fa59807c6fa0d405045852a0d7fa,/data/FMD_Data_26082026/fmd_temp_images/Updated ICube Categorical Classes 20260915/Missing Primary Package/20241116_200529_L24_C2_9966_0.9999.bmp,Missing Primary Package,L24,train
8c8b378670243873a19aacb2658f6286,/data/FMD_Data_26082026/fmd_temp_images/Updated ICube Categorical Classes 20260915/Missing Primary Package/20241215_052556_L24_C6_9942_0.9997.bmp,Missing Primary Package,L24,train
8c92f3c69033ca6598260ca44f3f6f2e,/data/FMD_Data_26082026/fmd_temp_images/ICube Defects Library/Missing Primary Package/20241110_131625_L24_C15_9974.bmp,Missing Primary Package,L24,train
8d388f58fd23c40332728500f99ded63,/data/FMD_Data_26082026/fmd_temp_images/ICube Defects Library/Missing Primary Package/20241107_140515_L24_C13_9865.bmp,Missing Primary Package,L24,train
8d5d53c464bdcc240ae354a56abf9388,/data/FMD_Data_26082026/fmd_temp_images/Updated ICube Categorical Classes 20260915/Missing Primary Package/20241209_202536_L24_C9_9802_0.9999.bmp,Missing Primary Package,L24,train
8d6b4a60c55a0d0eeadf8073c9ed6e25,/data/FMD_Data_26082026/fmd_temp_images/Updated ICube Categorical Classes 20260915/Missing Primary Package/20241118_190617_L24_C3_9947_0.9998.bmp,Missing Primary Package,L24,train
8df8cf7b5e0e8af676425346109b63fc,/data/FMD_Data_26082026/fmd_temp_images/ICube Defects Library/Missing Primary Package/20241107_202623_L24_C7_9866.bmp,Missing Primary Package,L24,train
8df9899d1068b45ce93c28880f807f13,/data/FMD_Data_26082026/fmd_temp_images/Updated ICube Categorical Classes 20260915/Missing Primary Package/20241116_034023_L24_C15_9986_0.9999.bmp,Missing Primary Package,L24,train
8e2f7ff8f40b64f9494cc80b449d737b,/data/FMD_Data_26082026/fmd_temp_images/Updated ICube Categorical Classes 20260915/Missing Primary Package/20241211_141419_L24_C3_9064_0.9999.bmp,Missing Primary Package,L24,train
8e5868eada075e98965e095f148442b3,/data/FMD_Data_26082026/fmd_temp_images/Updated ICube Categorical Classes 20260915/Missing Primary Package/20241207_193506_L24_C11_9906_0.9999.bmp,Missing Primary Package,L24,train
8e5e8f4b29d139869b8fbfc4cbbc036b,/data/FMD_Data_26082026/fmd_temp_images/Updated ICube Categorical Classes 20260915/Missing Primary Package/20241122_023229_L24_C10_9970_0.9999.bmp,Missing Primary Package,L24,train
8e6d64623a8952003945578ecba2f403,/data/FMD_Data_26082026/fmd_temp_images/Updated ICube Categorical Classes 20260915/Missing Primary Package/20241116_043814_L24_C12_9993_0.9999.bmp,Missing Primary Package,L24,train
8e9448bdb6cb5354a376e4ee470e83e0,/data/FMD_Data_26082026/fmd_temp_images/Updated ICube Categorical Classes 20260915/Missing Primary Package/20241116_043814_L24_C15_9989_0.9998.bmp,Missing Primary Package,L24,train
8ebe46eaa4ebc8ece02342b9de64b53b,/data/FMD_Data_26082026/fmd_temp_images/Updated ICube Categorical Classes 20260915/Missing Primary Package/20241212_030844_L24_C15_9817_0.9996.bmp,Missing Primary Package,L24,train
8ec4cfd1af19352652a1de426fd0b35f,/data/FMD_Data_26082026/fmd_temp_images/Updated ICube Categorical Classes 20260915/Missing Primary Package/20241116_154631_L24_C12_9982_0.9999.bmp,Missing Primary Package,L24,train
8edcc839c60045640334ae31ee2639ee,/data/FMD_Data_26082026/fmd_temp_images/Updated ICube Categorical Classes 20260915/Missing Primary Package/20241117_042203_L24_C2_9943_0.9998.bmp,Missing Primary Package,L24,train
8ee7c3cbba2480fed7110424a3ede9ff,/data/FMD_Data_26082026/fmd_temp_images/ICube Defects Library/Missing Primary Package/20241108_042443_L24_C15_9954.bmp,Missing Primary Package,L24,train
8f3b62b646b2b95cdb6b7400c95dcca9,/data/FMD_Data_26082026/fmd_temp_images/Updated ICube Categorical Classes 20260915/Missing Primary Package/20241112_182019_L24_C12_9899_0.9999.bmp,Missing Primary Package,L24,train
8f3d351091cc7ef1b69a4995465b9f67,/data/FMD_Data_26082026/fmd_temp_images/Updated ICube Categorical Classes 20260915/Missing Primary Package/20241210_155354_L24_C3_9997_0.9998.bmp,Missing Primary Package,L24,train
8f42c5fd410495d33a19ad8dcaf6e23f,/data/FMD_Data_26082026/fmd_temp_images/Updated ICube Categorical Classes 20260915/Missing Primary Package/20241207_051347_L24_C12_9745_0.9996.bmp,Missing Primary Package,L24,train
9017d8381f068a8ebf2140cef7043704,/data/FMD_Data_26082026/fmd_temp_images/ICube Defects Library/Missing Primary Package/20241103_101302_L24_C3_9351.bmp,Missing Primary Package,L24,train
9037572e21220757a907777db9dce086,/data/FMD_Data_26082026/fmd_temp_images/Updated ICube Categorical Classes 20260915/Missing Primary Package/20241120_184348_L24_C14_9909_0.9998.bmp,Missing Primary Package,L24,train
9081fd84e027c670408bd4019dab8f12,/data/FMD_Data_26082026/fmd_temp_images/Updated ICube Categorical Classes 20260915/Missing Primary Package/20241215_155119_L24_C1_9807_0.9995.bmp,Missing Primary Package,L24,train
90d564540b0aebbe9710ed0f137da3fb,/data/FMD_Data_26082026/fmd_temp_images/Updated ICube Categorical Classes 20260915/Missing Primary Package/20241113_141750_L24_C13_9975_0.9999.bmp,Missing Primary Package,L24,train
9128c540a9db98fbc1319d9e6b0a600b,/data/FMD_Data_26082026/fmd_temp_images/Updated ICube Categorical Classes 20260915/Missing Primary Package/20241113_064649_L24_C13_9631_0.9998.bmp,Missing Primary Package,L24,train
91ab6387c2e4f5bb51bc3b762b2b3f55,/data/FMD_Data_26082026/fmd_temp_images/Updated ICube Categorical Classes 20260915/Missing Primary Package/20241120_182716_L24_C5_9790_0.9999.bmp,Missing Primary Package,L24,train
91b2ef50b53659530794e92764cf67d6,/data/FMD_Data_26082026/fmd_temp_images/Updated ICube Categorical Classes 20260915/Missing Primary Package/20241207_194541_L24_C10_9973_0.9999.bmp,Missing Primary Package,L24,train
91d5339068efb09702e266ea6c1c739d,/data/FMD_Data_26082026/fmd_temp_images/Updated ICube Categorical Classes 20260915/Missing Primary Package/20241120_070224_L24_C6_9720_0.9999.bmp,Missing Primary Package,L24,train
9236b439913158fd1d9f27d4ee8adc13,/data/FMD_Data_26082026/fmd_temp_images/Updated ICube Categorical Classes 20260915/Missing Primary Package/20241206_182236_L24_C14_9851_0.9998.bmp,Missing Primary Package,L24,train
923e7fe1f724bfaf0f42be8fcd20b91e,/data/FMD_Data_26082026/fmd_temp_images/Updated ICube Categorical Classes 20260915/Missing Primary Package/20241114_025924_L24_C1_9775_0.9999.bmp,Missing Primary Package,L24,train
92fa61c4869b403d0158defec45fe5be,/data/FMD_Data_26082026/fmd_temp_images/ICube Defects Library/Missing Primary Package/20241107_202623_L24_C10_9841.bmp,Missing Primary Package,L24,train
935304e605bd1499a2c0b6e55d96db39,/data/FMD_Data_26082026/fmd_temp_images/Updated ICube Categorical Classes 20260915/Missing Primary Package/20241114_025933_L24_C2_9911_0.9998.bmp,Missing Primary Package,L24,train
9381691a36d7fd0674f75bad10eda7ef,/data/FMD_Data_26082026/fmd_temp_images/Updated ICube Categorical Classes 20260915/Missing Primary Package/20241207_061705_L24_C7_9892_0.9999.bmp,Missing Primary Package,L24,train
93bffbc970708381bd25bbf35d187168,/data/FMD_Data_26082026/fmd_temp_images/Updated ICube Categorical Classes 20260915/Missing Primary Package/20241121_030756_L24_C7_9973_0.9998.bmp,Missing Primary Package,L24,train
942983a04039469d25ab4ed34d722ea4,/data/FMD_Data_26082026/fmd_temp_images/Updated ICube Categorical Classes 20260915/Missing Primary Package/20241116_214753_L24_C14_9982_0.9998.bmp,Missing Primary Package,L24,train
9444a649b8c0fe45daa563427a0d68d5,/data/FMD_Data_26082026/fmd_temp_images/Updated ICube Categorical Classes 20260915/Missing Primary Package/20241207_193355_L24_C14_9989_0.9997.bmp,Missing Primary Package,L24,train
9447aeef5037f34c6fa9ed6eeb73d6d0,/data/FMD_Data_26082026/fmd_temp_images/Updated ICube Categorical Classes 20260915/Missing Primary Package/20241116_141420_L24_C5_9972_0.9998.bmp,Missing Primary Package,L24,train
9489ed1552b3e12e5ce8699cab09e13a,/data/FMD_Data_26082026/fmd_temp_images/Updated ICube Categorical Classes 20260915/Missing Primary Package/20241113_132934_L24_C5_9939_0.9998.bmp,Missing Primary Package,L24,train
95459d3acd14301b3b36d2c02ee49bc1,/data/FMD_Data_26082026/fmd_temp_images/Updated ICube Categorical Classes 20260915/Missing Primary Package/20241115_114733_L24_C14_9745_0.9999.bmp,Missing Primary Package,L24,train
9549b6ff25fb0a41473180be8e443720,/data/FMD_Data_26082026/fmd_temp_images/Updated ICube Categorical Classes 20260915/Missing Primary Package/20241114_030114_L24_C13_9923_0.9998.bmp,Missing Primary Package,L24,train
95a3147876029ba2947bc16ca50c1de4,/data/FMD_Data_26082026/fmd_temp_images/Updated ICube Categorical Classes 20260915/Missing Primary Package/20241214_124936_L24_C9_9848_0.9997.bmp,Missing Primary Package,L24,train
9740e57e7156ad5e025a7995aad1a53a,/data/FMD_Data_26082026/fmd_temp_images/Updated ICube Categorical Classes 20260915/Missing Primary Package/20241215_052556_L24_C10_9918_0.9997.bmp,Missing Primary Package,L24,train
987a38dbf0b17dda6160b8547b9af3d2,/data/FMD_Data_26082026/fmd_temp_images/Updated ICube Categorical Classes 20260915/Missing Primary Package/20241213_055847_L24_C3_9740_0.9993.bmp,Missing Primary Package,L24,train
98c3e6e858589bf6b155ccc687224b28,/data/FMD_Data_26082026/fmd_temp_images/Updated ICube Categorical Classes 20260915/Missing Primary Package/20241119_022142_L24_C15_9938_0.9998.bmp,Missing Primary Package,L24,train
98e3f303be68a63107fc9d97cc2ee9dd,/data/FMD_Data_26082026/fmd_temp_images/Updated ICube Categorical Classes 20260915/Missing Primary Package/20241119_022122_L24_C2_9899_0.9994.bmp,Missing Primary Package,L24,train
99d7f378a9000ecacfd74e1703523a05,/data/FMD_Data_26082026/fmd_temp_images/Updated ICube Categorical Classes 20260915/Missing Primary Package/20241120_070236_L24_C15_9738_0.9999.bmp,Missing Primary Package,L24,train
9a072c180f8dfbbf64bbbca01494765d,/data/FMD_Data_26082026/fmd_temp_images/Updated ICube Categorical Classes 20260915/Missing Primary Package/20241212_174905_L24_C7_9958_0.9996.bmp,Missing Primary Package,L24,train
9b0ecc34927708c20ddd0e5d284ed04e,/data/FMD_Data_26082026/fmd_temp_images/ICube Defects Library/Missing Primary Package/20241107_215354_L24_C8_9964.bmp,Missing Primary Package,L24,train
9b133b4c1b58ccd0d7c5d9c0e9de8f99,/data/FMD_Data_26082026/fmd_temp_images/Updated ICube Categorical Classes 20260915/Missing Primary Package/20241207_193355_L24_C10_9988_0.9997.bmp,Missing Primary Package,L24,train
9b13bdf3699f8f9ae2e9d51916b7caaa,/data/FMD_Data_26082026/fmd_temp_images/Updated ICube Categorical Classes 20260915/Missing Primary Package/20241118_123527_L24_C14_9972_0.9997.bmp,Missing Primary Package,L24,train
9b1d6cc2c80821f8b271b7fe4a739eb7,/data/FMD_Data_26082026/fmd_temp_images/ICube Defects Library/Missing Primary Package/20241109_213824_L24_C15_9929.bmp,Missing Primary Package,L24,train
9b547786f60ea883f32c7c4f74780225,/data/FMD_Data_26082026/fmd_temp_images/ICube Defects Library/Missing Primary Package/20241107_215354_L24_C6_9841.bmp,Missing Primary Package,L24,train
9b75f9cece04760827718537b8b6e862,/data/FMD_Data_26082026/fmd_temp_images/ICube Defects Library/Missing Primary Package/20241109_025226_L24_C1_9416.bmp,Missing Primary Package,L24,train
9bb2a47863b73dae4bb89695b12515f6,/data/FMD_Data_26082026/fmd_temp_images/Updated ICube Categorical Classes 20260915/Missing Primary Package/20241206_121636_L24_C15_9963_0.9996.bmp,Missing Primary Package,L24,train
9c49b7c6828768c050fac4401be987d3,/data/FMD_Data_26082026/fmd_temp_images/Updated ICube Categorical Classes 20260915/Missing Primary Package/20241118_063715_L24_C7_9889_0.9998.bmp,Missing Primary Package,L24,train
9c7fe583816eb5f925af6c9e435f692b,/data/FMD_Data_26082026/fmd_temp_images/Updated ICube Categorical Classes 20260915/Missing Primary Package/20241116_212308_L24_C10_9950_0.9998.bmp,Missing Primary Package,L24,train
9d594b0f217a5fe7276547d257218228,/data/FMD_Data_26082026/fmd_temp_images/Updated ICube Categorical Classes 20260915/Missing Primary Package/20241116_212308_L24_C11_9980_0.9998.bmp,Missing Primary Package,L24,train
9e3e9e496620ac5b65ae099d387c3417,/data/FMD_Data_26082026/fmd_temp_images/Updated ICube Categorical Classes 20260915/Missing Primary Package/20241113_033910_L24_C9_9916_0.9999.bmp,Missing Primary Package,L24,train
9e9c8ca466ac172223cd428e2aa217cd,/data/FMD_Data_26082026/fmd_temp_images/Updated ICube Categorical Classes 20260915/Missing Primary Package/20241118_044817_L24_C9_9981_0.9999.bmp,Missing Primary Package,L24,train
9ea27be5ce68a08fa0571bde80049d2c,/data/FMD_Data_26082026/fmd_temp_images/Updated ICube Categorical Classes 20260915/Missing Primary Package/20241206_105015_L24_C2_9771_0.9997.bmp,Missing Primary Package,L24,train
9efd19f6f2cee7117f003dc1f9abf350,/data/FMD_Data_26082026/fmd_temp_images/Updated ICube Categorical Classes 20260915/Missing Primary Package/20241119_021406_L24_C2_9990_0.9998.bmp,Missing Primary Package,L24,train
9f034eea5d9a9522b0a1af5ec427eecf,/data/FMD_Data_26082026/fmd_temp_images/ICube Defects Library/Missing Primary Package/20241108_042443_L24_C8_9970.bmp,Missing Primary Package,L24,train
9f87b776e69effbfca4ef0e24b4e2d89,/data/FMD_Data_26082026/fmd_temp_images/ICube Defects Library/Missing Primary Package/20241111_051130_L24_C14_9966.bmp,Missing Primary Package,L24,train
9fb1f782dcaa9bd097946452fadadf60,/data/FMD_Data_26082026/fmd_temp_images/Updated ICube Categorical Classes 20260915/Missing Primary Package/20241122_023229_L24_C13_9985_0.9998.bmp,Missing Primary Package,L24,train
9fd8ccb2ef52b81580a1b28aee0cfc64,/data/FMD_Data_26082026/fmd_temp_images/Updated ICube Categorical Classes 20260915/Missing Primary Package/20241115_112740_L24_C14_9318_0.9999.bmp,Missing Primary Package,L24,train
a07778209e7fa200bcd9e6ad2148679c,/data/FMD_Data_26082026/fmd_temp_images/ICube Defects Library/Missing Primary Package/20241109_143511_L24_C12_9188.bmp,Missing Primary Package,L24,train
a0f101e49d86324e7aaf4e3ad6bd5617,/data/FMD_Data_26082026/fmd_temp_images/Updated ICube Categorical Classes 20260915/Missing Primary Package/20241206_105015_L24_C3_9840_0.9997.bmp,Missing Primary Package,L24,train
a11eecde8f6922c8bddda1be69c660c4,/data/FMD_Data_26082026/fmd_temp_images/ICube Defects Library/Missing Primary Package/20241109_143723_L24_C5_9702.bmp,Missing Primary Package,L24,train
a17910116b34e8b4d75873ab481b6c5e,/data/FMD_Data_26082026/fmd_temp_images/ICube Defects Library/Missing Primary Package/20241108_184745_L24_C1_9911.bmp,Missing Primary Package,L24,train
a1dc9782f16e060b86065ec51a5a2922,/data/FMD_Data_26082026/fmd_temp_images/ICube Defects Library/Missing Primary Package/20241108_083405_L24_C12_9644.bmp,Missing Primary Package,L24,train
a2b6a1d46d6743cee582b37455b91615,/data/FMD_Data_26082026/fmd_temp_images/ICube Defects Library/Missing Primary Package/20241108_083405_L24_C11_9952.bmp,Missing Primary Package,L24,train
a2ba029f7c8929deee29046616799c1c,/data/FMD_Data_26082026/fmd_temp_images/Updated ICube Categorical Classes 20260915/Missing Primary Package/20241213_055847_L24_C2_9517_0.9993.bmp,Missing Primary Package,L24,train
a2cb6efba16b3417e4c5a42f7a712064,/data/FMD_Data_26082026/fmd_temp_images/Updated ICube Categorical Classes 20260915/Missing Primary Package/20241214_054519_L24_C8_9915_0.9997.bmp,Missing Primary Package,L24,train
a304d17fd83643995ac876aab365036e,/data/FMD_Data_26082026/fmd_temp_images/ICube Defects Library/Missing Primary Package/20241108_120129_L24_C13_9909.bmp,Missing Primary Package,L24,train
a315c49419c77ec55aa5068f38932256,/data/FMD_Data_26082026/fmd_temp_images/Updated ICube Categorical Classes 20260915/Missing Primary Package/20260823_141723_L24_PalletGHM0823183357_Cavity4_B01BKJV_Fail7_Score(0.9867349).bmp,Missing Primary Package,L24,train
a470986b6daa5a75af9306b6b0081ea2,/data/FMD_Data_26082026/fmd_temp_images/Updated ICube Categorical Classes 20260915/Missing Primary Package/20241115_150951_L24_C12_9991_0.9999.bmp,Missing Primary Package,L24,train
a4a2ade5b319ebb77b893a59d3226120,/data/FMD_Data_26082026/fmd_temp_images/ICube Defects Library/Missing Primary Package/20241108_045723_L24_C14_9733.bmp,Missing Primary Package,L24,train
a4a675c37de26b4db1ec28133af410d0,/data/FMD_Data_26082026/fmd_temp_images/Updated ICube Categorical Classes 20260915/Missing Primary Package/20241113_033910_L24_C11_9764_0.9999.bmp,Missing Primary Package,L24,train
a4e44cc8901d8a4ec52cf4c6022bb4ba,/data/FMD_Data_26082026/fmd_temp_images/Updated ICube Categorical Classes 20260915/Missing Primary Package/20241212_141130_L24_C3_9181_0.9997.bmp,Missing Primary Package,L24,train
a56d07aa084072c2701a2c276a8f0bc2,/data/FMD_Data_26082026/fmd_temp_images/Updated ICube Categorical Classes 20260915/Missing Primary Package/20241213_220252_L24_C15_9857_0.9996.bmp,Missing Primary Package,L24,train
a593bf7f99e5776bb0d4ad52e30f4c9d,/data/FMD_Data_26082026/fmd_temp_images/Updated ICube Categorical Classes 20260915/Missing Primary Package/20241212_092914_L24_C15_9638_0.9997.bmp,Missing Primary Package,L24,train
a594b6a1d24655a04265b60148798a9d,/data/FMD_Data_26082026/fmd_temp_images/Updated ICube Categorical Classes 20260915/Missing Primary Package/20241216_080006_L24_C15_9986_0.9997.bmp,Missing Primary Package,L24,train
a5e1280201b02a5a23b3cd3e06689918,/data/FMD_Data_26082026/fmd_temp_images/Updated ICube Categorical Classes 20260915/Missing Primary Package/20241212_174905_L24_C10_9830_0.9996.bmp,Missing Primary Package,L24,train
a60a5af7613fb028144443fb71caefff,/data/FMD_Data_26082026/fmd_temp_images/Updated ICube Categorical Classes 20260915/Missing Primary Package/20241215_031016_L24_C5_9897_0.9998.bmp,Missing Primary Package,L24,train
a779e38c82f3e3c61823841a1537a689,/data/FMD_Data_26082026/fmd_temp_images/Updated ICube Categorical Classes 20260915/Missing Primary Package/20241115_034543_L24_C13_9931_0.9999.bmp,Missing Primary Package,L24,train
a7abf75b8cbbe43c9edf061d31efbe8a,/data/FMD_Data_26082026/fmd_temp_images/Updated ICube Categorical Classes 20260915/Missing Primary Package/20241215_183725_L24_C9_9944_0.9998.bmp,Missing Primary Package,L24,train
a7d15cc01374224c90cc42d962deae50,/data/FMD_Data_26082026/fmd_temp_images/Updated ICube Categorical Classes 20260915/Missing Primary Package/20241119_173743_L24_C12_9064_0.9999.bmp,Missing Primary Package,L24,train
a7d966c435f843046196ea3ea6503730,/data/FMD_Data_26082026/fmd_temp_images/Updated ICube Categorical Classes 20260915/Missing Primary Package/20241121_150729_L24_C13_9964_0.9999.bmp,Missing Primary Package,L24,train
a83d6b803044d64b65dfa0914eb50d12,/data/FMD_Data_26082026/fmd_temp_images/Updated ICube Categorical Classes 20260915/Missing Primary Package/20241119_015444_L24_C14_9947_0.9996.bmp,Missing Primary Package,L24,train
a8d70c22067ca8e7c46bb1197db8677b,/data/FMD_Data_26082026/fmd_temp_images/Updated ICube Categorical Classes 20260915/Missing Primary Package/20241215_052556_L24_C3_9962_0.9998.bmp,Missing Primary Package,L24,train
a8dae0b39142dc02007b999b8dc73425,/data/FMD_Data_26082026/fmd_temp_images/Updated ICube Categorical Classes 20260915/Missing Primary Package/20241112_114228_L24_C14_9871_0.9998.bmp,Missing Primary Package,L24,train
a928343e329d15dd55f4cef7f8cffba3,/data/FMD_Data_26082026/fmd_temp_images/Updated ICube Categorical Classes 20260915/Missing Primary Package/20241214_190552_L24_C2_9959_0.9997.bmp,Missing Primary Package,L24,train
ab13787d9dc7ee526f2fb3cc126e03ce,/data/FMD_Data_26082026/fmd_temp_images/ICube Defects Library/Missing Primary Package/20241106_011937_L24_C10_9398.bmp,Missing Primary Package,L24,train
abe7db84c8b23487dadada549e5177e4,/data/FMD_Data_26082026/fmd_temp_images/ICube Defects Library/Missing Primary Package/20241101_223746_L24_C15_9594.bmp,Missing Primary Package,L24,train
ac7fa7ff0f88779712b12ac2b3a4be2f,/data/FMD_Data_26082026/fmd_temp_images/ICube Defects Library/Missing Primary Package/20241104_020416_L24_C10_9097.bmp,Missing Primary Package,L24,train
acf940daeccdb5a6175829199a8385ed,/data/FMD_Data_26082026/fmd_temp_images/Updated ICube Categorical Classes 20260915/Missing Primary Package/20241211_154831_L24_C3_9432_0.9999.bmp,Missing Primary Package,L24,train
ad284018ea90d06814e63e67d1cca4cb,/data/FMD_Data_26082026/fmd_temp_images/Updated ICube Categorical Classes 20260915/Missing Primary Package/20241120_070252_L24_C4_9163_0.9999.bmp,Missing Primary Package,L24,train
ae0ea2bef6ba7eec311c91b225c13110,/data/FMD_Data_26082026/fmd_temp_images/Updated ICube Categorical Classes 20260915/Missing Primary Package/20241214_054519_L24_C3_9901_0.9997.bmp,Missing Primary Package,L24,train
ae2673e30a94b66e119e823f3c8c7bba,/data/FMD_Data_26082026/fmd_temp_images/ICube Defects Library/Missing Primary Package/20241108_204015_L24_C12_9947.bmp,Missing Primary Package,L24,train
aebff8d56c78da07298b3cf0575a63ab,/data/FMD_Data_26082026/fmd_temp_images/ICube Defects Library/Missing Primary Package/20241108_081423_L24_C10_9909.bmp,Missing Primary Package,L24,train
aecd57012479ed6e1f4814301f17ec71,/data/FMD_Data_26082026/fmd_temp_images/Updated ICube Categorical Classes 20260915/Missing Primary Package/20241215_145950_L24_C15_9810_0.9996.bmp,Missing Primary Package,L24,train
aecd7fe5bb4d16fc2393971e852252fb,/data/FMD_Data_26082026/fmd_temp_images/Updated ICube Categorical Classes 20260915/Missing Primary Package/20241118_044817_L24_C8_9963_0.9998.bmp,Missing Primary Package,L24,train
aef67436ab23cf0e145ce8de9231025d,/data/FMD_Data_26082026/fmd_temp_images/Updated ICube Categorical Classes 20260915/Missing Primary Package/20241112_131351_L24_C10_9511_0.9997.bmp,Missing Primary Package,L24,train
b037abc4ac9eec86d3df617fa893a4f3,/data/FMD_Data_26082026/fmd_temp_images/Updated ICube Categorical Classes 20260915/Missing Primary Package/20241212_174905_L24_C9_9771_0.9998.bmp,Missing Primary Package,L24,train
b078efa16b9bd2dec0bd94a85923d723,/data/FMD_Data_26082026/fmd_temp_images/Updated ICube Categorical Classes 20260915/Missing Primary Package/20241215_031016_L24_C7_9835_0.9998.bmp,Missing Primary Package,L24,train
b1dd29e4e5973bd006d24aace97b3a85,/data/FMD_Data_26082026/fmd_temp_images/ICube Defects Library/Missing Primary Package/20260805_113537_L24_PalletGHD0805155047_Cavity1_D009GB3_Fail6_Score(0.9822484).bmp,Missing Primary Package,L24,train
b21a77858834986891896eeac041b6db,/data/FMD_Data_26082026/fmd_temp_images/ICube Defects Library/Missing Primary Package/20260805_113617_L24_PalletGHT0805155204_Cavity7_D009GB3_Fail7_Score(0.9976864).bmp,Missing Primary Package,L24,train
b24aafd40f6889ef41c49a5f5d074d4b,/data/FMD_Data_26082026/fmd_temp_images/ICube Defects Library/Missing Primary Package/20241110_193544_L24_C9_9961.bmp,Missing Primary Package,L24,train
b2c47dcd5d9a1799761e136a2bf393ac,/data/FMD_Data_26082026/fmd_temp_images/Updated ICube Categorical Classes 20260915/Missing Primary Package/20241215_052556_L24_C12_9931_0.9997.bmp,Missing Primary Package,L24,train
b37346ae210b15918154e95578c766d3,/data/FMD_Data_26082026/fmd_temp_images/Updated ICube Categorical Classes 20260915/Missing Primary Package/20241214_230224_L24_C11_9988_0.9995.bmp,Missing Primary Package,L24,train
b3c06c2af68d377f6ba52f04af11934a,/data/FMD_Data_26082026/fmd_temp_images/ICube Defects Library/Missing Primary Package/20241107_211011_L24_C4_9878.bmp,Missing Primary Package,L24,train
b3d82526c812a676f6a25bac55763581,/data/FMD_Data_26082026/fmd_temp_images/Updated ICube Categorical Classes 20260915/Missing Primary Package/20241207_193506_L24_C15_9930_0.9999.bmp,Missing Primary Package,L24,train
b4322fb85537663ea45cb95a2bc4171d,/data/FMD_Data_26082026/fmd_temp_images/Updated ICube Categorical Classes 20260915/Missing Primary Package/20241122_023229_L24_C14_9989_0.9998.bmp,Missing Primary Package,L24,train
b44a6cab5985c76c858adc6ccdb840b0,/data/FMD_Data_26082026/fmd_temp_images/Updated ICube Categorical Classes 20260915/Missing Primary Package/20241121_171622_L24_C14_9996_0.9997.bmp,Missing Primary Package,L24,train
b4eb75f636852cba9850a82f35f9cf76,/data/FMD_Data_26082026/fmd_temp_images/Updated ICube Categorical Classes 20260915/Missing Primary Package/20241211_141419_L24_C8_9670_0.9998.bmp,Missing Primary Package,L24,train
b4f4d56e3ca5e2be22c5c75ff140b83e,/data/FMD_Data_26082026/fmd_temp_images/Updated ICube Categorical Classes 20260915/Missing Primary Package/20241117_104013_L24_C2_9931_0.9997.bmp,Missing Primary Package,L24,train
b5683ca73b939c886da3e11469fcbdf5,/data/FMD_Data_26082026/fmd_temp_images/ICube Defects Library/Missing Primary Package/20241110_083700_L24_C12_9695.bmp,Missing Primary Package,L24,train
b63288db26086791780a36453c1bf7d7,/data/FMD_Data_26082026/fmd_temp_images/Updated ICube Categorical Classes 20260915/Missing Primary Package/20260826_062506_L24_PalletGHO0826104023_Cavity4_B01BKKB_Fail2_Score(0.9130423).bmp,Missing Primary Package,L24,train
b640164cda8eee5398fa71c8b4c7bd3a,/data/FMD_Data_26082026/fmd_temp_images/Updated ICube Categorical Classes 20260915/Missing Primary Package/20241209_012647_L24_C12_9994_0.9998.bmp,Missing Primary Package,L24,train
b678037e4254fb2409855c886727130f,/data/FMD_Data_26082026/fmd_temp_images/ICube Defects Library/Missing Primary Package/20241109_025226_L24_C12_9950.bmp,Missing Primary Package,L24,train
b6e4df439ed74325558714180351c2b4,/data/FMD_Data_26082026/fmd_temp_images/Updated ICube Categorical Classes 20260915/Missing Primary Package/20241118_045252_L24_C12_9826_0.9998.bmp,Missing Primary Package,L24,train
b701c0ddfe17c06589c9decaffcc20f3,/data/FMD_Data_26082026/fmd_temp_images/ICube Defects Library/Missing Primary Package/20241102_004738_L24_C7_9702.bmp,Missing Primary Package,L24,train
b7c18f6eef23267e46fe18726e79985b,/data/FMD_Data_26082026/fmd_temp_images/ICube Defects Library/Missing Primary Package/20241108_174603_L24_C1_9938.bmp,Missing Primary Package,L24,train
b8258693fb035fa2e662ae0f1703ca90,/data/FMD_Data_26082026/fmd_temp_images/ICube Defects Library/Missing Primary Package/20241108_121232_L24_C1_9869.bmp,Missing Primary Package,L24,train
b82febc57244da6b3cbb081d48dba217,/data/FMD_Data_26082026/fmd_temp_images/Updated ICube Categorical Classes 20260915/Missing Primary Package/20241211_223139_L24_C6_9440_0.9998.bmp,Missing Primary Package,L24,train
b86e03a30a0601e5ea19269388d57c0c,/data/FMD_Data_26082026/fmd_temp_images/Updated ICube Categorical Classes 20260915/Missing Primary Package/20241116_141420_L24_C12_9976_0.9999.bmp,Missing Primary Package,L24,train
b87dcc3d1ed5084c8b9ddbe81e15e8a4,/data/FMD_Data_26082026/fmd_temp_images/Updated ICube Categorical Classes 20260915/Missing Primary Package/20241210_163150_L24_C6_9963_0.9997.bmp,Missing Primary Package,L24,train
b92769ac595df1a80bdfa9172b12e959,/data/FMD_Data_26082026/fmd_temp_images/Updated ICube Categorical Classes 20260915/Missing Primary Package/20241211_143255_L24_C7_9772_0.9999.bmp,Missing Primary Package,L24,train
b950f176e657ab97099f39c8f0a47e39,/data/FMD_Data_26082026/fmd_temp_images/Updated ICube Categorical Classes 20260915/Missing Primary Package/20260819_020638_L24_PalletGHR0819062157_Cavity1_B01BHW4_Fail2_Score(0.9072239).bmp,Missing Primary Package,L24,train
b9682aa885a7d734a84f1da05f36ca81,/data/FMD_Data_26082026/fmd_temp_images/Updated ICube Categorical Classes 20260915/Missing Primary Package/20241215_155119_L24_C3_9797_0.9998.bmp,Missing Primary Package,L24,train
ba30f01ce346d08c0010e1d76dda0f41,/data/FMD_Data_26082026/fmd_temp_images/ICube Defects Library/Missing Primary Package/20241107_215354_L24_C3_9939.bmp,Missing Primary Package,L24,train
ba39538ba41ada57e729b993c58fbb2d,/data/FMD_Data_26082026/fmd_temp_images/Updated ICube Categorical Classes 20260915/Missing Primary Package/20241113_033909_L24_C6_9871_0.9998.bmp,Missing Primary Package,L24,train
ba4528854df66990d00a1762676529f7,/data/FMD_Data_26082026/fmd_temp_images/ICube Defects Library/Missing Primary Package/20241110_211748_L24_C11_9992.bmp,Missing Primary Package,L24,train
ba4e2e4e6288837f3f32dd9518c1c7dc,/data/FMD_Data_26082026/fmd_temp_images/ICube Defects Library/Missing Primary Package/20241107_215355_L24_C14_9977.bmp,Missing Primary Package,L24,train
baa8d5185bb2090aa5124863b2da23c0,/data/FMD_Data_26082026/fmd_temp_images/ICube Defects Library/Missing Primary Package/20241103_223211_L24_C12_9647.bmp,Missing Primary Package,L24,train
bb0851dac6dd41fa813ff104ef4359e9,/data/FMD_Data_26082026/fmd_temp_images/Updated ICube Categorical Classes 20260915/Missing Primary Package/20241213_084852_L24_C1_9747_0.9996.bmp,Missing Primary Package,L24,train
bb822ae00b5e036be769fdf915fd85df,/data/FMD_Data_26082026/fmd_temp_images/Updated ICube Categorical Classes 20260915/Missing Primary Package/20241118_211655_L24_C8_9877_0.9998.bmp,Missing Primary Package,L24,train
bb9077e2c2c876b6be8c81e5b7331479,/data/FMD_Data_26082026/fmd_temp_images/Updated ICube Categorical Classes 20260915/Missing Primary Package/20241113_090817_L24_C10_9980_0.9999.bmp,Missing Primary Package,L24,train
bb96e53c1c072589d9dfd712fea25463,/data/FMD_Data_26082026/fmd_temp_images/ICube Defects Library/Missing Primary Package/20241107_075358_L24_C9_9925.bmp,Missing Primary Package,L24,train
bba11a8f56ff2ef73e5592ff905dd937,/data/FMD_Data_26082026/fmd_temp_images/Updated ICube Categorical Classes 20260915/Missing Primary Package/20241114_035913_L24_C2_9947_0.9998.bmp,Missing Primary Package,L24,train
bbea8ac3d8542301ea3aac1a03337110,/data/FMD_Data_26082026/fmd_temp_images/Updated ICube Categorical Classes 20260915/Missing Primary Package/20241215_234539_L24_C9_9902_0.9998.bmp,Missing Primary Package,L24,train
bc2c8e6db7696a520ff7fd7a6eac59f5,/data/FMD_Data_26082026/fmd_temp_images/Updated ICube Categorical Classes 20260915/Missing Primary Package/20241215_155119_L24_C15_9946_0.9993.bmp,Missing Primary Package,L24,train
bc9a61c17cbb57c21836a5bf975acc50,/data/FMD_Data_26082026/fmd_temp_images/Updated ICube Categorical Classes 20260915/Missing Primary Package/20241206_182122_L24_C4_9657_0.9999.bmp,Missing Primary Package,L24,train
bca5d4f03267c48e3d3e4892c3abb87a,/data/FMD_Data_26082026/fmd_temp_images/Updated ICube Categorical Classes 20260915/Missing Primary Package/20241208_214638_L24_C14_9990_0.9997.bmp,Missing Primary Package,L24,train
bcfd0dd32c9033ed161b5b0159634094,/data/FMD_Data_26082026/fmd_temp_images/Updated ICube Categorical Classes 20260915/Missing Primary Package/20241116_141420_L24_C10_9981_0.9999.bmp,Missing Primary Package,L24,train
bd1be29db4782f740ae828c4fe80e741,/data/FMD_Data_26082026/fmd_temp_images/ICube Defects Library/Missing Primary Package/20241108_094607_L24_C14_9973.bmp,Missing Primary Package,L24,train
bd23b9c669fe5899550dac620d1f3e3e,/data/FMD_Data_26082026/fmd_temp_images/Updated ICube Categorical Classes 20260915/Missing Primary Package/20241210_143747_L24_C5_9996_0.9995.bmp,Missing Primary Package,L24,train
bdc106fb4ce4a1ee01180c38c0e14abb,/data/FMD_Data_26082026/fmd_temp_images/ICube Defects Library/Missing Primary Package/20241108_210649_L24_C14_9643.bmp,Missing Primary Package,L24,train
bdcb19c35e2c8e8195d851bdd3e9dc70,/data/FMD_Data_26082026/fmd_temp_images/ICube Defects Library/Missing Primary Package/20241103_141007_L24_C4_9233.bmp,Missing Primary Package,L24,train
be5d31b28cbb39983520cecfc8b8c3f7,/data/FMD_Data_26082026/fmd_temp_images/Updated ICube Categorical Classes 20260915/Missing Primary Package/20241118_040936_L24_C12_9974_0.9998.bmp,Missing Primary Package,L24,train
be625edb39c8f88dad1e5e490e9460ba,/data/FMD_Data_26082026/fmd_temp_images/Updated ICube Categorical Classes 20260915/Missing Primary Package/20241119_173743_L24_C15_9503_0.9998.bmp,Missing Primary Package,L24,train
be6fc19f1433797ce94474a449efa2a5,/data/FMD_Data_26082026/fmd_temp_images/Updated ICube Categorical Classes 20260915/Missing Primary Package/20241116_141420_L24_C9_9991_0.9999.bmp,Missing Primary Package,L24,train
becb84cd33cedc59db75cad0dfb38ea5,/data/FMD_Data_26082026/fmd_temp_images/Updated ICube Categorical Classes 20260915/Missing Primary Package/20241114_035904_L24_C1_9868_0.9997.bmp,Missing Primary Package,L24,train
bf0af1e15dab1c1e0d094d8fec0931b3,/data/FMD_Data_26082026/fmd_temp_images/ICube Defects Library/Missing Primary Package/20241105_051142_L24_C12_9184.bmp,Missing Primary Package,L24,train
bfe2951ebfe69a202fbe09e5c71fa258,/data/FMD_Data_26082026/fmd_temp_images/Updated ICube Categorical Classes 20260915/Missing Primary Package/20241115_183416_L24_C12_9995_0.9998.bmp,Missing Primary Package,L24,train
c08d4208d3cab507f825aa0ae1af5322,/data/FMD_Data_26082026/fmd_temp_images/ICube Defects Library/Missing Primary Package/20241109_143723_L24_C6_9826.bmp,Missing Primary Package,L24,train
c1093f5c90ec410da872845ddc11c094,/data/FMD_Data_26082026/fmd_temp_images/Updated ICube Categorical Classes 20260915/Missing Primary Package/20241116_213459_L24_C12_9936_0.9998.bmp,Missing Primary Package,L24,train
c10f54a37e3ddb22a72d99882ea78a54,/data/FMD_Data_26082026/fmd_temp_images/Updated ICube Categorical Classes 20260915/Missing Primary Package/20241112_131351_L24_C12_9596_0.9998.bmp,Missing Primary Package,L24,train
c126b01ce59029de5b2555eb1106e7eb,/data/FMD_Data_26082026/fmd_temp_images/Updated ICube Categorical Classes 20260915/Missing Primary Package/20241211_142818_L24_C1_9638_0.9993.bmp,Missing Primary Package,L24,train
c1283099b1ebc305ca1248416e2565bc,/data/FMD_Data_26082026/fmd_temp_images/ICube Defects Library/Missing Primary Package/20241104_020416_L24_C14_9540.bmp,Missing Primary Package,L24,train
c1bedf42efaa8c358f200a78cb58bc14,/data/FMD_Data_26082026/fmd_temp_images/Updated ICube Categorical Classes 20260915/Missing Primary Package/20260820_062410_L24_PalletGHM0820104014_Cavity5_B01BHWM_Fail2_Score(0.9047866).bmp,Missing Primary Package,L24,train
c1ea21655bec4564ea2fe71a460abca3,/data/FMD_Data_26082026/fmd_temp_images/Updated ICube Categorical Classes 20260915/Missing Primary Package/20241116_093737_L24_C8_9984_0.9999.bmp,Missing Primary Package,L24,train
c1fae92aa005963c3deec3bbcaf45f89,/data/FMD_Data_26082026/fmd_temp_images/Updated ICube Categorical Classes 20260915/Missing Primary Package/20241116_234754_L24_C12_9860_0.9998.bmp,Missing Primary Package,L24,train
c29a1854f645c70b9cbfafc5ca72524e,/data/FMD_Data_26082026/fmd_temp_images/Updated ICube Categorical Classes 20260915/Missing Primary Package/20241215_155125_L24_C15_9953_0.9997.bmp,Missing Primary Package,L24,train
c2a2293315bbea1aa2ebb957a65b56a1,/data/FMD_Data_26082026/fmd_temp_images/Updated ICube Categorical Classes 20260915/Missing Primary Package/20241121_140109_L24_C9_9930_0.9999.bmp,Missing Primary Package,L24,train
c2be702a8d5f5b382d7c603715d4cc48,/data/FMD_Data_26082026/fmd_temp_images/Updated ICube Categorical Classes 20260915/Missing Primary Package/20241207_175734_L24_C9_9907_0.9998.bmp,Missing Primary Package,L24,train
c2e57d974fd4aa670ccfa1ea6b4a4a02,/data/FMD_Data_26082026/fmd_temp_images/Updated ICube Categorical Classes 20260915/Missing Primary Package/20241213_055847_L24_C12_9259_0.9997.bmp,Missing Primary Package,L24,train
c318cd8fdc581af1f953cf381be4f013,/data/FMD_Data_26082026/fmd_temp_images/Updated ICube Categorical Classes 20260915/Missing Primary Package/20241113_141750_L24_C14_9957_0.9998.bmp,Missing Primary Package,L24,train
c3490132de1fc8221410c030dd9f0e63,/data/FMD_Data_26082026/fmd_temp_images/Updated ICube Categorical Classes 20260915/Missing Primary Package/20241112_234539_L24_C13_9946_0.9999.bmp,Missing Primary Package,L24,train
c3edc0048a102658925ba5edd7efbbbb,/data/FMD_Data_26082026/fmd_temp_images/Updated ICube Categorical Classes 20260915/Missing Primary Package/20241112_182019_L24_C14_9910_0.9999.bmp,Missing Primary Package,L24,train
c4dce7cdf76aab3f9395c0c5bd705445,/data/FMD_Data_26082026/fmd_temp_images/Updated ICube Categorical Classes 20260915/Missing Primary Package/20241210_050721_L24_C13_9995_0.9997.bmp,Missing Primary Package,L24,train
c515b8a1fd2ba9ccb26c47cd1dfb63c0,/data/FMD_Data_26082026/fmd_temp_images/Updated ICube Categorical Classes 20260915/Missing Primary Package/20241122_043832_L24_C3_9990_0.9999.bmp,Missing Primary Package,L24,train
c526c86803b29c134048489b15ae26bd,/data/FMD_Data_26082026/fmd_temp_images/Updated ICube Categorical Classes 20260915/Missing Primary Package/20241215_154031_L24_C6_9952_0.9994.bmp,Missing Primary Package,L24,train
c5641ae61cce568b9795bd8cdb3ce3b6,/data/FMD_Data_26082026/fmd_temp_images/Updated ICube Categorical Classes 20260915/Missing Primary Package/20241122_043832_L24_C2_9983_0.9999.bmp,Missing Primary Package,L24,train
c5b82e205cac23b718ab9c586806e968,/data/FMD_Data_26082026/fmd_temp_images/Updated ICube Categorical Classes 20260915/Missing Primary Package/20241119_021406_L24_C4_9868_0.9998.bmp,Missing Primary Package,L24,train
c62d75c1cdd6705952bd474f0aa9a3d2,/data/FMD_Data_26082026/fmd_temp_images/Updated ICube Categorical Classes 20260915/Missing Primary Package/20241118_045252_L24_C11_9948_0.9999.bmp,Missing Primary Package,L24,train
c68c4eca565a61bb19dc6d757a213512,/data/FMD_Data_26082026/fmd_temp_images/Updated ICube Categorical Classes 20260915/Missing Primary Package/20241114_040630_L24_C5_9962_0.9998.bmp,Missing Primary Package,L24,train
c69fe3783824d3e89b074d037057cc24,/data/FMD_Data_26082026/fmd_temp_images/ICube Defects Library/Missing Primary Package/20241109_025226_L24_C11_9879.bmp,Missing Primary Package,L24,train
c6b7479e3464df6d34430abb3d8abb0b,/data/FMD_Data_26082026/fmd_temp_images/Updated ICube Categorical Classes 20260915/Missing Primary Package/20241113_133411_L24_C13_9975_0.9996.bmp,Missing Primary Package,L24,train
c7011b42b7566186e7be3b7f361caf85,/data/FMD_Data_26082026/fmd_temp_images/Updated ICube Categorical Classes 20260915/Missing Primary Package/20241119_021406_L24_C3_9881_0.9998.bmp,Missing Primary Package,L24,train
c76040c0da42489c8d8b911911a4bf87,/data/FMD_Data_26082026/fmd_temp_images/Updated ICube Categorical Classes 20260915/Missing Primary Package/20241118_211656_L24_C12_9913_0.9998.bmp,Missing Primary Package,L24,train
c7891e30f46db82f8342bb0a8865a637,/data/FMD_Data_26082026/fmd_temp_images/Updated ICube Categorical Classes 20260915/Missing Primary Package/20241214_180659_L24_C7_9970_0.9998.bmp,Missing Primary Package,L24,train
c78bd98b86088518a4bb9832f1e97cf1,/data/FMD_Data_26082026/fmd_temp_images/Updated ICube Categorical Classes 20260915/Missing Primary Package/20241120_070224_L24_C5_9812_0.9999.bmp,Missing Primary Package,L24,train
c7b9473738d233c85e075d78cc642d6b,/data/FMD_Data_26082026/fmd_temp_images/Updated ICube Categorical Classes 20260915/Missing Primary Package/20241118_193641_L24_C1_9802_0.9998.bmp,Missing Primary Package,L24,train
c7bcc8a8b6abe197c49f71b588755690,/data/FMD_Data_26082026/fmd_temp_images/Updated ICube Categorical Classes 20260915/Missing Primary Package/20241207_111238_L24_C5_9606_0.9996.bmp,Missing Primary Package,L24,train
c7c22adc7debccd9fc4776976431d902,/data/FMD_Data_26082026/fmd_temp_images/ICube Defects Library/Missing Primary Package/20241104_065352_L24_C10_9196.bmp,Missing Primary Package,L24,train
c9245f26577d2664eeaf46e5fa13469e,/data/FMD_Data_26082026/fmd_temp_images/ICube Defects Library/Missing Primary Package/20241110_211748_L24_C7_9903.bmp,Missing Primary Package,L24,train
c9540525f83b02c18222748e2aa40ff3,/data/FMD_Data_26082026/fmd_temp_images/ICube Defects Library/Missing Primary Package/20241108_231424_L24_C10_9956.bmp,Missing Primary Package,L24,train
c9ac9776d80426835789d3a3489fb959,/data/FMD_Data_26082026/fmd_temp_images/Updated ICube Categorical Classes 20260915/Missing Primary Package/20241113_033740_L24_C14_9924_0.9997.bmp,Missing Primary Package,L24,train
c9d2708cb92741bc1835354239b68abb,/data/FMD_Data_26082026/fmd_temp_images/Updated ICube Categorical Classes 20260915/Missing Primary Package/20241206_013818_L24_C5_9751_0.9999.bmp,Missing Primary Package,L24,train
ca1b3688cc648db6a048e11e9aea643d,/data/FMD_Data_26082026/fmd_temp_images/Updated ICube Categorical Classes 20260915/Missing Primary Package/20241116_213509_L24_C15_9997_0.9997.bmp,Missing Primary Package,L24,train
ca5a96c1b1d0473c772979a13747007c,/data/FMD_Data_26082026/fmd_temp_images/Updated ICube Categorical Classes 20260915/Missing Primary Package/20241114_045216_L24_C8_9909_0.9997.bmp,Missing Primary Package,L24,train
cac4b35a3bbf9cb9d202eb18d73e51ed,/data/FMD_Data_26082026/fmd_temp_images/ICube Defects Library/Missing Primary Package/20241109_160752_L24_C8_9634.bmp,Missing Primary Package,L24,train
cae2427e16ebd76a0595bb5929f0ccf2,/data/FMD_Data_26082026/fmd_temp_images/Updated ICube Categorical Classes 20260915/Missing Primary Package/20241213_112157_L24_C3_9646_0.9997.bmp,Missing Primary Package,L24,train
caf8b6ff25d17fb83b8e690df0761a16,/data/FMD_Data_26082026/fmd_temp_images/Updated ICube Categorical Classes 20260915/Missing Primary Package/20241212_093332_L24_C8_9348_0.9998.bmp,Missing Primary Package,L24,train
cb02436d09c160590e7373e7d0d1a794,/data/FMD_Data_26082026/fmd_temp_images/ICube Defects Library/Missing Primary Package/20241109_143723_L24_C14_9498.bmp,Missing Primary Package,L24,train
cb42a44ad19a89e61b27ca08f387c7a9,/data/FMD_Data_26082026/fmd_temp_images/Updated ICube Categorical Classes 20260915/Missing Primary Package/20241206_160332_L24_C9_9836_0.9998.bmp,Missing Primary Package,L24,train
cb5a1c21b8c95236ea38ede635f7bcff,/data/FMD_Data_26082026/fmd_temp_images/ICube Defects Library/Missing Primary Package/20241109_050827_L24_C13_9791.bmp,Missing Primary Package,L24,train
cb98c03fd0d0b4492e5a2563a9d545a8,/data/FMD_Data_26082026/fmd_temp_images/Updated ICube Categorical Classes 20260915/Missing Primary Package/20241116_212433_L24_C13_9972_0.9998.bmp,Missing Primary Package,L24,train
cbb007ef2d2423dda933be0edbdf5f7f,/data/FMD_Data_26082026/fmd_temp_images/ICube Defects Library/Missing Primary Package/20241108_083405_L24_C10_9835.bmp,Missing Primary Package,L24,train
cbbeea07ac08554375dead679a6659ee,/data/FMD_Data_26082026/fmd_temp_images/Updated ICube Categorical Classes 20260915/Missing Primary Package/20241116_083637_L24_C2_9990_0.9999.bmp,Missing Primary Package,L24,train
cbd23f3f81740c4b7aa4fc3db09c5bbd,/data/FMD_Data_26082026/fmd_temp_images/ICube Defects Library/Missing Primary Package/20241108_224000_L24_C12_9941.bmp,Missing Primary Package,L24,train
cbdda27e04979c5bdb100d036e752b84,/data/FMD_Data_26082026/fmd_temp_images/ICube Defects Library/Missing Primary Package/20241107_202623_L24_C11_9895.bmp,Missing Primary Package,L24,train
cbed80944d28b151ae9b0a960e31fe34,/data/FMD_Data_26082026/fmd_temp_images/Updated ICube Categorical Classes 20260915/Missing Primary Package/20241116_073041_L24_C12_9999_0.9999.bmp,Missing Primary Package,L24,train
cc3c9749044e85a297d3fb12f6221a42,/data/FMD_Data_26082026/fmd_temp_images/ICube Defects Library/Missing Primary Package/20241108_081423_L24_C5_9908.bmp,Missing Primary Package,L24,train
cc8c53b60a88af8d0e5ade6572ab81fb,/data/FMD_Data_26082026/fmd_temp_images/Updated ICube Categorical Classes 20260915/Missing Primary Package/20241207_040408_L24_C9_9191_0.9998.bmp,Missing Primary Package,L24,train
ce48e1d839e9fa36957d21f9f92a2478,/data/FMD_Data_26082026/fmd_temp_images/Updated ICube Categorical Classes 20260915/Missing Primary Package/20241112_060605_L24_C11_9914_0.9998.bmp,Missing Primary Package,L24,train
ce587473650fc426f60d3b7e5c1f24a1,/data/FMD_Data_26082026/fmd_temp_images/Updated ICube Categorical Classes 20260915/Missing Primary Package/20241116_105138_L24_C11_9979_0.9999.bmp,Missing Primary Package,L24,train
ce800dc8353c3059b5a80e5f4f0a73f0,/data/FMD_Data_26082026/fmd_temp_images/Updated ICube Categorical Classes 20260915/Missing Primary Package/20241118_211655_L24_C9_9900_0.9998.bmp,Missing Primary Package,L24,train
ce97f26382932a92488068602a042512,/data/FMD_Data_26082026/fmd_temp_images/ICube Defects Library/Missing Primary Package/20241107_215355_L24_C13_9915.bmp,Missing Primary Package,L24,train
cee678dd007741925295c4ec730940a9,/data/FMD_Data_26082026/fmd_temp_images/Updated ICube Categorical Classes 20260915/Missing Primary Package/20241117_014303_L24_C1_9940_0.9999.bmp,Missing Primary Package,L24,train
cf4ea7127b65a8e23c78a44a0bcc2444,/data/FMD_Data_26082026/fmd_temp_images/Updated ICube Categorical Classes 20260915/Missing Primary Package/20241214_035813_L24_C1_9760_0.9997.bmp,Missing Primary Package,L24,train
cf8901df307df63e24f8f561d8a59401,/data/FMD_Data_26082026/fmd_temp_images/ICube Defects Library/Missing Primary Package/20241107_215354_L24_C1_9742.bmp,Missing Primary Package,L24,train
cfc99dd8ae7baca5fcf56b3bd663072f,/data/FMD_Data_26082026/fmd_temp_images/Updated ICube Categorical Classes 20260915/Missing Primary Package/20241216_060946_L24_C1_9733_0.9998.bmp,Missing Primary Package,L24,train
cff32b28ea7978bb067d40725e9d9070,/data/FMD_Data_26082026/fmd_temp_images/ICube Defects Library/Missing Primary Package/20241103_151133_L24_C12_9083.bmp,Missing Primary Package,L24,train
d0089cb13e26ebd0633f666d0c8e126e,/data/FMD_Data_26082026/fmd_temp_images/ICube Defects Library/Missing Primary Package/20241101_223837_L24_C15_9314.bmp,Missing Primary Package,L24,train
d058baa340bc764f4481b5a8bf04801c,/data/FMD_Data_26082026/fmd_temp_images/Updated ICube Categorical Classes 20260915/Missing Primary Package/20241214_045613_L24_C12_9835_0.9999.bmp,Missing Primary Package,L24,train
d06510f9e1e662722825f1e6b74fd7f2,/data/FMD_Data_26082026/fmd_temp_images/Updated ICube Categorical Classes 20260915/Missing Primary Package/20241112_094943_L24_C14_9848_0.9999.bmp,Missing Primary Package,L24,train
d0f2032e3daefebb7ec9bae5192f6550,/data/FMD_Data_26082026/fmd_temp_images/ICube Defects Library/Missing Primary Package/20241104_163628_L24_C2_9424.bmp,Missing Primary Package,L24,train
d1591b19971c5aa009ff9e7b7f742338,/data/FMD_Data_26082026/fmd_temp_images/Updated ICube Categorical Classes 20260915/Missing Primary Package/20241114_030114_L24_C10_9923_0.9999.bmp,Missing Primary Package,L24,train
d2494119964cd0ce4fae717278359866,/data/FMD_Data_26082026/fmd_temp_images/Updated ICube Categorical Classes 20260915/Missing Primary Package/20241214_054519_L24_C1_9866_0.9992.bmp,Missing Primary Package,L24,train
d2bdfaa1daf047651fdddaeb84c04f21,/data/FMD_Data_26082026/fmd_temp_images/Updated ICube Categorical Classes 20260915/Missing Primary Package/20241118_040936_L24_C6_9892_0.9998.bmp,Missing Primary Package,L24,train
d2db3381fb1148edbc692bdfa5fa2272,/data/FMD_Data_26082026/fmd_temp_images/Updated ICube Categorical Classes 20260915/Missing Primary Package/20241206_121622_L24_C1_9169_0.9998.bmp,Missing Primary Package,L24,train
d3fe9933210507983c6863867c9e7014,/data/FMD_Data_26082026/fmd_temp_images/Updated ICube Categorical Classes 20260915/Missing Primary Package/20241213_183710_L24_C11_9752_0.9997.bmp,Missing Primary Package,L24,train
d42bb4ba497ed41a6bf0bc1e4d77baf2,/data/FMD_Data_26082026/fmd_temp_images/Updated ICube Categorical Classes 20260915/Missing Primary Package/20241113_033909_L24_C3_9688_0.9998.bmp,Missing Primary Package,L24,train
d53d4728616183ab05e92140933b7bea,/data/FMD_Data_26082026/fmd_temp_images/Updated ICube Categorical Classes 20260915/Missing Primary Package/20241214_054519_L24_C9_9905_0.9998.bmp,Missing Primary Package,L24,train
d58921f2402d7384de63fc48e1099d73,/data/FMD_Data_26082026/fmd_temp_images/Updated ICube Categorical Classes 20260915/Missing Primary Package/20241120_070224_L24_C10_9831_0.9998.bmp,Missing Primary Package,L24,train
d5e80ccce3d7739e9aec7fae57f5d95f,/data/FMD_Data_26082026/fmd_temp_images/Updated ICube Categorical Classes 20260915/Missing Primary Package/20241215_145950_L24_C12_9816_0.9996.bmp,Missing Primary Package,L24,train
d6ba21fe2f84bca70be37a4ff486a4b8,/data/FMD_Data_26082026/fmd_temp_images/Updated ICube Categorical Classes 20260915/Missing Primary Package/20241120_070215_L24_C2_9747_0.9999.bmp,Missing Primary Package,L24,train
d6bbf8ac819ad756bfa308072bae5e34,/data/FMD_Data_26082026/fmd_temp_images/ICube Defects Library/Missing Primary Package/20241107_202623_L24_C13_9919.bmp,Missing Primary Package,L24,train
d71bf5c73e9bdd0b4fb3fb34a6c7238a,/data/FMD_Data_26082026/fmd_temp_images/ICube Defects Library/Missing Primary Package/20241104_100047_L24_C4_9227.bmp,Missing Primary Package,L24,train
d73ee7f38db681d3cd6500adb27deb1a,/data/FMD_Data_26082026/fmd_temp_images/Updated ICube Categorical Classes 20260915/Missing Primary Package/20241213_125149_L24_C12_9813_0.9996.bmp,Missing Primary Package,L24,train
d7bfd5c417c6425d7a3cb77c18362420,/data/FMD_Data_26082026/fmd_temp_images/Updated ICube Categorical Classes 20260915/Missing Primary Package/20241206_212235_L24_C8_9799_0.9996.bmp,Missing Primary Package,L24,train
d823b72d68d74435ca2522cef7759422,/data/FMD_Data_26082026/fmd_temp_images/Updated ICube Categorical Classes 20260915/Missing Primary Package/20241208_164729_L24_C3_9996_0.9997.bmp,Missing Primary Package,L24,train
d83c1cca2d9b31f951a1a38007af7671,/data/FMD_Data_26082026/fmd_temp_images/Updated ICube Categorical Classes 20260915/Missing Primary Package/20241120_070215_L24_C4_9413_0.9999.bmp,Missing Primary Package,L24,train
d86eb8b9244a54a0919946c8c94e7cb2,/data/FMD_Data_26082026/fmd_temp_images/Updated ICube Categorical Classes 20260915/Missing Primary Package/20241206_182236_L24_C13_9697_0.9999.bmp,Missing Primary Package,L24,train
d88f8eb32df6b55d8528b98d7676c6f0,/data/FMD_Data_26082026/fmd_temp_images/Updated ICube Categorical Classes 20260915/Missing Primary Package/20241114_235745_L24_C5_9419_0.9999.bmp,Missing Primary Package,L24,train
d8fcbc39e557ada7a87acde86ece1722,/data/FMD_Data_26082026/fmd_temp_images/Updated ICube Categorical Classes 20260915/Missing Primary Package/20241115_014823_L24_C1_9722_0.9999.bmp,Missing Primary Package,L24,train
d90ae723768d51b09dcad9b243e791fa,/data/FMD_Data_26082026/fmd_temp_images/ICube Defects Library/Missing Primary Package/20241104_163628_L24_C3_9278.bmp,Missing Primary Package,L24,train
d94c5a2df0eaaa850b2802e756c7e48b,/data/FMD_Data_26082026/fmd_temp_images/Updated ICube Categorical Classes 20260915/Missing Primary Package/20241118_193754_L24_C7_9986_0.9998.bmp,Missing Primary Package,L24,train
d9cf39794fe2791fd57cf24ae32a89bf,/data/FMD_Data_26082026/fmd_temp_images/Updated ICube Categorical Classes 20260915/Missing Primary Package/20241115_112740_L24_C11_9703_0.9999.bmp,Missing Primary Package,L24,train
da439776998288b3e435e0b6bc09968b,/data/FMD_Data_26082026/fmd_temp_images/Updated ICube Categorical Classes 20260915/Missing Primary Package/20241212_174905_L24_C11_9870_0.9997.bmp,Missing Primary Package,L24,train
db0dc787b608bd5edddb801f0359fd74,/data/FMD_Data_26082026/fmd_temp_images/Updated ICube Categorical Classes 20260915/Missing Primary Package/20241118_063715_L24_C12_9946_0.9997.bmp,Missing Primary Package,L24,train
db54214d61dee55ccc78abbe0b11f330,/data/FMD_Data_26082026/fmd_temp_images/Updated ICube Categorical Classes 20260915/Missing Primary Package/20241112_182018_L24_C10_9833_0.9999.bmp,Missing Primary Package,L24,train
dc33051df1b5f97739f1e2e65ff30f3e,/data/FMD_Data_26082026/fmd_temp_images/Updated ICube Categorical Classes 20260915/Missing Primary Package/20241111_233148_L24_C12_9447_0.9999.bmp,Missing Primary Package,L24,train
dc357ac6e15c9647694331290782978c,/data/FMD_Data_26082026/fmd_temp_images/ICube Defects Library/Missing Primary Package/20241104_100035_L24_C10_9145.bmp,Missing Primary Package,L24,train
dc549e51d620a12eb701f04c35f37dd1,/data/FMD_Data_26082026/fmd_temp_images/ICube Defects Library/Missing Primary Package/20241110_211748_L24_C14_9858.bmp,Missing Primary Package,L24,train
dc9cce40134f4174424ffa55640bc857,/data/FMD_Data_26082026/fmd_temp_images/Updated ICube Categorical Classes 20260915/Missing Primary Package/20241213_112157_L24_C6_9607_0.9996.bmp,Missing Primary Package,L24,train
dcddb0ebb042fdbb130778c4a9c38e8f,/data/FMD_Data_26082026/fmd_temp_images/Updated ICube Categorical Classes 20260915/Missing Primary Package/20241121_150728_L24_C1_9920_0.9996.bmp,Missing Primary Package,L24,train
dd8f0a2cdf54f43b6bdb87bbd3701a9a,/data/FMD_Data_26082026/fmd_temp_images/Updated ICube Categorical Classes 20260915/Missing Primary Package/20241214_054519_L24_C6_9862_0.9998.bmp,Missing Primary Package,L24,train
dda2a34723f227fe2b2fade5a958663c,/data/FMD_Data_26082026/fmd_temp_images/ICube Defects Library/Missing Primary Package/20241110_211748_L24_C2_9810.bmp,Missing Primary Package,L24,train
de31c8e5020023a0bc961a013e25dc63,/data/FMD_Data_26082026/fmd_temp_images/Updated ICube Categorical Classes 20260915/Missing Primary Package/20241215_145950_L24_C14_9894_0.9995.bmp,Missing Primary Package,L24,train
de6ce2b58033fc7176cdef0035ebc474,/data/FMD_Data_26082026/fmd_temp_images/Updated ICube Categorical Classes 20260915/Missing Primary Package/20241119_022122_L24_C1_9901_0.9997.bmp,Missing Primary Package,L24,train
de880248b0c32ba818c9d7c8555a2d36,/data/FMD_Data_26082026/fmd_temp_images/Updated ICube Categorical Classes 20260915/Missing Primary Package/20241212_092914_L24_C1_9153_0.9992.bmp,Missing Primary Package,L24,train
df1a2da9721a4e6f929772afba1e54f8,/data/FMD_Data_26082026/fmd_temp_images/Updated ICube Categorical Classes 20260915/Missing Primary Package/20241207_081009_L24_C11_9763_0.9998.bmp,Missing Primary Package,L24,train
df50786e403e545b527cde230c6e9e12,/data/FMD_Data_26082026/fmd_temp_images/Updated ICube Categorical Classes 20260915/Missing Primary Package/20241113_040528_L24_C11_9972_0.9999.bmp,Missing Primary Package,L24,train
df9b43ba99e06c51a86defab86e1fc96,/data/FMD_Data_26082026/fmd_temp_images/Updated ICube Categorical Classes 20260915/Missing Primary Package/20241115_114733_L24_C11_9883_0.9999.bmp,Missing Primary Package,L24,train
e01555d01d8492df08997aed118a36fe,/data/FMD_Data_26082026/fmd_temp_images/Updated ICube Categorical Classes 20260915/Missing Primary Package/20241120_194350_L24_C14_9955_0.9998.bmp,Missing Primary Package,L24,train
e05c0d980f835603650a999121d2f084,/data/FMD_Data_26082026/fmd_temp_images/Updated ICube Categorical Classes 20260915/Missing Primary Package/20241209_204426_L24_C7_9947_0.9999.bmp,Missing Primary Package,L24,train
e06d813c0fcb7c411a0e81484a101525,/data/FMD_Data_26082026/fmd_temp_images/ICube Defects Library/Missing Primary Package/20241107_140515_L24_C8_9699.bmp,Missing Primary Package,L24,train
e06fa0145f6fa08a5739b39b4e95b109,/data/FMD_Data_26082026/fmd_temp_images/Updated ICube Categorical Classes 20260915/Missing Primary Package/20241121_122142_L24_C14_9982_0.9998.bmp,Missing Primary Package,L24,train
e08fda62fd5438c8c1fa413da7018ce7,/data/FMD_Data_26082026/fmd_temp_images/Updated ICube Categorical Classes 20260915/Missing Primary Package/20241121_034215_L24_C15_9973_0.9998.bmp,Missing Primary Package,L24,train
e09c2e60b78c9726b16842a03932c550,/data/FMD_Data_26082026/fmd_temp_images/Updated ICube Categorical Classes 20260915/Missing Primary Package/20260827_173417_L24_PalletGHM0827215105_Cavity15_B01BKKK_Fail2_Score(0.9129056).bmp,Missing Primary Package,L24,train
e0a2210b595eeffdf905df2adbf46517,/data/FMD_Data_26082026/fmd_temp_images/Updated ICube Categorical Classes 20260915/Missing Primary Package/20241214_143621_L24_C4_9415_0.9997.bmp,Missing Primary Package,L24,train
e0c956342d8852aa3daaa78add30e4c1,/data/FMD_Data_26082026/fmd_temp_images/Updated ICube Categorical Classes 20260915/Missing Primary Package/20241114_040630_L24_C11_9890_0.9998.bmp,Missing Primary Package,L24,train
e0dc36fbc9b8de8e95c8c79d6b57b123,/data/FMD_Data_26082026/fmd_temp_images/ICube Defects Library/Missing Primary Package/20241108_110236_L24_C10_9925.bmp,Missing Primary Package,L24,train
e19705daaf846a31d0d8fcaec3d35e92,/data/FMD_Data_26082026/fmd_temp_images/ICube Defects Library/Missing Primary Package/20241103_224223_L24_C6_9528.bmp,Missing Primary Package,L24,train
e241e26e08ec0c049d8d02c36c78cfce,/data/FMD_Data_26082026/fmd_temp_images/Updated ICube Categorical Classes 20260915/Missing Primary Package/20241206_121622_L24_C2_9471_0.9998.bmp,Missing Primary Package,L24,train
e335825705de6e4c3519c6952906c4e6,/data/FMD_Data_26082026/fmd_temp_images/Updated ICube Categorical Classes 20260915/Missing Primary Package/20241120_061943_L24_C7_9542_0.9999.bmp,Missing Primary Package,L24,train
e37cfdc0c679ea971b069e4754b7e32c,/data/FMD_Data_26082026/fmd_temp_images/ICube Defects Library/Missing Primary Package/20241105_020536_L24_C8_9357.bmp,Missing Primary Package,L24,train
e3c3380dc2e065c4bb82e8f171b7aba8,/data/FMD_Data_26082026/fmd_temp_images/Updated ICube Categorical Classes 20260915/Missing Primary Package/20241115_133722_L24_C15_9887_0.9999.bmp,Missing Primary Package,L24,train
e4b6da16346ebcb6207af9b5553067e1,/data/FMD_Data_26082026/fmd_temp_images/Updated ICube Categorical Classes 20260915/Missing Primary Package/20241113_033909_L24_C5_9890_0.9998.bmp,Missing Primary Package,L24,train
e4fd9738571e24f58b2e6e6edecbfcad,/data/FMD_Data_26082026/fmd_temp_images/Updated ICube Categorical Classes 20260915/Missing Primary Package/20241117_093715_L24_C14_9976_0.9998.bmp,Missing Primary Package,L24,train
e512b143bca1f9d16eb405033a27e7be,/data/FMD_Data_26082026/fmd_temp_images/Updated ICube Categorical Classes 20260915/Missing Primary Package/20241114_235745_L24_C12_9246_0.9999.bmp,Missing Primary Package,L24,train
e52f3ccaa8fb04bc514351b6f7f4d14b,/data/FMD_Data_26082026/fmd_temp_images/Updated ICube Categorical Classes 20260915/Missing Primary Package/20241112_032630_L24_C12_9138_0.9999.bmp,Missing Primary Package,L24,train
e56349e03d4529e3831d3fb85ee47b2c,/data/FMD_Data_26082026/fmd_temp_images/Updated ICube Categorical Classes 20260915/Missing Primary Package/20241117_163024_L24_C2_9885_0.9997.bmp,Missing Primary Package,L24,train
e63dbed54eebe7f78dc71b990c3908a1,/data/FMD_Data_26082026/fmd_temp_images/ICube Defects Library/Missing Primary Package/20241108_042443_L24_C2_9929.bmp,Missing Primary Package,L24,train
e69b03bebefbc0a223f3c66c8f4901d0,/data/FMD_Data_26082026/fmd_temp_images/ICube Defects Library/Missing Primary Package/20241110_011134_L24_C12_9966.bmp,Missing Primary Package,L24,train
e6c62fed666d7f33f7ba063bc2198080,/data/FMD_Data_26082026/fmd_temp_images/Updated ICube Categorical Classes 20260915/Missing Primary Package/20241116_213459_L24_C11_9987_0.9998.bmp,Missing Primary Package,L24,train
e6d5a3d43d8ed9f85ce8aaeae2c3dd44,/data/FMD_Data_26082026/fmd_temp_images/Updated ICube Categorical Classes 20260915/Missing Primary Package/20241118_023631_L24_C6_9865_0.9998.bmp,Missing Primary Package,L24,train
e71e25e4a407c8e412321400722c4091,/data/FMD_Data_26082026/fmd_temp_images/Updated ICube Categorical Classes 20260915/Missing Primary Package/20241213_055847_L24_C10_9410_0.9997.bmp,Missing Primary Package,L24,train
e7d5dfd0f91c139702d0cf57475d8533,/data/FMD_Data_26082026/fmd_temp_images/Updated ICube Categorical Classes 20260915/Missing Primary Package/20241113_064649_L24_C11_9802_0.9998.bmp,Missing Primary Package,L24,train
e801072726b5b486b2a3c373ae0edf4b,/data/FMD_Data_26082026/fmd_temp_images/Updated ICube Categorical Classes 20260915/Missing Primary Package/20241116_141420_L24_C13_9992_0.9999.bmp,Missing Primary Package,L24,train
e801db6f390bcbd4e09508251a79addc,/data/FMD_Data_26082026/fmd_temp_images/Updated ICube Categorical Classes 20260915/Missing Primary Package/20241216_020157_L24_C1_9494_0.9995.bmp,Missing Primary Package,L24,train
e826ddde4bb40f1f324ff0ecfa77753a,/data/FMD_Data_26082026/fmd_temp_images/Updated ICube Categorical Classes 20260915/Missing Primary Package/20241216_081801_L24_C9_9932_0.9998.bmp,Missing Primary Package,L24,train
e858ee9f3151112e468c3cdc79cb4bde,/data/FMD_Data_26082026/fmd_temp_images/Updated ICube Categorical Classes 20260915/Missing Primary Package/20241208_141434_L24_C14_9995_0.9998.bmp,Missing Primary Package,L24,train
e8e0045067c84d008b6649d37e8aa5f1,/data/FMD_Data_26082026/fmd_temp_images/Updated ICube Categorical Classes 20260915/Missing Primary Package/20260826_062136_L24_PalletGHA0826103820_Cavity9_B01BKKB_Fail7_Score(0.9902023).bmp,Missing Primary Package,L24,train
e8e48869f951b86d65c1f0846f2e1250,/data/FMD_Data_26082026/fmd_temp_images/Updated ICube Categorical Classes 20260915/Missing Primary Package/20241210_064958_L24_C5_9996_0.9998.bmp,Missing Primary Package,L24,train
e91c1dad99c3c3dd9a96877e47ce124c,/data/FMD_Data_26082026/fmd_temp_images/Updated ICube Categorical Classes 20260915/Missing Primary Package/20241113_234616_L24_C1_9927_0.9998.bmp,Missing Primary Package,L24,train
e9296d3215fb1ffc7c50f695ceb6ca68,/data/FMD_Data_26082026/fmd_temp_images/ICube Defects Library/Missing Primary Package/20241108_191457_L24_C14_9925.bmp,Missing Primary Package,L24,train
e99646dd2f2f665d924df04e47ce3ed0,/data/FMD_Data_26082026/fmd_temp_images/Updated ICube Categorical Classes 20260915/Missing Primary Package/20241113_182911_L24_C1_9971_0.9997.bmp,Missing Primary Package,L24,train
e99ffc100e13d8a37a3c93c760ef4bd9,/data/FMD_Data_26082026/fmd_temp_images/Updated ICube Categorical Classes 20260915/Missing Primary Package/20241119_185935_L24_C7_9049_0.9999.bmp,Missing Primary Package,L24,train
e9a7ac557d47c427a0c336542512545c,/data/FMD_Data_26082026/fmd_temp_images/Updated ICube Categorical Classes 20260915/Missing Primary Package/20241213_202111_L24_C7_9723_0.9998.bmp,Missing Primary Package,L24,train
e9ae611ddec91b0c56ad9bd6c686c6a2,/data/FMD_Data_26082026/fmd_temp_images/Updated ICube Categorical Classes 20260915/Missing Primary Package/20241204_155705_L24_C6_9511_0.9999.bmp,Missing Primary Package,L24,train
ea09948b20d7e013f97034b3892e456f,/data/FMD_Data_26082026/fmd_temp_images/Updated ICube Categorical Classes 20260915/Missing Primary Package/20241112_234539_L24_C10_9930_0.9998.bmp,Missing Primary Package,L24,train
ea1b8ba269be5753ce6c4f04acdd0a35,/data/FMD_Data_26082026/fmd_temp_images/ICube Defects Library/Missing Primary Package/20241110_114817_L24_C9_9774.bmp,Missing Primary Package,L24,train
ea3b28c3beb80c7cec541884cbdb82e7,/data/FMD_Data_26082026/fmd_temp_images/Updated ICube Categorical Classes 20260915/Missing Primary Package/20241114_133117_L24_C4_9986_0.9998.bmp,Missing Primary Package,L24,train
ea54edda5cb6e521b1c543c1e77e3d1a,/data/FMD_Data_26082026/fmd_temp_images/ICube Defects Library/Missing Primary Package/20241104_100047_L24_C15_9840.bmp,Missing Primary Package,L24,train
ea94aac3d791f038c58606c362feeab9,/data/FMD_Data_26082026/fmd_temp_images/Updated ICube Categorical Classes 20260915/Missing Primary Package/20241119_015444_L24_C13_9907_0.9998.bmp,Missing Primary Package,L24,train
eaaae604682bbd01e1e3cac60aeed57c,/data/FMD_Data_26082026/fmd_temp_images/Updated ICube Categorical Classes 20260915/Missing Primary Package/20241121_150728_L24_C2_9980_0.9998.bmp,Missing Primary Package,L24,train
ead40de86625697485e103a11b012766,/data/FMD_Data_26082026/fmd_temp_images/ICube Defects Library/Missing Primary Package/20241108_121232_L24_C4_9822.bmp,Missing Primary Package,L24,train
ead584f51ed9e3abd6423a12c7750547,/data/FMD_Data_26082026/fmd_temp_images/ICube Defects Library/Missing Primary Package/20241104_095833_L24_C6_9618.bmp,Missing Primary Package,L24,train
eb00c74ba12866af9f898dcb05616416,/data/FMD_Data_26082026/fmd_temp_images/Updated ICube Categorical Classes 20260915/Missing Primary Package/20241213_042529_L24_C6_9826_0.9993.bmp,Missing Primary Package,L24,train
eb0a2d8063e9c73fff0e6b9761e24e2d,/data/FMD_Data_26082026/fmd_temp_images/Updated ICube Categorical Classes 20260915/Missing Primary Package/20241116_230512_L24_C14_9978_0.9998.bmp,Missing Primary Package,L24,train
ebe90a980c746f8fe296f938f4f0618b,/data/FMD_Data_26082026/fmd_temp_images/Updated ICube Categorical Classes 20260915/Missing Primary Package/20241205_160719_L24_C1_9546_0.9998.bmp,Missing Primary Package,L24,train
ebfc2a1eac875473283c93d7384f8507,/data/FMD_Data_26082026/fmd_temp_images/ICube Defects Library/Missing Primary Package/20260730_043917_L24_PalletGHS0730085532_Cavity4_D009FXQ_Fail7_Score(0.998413).bmp,Missing Primary Package,L24,train
ecbd2874bbcfd4ffc6b6b1b7a5dca7e6,/data/FMD_Data_26082026/fmd_temp_images/Updated ICube Categorical Classes 20260915/Missing Primary Package/20241114_122809_L24_C11_9965_0.9998.bmp,Missing Primary Package,L24,train
ecd4554b69a8202bffb0e0284424b945,/data/FMD_Data_26082026/fmd_temp_images/Updated ICube Categorical Classes 20260915/Missing Primary Package/20241206_072646_L24_C13_9916_0.9998.bmp,Missing Primary Package,L24,train
ed7371bc21e2d884fc674681217a81a5,/data/FMD_Data_26082026/fmd_temp_images/Updated ICube Categorical Classes 20260915/Missing Primary Package/20260808_193335_L24_PalletGHA0808234946_Cavity8_D009GJ5_Fail7_Score(0.9957172).bmp,Missing Primary Package,L24,train
ed7e127030543da6b1efb8078413caaf,/data/FMD_Data_26082026/fmd_temp_images/Updated ICube Categorical Classes 20260915/Missing Primary Package/20241113_133411_L24_C12_9936_0.9998.bmp,Missing Primary Package,L24,train
ed93b40d555449ebeef32cb0a04e01fa,/data/FMD_Data_26082026/fmd_temp_images/Updated ICube Categorical Classes 20260915/Missing Primary Package/20260824_061000_L24_PalletGHI0824102629_Cavity11_B01BKK1_Fail6_Score(0.9767703).bmp,Missing Primary Package,L24,train
edf2702bcd6418d5e8f068e872193958,/data/FMD_Data_26082026/fmd_temp_images/Updated ICube Categorical Classes 20260915/Missing Primary Package/20241112_132527_L24_C15_9783_0.9999.bmp,Missing Primary Package,L24,train
ee56b6767acbbc1a93561f9b3633f364,/data/FMD_Data_26082026/fmd_temp_images/Updated ICube Categorical Classes 20260915/Missing Primary Package/20241115_023042_L24_C4_9952_0.9999.bmp,Missing Primary Package,L24,train
eea9911f1a2bd94cd73e6350071db193,/data/FMD_Data_26082026/fmd_temp_images/ICube Defects Library/Missing Primary Package/20241109_042741_L24_C9_9575.bmp,Missing Primary Package,L24,train
ef435a3906dc26b0b781a8ad65372c4b,/data/FMD_Data_26082026/fmd_temp_images/ICube Defects Library/Missing Primary Package/20241110_193702_L24_C1_9889.bmp,Missing Primary Package,L24,train
f00b0d2d808348298beac40ddf1dcced,/data/FMD_Data_26082026/fmd_temp_images/Updated ICube Categorical Classes 20260915/Missing Primary Package/20241214_043515_L24_C10_9837_0.9997.bmp,Missing Primary Package,L24,train
f0645c49bfe48fd75b4a1f5c55949565,/data/FMD_Data_26082026/fmd_temp_images/Updated ICube Categorical Classes 20260915/Missing Primary Package/20241113_133411_L24_C15_9971_0.9996.bmp,Missing Primary Package,L24,train
f09068f124105af83c05c7e0fefd3acd,/data/FMD_Data_26082026/fmd_temp_images/Updated ICube Categorical Classes 20260915/Missing Primary Package/20241206_035602_L24_C8_9894_0.9998.bmp,Missing Primary Package,L24,train
f0d1d6619452ae39d8f9a628776027e8,/data/FMD_Data_26082026/fmd_temp_images/ICube Defects Library/Missing Primary Package/20241108_083405_L24_C14_9867.bmp,Missing Primary Package,L24,train
f11480cfa952ad6ed1db34d7becb4950,/data/FMD_Data_26082026/fmd_temp_images/Updated ICube Categorical Classes 20260915/Missing Primary Package/20241112_094943_L24_C9_9777_0.9999.bmp,Missing Primary Package,L24,train
f12f4e1a0045a805050cf3ecc048b40f,/data/FMD_Data_26082026/fmd_temp_images/Updated ICube Categorical Classes 20260915/Missing Primary Package/20241120_184348_L24_C12_9648_0.9999.bmp,Missing Primary Package,L24,train
f1c322c63d5c75810944dec5641d982a,/data/FMD_Data_26082026/fmd_temp_images/Updated ICube Categorical Classes 20260915/Missing Primary Package/20241206_182122_L24_C5_9822_0.9999.bmp,Missing Primary Package,L24,train
f248f10d5e95483375b41f8649fbd108,/data/FMD_Data_26082026/fmd_temp_images/ICube Defects Library/Missing Primary Package/20241102_145237_L24_C1_9403.bmp,Missing Primary Package,L24,train
f2bfa0a262e11ed92b3ed9d502d32c8c,/data/FMD_Data_26082026/fmd_temp_images/Updated ICube Categorical Classes 20260915/Missing Primary Package/20241115_114804_L24_C9_9538_0.9999.bmp,Missing Primary Package,L24,train
f3366c683fb154a5808068641c356292,/data/FMD_Data_26082026/fmd_temp_images/Updated ICube Categorical Classes 20260915/Missing Primary Package/20241206_043554_L24_C15_9873_0.9997.bmp,Missing Primary Package,L24,train
f382fb83b5855ee771cb5f654a872940,/data/FMD_Data_26082026/fmd_temp_images/Updated ICube Categorical Classes 20260915/Missing Primary Package/20241118_190618_L24_C14_9987_0.9997.bmp,Missing Primary Package,L24,train
f3a0c012ce4eb573aca6f945a26d72ba,/data/FMD_Data_26082026/fmd_temp_images/ICube Defects Library/Missing Primary Package/20241109_215431_L24_C8_9941.bmp,Missing Primary Package,L24,train
f41a7b0e19565aa79cb744d4242542c0,/data/FMD_Data_26082026/fmd_temp_images/Updated ICube Categorical Classes 20260915/Missing Primary Package/20241114_042122_L24_C10_9980_0.9995.bmp,Missing Primary Package,L24,train
f4b0126d1f2014ee99d9bc89bb115c4b,/data/FMD_Data_26082026/fmd_temp_images/Updated ICube Categorical Classes 20260915/Missing Primary Package/20241214_051603_L24_C6_9654_0.9998.bmp,Missing Primary Package,L24,train
f54ebc40352046b0dc03303c5468a1b6,/data/FMD_Data_26082026/fmd_temp_images/Updated ICube Categorical Classes 20260915/Missing Primary Package/20241117_122235_L24_C9_9893_0.9998.bmp,Missing Primary Package,L24,train
f5faaf43c78b968610737a86f3d0ccc2,/data/FMD_Data_26082026/fmd_temp_images/ICube Defects Library/Missing Primary Package/20241108_043912_L24_C4_9958.bmp,Missing Primary Package,L24,train
f6528c6129b0bc714aca4df37f440a42,/data/FMD_Data_26082026/fmd_temp_images/Updated ICube Categorical Classes 20260915/Missing Primary Package/20241120_070252_L24_C2_9554_0.9999.bmp,Missing Primary Package,L24,train
f67c066a10cf8f3d7a9f68ccdd05c653,/data/FMD_Data_26082026/fmd_temp_images/ICube Defects Library/Missing Primary Package/20241110_211748_L24_C5_9936.bmp,Missing Primary Package,L24,train
f6907b512d0e2a15ee222a49ee8c24d0,/data/FMD_Data_26082026/fmd_temp_images/Updated ICube Categorical Classes 20260915/Missing Primary Package/20241115_233629_L24_C2_9996_0.9998.bmp,Missing Primary Package,L24,train
f6b279b03f4f5aee80d44f3cc2935ecc,/data/FMD_Data_26082026/fmd_temp_images/Updated ICube Categorical Classes 20260915/Missing Primary Package/20241206_234620_L24_C11_9756_0.9999.bmp,Missing Primary Package,L24,train
f713c0cb60cb562d3f538033208df315,/data/FMD_Data_26082026/fmd_temp_images/Updated ICube Categorical Classes 20260915/Missing Primary Package/20241213_042529_L24_C4_9654_0.9995.bmp,Missing Primary Package,L24,train
f7d71bc7bedac3bb5c21dbfc6d45939a,/data/FMD_Data_26082026/fmd_temp_images/ICube Defects Library/Missing Primary Package/20241106_175741_L24_C15_9554.bmp,Missing Primary Package,L24,train
f7e92dda06987959b205c949eb5e0912,/data/FMD_Data_26082026/fmd_temp_images/Updated ICube Categorical Classes 20260915/Missing Primary Package/20241113_061730_L24_C15_9621_0.9995.bmp,Missing Primary Package,L24,train
f806ed9c3a67f080bd0a6193b86bed42,/data/FMD_Data_26082026/fmd_temp_images/Updated ICube Categorical Classes 20260915/Missing Primary Package/20241212_175526_L24_C14_9612_0.9996.bmp,Missing Primary Package,L24,train
f84c5a86089be50e2c80ed6bc06011a1,/data/FMD_Data_26082026/fmd_temp_images/Updated ICube Categorical Classes 20260915/Missing Primary Package/20241115_023042_L24_C3_9947_0.9999.bmp,Missing Primary Package,L24,train
f92746d01a8e1d35b53703d0b5680d1a,/data/FMD_Data_26082026/fmd_temp_images/Updated ICube Categorical Classes 20260915/Missing Primary Package/20241209_181223_L24_C3_9973_0.9998.bmp,Missing Primary Package,L24,train
f9431581b65c23f6902ffa1ce6780a8b,/data/FMD_Data_26082026/fmd_temp_images/Updated ICube Categorical Classes 20260915/Missing Primary Package/20241113_090817_L24_C12_9987_0.9997.bmp,Missing Primary Package,L24,train
f9bbdca472bfe3bd24fab4225ef4833c,/data/FMD_Data_26082026/fmd_temp_images/Updated ICube Categorical Classes 20260915/Missing Primary Package/20241121_155811_L24_C1_9908_0.9998.bmp,Missing Primary Package,L24,train
f9ff070a58f69f34d2ba6e57da559600,/data/FMD_Data_26082026/fmd_temp_images/Updated ICube Categorical Classes 20260915/Missing Primary Package/20241213_202111_L24_C4_9895_0.9998.bmp,Missing Primary Package,L24,train
fa0397b0b1f9b6776590ea4e53949993,/data/FMD_Data_26082026/fmd_temp_images/ICube Defects Library/Missing Primary Package/20241110_211748_L24_C3_9951.bmp,Missing Primary Package,L24,train
fa6233e3b957ba45c3a2bff820a6c86f,/data/FMD_Data_26082026/fmd_temp_images/ICube Defects Library/Missing Primary Package/20241103_030456_L24_C12_9484.bmp,Missing Primary Package,L24,train
fb1b90c64181b2351d9d293976765156,/data/FMD_Data_26082026/fmd_temp_images/Updated ICube Categorical Classes 20260915/Missing Primary Package/20241204_165751_L24_C10_9795_0.9998.bmp,Missing Primary Package,L24,train
fb3c636ed04006aad12e665bf218187d,/data/FMD_Data_26082026/fmd_temp_images/Updated ICube Categorical Classes 20260915/Missing Primary Package/20241117_014140_L24_C11_9996_0.9998.bmp,Missing Primary Package,L24,train
fb5727fe95195c2edc1a35c7d8f1c88a,/data/FMD_Data_26082026/fmd_temp_images/ICube Defects Library/Missing Primary Package/20241108_190807_L24_C12_9918.bmp,Missing Primary Package,L24,train
fb9c3898111115b1afcf55b273a3458c,/data/FMD_Data_26082026/fmd_temp_images/Updated ICube Categorical Classes 20260915/Missing Primary Package/20241114_030114_L24_C14_9895_0.9998.bmp,Missing Primary Package,L24,train
fba5ef455f8aad21723706364bddf2d3,/data/FMD_Data_26082026/fmd_temp_images/ICube Defects Library/Missing Primary Package/20241107_215354_L24_C4_9907.bmp,Missing Primary Package,L24,train
fc17d50cc0f4d311cb81823a50abd11a,/data/FMD_Data_26082026/fmd_temp_images/Updated ICube Categorical Classes 20260915/Missing Primary Package/20241113_132934_L24_C1_9899_0.9997.bmp,Missing Primary Package,L24,train
fc306618db5369f1313f3814576ee8f4,/data/FMD_Data_26082026/fmd_temp_images/Updated ICube Categorical Classes 20260915/Missing Primary Package/20241212_174905_L24_C6_9833_0.9995.bmp,Missing Primary Package,L24,train
fca92c6a3e51a225c65aa94a33d3229d,/data/FMD_Data_26082026/fmd_temp_images/Updated ICube Categorical Classes 20260915/Missing Primary Package/20241119_173743_L24_C6_9018_0.9999.bmp,Missing Primary Package,L24,train
fcbfb0b69b44cecfc6fc545a20b8179b,/data/FMD_Data_26082026/fmd_temp_images/ICube Defects Library/Missing Primary Package/20241108_042443_L24_C5_9949.bmp,Missing Primary Package,L24,train
fd00bd936cff42fd607590df435f1515,/data/FMD_Data_26082026/fmd_temp_images/Updated ICube Categorical Classes 20260915/Missing Primary Package/20241212_034502_L24_C4_9952_0.9991.bmp,Missing Primary Package,L24,train
fd1a9394f05addb7197ec362d963b920,/data/FMD_Data_26082026/fmd_temp_images/Updated ICube Categorical Classes 20260915/Missing Primary Package/20241206_023125_L24_C4_9955_0.9996.bmp,Missing Primary Package,L24,train
fde388d74e56fafb9221560ab0eda063,/data/FMD_Data_26082026/fmd_temp_images/ICube Defects Library/Missing Primary Package/20241108_041816_L24_C12_9989.bmp,Missing Primary Package,L24,train
fe0c9928c666fbaa21025f80e3b79896,/data/FMD_Data_26082026/fmd_temp_images/Updated ICube Categorical Classes 20260915/Missing Primary Package/20241114_124820_L24_C13_9945_0.9998.bmp,Missing Primary Package,L24,train
fe1e644c47926041f2ff2618032e2202,/data/FMD_Data_26082026/fmd_temp_images/ICube Defects Library/Missing Primary Package/20241102_170757_L24_C4_9561.bmp,Missing Primary Package,L24,train
fe345df102dd8858235a0028a08a80bf,/data/FMD_Data_26082026/fmd_temp_images/ICube Defects Library/Missing Primary Package/20241105_204620_L24_C14_9270.bmp,Missing Primary Package,L24,train
fe81a01157c82c1352faf8307b4d2c62,/data/FMD_Data_26082026/fmd_temp_images/Updated ICube Categorical Classes 20260915/Missing Primary Package/20260827_004018_L24_PalletGHS0827045710_Cavity4_B01BKKH_Fail5_Score(0.956564).bmp,Missing Primary Package,L24,train
feda190b71d8517a0561b44c9908ddcc,/data/FMD_Data_26082026/fmd_temp_images/ICube Defects Library/Missing Primary Package/20241109_143511_L24_C14_9709.bmp,Missing Primary Package,L24,train
ff254e58675f6f636a62a6c3589a40f9,/data/FMD_Data_26082026/fmd_temp_images/Updated ICube Categorical Classes 20260915/Missing Primary Package/20241213_060023_L24_C11_9795_0.9997.bmp,Missing Primary Package,L24,train
ff5036e773bac538a31db35cb277224a,/data/FMD_Data_26082026/fmd_temp_images/ICube Defects Library/Missing Primary Package/20241108_221132_L24_C1_9798.bmp,Missing Primary Package,L24,train
01a5743d4d5f9bc5717bbacafe3c15e4,/data/FMD_Data_26082026/fmd_temp_images/Updated ICube Categorical Classes 20260915/Multiple Lenses/20260811_180253_L24_PalletGHO0811221814_Cavity3_B01BFR9_Fail7_Score(0.9980349).bmp,Multiple Lenses,L24,test
01b1cfa1dbddef94bf5626b9989b902f,/data/FMD_Data_26082026/fmd_temp_images/ICube Defects Library/Multiple Lenses/20241108_174414_L24_C4_9999.bmp,Multiple Lenses,L24,test
04121ddd15e2a91504a05930f1931031,/data/FMD_Data_26082026/fmd_temp_images/Updated ICube Categorical Classes 20260915/Multiple Lenses/20260829_180631_L24_PalletGHJ0829222052_Cavity6_B01BLKH_Fail7_Score(0.9993566).bmp,Multiple Lenses,L24,test
0ab1be97a1334b466143b527ec7aef9c,/data/FMD_Data_26082026/fmd_temp_images/Updated ICube Categorical Classes 20260915/Multiple Lenses/20260828_184554_L24_PalletGHK0828230254_Cavity2_B01BLK4_Fail7_Score(0.9943923).bmp,Multiple Lenses,L24,test
1052f24a185aa7c3880480f857496d15,/data/FMD_Data_26082026/fmd_temp_images/Updated ICube Categorical Classes 20260915/Multiple Lenses/20260823_233939_L24_PalletGHK0824035605_Cavity1_B01BKJX_Fail7_Score(0.9999995).bmp,Multiple Lenses,L24,test
109969220b1be3be009483f7d8585b76,/data/FMD_Data_26082026/fmd_temp_images/Updated ICube Categorical Classes 20260915/Multiple Lenses/20260826_174635_L24_PalletGHI0826220147_Cavity4_B01BKKD_Fail7_Score(0.9979694).bmp,Multiple Lenses,L24,test
1277a91bc062e18a4d68b40f84c29ff2,/data/FMD_Data_26082026/fmd_temp_images/Updated ICube Categorical Classes 20260915/Multiple Lenses/20260826_031108_L24_PalletGHL0826072756_Cavity5_B01BKK9_Fail7_Score(0.9973959).bmp,Multiple Lenses,L24,test
128717d8e1820cb213516cc2396abbea,/data/FMD_Data_26082026/fmd_temp_images/Updated ICube Categorical Classes 20260915/Multiple Lenses/20241118_180941_L24_C10_9999_0.9997.bmp,Multiple Lenses,L24,test
12bdbd11ea56009b4cef7c25f610414a,/data/FMD_Data_26082026/fmd_temp_images/Updated ICube Categorical Classes 20260915/Multiple Lenses/20241113_004954_L24_C11_9990_0.9996.bmp,Multiple Lenses,L24,test
1566a091cf92b5eb75afd18e834e9a95,/data/FMD_Data_26082026/fmd_temp_images/Updated ICube Categorical Classes 20260915/Multiple Lenses/20241121_023109_L24_C9_9968_0.9999.bmp,Multiple Lenses,L24,test
1e7404cb34ae93ad63d6ad975fc2e213,/data/FMD_Data_26082026/fmd_temp_images/Updated ICube Categorical Classes 20260915/Multiple Lenses/20260729_200515_L24_PalletGHP0730002120_Cavity7_D009FWX_Pass1_Score(0.4187915).bmp,Multiple Lenses,L24,test
26dbb0c51fddf9c0856cb7dafaffaa46,/data/FMD_Data_26082026/fmd_temp_images/Updated ICube Categorical Classes 20260915/Multiple Lenses/20241115_220728_L24_C7_9999_0.9999.bmp,Multiple Lenses,L24,test
27bcd9199894f15e2afa0b01ee05f0be,/data/FMD_Data_26082026/fmd_temp_images/Updated ICube Categorical Classes 20260915/Multiple Lenses/20260821_175929_L24_PalletGHT0821221511_Cavity14_B01BHX0_Fail7_Score(0.9968128).bmp,Multiple Lenses,L24,test
2a452ec2b0d191d46a78c89115de65ae,/data/FMD_Data_26082026/fmd_temp_images/Updated ICube Categorical Classes 20260915/Multiple Lenses/20260817_060337_L24_PalletGHO0817101836_Cavity14_B01BHW1_Fail7_Score(0.9999998).bmp,Multiple Lenses,L24,test
2d69873889c660b62e61d6280d19fda4,/data/FMD_Data_26082026/fmd_temp_images/Updated ICube Categorical Classes 20260915/Multiple Lenses/20241122_060811_L24_C1_9739_0.9996.bmp,Multiple Lenses,L24,test
310cc6516439bb78d57fadd20f0088a3,/data/FMD_Data_26082026/fmd_temp_images/ICube Defects Library/Multiple Lenses/20260729_125453_L24_PalletGHR0729171106_Cavity8_D009FWC_Fail7_Score(0.9984345).bmp,Multiple Lenses,L24,test
3180cd7f8bb30526c10e90c588ad99cb,/data/FMD_Data_26082026/fmd_temp_images/Updated ICube Categorical Classes 20260915/Multiple Lenses/20260830_073630_L24_PalletGHK0830115331_Cavity1_B01BLKL_Fail4_Score(0.9459594).bmp,Multiple Lenses,L24,test
32d8adaa875790a1023ff6831e18ea12,/data/FMD_Data_26082026/fmd_temp_images/Updated ICube Categorical Classes 20260915/Multiple Lenses/20260821_175348_L24_PalletGHI0821220813_Cavity8_B01BHX0_Fail5_Score(0.9574435).bmp,Multiple Lenses,L24,test
338de493a72f50f0514c323a733ad44c,/data/FMD_Data_26082026/fmd_temp_images/Updated ICube Categorical Classes 20260915/Multiple Lenses/20260729_195713_L24_PalletGHF0730001320_Cavity2_D009FWX_Pass1_Score(0.7484828).bmp,Multiple Lenses,L24,test
3576df6f9217365461457c96387ac63b,/data/FMD_Data_26082026/fmd_temp_images/Updated ICube Categorical Classes 20260915/Multiple Lenses/20260823_235615_L24_PalletGHF0824041249_Cavity9_B01BKJX_Fail3_Score(0.9266825).bmp,Multiple Lenses,L24,test
39a50a56d2f6d54d0ca0a605c328df2a,/data/FMD_Data_26082026/fmd_temp_images/Updated ICube Categorical Classes 20260915/Multiple Lenses/20241119_182757_L24_C3_9994_0.9998.bmp,Multiple Lenses,L24,test
3b456a070c1df815c18343a847229421,/data/FMD_Data_26082026/fmd_temp_images/Updated ICube Categorical Classes 20260915/Multiple Lenses/20241118_054848_L24_C9_9586_1.0000.bmp,Multiple Lenses,L24,test
3d613087a9028b7834d5122c8a899b05,/data/FMD_Data_26082026/fmd_temp_images/ICube Defects Library/Multiple Lenses/20241102_055717_L24_C7_9566.bmp,Multiple Lenses,L24,test
455299df4e803f35a09f1a267bdf8515,/data/FMD_Data_26082026/fmd_temp_images/Updated ICube Categorical Classes 20260915/Multiple Lenses/20241214_221238_L24_C4_9585_0.9989.bmp,Multiple Lenses,L24,test
46f2033b4fb76b0acfe49b3eca1b5747,/data/FMD_Data_26082026/fmd_temp_images/Updated ICube Categorical Classes 20260915/Multiple Lenses/20260817_174845_L24_PalletGHT0817220345_Cavity14_B01BHW5_Fail3_Score(0.9189736).bmp,Multiple Lenses,L24,test
4979057e07fcbab1a5f0d2107aba121d,/data/FMD_Data_26082026/fmd_temp_images/ICube Defects Library/Multiple Lenses/20241102_144250_L24_C9_9988.bmp,Multiple Lenses,L24,test
49853eba1152e3d53141419ee9d2f5e4,/data/FMD_Data_26082026/fmd_temp_images/Updated ICube Categorical Classes 20260915/Multiple Lenses/20241216_114955_L24_C4_9475_0.9989.bmp,Multiple Lenses,L24,test
4a533f26e64549aa540ae6afe1d12b1d,/data/FMD_Data_26082026/fmd_temp_images/Updated ICube Categorical Classes 20260915/Multiple Lenses/20241215_062234_L24_C10_9966_0.9998.bmp,Multiple Lenses,L24,test
4d2d9035e1df270a50f12f3121741c1d,/data/FMD_Data_26082026/fmd_temp_images/Updated ICube Categorical Classes 20260915/Multiple Lenses/20241117_201341_L24_C5_9659_0.9999.bmp,Multiple Lenses,L24,test
4d4930d5e4a87b5a7bfb609841c4a6b5,/data/FMD_Data_26082026/fmd_temp_images/Updated ICube Categorical Classes 20260915/Multiple Lenses/20241207_121947_L24_C1_9958_0.9992.bmp,Multiple Lenses,L24,test
512327855516e17d85a651e96689157d,/data/FMD_Data_26082026/fmd_temp_images/Updated ICube Categorical Classes 20260915/Multiple Lenses/20241116_233809_L24_C9_9925_0.9600.bmp,Multiple Lenses,L24,test
53b957a46529c32257512221d5213394,/data/FMD_Data_26082026/fmd_temp_images/Updated ICube Categorical Classes 20260915/Multiple Lenses/20241209_152024_L24_C8_9810_0.9999.bmp,Multiple Lenses,L24,test
556f25223c2aad60f6fb71d94c7a2603,/data/FMD_Data_26082026/fmd_temp_images/Updated ICube Categorical Classes 20260915/Multiple Lenses/20241115_111554_L24_C9_9998_0.9998.bmp,Multiple Lenses,L24,test
557d25acb0c37adc6b8da05e2a8e20b1,/data/FMD_Data_26082026/fmd_temp_images/Updated ICube Categorical Classes 20260915/Multiple Lenses/20260820_020642_L24_PalletGHA0820062255_Cavity8_B01BHWL_Fail7_Score(0.999853).bmp,Multiple Lenses,L24,test
5950ca4cd3ed0e113b642ed070d9910e,/data/FMD_Data_26082026/fmd_temp_images/Updated ICube Categorical Classes 20260915/Multiple Lenses/20241116_044242_L24_C3_9881_0.9998.bmp,Multiple Lenses,L24,test
5d14afb24fafac9e488816fe215bd31c,/data/FMD_Data_26082026/fmd_temp_images/ICube Defects Library/Multiple Lenses/20241106_022228_L24_C13_9630.bmp,Multiple Lenses,L24,test
5dc7200a725d8a7d52e3aede75b18159,/data/FMD_Data_26082026/fmd_temp_images/Updated ICube Categorical Classes 20260915/Multiple Lenses/20260828_021442_L24_PalletGHP0828063131_Cavity13_B01BLXH_Fail2_Score(0.9009196).bmp,Multiple Lenses,L24,test
5f19d0b1ebe30c60755bc170feaf38d2,/data/FMD_Data_26082026/fmd_temp_images/Updated ICube Categorical Classes 20260915/Multiple Lenses/20260830_080950_L24_PalletGHA0830122700_Cavity4_B01BLKL_Fail7_Score(1).bmp,Multiple Lenses,L24,test
5f39bdafe3868521f5ec7230eb0ea7c8,/data/FMD_Data_26082026/fmd_temp_images/Updated ICube Categorical Classes 20260915/Multiple Lenses/20260815_142906_L24_PalletGHI0815184556_Cavity12_B01BFRW_Fail3_Score(0.9226761).bmp,Multiple Lenses,L24,test
622774073fa1e9f2c4fd411c4224775f,/data/FMD_Data_26082026/fmd_temp_images/ICube Defects Library/Multiple Lenses/20260807_180614_L24_PalletGHB0807222212_Cavity14_D009GG0_Fail7_Score(0.9919186).bmp,Multiple Lenses,L24,test
6272a2d9b5c1911b5892e8e18181681a,/data/FMD_Data_26082026/fmd_temp_images/Updated ICube Categorical Classes 20260915/Multiple Lenses/20241121_082919_L24_C14_9983_0.9994.bmp,Multiple Lenses,L24,test
6706df54030391b7023439cc7ac1012a,/data/FMD_Data_26082026/fmd_temp_images/Updated ICube Categorical Classes 20260915/Multiple Lenses/20260815_055506_L24_PalletGHO0815101046_Cavity4_B01BFRS_Fail7_Score(0.9938189).bmp,Multiple Lenses,L24,test
6bfc90c8b7e2dccaf3f874c7290a343b,/data/FMD_Data_26082026/fmd_temp_images/Updated ICube Categorical Classes 20260915/Multiple Lenses/20260811_212111_L24_PalletGHD0812013734_Cavity9_B01BFR9_Fail7_Score(0.9975126).bmp,Multiple Lenses,L24,test
6c29ef877c3bf080d32b39c7291c3d77,/data/FMD_Data_26082026/fmd_temp_images/Updated ICube Categorical Classes 20260915/Multiple Lenses/20241116_164928_L24_C9_9818_0.9994.bmp,Multiple Lenses,L24,test
705ece4d4d518696ad88644261c53194,/data/FMD_Data_26082026/fmd_temp_images/ICube Defects Library/Multiple Lenses/20241110_051321_L24_C7_9808.bmp,Multiple Lenses,L24,test
711d7e0e75ab3cc20549fbb2d0eaf70d,/data/FMD_Data_26082026/fmd_temp_images/ICube Defects Library/Multiple Lenses/20241110_112038_L24_C15_9493.bmp,Multiple Lenses,L24,test
71a7541fc5f9eecab775efbbb9e9109f,/data/FMD_Data_26082026/fmd_temp_images/Updated ICube Categorical Classes 20260915/Multiple Lenses/20260826_100249_L24_PalletGHR0826141937_Cavity9_B01BKKC_Fail7_Score(0.9986742).bmp,Multiple Lenses,L24,test
73112b3f59cae33e01b3775a293db3d1,/data/FMD_Data_26082026/fmd_temp_images/Updated ICube Categorical Classes 20260915/Multiple Lenses/20241212_175357_L24_C12_9818_0.9995.bmp,Multiple Lenses,L24,test
73b2483d331f5028b8e720e310212de4,/data/FMD_Data_26082026/fmd_temp_images/Updated ICube Categorical Classes 20260915/Multiple Lenses/20260818_171222_L24_PalletGHP0818212827_Cavity12_B01BHWF_Fail7_Score(0.9972471).bmp,Multiple Lenses,L24,test
746a9ad132480f6e7b36194e61844122,/data/FMD_Data_26082026/fmd_temp_images/Updated ICube Categorical Classes 20260915/Multiple Lenses/20241213_055748_L24_C9_9903_0.9989.bmp,Multiple Lenses,L24,test
7503b32ff091207a011ca1b3411aa199,/data/FMD_Data_26082026/fmd_temp_images/ICube Defects Library/Multiple Lenses/20260812_163734_L24_PalletGHS0812205344_Cavity14_B01BFRG_Fail7_Score(0.9995544).bmp,Multiple Lenses,L24,test
7b059caebbdb01fc8608de0c300317d2,/data/FMD_Data_26082026/fmd_temp_images/ICube Defects Library/Multiple Lenses/20241102_202502_L24_C3_9999.bmp,Multiple Lenses,L24,test
7c8d7180110bdced460e6b5f70d8353e,/data/FMD_Data_26082026/fmd_temp_images/Updated ICube Categorical Classes 20260915/Multiple Lenses/20241112_060017_L24_C9_9999_1.0000.bmp,Multiple Lenses,L24,test
7e633aa3be744088a8e8e199c14416e2,/data/FMD_Data_26082026/fmd_temp_images/ICube Defects Library/Multiple Lenses/20260731_134327_L24_PalletGHR0731175953_Cavity15_D009G0V_Fail7_Score(0.9999894).bmp,Multiple Lenses,L24,test
7fecda95c1af2e1bb6adbd910bc04445,/data/FMD_Data_26082026/fmd_temp_images/Updated ICube Categorical Classes 20260915/Multiple Lenses/20260830_142223_L24_PalletGHH0830183931_Cavity12_B01BLKM_Fail5_Score(0.9567459).bmp,Multiple Lenses,L24,test
81492f2ed0adb33e7bbd1e1df96fc9d3,/data/FMD_Data_26082026/fmd_temp_images/Updated ICube Categorical Classes 20260915/Multiple Lenses/20260831_010346_L24_PalletGHL0831052100_Cavity14_B01BLKR_Fail7_Score(0.9924802).bmp,Multiple Lenses,L24,test
88da2c41f520604f746a81ee9edb33d0,/data/FMD_Data_26082026/fmd_temp_images/Updated ICube Categorical Classes 20260915/Multiple Lenses/20241121_054210_L24_C9_9999_0.9992.bmp,Multiple Lenses,L24,test
8f974722f50cde05aba9a9ddbe6fe4aa,/data/FMD_Data_26082026/fmd_temp_images/Updated ICube Categorical Classes 20260915/Multiple Lenses/20260817_120535_L24_PalletGHE0817162234_Cavity15_B01BHW3_Fail7_Score(1).bmp,Multiple Lenses,L24,test
98db5a53b9777dff548549a946b5a040,/data/FMD_Data_26082026/fmd_temp_images/Updated ICube Categorical Classes 20260915/Multiple Lenses/20260820_175333_L24_PalletGHA0820220849_Cavity11_B01BHWS_Fail7_Score(0.9992656).bmp,Multiple Lenses,L24,test
9a07089af05ce2a1e2436068973a4f85,/data/FMD_Data_26082026/fmd_temp_images/Updated ICube Categorical Classes 20260915/Multiple Lenses/20260814_175901_L24_PalletGHK0814221357_Cavity2_B01BFRV_Fail7_Score(0.9950594).bmp,Multiple Lenses,L24,test
9ba0250396e2d341eda64874703bb2ca,/data/FMD_Data_26082026/fmd_temp_images/ICube Defects Library/Multiple Lenses/20241109_005117_L24_C15_9446.bmp,Multiple Lenses,L24,test
9ba9a189612ff8729c25fda4cbe9edae,/data/FMD_Data_26082026/fmd_temp_images/ICube Defects Library/Multiple Lenses/20241106_124828_L24_C5_9999.bmp,Multiple Lenses,L24,test
a029dea9fd9f2f48856d8c7b954a02ca,/data/FMD_Data_26082026/fmd_temp_images/ICube Defects Library/Multiple Lenses/20241215_234834_L24_C6_9969.bmp,Multiple Lenses,L24,test
a084109505bd340f8727b80cead03b40,/data/FMD_Data_26082026/fmd_temp_images/ICube Defects Library/Multiple Lenses/20260729_193542_L24_PalletGHD0729235131_Cavity1_D009FWW_Fail7_Score(0.9999177).bmp,Multiple Lenses,L24,test
a3e00542eb82b68624e59b5657e0c065,/data/FMD_Data_26082026/fmd_temp_images/Updated ICube Categorical Classes 20260915/Multiple Lenses/20241115_141751_L24_C7_9887_0.8275.bmp,Multiple Lenses,L24,test
ad193983a2993308c6bba570c3def95e,/data/FMD_Data_26082026/fmd_temp_images/Updated ICube Categorical Classes 20260915/Multiple Lenses/20241117_063509_L24_C6_9510_0.9987.bmp,Multiple Lenses,L24,test
b027c0154db4476d58d618e42f9e64e9,/data/FMD_Data_26082026/fmd_temp_images/ICube Defects Library/Multiple Lenses/20260810_202057_L24_PalletGHB0811003551_Cavity14_B01BF2L_Fail7_Score(0.9993724).bmp,Multiple Lenses,L24,test
b3a09ca293f15cd243a0218ddc0d0cb5,/data/FMD_Data_26082026/fmd_temp_images/Updated ICube Categorical Classes 20260915/Multiple Lenses/20241114_140251_L24_C1_9455_0.9989.bmp,Multiple Lenses,L24,test
b6873b9735db8a9df237ce2088e0bd6b,/data/FMD_Data_26082026/fmd_temp_images/ICube Defects Library/Multiple Lenses/20241104_194317_L24_C1_9325.bmp,Multiple Lenses,L24,test
b7766ba0aad419ebc13218bcb6bf74b3,/data/FMD_Data_26082026/fmd_temp_images/ICube Defects Library/Multiple Lenses/20241109_153802_L24_C3_9995.bmp,Multiple Lenses,L24,test
b843c92492c81ebdb359dafe28766949,/data/FMD_Data_26082026/fmd_temp_images/Updated ICube Categorical Classes 20260915/Multiple Lenses/20260828_141939_L24_PalletGHJ0828183522_Cavity8_B01BLK3_Fail7_Score(0.9999703).bmp,Multiple Lenses,L24,test
b8ec5a10a5dd1f26ebb719038b18b99e,/data/FMD_Data_26082026/fmd_temp_images/ICube Defects Library/Multiple Lenses/20241107_113145_L24_C13_9997.bmp,Multiple Lenses,L24,test
c0c00646b65a9dc073c8194596656e79,/data/FMD_Data_26082026/fmd_temp_images/ICube Defects Library/Multiple Lenses/20241111_174450_L24_C8_9997.bmp,Multiple Lenses,L24,test
c13b95d71c75b810cc386198ae0391d8,/data/FMD_Data_26082026/fmd_temp_images/Updated ICube Categorical Classes 20260915/Multiple Lenses/20260822_020629_L24_PalletGHU0822062254_Cavity8_B01BHX3_Fail7_Score(0.9990944).bmp,Multiple Lenses,L24,test
c20fb9bf5d766d024cd45e7453f9e6b7,/data/FMD_Data_26082026/fmd_temp_images/ICube Defects Library/Multiple Lenses/20241105_061844_L24_C8_9816.bmp,Multiple Lenses,L24,test
c490ac2c65ea00a68e24ddf6d464fb01,/data/FMD_Data_26082026/fmd_temp_images/Updated ICube Categorical Classes 20260915/Multiple Lenses/20241207_162424_L24_C3_9999_0.9999.bmp,Multiple Lenses,L24,test
c94923d6dadd61769089eabab25f0de3,/data/FMD_Data_26082026/fmd_temp_images/Updated ICube Categorical Classes 20260915/Multiple Lenses/20260825_121751_L24_PalletGHH0825163430_Cavity5_B01BKK6_Fail7_Score(0.9999722).bmp,Multiple Lenses,L24,test
cd3eb6a2f03335cf157034e86e871438,/data/FMD_Data_26082026/fmd_temp_images/ICube Defects Library/Multiple Lenses/20241110_174405_L24_C9_9857.bmp,Multiple Lenses,L24,test
d176e07f3d264f76a470bf5ca96864b2,/data/FMD_Data_26082026/fmd_temp_images/Updated ICube Categorical Classes 20260915/Multiple Lenses/20260830_074008_L24_PalletGHL0830115713_Cavity9_B01BLKL_Fail6_Score(0.9827031).bmp,Multiple Lenses,L24,test
d31db74628418d23efb462b5771b1929,/data/FMD_Data_26082026/fmd_temp_images/Updated ICube Categorical Classes 20260915/Multiple Lenses/20260823_075057_L24_PalletGHB0823120632_Cavity8_B01BKJR_Fail7_Score(0.9997778).bmp,Multiple Lenses,L24,test
d78a3bdff907a435b4956b6ebae8ddd8,/data/FMD_Data_26082026/fmd_temp_images/ICube Defects Library/Multiple Lenses/20241109_030436_L24_C12_9872.bmp,Multiple Lenses,L24,test
d9a090db9de526be53d0e6326ae65e01,/data/FMD_Data_26082026/fmd_temp_images/ICube Defects Library/Multiple Lenses/20241110_101439_L24_C5_9984.bmp,Multiple Lenses,L24,test
dbca1c76fc7cb4755b2390e4fedbd450,/data/FMD_Data_26082026/fmd_temp_images/ICube Defects Library/Multiple Lenses/20241109_065541_L24_C7_9973.bmp,Multiple Lenses,L24,test
deec0180769bf1cc117c3d50f72d7b71,/data/FMD_Data_26082026/fmd_temp_images/Updated ICube Categorical Classes 20260915/Multiple Lenses/20260830_224547_L24_PalletGHA0831030302_Cavity12_B01BLKR_Fail7_Score(0.9923944).bmp,Multiple Lenses,L24,test
e35dc668808b483a040144e87e59e587,/data/FMD_Data_26082026/fmd_temp_images/Updated ICube Categorical Classes 20260915/Multiple Lenses/20260822_174705_L24_PalletGHE0822220225_Cavity14_B01BKJP_Fail7_Score(0.9999999).bmp,Multiple Lenses,L24,test
e3629b34a0df71b28056f4ca6b541f7b,/data/FMD_Data_26082026/fmd_temp_images/Updated ICube Categorical Classes 20260915/Multiple Lenses/20260820_033721_L24_PalletGHN0820075334_Cavity5_B01BHWL_Fail7_Score(0.9898352).bmp,Multiple Lenses,L24,test
e47329d751a3ed8cd58079c660ee6159,/data/FMD_Data_26082026/fmd_temp_images/ICube Defects Library/Multiple Lenses/20241110_000614_L24_C14_9884.bmp,Multiple Lenses,L24,test
e515888e02bd7395e3bc0a08316affa4,/data/FMD_Data_26082026/fmd_temp_images/Updated ICube Categorical Classes 20260915/Multiple Lenses/20241114_135649_L24_C14_9992_0.9970.bmp,Multiple Lenses,L24,test
e73f4ac3f907bb3279454f20eb42b614,/data/FMD_Data_26082026/fmd_temp_images/Updated ICube Categorical Classes 20260915/Multiple Lenses/20260803_141051_L24_PalletGHI0803182630_Cavity5_D009G6Q_Pass1_Score(0.01687932).bmp,Multiple Lenses,L24,test
e9e741d96feaafab4f75648b28bd1596,/data/FMD_Data_26082026/fmd_temp_images/Updated ICube Categorical Classes 20260915/Multiple Lenses/20260814_112352_L24_PalletGHF0814154033_Cavity7_B01BFRT_Fail5_Score(0.9539981).bmp,Multiple Lenses,L24,test
ed9bce417dc3413fa244da54c4b44bbc,/data/FMD_Data_26082026/fmd_temp_images/Updated ICube Categorical Classes 20260915/Multiple Lenses/20241118_041657_L24_C9_9951_0.9995.bmp,Multiple Lenses,L24,test
f448808ab95dedd98925921e802fc473,/data/FMD_Data_26082026/fmd_temp_images/Updated ICube Categorical Classes 20260915/Multiple Lenses/20260815_060210_L24_PalletGHG0815101852_Cavity9_B01BFRS_Fail4_Score(0.9401494).bmp,Multiple Lenses,L24,test
f5a7075e355c8314bb6006cbf0ff2231,/data/FMD_Data_26082026/fmd_temp_images/ICube Defects Library/Multiple Lenses/20241110_211537_L24_C10_9986.bmp,Multiple Lenses,L24,test
f6f05df4f91453764ce338dda993d364,/data/FMD_Data_26082026/fmd_temp_images/Updated ICube Categorical Classes 20260915/Multiple Lenses/20241114_160707_L24_C1_9765_0.9800.bmp,Multiple Lenses,L24,test
f9359fc161f20fa0d6565529e0adf97c,/data/FMD_Data_26082026/fmd_temp_images/ICube Defects Library/Multiple Lenses/20241105_173951_L24_C10_9470.bmp,Multiple Lenses,L24,test
f9bea22951b713eddb2f6433501a50a0,/data/FMD_Data_26082026/fmd_temp_images/Updated ICube Categorical Classes 20260915/Multiple Lenses/20241116_210923_L24_C3_9995_0.7282.bmp,Multiple Lenses,L24,test
fb50a78af7ff3f50e5763ba5938905bb,/data/FMD_Data_26082026/fmd_temp_images/Updated ICube Categorical Classes 20260915/Multiple Lenses/20260820_193702_L24_PalletGHU0820235318_Cavity6_B01BHWT_Fail7_Score(0.9958628).bmp,Multiple Lenses,L24,test
fb95cc35a2dcc28e3a2b2b1c901431da,/data/FMD_Data_26082026/fmd_temp_images/Updated ICube Categorical Classes 20260915/Multiple Lenses/20241119_072455_L24_C8_9993_0.9903.bmp,Multiple Lenses,L24,test
fbb0cb4fdbff03d0fad552fdb6de6c08,/data/FMD_Data_26082026/fmd_temp_images/ICube Defects Library/Multiple Lenses/20241102_055717_L24_C9_9986.bmp,Multiple Lenses,L24,test
fd18b8afe7ef65392f528c1214df2f05,/data/FMD_Data_26082026/fmd_temp_images/Updated ICube Categorical Classes 20260915/Multiple Lenses/20260813_135113_L24_PalletGHI0813180656_Cavity8_B01BJ3V_Fail7_Score(0.9999679).bmp,Multiple Lenses,L24,test
ff33ce0e0976aaf0a0ff04ad750bc34e,/data/FMD_Data_26082026/fmd_temp_images/Updated ICube Categorical Classes 20260915/Multiple Lenses/20260816_181210_L24_PalletGHM0816222740_Cavity10_B01BHVZ_Fail7_Score(0.994328).bmp,Multiple Lenses,L24,test
00d977916fb406821bae6b835afbfa85,/data/FMD_Data_26082026/fmd_temp_images/ICube Defects Library/Multiple Lenses/20241104_231315_L24_C15_9264.bmp,Multiple Lenses,L24,train
03fb92f9b6d21ad4fef7b261f401011d,/data/FMD_Data_26082026/fmd_temp_images/ICube Defects Library/Multiple Lenses/20241108_121035_L24_C9_9118.bmp,Multiple Lenses,L24,train
04b14b6e8db70eec47ebc14b34230c47,/data/FMD_Data_26082026/fmd_temp_images/Updated ICube Categorical Classes 20260915/Multiple Lenses/20241115_214926_L24_C4_9879_0.9990.bmp,Multiple Lenses,L24,train
080a1cc9e9f9a422ce5dfe91bdc34e7e,/data/FMD_Data_26082026/fmd_temp_images/ICube Defects Library/Multiple Lenses/20241108_163600_L24_C7_9082.bmp,Multiple Lenses,L24,train
0ad6a1769623299d81b4a38b3970024e,/data/FMD_Data_26082026/fmd_temp_images/Updated ICube Categorical Classes 20260915/Multiple Lenses/20241208_043036_L24_C14_9992_0.9998.bmp,Multiple Lenses,L24,train
0c679a662809fc1303ca9ed1fd9f2dd8,/data/FMD_Data_26082026/fmd_temp_images/Updated ICube Categorical Classes 20260915/Multiple Lenses/20260830_175323_L24_PalletGHB0830220718_Cavity6_B01BLKN_Fail7_Score(0.9997151).bmp,Multiple Lenses,L24,train
0c792129d67651e4b9ee3a6e51332b2b,/data/FMD_Data_26082026/fmd_temp_images/ICube Defects Library/Multiple Lenses/20241109_122152_L24_C4_9996.bmp,Multiple Lenses,L24,train
0d684868f5045f9e89238ecea4e979f3,/data/FMD_Data_26082026/fmd_temp_images/ICube Defects Library/Multiple Lenses/20241104_181042_L24_C11_9864.bmp,Multiple Lenses,L24,train
0dc3701e5d57272711bf97f2a2afe63b,/data/FMD_Data_26082026/fmd_temp_images/Updated ICube Categorical Classes 20260915/Multiple Lenses/20241119_145751_L24_C11_9999_1.0000.bmp,Multiple Lenses,L24,train
0e7667bb4a3db6850fea190b1420b207,/data/FMD_Data_26082026/fmd_temp_images/Updated ICube Categorical Classes 20260915/Multiple Lenses/20241116_142552_L24_C8_9762_0.7476.bmp,Multiple Lenses,L24,train
0ec12aeb68981ca6a353a043ad6c9885,/data/FMD_Data_26082026/fmd_temp_images/ICube Defects Library/Multiple Lenses/20241102_235447_L24_C4_9928.bmp,Multiple Lenses,L24,train
0f1975429184658fe3806cd939dce3ed,/data/FMD_Data_26082026/fmd_temp_images/Updated ICube Categorical Classes 20260915/Multiple Lenses/20241115_082243_L24_C8_9893_0.9994.bmp,Multiple Lenses,L24,train
0f8a80d33bf513fbe6371a6a433e0b0a,/data/FMD_Data_26082026/fmd_temp_images/Updated ICube Categorical Classes 20260915/Multiple Lenses/20241211_180126_L24_C12_9955_0.9995.bmp,Multiple Lenses,L24,train
0fce150b71702e26ccd1fc75c180d7ed,/data/FMD_Data_26082026/fmd_temp_images/Updated ICube Categorical Classes 20260915/Multiple Lenses/20260825_185659_L24_PalletGHL0825231250_Cavity14_B01BKK8_Fail4_Score(0.9489391).bmp,Multiple Lenses,L24,train
109d7fcb030afd3ff9fe73bea3ef5f8b,/data/FMD_Data_26082026/fmd_temp_images/ICube Defects Library/Multiple Lenses/20260729_101928_L24_PalletGHL0729143543_Cavity9_D009FW4_Fail7_Score(0.9968541).bmp,Multiple Lenses,L24,train
10aad0f07a6c5003243abaaaca7d4828,/data/FMD_Data_26082026/fmd_temp_images/Updated ICube Categorical Classes 20260915/Multiple Lenses/20260821_072630_L24_PalletGHM0821114204_Cavity14_B01BHWX_Fail7_Score(0.9984345).bmp,Multiple Lenses,L24,train
110556e09ff99ac2bfc9bfae0af14831,/data/FMD_Data_26082026/fmd_temp_images/Updated ICube Categorical Classes 20260915/Multiple Lenses/20241114_002033_L24_C3_9219_0.9999.bmp,Multiple Lenses,L24,train
12169cbd524a1f69a5527fa6b878050e,/data/FMD_Data_26082026/fmd_temp_images/Updated ICube Categorical Classes 20260915/Multiple Lenses/20241206_175012_L24_C12_9999_0.9997.bmp,Multiple Lenses,L24,train
12e08fbb588902f6238bd8dcc8223766,/data/FMD_Data_26082026/fmd_temp_images/Updated ICube Categorical Classes 20260915/Multiple Lenses/20241118_124728_L24_C12_9990_0.9993.bmp,Multiple Lenses,L24,train
1346bcac05da0b10f098346b9ba3d447,/data/FMD_Data_26082026/fmd_temp_images/Updated ICube Categorical Classes 20260915/Multiple Lenses/20241115_170544_L24_C11_9665_0.9972.bmp,Multiple Lenses,L24,train
13a00299de4debed9dc139770cf78e77,/data/FMD_Data_26082026/fmd_temp_images/Updated ICube Categorical Classes 20260915/Multiple Lenses/20260812_182755_L24_PalletGHB0812224251_Cavity14_B01BFRG_Fail7_Score(0.9999526).bmp,Multiple Lenses,L24,train
158fbaa95264bf64300d03a47d61823f,/data/FMD_Data_26082026/fmd_temp_images/ICube Defects Library/Multiple Lenses/20241106_100753_L24_C5_9997.bmp,Multiple Lenses,L24,train
1ada9210fa6bd0eae3bf28d03ba0918a,/data/FMD_Data_26082026/fmd_temp_images/Updated ICube Categorical Classes 20260915/Multiple Lenses/20241114_192302_L24_C8_9997_0.9997.bmp,Multiple Lenses,L24,train
1baebbd848cac99921f3ee87fecd98e1,/data/FMD_Data_26082026/fmd_temp_images/Updated ICube Categorical Classes 20260915/Multiple Lenses/20241210_205149_L24_C3_9985_0.9987.bmp,Multiple Lenses,L24,train
1e1709aa9c089fe78f9617a8282be48e,/data/FMD_Data_26082026/fmd_temp_images/Updated ICube Categorical Classes 20260915/Multiple Lenses/20241116_205608_L24_C12_9960_0.9999.bmp,Multiple Lenses,L24,train
1eaaf1bca643de2568e12f851aa194d4,/data/FMD_Data_26082026/fmd_temp_images/Updated ICube Categorical Classes 20260915/Multiple Lenses/20241117_164814_L24_C13_9994_0.9999.bmp,Multiple Lenses,L24,train
1ef2587f71d4938e127d1d419e7d1363,/data/FMD_Data_26082026/fmd_temp_images/Updated ICube Categorical Classes 20260915/Multiple Lenses/20241210_192644_L24_C13_9955_0.9306.bmp,Multiple Lenses,L24,train
1f6aa40a9f9c56c0db8985da52fce9a0,/data/FMD_Data_26082026/fmd_temp_images/ICube Defects Library/Multiple Lenses/20241109_012518_L24_C10_9999.bmp,Multiple Lenses,L24,train
20134d37dc165f538683d49989beeb47,/data/FMD_Data_26082026/fmd_temp_images/Updated ICube Categorical Classes 20260915/Multiple Lenses/20260823_223255_L24_PalletGHG0824024929_Cavity3_B01BKJX_Fail7_Score(0.9998077).bmp,Multiple Lenses,L24,train
207ddcb79bf107ff60f7b432586ac2b0,/data/FMD_Data_26082026/fmd_temp_images/Updated ICube Categorical Classes 20260915/Multiple Lenses/20241212_092914_L24_C11_9999_0.9942.bmp,Multiple Lenses,L24,train
20b72abc50a39e22732c2118083f9a28,/data/FMD_Data_26082026/fmd_temp_images/Updated ICube Categorical Classes 20260915/Multiple Lenses/20241119_162044_L24_C8_9999_0.9993.bmp,Multiple Lenses,L24,train
24beed4f351798e579586b43b037f0b2,/data/FMD_Data_26082026/fmd_temp_images/Updated ICube Categorical Classes 20260915/Multiple Lenses/20241113_004104_L24_C7_9999_0.9998.bmp,Multiple Lenses,L24,train
26ca0ef48d563ab9cfd065d26f901875,/data/FMD_Data_26082026/fmd_temp_images/Updated ICube Categorical Classes 20260915/Multiple Lenses/20260804_104910_L24_PalletGHC0804150455_Cavity9_D009G8H_Fail6_Score(0.9783799).bmp,Multiple Lenses,L24,train
28a41396656e62156ba87f650251a755,/data/FMD_Data_26082026/fmd_temp_images/Updated ICube Categorical Classes 20260915/Multiple Lenses/20260815_011539_L24_PalletGHM0815053222_Cavity15_B01BFRR_Fail7_Score(0.9930008).bmp,Multiple Lenses,L24,train
2ab603765e6382b0de8fd5c235765810,/data/FMD_Data_26082026/fmd_temp_images/Updated ICube Categorical Classes 20260915/Multiple Lenses/20241118_065204_L24_C10_9730_0.8552.bmp,Multiple Lenses,L24,train
2b7b4e5cae34433c0bbd17f6dc344273,/data/FMD_Data_26082026/fmd_temp_images/Updated ICube Categorical Classes 20260915/Multiple Lenses/20260826_040302_L24_PalletGHJ0826081945_Cavity11_B01BKKB_Fail7_Score(0.9961273).bmp,Multiple Lenses,L24,train
2ce615d1fc4f0268778c900fc41adef5,/data/FMD_Data_26082026/fmd_temp_images/Updated ICube Categorical Classes 20260915/Multiple Lenses/20260818_193730_L24_PalletGHC0818235335_Cavity14_B01BHWF_Fail7_Score(0.9888379).bmp,Multiple Lenses,L24,train
2e6d32ee0125dad669c679ebac01cec9,/data/FMD_Data_26082026/fmd_temp_images/Updated ICube Categorical Classes 20260915/Multiple Lenses/20260824_175342_L24_PalletGHE0824220740_Cavity4_B01BKK3_Fail7_Score(0.9957504).bmp,Multiple Lenses,L24,train
2f73876b378d6dea710b383c257a394d,/data/FMD_Data_26082026/fmd_temp_images/ICube Defects Library/Multiple Lenses/20241109_174020_L24_C5_9756.bmp,Multiple Lenses,L24,train
32512c4a60f6705f54b94bf6a41f09c6,/data/FMD_Data_26082026/fmd_temp_images/Updated ICube Categorical Classes 20260915/Multiple Lenses/20260830_175323_L24_PalletGHB0830220718_Cavity4_B01BLKN_Fail7_Score(0.9921052).bmp,Multiple Lenses,L24,train
330025032367d41fac04273ecbac0553,/data/FMD_Data_26082026/fmd_temp_images/Updated ICube Categorical Classes 20260915/Multiple Lenses/20260820_220043_L24_PalletGHF0821021658_Cavity9_B01BHWV_Fail7_Score(0.9938503).bmp,Multiple Lenses,L24,train
33875ca8ad80d1b49d6c83fee1c8750c,/data/FMD_Data_26082026/fmd_temp_images/Updated ICube Categorical Classes 20260915/Multiple Lenses/20241121_024844_L24_C11_9999_0.9956.bmp,Multiple Lenses,L24,train
33c84742f36c197819b9c841c014ce63,/data/FMD_Data_26082026/fmd_temp_images/Updated ICube Categorical Classes 20260915/Multiple Lenses/20241111_220747_L24_C4_9999_0.9996.bmp,Multiple Lenses,L24,train
357381e40a6bcf0c017f54fbb907bdea,/data/FMD_Data_26082026/fmd_temp_images/ICube Defects Library/Multiple Lenses/20260807_072806_L24_PalletGHL0807114407_Cavity1_D009GF6_Fail7_Score(0.9998711).bmp,Multiple Lenses,L24,train
3650733c2de43ef63b941121f5866479,/data/FMD_Data_26082026/fmd_temp_images/Updated ICube Categorical Classes 20260915/Multiple Lenses/20241214_145432_L24_C14_9241_0.9999.bmp,Multiple Lenses,L24,train
372bc8af0f9cfdc509b895c5c359f830,/data/FMD_Data_26082026/fmd_temp_images/ICube Defects Library/Multiple Lenses/20241102_180938_L24_C1_9660.bmp,Multiple Lenses,L24,train
3b1961c038c17f261ae7ea26771c4e90,/data/FMD_Data_26082026/fmd_temp_images/ICube Defects Library/Multiple Lenses/20241108_083405_L24_C5_9866.bmp,Multiple Lenses,L24,train
3b911da7f024182cfeff3e0b9d73faca,/data/FMD_Data_26082026/fmd_temp_images/Updated ICube Categorical Classes 20260915/Multiple Lenses/20241117_110711_L24_C14_9998_0.9992.bmp,Multiple Lenses,L24,train
3ef272b354da8e0c138550bdcd9dae1b,/data/FMD_Data_26082026/fmd_temp_images/Updated ICube Categorical Classes 20260915/Multiple Lenses/20260813_202611_L24_PalletGHE0814003822_Cavity4_B01BJ3V_Fail6_Score(0.9797692).bmp,Multiple Lenses,L24,train
3ef47d37449c7c60f8f39009caaa1a8e,/data/FMD_Data_26082026/fmd_temp_images/Updated ICube Categorical Classes 20260915/Multiple Lenses/20241116_235457_L24_C2_9905_0.5174.bmp,Multiple Lenses,L24,train
4202d4b23b468d0c32d966998e248ea1,/data/FMD_Data_26082026/fmd_temp_images/ICube Defects Library/Multiple Lenses/20241108_174423_L24_C12_9996.bmp,Multiple Lenses,L24,train
438569e318810af029e08a45b86088c3,/data/FMD_Data_26082026/fmd_temp_images/Updated ICube Categorical Classes 20260915/Multiple Lenses/20260822_095450_L24_PalletGHR0822141117_Cavity8_B01BKJM_Fail7_Score(0.9937759).bmp,Multiple Lenses,L24,train
44358e14075f85583f89b2605a06dd35,/data/FMD_Data_26082026/fmd_temp_images/Updated ICube Categorical Classes 20260915/Multiple Lenses/20241209_064724_L24_C4_9650_0.9989.bmp,Multiple Lenses,L24,train
44da9213cc6acedb2335187e9cd606c5,/data/FMD_Data_26082026/fmd_temp_images/Updated ICube Categorical Classes 20260915/Multiple Lenses/20241116_092437_L24_C7_9721_0.9999.bmp,Multiple Lenses,L24,train
460b0fe3da21a57b1115ba9171ee6248,/data/FMD_Data_26082026/fmd_temp_images/Updated ICube Categorical Classes 20260915/Multiple Lenses/20260830_232505_L24_PalletGHF0831034219_Cavity12_B01BLKR_Fail4_Score(0.9468319).bmp,Multiple Lenses,L24,train
466c4c1b41714981d2dcf090390bfcba,/data/FMD_Data_26082026/fmd_temp_images/Updated ICube Categorical Classes 20260915/Multiple Lenses/20241118_120602_L24_C7_9995_0.9996.bmp,Multiple Lenses,L24,train
49756617a603d663674f858cf5acf800,/data/FMD_Data_26082026/fmd_temp_images/Updated ICube Categorical Classes 20260915/Multiple Lenses/20260816_181618_L24_PalletGHQ0816223307_Cavity13_B01BHVZ_Fail7_Score(0.9949437).bmp,Multiple Lenses,L24,train
4a9dc457f382d50a2d08554a6756dd6d,/data/FMD_Data_26082026/fmd_temp_images/Updated ICube Categorical Classes 20260915/Multiple Lenses/20260828_072108_L24_PalletGHM0828113802_Cavity14_B01BLK9_Fail3_Score(0.9314268).bmp,Multiple Lenses,L24,train
4b926bef3ecb5bd55d79cefea57d5181,/data/FMD_Data_26082026/fmd_temp_images/Updated ICube Categorical Classes 20260915/Multiple Lenses/20260818_171217_L24_PalletGHN0818212823_Cavity3_B01BHWF_Fail7_Score(0.9982212).bmp,Multiple Lenses,L24,train
4cee68f52365145069a503a30b7103e1,/data/FMD_Data_26082026/fmd_temp_images/Updated ICube Categorical Classes 20260915/Multiple Lenses/20260815_055506_L24_PalletGHO0815101046_Cavity12_B01BFRS_Fail7_Score(0.986197).bmp,Multiple Lenses,L24,train
4d20cb62b94ebe72e0d08c77a0f743ee,/data/FMD_Data_26082026/fmd_temp_images/Updated ICube Categorical Classes 20260915/Multiple Lenses/20241115_085538_L24_C11_9924_0.9995.bmp,Multiple Lenses,L24,train
4df6b86fce3a178984841eea59de9d48,/data/FMD_Data_26082026/fmd_temp_images/Updated ICube Categorical Classes 20260915/Multiple Lenses/20260820_175333_L24_PalletGHA0820220849_Cavity6_B01BHWS_Fail7_Score(0.9998105).bmp,Multiple Lenses,L24,train
4ec8e2c06b4fe26a36a81faadb4c2691,/data/FMD_Data_26082026/fmd_temp_images/Updated ICube Categorical Classes 20260915/Multiple Lenses/20241116_064352_L24_C8_9860_0.9031.bmp,Multiple Lenses,L24,train
4faef8c5fdf192f62918af231d6c0e23,/data/FMD_Data_26082026/fmd_temp_images/ICube Defects Library/Multiple Lenses/20241111_000654_L24_C14_1.bmp,Multiple Lenses,L24,train
4ff00cc66d83441059bd1bd5fb48dfc7,/data/FMD_Data_26082026/fmd_temp_images/Updated ICube Categorical Classes 20260915/Multiple Lenses/20241112_212722_L24_C2_9999_0.9982.bmp,Multiple Lenses,L24,train
51de940069d061103314902eea17a8ee,/data/FMD_Data_26082026/fmd_temp_images/Updated ICube Categorical Classes 20260915/Multiple Lenses/20241116_165235_L24_C5_9963_0.9999.bmp,Multiple Lenses,L24,train
523c69c2972262926cb6d4c4d368a5fd,/data/FMD_Data_26082026/fmd_temp_images/ICube Defects Library/Multiple Lenses/20241105_001320_L24_C13_9203.bmp,Multiple Lenses,L24,train
54863f22de241b59a96a844d12513146,/data/FMD_Data_26082026/fmd_temp_images/Updated ICube Categorical Classes 20260915/Multiple Lenses/20260827_074217_L24_PalletGHG0827115911_Cavity14_B01BKKN_Fail5_Score(0.9547178).bmp,Multiple Lenses,L24,train
54eb9f9b6eeb6216a0718eb1adf49d3f,/data/FMD_Data_26082026/fmd_temp_images/ICube Defects Library/Multiple Lenses/20241104_203208_L24_C11_9165.bmp,Multiple Lenses,L24,train
55262ee48215f71cef4c596d26cd7fad,/data/FMD_Data_26082026/fmd_temp_images/Updated ICube Categorical Classes 20260915/Multiple Lenses/20260820_101353_L24_PalletGHM0820143008_Cavity14_B01BHWN_Fail7_Score(0.9903525).bmp,Multiple Lenses,L24,train
56048c3d63bd8e1cf810862a200fda2f,/data/FMD_Data_26082026/fmd_temp_images/Updated ICube Categorical Classes 20260915/Multiple Lenses/20260909_090142_L24_PalletGHG0909131847_Cavity11_B01BN0C_Fail7_Score(0.999991).bmp,Multiple Lenses,L24,train
5715de3620ef810e6b566ab3e3f24c1f,/data/FMD_Data_26082026/fmd_temp_images/Updated ICube Categorical Classes 20260915/Multiple Lenses/20241116_155612_L24_C11_9936_0.9997.bmp,Multiple Lenses,L24,train
57cae8f5e418e2f7ac4b9e8a7a575c34,/data/FMD_Data_26082026/fmd_temp_images/Updated ICube Categorical Classes 20260915/Multiple Lenses/20260822_174705_L24_PalletGHE0822220225_Cavity2_B01BKJP_Fail7_Score(0.9995015).bmp,Multiple Lenses,L24,train
57e7da36b574bad525e3f046d251ebaa,/data/FMD_Data_26082026/fmd_temp_images/Updated ICube Categorical Classes 20260915/Multiple Lenses/20260820_225520_L24_PalletGHO0821031137_Cavity6_B01BHWV_Fail5_Score(0.9619358).bmp,Multiple Lenses,L24,train
5905a3c9de9604957f53ae9784e8c1b3,/data/FMD_Data_26082026/fmd_temp_images/Updated ICube Categorical Classes 20260915/Multiple Lenses/20260817_174845_L24_PalletGHT0817220345_Cavity2_B01BHW5_Fail5_Score(0.9574707).bmp,Multiple Lenses,L24,train
5a1ab2c67e1a5c7c411ecb8f2eb04de0,/data/FMD_Data_26082026/fmd_temp_images/Updated ICube Categorical Classes 20260915/Multiple Lenses/20241209_080110_L24_C7_1_0.9998.bmp,Multiple Lenses,L24,train
5a3996cdb5b5a1c3014accf330e9545b,/data/FMD_Data_26082026/fmd_temp_images/Updated ICube Categorical Classes 20260915/Multiple Lenses/20241113_043415_L24_C11_9999_0.9999.bmp,Multiple Lenses,L24,train
5b963ed0ac5863a3a22e2decbd4fd6fc,/data/FMD_Data_26082026/fmd_temp_images/Updated ICube Categorical Classes 20260915/Multiple Lenses/20260823_052926_L24_PalletGHD0823094552_Cavity13_B01BKW6_Fail5_Score(0.9654356).bmp,Multiple Lenses,L24,train
5c29a5bfaf7dc54920f60225c1bb598c,/data/FMD_Data_26082026/fmd_temp_images/Updated ICube Categorical Classes 20260915/Multiple Lenses/20241117_095438_L24_C7_9995_0.9989.bmp,Multiple Lenses,L24,train
5deb61d4827c1b64f55fb5e6ff81e927,/data/FMD_Data_26082026/fmd_temp_images/Updated ICube Categorical Classes 20260915/Multiple Lenses/20260814_034009_L24_PalletGHH0814075648_Cavity6_B01BJPP_Fail7_Score(0.9910316).bmp,Multiple Lenses,L24,train
5e8ceda8f7c879f2ad5d5993ac9ed7c9,/data/FMD_Data_26082026/fmd_temp_images/Updated ICube Categorical Classes 20260915/Multiple Lenses/20241119_070751_L24_C3_1_0.9999.bmp,Multiple Lenses,L24,train
5f6a0ce3f76d69ab108c82a278ed70aa,/data/FMD_Data_26082026/fmd_temp_images/Updated ICube Categorical Classes 20260915/Multiple Lenses/20260816_181210_L24_PalletGHM0816222740_Cavity5_B01BHVZ_Fail7_Score(0.9989397).bmp,Multiple Lenses,L24,train
6221d576a194e6f07d416c88101178fa,/data/FMD_Data_26082026/fmd_temp_images/Updated ICube Categorical Classes 20260915/Multiple Lenses/20241212_050011_L24_C2_9999_0.9997.bmp,Multiple Lenses,L24,train
62384a06a9d01a8710336940ed6b4c11,/data/FMD_Data_26082026/fmd_temp_images/Updated ICube Categorical Classes 20260915/Multiple Lenses/20260820_131641_L24_PalletGHE0820173256_Cavity5_B01BHWR_Fail6_Score(0.9804326).bmp,Multiple Lenses,L24,train
64272f60bc7e92eefb8d612948126e78,/data/FMD_Data_26082026/fmd_temp_images/Updated ICube Categorical Classes 20260915/Multiple Lenses/20260821_072630_L24_PalletGHM0821114204_Cavity12_B01BHWX_Fail7_Score(0.9984636).bmp,Multiple Lenses,L24,train
64e03cc1a7761c3034c6d4fe0482a360,/data/FMD_Data_26082026/fmd_temp_images/ICube Defects Library/Multiple Lenses/20241109_111340_L24_C15_9865.bmp,Multiple Lenses,L24,train
64fd8901b1c64515c06e6bc01c60236c,/data/FMD_Data_26082026/fmd_temp_images/ICube Defects Library/Multiple Lenses/20241103_021824_L24_C15_9169.bmp,Multiple Lenses,L24,train
658c864277df15c2ee0bb022b85c258b,/data/FMD_Data_26082026/fmd_temp_images/Updated ICube Categorical Classes 20260915/Multiple Lenses/20260822_174824_L24_PalletGHM0822220359_Cavity5_B01BKJP_Fail7_Score(0.999909).bmp,Multiple Lenses,L24,train
65f83fb4fbef16a9c49d29d080e00291,/data/FMD_Data_26082026/fmd_temp_images/ICube Defects Library/Multiple Lenses/20241109_174020_L24_C7_9954.bmp,Multiple Lenses,L24,train
65f8bad81aec91e24fad9fa46b88dfc7,/data/FMD_Data_26082026/fmd_temp_images/ICube Defects Library/Multiple Lenses/20241105_213510_L24_C7_9976.bmp,Multiple Lenses,L24,train
67e275e101f5bc6955de2a183074a9da,/data/FMD_Data_26082026/fmd_temp_images/Updated ICube Categorical Classes 20260915/Multiple Lenses/20241118_215744_L24_C15_9999_0.9986.bmp,Multiple Lenses,L24,train
6830d866fe9bbd191a8a14c9c6e18c5d,/data/FMD_Data_26082026/fmd_temp_images/ICube Defects Library/Multiple Lenses/20241108_044403_L24_C5_9445.bmp,Multiple Lenses,L24,train
698a5a7823e638758f4d7fe8bd3c584e,/data/FMD_Data_26082026/fmd_temp_images/Updated ICube Categorical Classes 20260915/Multiple Lenses/20241209_055124_L24_C14_9509_0.9994.bmp,Multiple Lenses,L24,train
6993e700d8dbb875c08bdabe78b3df53,/data/FMD_Data_26082026/fmd_temp_images/Updated ICube Categorical Classes 20260915/Multiple Lenses/20241120_191756_L24_C5_9999_0.9999.bmp,Multiple Lenses,L24,train
6bb70e8148b7cc5136ecc970f76b3140,/data/FMD_Data_26082026/fmd_temp_images/ICube Defects Library/Multiple Lenses/20241109_065135_L24_C12_9998.bmp,Multiple Lenses,L24,train
6be5215bc0f749ffad0e546b48633264,/data/FMD_Data_26082026/fmd_temp_images/Updated ICube Categorical Classes 20260915/Multiple Lenses/20260827_174919_L24_PalletGHU0827220506_Cavity12_B01BKKM_Fail7_Score(0.995384).bmp,Multiple Lenses,L24,train
6c6579d9fcca4e356458649b1bbc20e1,/data/FMD_Data_26082026/fmd_temp_images/ICube Defects Library/Multiple Lenses/20241105_005640_L24_C2_9780.bmp,Multiple Lenses,L24,train
6d59db272fbcfb92c644046d268d04f6,/data/FMD_Data_26082026/fmd_temp_images/Updated ICube Categorical Classes 20260915/Multiple Lenses/20241118_142041_L24_C10_9961_0.9994.bmp,Multiple Lenses,L24,train
6dc3f6ae722b07581c796305357130bf,/data/FMD_Data_26082026/fmd_temp_images/Updated ICube Categorical Classes 20260915/Multiple Lenses/20241120_220031_L24_C1_9219_0.8353.bmp,Multiple Lenses,L24,train
6ef6fe3becf1d5f57296eb2708f37ff6,/data/FMD_Data_26082026/fmd_temp_images/ICube Defects Library/Multiple Lenses/20241101_215050_L24_C11_9995.bmp,Multiple Lenses,L24,train
6f97688ac37e546e65a3e94f477ed75f,/data/FMD_Data_26082026/fmd_temp_images/Updated ICube Categorical Classes 20260915/Multiple Lenses/20241119_175208_L24_C11_1_0.9998.bmp,Multiple Lenses,L24,train
741d74f474284b35acb31f621093c302,/data/FMD_Data_26082026/fmd_temp_images/Updated ICube Categorical Classes 20260915/Multiple Lenses/20260829_192505_L24_PalletGHN0829234211_Cavity14_B01BLKH_Fail3_Score(0.932091).bmp,Multiple Lenses,L24,train
75582fe4f08a01afe60e36e0e7b4830f,/data/FMD_Data_26082026/fmd_temp_images/Updated ICube Categorical Classes 20260915/Multiple Lenses/20241120_051559_L24_C5_9974_0.9999.bmp,Multiple Lenses,L24,train
7581638260a12c1a710628d6dc64b43d,/data/FMD_Data_26082026/fmd_temp_images/Updated ICube Categorical Classes 20260915/Multiple Lenses/20260823_200821_L24_PalletGHA0824002447_Cavity6_B01BKJW_Fail7_Score(0.9962873).bmp,Multiple Lenses,L24,train
76625b1c15077ec7786169cdb10b0697,/data/FMD_Data_26082026/fmd_temp_images/ICube Defects Library/Multiple Lenses/20241110_224528_L24_C2_9987.bmp,Multiple Lenses,L24,train
766c2560804a835af6532b08411aaba2,/data/FMD_Data_26082026/fmd_temp_images/ICube Defects Library/Multiple Lenses/20241110_125103_L24_C11_9310.bmp,Multiple Lenses,L24,train
7792a3481e116c063d8e178a7c0b90b3,/data/FMD_Data_26082026/fmd_temp_images/Updated ICube Categorical Classes 20260915/Multiple Lenses/20260826_090348_L24_PalletGHU0826132034_Cavity2_B01BKKC_Fail7_Score(0.9906659).bmp,Multiple Lenses,L24,train
784aa201b407e3bebf0207841493a85a,/data/FMD_Data_26082026/fmd_temp_images/Updated ICube Categorical Classes 20260915/Multiple Lenses/20241119_132630_L24_C5_9999_0.9997.bmp,Multiple Lenses,L24,train
78da5092fca9349a2a4cc6593ddee350,/data/FMD_Data_26082026/fmd_temp_images/Updated ICube Categorical Classes 20260915/Multiple Lenses/20241121_054210_L24_C7_9766_0.9998.bmp,Multiple Lenses,L24,train
78dd1ab0fb4eaf66fd69d630d1f61410,/data/FMD_Data_26082026/fmd_temp_images/Updated ICube Categorical Classes 20260915/Multiple Lenses/20260827_135352_L24_PalletGHN0827180941_Cavity8_B01BKKK_Fail7_Score(0.9995065).bmp,Multiple Lenses,L24,train
79af6e017bdf5ac33afa4f8837f38086,/data/FMD_Data_26082026/fmd_temp_images/Updated ICube Categorical Classes 20260915/Multiple Lenses/20260825_175129_L24_PalletGHI0825220653_Cavity12_B01BKK7_Fail4_Score(0.9453983).bmp,Multiple Lenses,L24,train
7a0dda6cf4a792f059692cb86183c177,/data/FMD_Data_26082026/fmd_temp_images/Updated ICube Categorical Classes 20260915/Multiple Lenses/20260821_140426_L24_PalletGHR0821182044_Cavity6_B01BHWZ_Fail7_Score(0.9843425).bmp,Multiple Lenses,L24,train
7ab977187e2c3a7e7903df27b0428362,/data/FMD_Data_26082026/fmd_temp_images/Updated ICube Categorical Classes 20260915/Multiple Lenses/20241215_054800_L24_C8_9900_0.9999.bmp,Multiple Lenses,L24,train
7b8446fd6e3a0c1fa48d6dc6e58c4e80,/data/FMD_Data_26082026/fmd_temp_images/ICube Defects Library/Multiple Lenses/20260813_091315_L24_PalletGHL0813132945_Cavity11_B01BJL1_Fail7_Score(0.9947544).bmp,Multiple Lenses,L24,train
7c3b3163e8a58fb2d133100f8c3cc617,/data/FMD_Data_26082026/fmd_temp_images/ICube Defects Library/Multiple Lenses/20241102_114041_L24_C10_9843.bmp,Multiple Lenses,L24,train
7de823254de1bdc3d4f04684af04738d,/data/FMD_Data_26082026/fmd_temp_images/Updated ICube Categorical Classes 20260915/Multiple Lenses/20241115_002145_L24_C3_9759_0.9983.bmp,Multiple Lenses,L24,train
7fd0e9e4081fc23d2e4a64d76a48323b,/data/FMD_Data_26082026/fmd_temp_images/Updated ICube Categorical Classes 20260915/Multiple Lenses/20241112_070903_L24_C11_9974_0.9997.bmp,Multiple Lenses,L24,train
81955a4e504032613ac88bf6adfc6884,/data/FMD_Data_26082026/fmd_temp_images/Updated ICube Categorical Classes 20260915/Multiple Lenses/20260829_180631_L24_PalletGHJ0829222052_Cavity4_B01BLKH_Fail7_Score(0.9990708).bmp,Multiple Lenses,L24,train
82d0a6239a6141361e4547f673596fea,/data/FMD_Data_26082026/fmd_temp_images/Updated ICube Categorical Classes 20260915/Multiple Lenses/20241116_132132_L24_C13_9898_0.9993.bmp,Multiple Lenses,L24,train
82d8fd189839cbb35aac79098284f2af,/data/FMD_Data_26082026/fmd_temp_images/Updated ICube Categorical Classes 20260915/Multiple Lenses/20260826_143243_L24_PalletGHG0826184930_Cavity14_B01BKKC_Fail7_Score(0.9999962).bmp,Multiple Lenses,L24,train
83412a6847b8f1bf0fe02f24ffeb8d17,/data/FMD_Data_26082026/fmd_temp_images/Updated ICube Categorical Classes 20260915/Multiple Lenses/20260828_161430_L24_PalletGHU0828203130_Cavity8_B01BLK3_Fail5_Score(0.9548919).bmp,Multiple Lenses,L24,train
84d4f4d70645f57d98f244ebb66069b6,/data/FMD_Data_26082026/fmd_temp_images/Updated ICube Categorical Classes 20260915/Multiple Lenses/20241121_235204_L24_C5_9999_0.9995.bmp,Multiple Lenses,L24,train
84d9f78d0c2de9271fdd3fcd491d309d,/data/FMD_Data_26082026/fmd_temp_images/ICube Defects Library/Multiple Lenses/20241102_050553_L24_C1_9798.bmp,Multiple Lenses,L24,train
84dc6d4755db2b6530d6a7e5f77a9303,/data/FMD_Data_26082026/fmd_temp_images/Updated ICube Categorical Classes 20260915/Multiple Lenses/20241117_055415_L24_C8_9596_0.9984.bmp,Multiple Lenses,L24,train
85a627dd754b5dda3173ab31c7ca73d3,/data/FMD_Data_26082026/fmd_temp_images/Updated ICube Categorical Classes 20260915/Multiple Lenses/20241211_180126_L24_C10_9542_0.9994.bmp,Multiple Lenses,L24,train
8663bbeafddb482079368f0d8f1f7e6b,/data/FMD_Data_26082026/fmd_temp_images/Updated ICube Categorical Classes 20260915/Multiple Lenses/20260820_110724_L24_PalletGHE0820152339_Cavity15_B01BHWQ_Fail7_Score(0.9999819).bmp,Multiple Lenses,L24,train
8776ab0d6332294abced932b377b8439,/data/FMD_Data_26082026/fmd_temp_images/Updated ICube Categorical Classes 20260915/Multiple Lenses/20241119_175208_L24_C4_9927_0.9998.bmp,Multiple Lenses,L24,train
87fab7da98638a1f47fc5b574736223c,/data/FMD_Data_26082026/fmd_temp_images/Updated ICube Categorical Classes 20260915/Multiple Lenses/20241122_055008_L24_C9_9982_0.9996.bmp,Multiple Lenses,L24,train
88671150aecdc82463d8f1d8ce234ba1,/data/FMD_Data_26082026/fmd_temp_images/ICube Defects Library/Multiple Lenses/20241103_054434_L24_C5_9913.bmp,Multiple Lenses,L24,train
88eedbbee14770730234adf6009bb67f,/data/FMD_Data_26082026/fmd_temp_images/Updated ICube Categorical Classes 20260915/Multiple Lenses/20241113_053138_L24_C2_9999_0.9998.bmp,Multiple Lenses,L24,train
88efd2f16acc330dec95b960b8d8089d,/data/FMD_Data_26082026/fmd_temp_images/ICube Defects Library/Multiple Lenses/20260808_193700_L24_PalletGHG0808235306_Cavity7_D009GJ5_Fail7_Score(0.9892192).bmp,Multiple Lenses,L24,train
8975f318cc73904a335f52dabe362008,/data/FMD_Data_26082026/fmd_temp_images/Updated ICube Categorical Classes 20260915/Multiple Lenses/20260826_014157_L24_PalletGHR0826055840_Cavity11_B01BKK9_Fail4_Score(0.9405649).bmp,Multiple Lenses,L24,train
8b31c3fe7fc28cbbf78eabcd7922bed6,/data/FMD_Data_26082026/fmd_temp_images/Updated ICube Categorical Classes 20260915/Multiple Lenses/20241209_230933_L24_C12_9998_0.9977.bmp,Multiple Lenses,L24,train
8b5d49b7c64cd6940fa86c866e59ceb3,/data/FMD_Data_26082026/fmd_temp_images/Updated ICube Categorical Classes 20260915/Multiple Lenses/20241114_211044_L24_C10_9042_0.9983.bmp,Multiple Lenses,L24,train
8d2be6a0af20dce5b81fb40babe87ab9,/data/FMD_Data_26082026/fmd_temp_images/Updated ICube Categorical Classes 20260915/Multiple Lenses/20241120_223951_L24_C10_9999_0.9998.bmp,Multiple Lenses,L24,train
8fc320c81f788a632790954e30e8378e,/data/FMD_Data_26082026/fmd_temp_images/Updated ICube Categorical Classes 20260915/Multiple Lenses/20260821_131913_L24_PalletGHC0821173534_Cavity12_B01BHWZ_Fail7_Score(0.9976217).bmp,Multiple Lenses,L24,train
90895dfdf704f6abbde67931dcaa34ac,/data/FMD_Data_26082026/fmd_temp_images/ICube Defects Library/Multiple Lenses/20241105_041551_L24_C5_9999.bmp,Multiple Lenses,L24,train
90c81fee66301e05b3e316ce2d4962f8,/data/FMD_Data_26082026/fmd_temp_images/ICube Defects Library/Multiple Lenses/20241110_011246_L24_C10_9999.bmp,Multiple Lenses,L24,train
92457ae2b6bcba829366361718c21c25,/data/FMD_Data_26082026/fmd_temp_images/Updated ICube Categorical Classes 20260915/Multiple Lenses/20241209_134049_L24_C14_9722_0.9999.bmp,Multiple Lenses,L24,train
93be102c6637dc43cd43ae87552d3029,/data/FMD_Data_26082026/fmd_temp_images/ICube Defects Library/Multiple Lenses/20241107_162006_L24_C9_9749.bmp,Multiple Lenses,L24,train
9459eb8eb47d1e58850c7d4e0afe033c,/data/FMD_Data_26082026/fmd_temp_images/Updated ICube Categorical Classes 20260915/Multiple Lenses/20241115_050045_L24_C1_9828_0.9069.bmp,Multiple Lenses,L24,train
952c30ea92e9e65ce0b7d434fed2c021,/data/FMD_Data_26082026/fmd_temp_images/ICube Defects Library/Multiple Lenses/20241106_150032_L24_C9_9993.bmp,Multiple Lenses,L24,train
9617734a22c33ac76d4bc5a531ff3688,/data/FMD_Data_26082026/fmd_temp_images/Updated ICube Categorical Classes 20260915/Multiple Lenses/20241118_054848_L24_C7_9727_0.9999.bmp,Multiple Lenses,L24,train
96f3a37dcc8b07ab51a141eb2981dc13,/data/FMD_Data_26082026/fmd_temp_images/Updated ICube Categorical Classes 20260915/Multiple Lenses/20260817_141444_L24_PalletGHU0817183041_Cavity7_B01BHW3_Fail6_Score(0.9749641).bmp,Multiple Lenses,L24,train
9815e90cb1c325957bf7d71809ca3b66,/data/FMD_Data_26082026/fmd_temp_images/Updated ICube Categorical Classes 20260915/Multiple Lenses/20260827_100317_L24_PalletGHR0827142005_Cavity13_B01BKKJ_Fail7_Score(0.988323).bmp,Multiple Lenses,L24,train
98e52a04dd60d769cfda6e0535d5be6a,/data/FMD_Data_26082026/fmd_temp_images/Updated ICube Categorical Classes 20260915/Multiple Lenses/20260830_214724_L24_PalletGHQ0831020438_Cavity13_B01BLKQ_Fail7_Score(0.9993916).bmp,Multiple Lenses,L24,train
9b7b341c5d5c9f9e21641501197a014c,/data/FMD_Data_26082026/fmd_temp_images/Updated ICube Categorical Classes 20260915/Multiple Lenses/20241213_072801_L24_C14_9999_0.9991.bmp,Multiple Lenses,L24,train
9d90aaf4fc42ab6d308c107b1783dabf,/data/FMD_Data_26082026/fmd_temp_images/Updated ICube Categorical Classes 20260915/Multiple Lenses/20260829_063815_L24_PalletGHC0829105243_Cavity13_B01BLKB_Fail6_Score(0.9794307).bmp,Multiple Lenses,L24,train
9e4a2ea2e50a847cf28a9aaad64f8b2f,/data/FMD_Data_26082026/fmd_temp_images/Updated ICube Categorical Classes 20260915/Multiple Lenses/20260824_173559_L24_PalletGHF0824215215_Cavity6_B01BKK3_Fail2_Score(0.903623).bmp,Multiple Lenses,L24,train
a05b1fb50191ad7664555ded5b430fab,/data/FMD_Data_26082026/fmd_temp_images/Updated ICube Categorical Classes 20260915/Multiple Lenses/20260818_064321_L24_PalletGHA0818105821_Cavity8_B01BHWB_Fail7_Score(0.9999906).bmp,Multiple Lenses,L24,train
a14a2498899bd5744c7433d1de76fe56,/data/FMD_Data_26082026/fmd_temp_images/Updated ICube Categorical Classes 20260915/Multiple Lenses/20241114_160708_L24_C12_9825_0.9997.bmp,Multiple Lenses,L24,train
a18a6c3c7bf4e71dcb954447ffde6179,/data/FMD_Data_26082026/fmd_temp_images/Updated ICube Categorical Classes 20260915/Multiple Lenses/20260827_141301_L24_PalletGHM0827182948_Cavity13_B01BKKK_Fail5_Score(0.9602752).bmp,Multiple Lenses,L24,train
a2896a585efac1763f0eacd42146fc58,/data/FMD_Data_26082026/fmd_temp_images/Updated ICube Categorical Classes 20260915/Multiple Lenses/20241212_110948_L24_C10_1_0.9997.bmp,Multiple Lenses,L24,train
a336ffda5a9d95c12976d414a4c672f9,/data/FMD_Data_26082026/fmd_temp_images/Updated ICube Categorical Classes 20260915/Multiple Lenses/20241120_091004_L24_C13_9999_0.9986.bmp,Multiple Lenses,L24,train
a3f05c5c65282c34c282db7e0c82ccdd,/data/FMD_Data_26082026/fmd_temp_images/Updated ICube Categorical Classes 20260915/Multiple Lenses/20241206_194728_L24_C1_9163_0.9966.bmp,Multiple Lenses,L24,train
a3ff054cd29abe34dadcf95a979b1f25,/data/FMD_Data_26082026/fmd_temp_images/ICube Defects Library/Multiple Lenses/20260808_024457_L24_PalletGHM0808070105_Cavity3_D009GGQ_Fail7_Score(0.999891).bmp,Multiple Lenses,L24,train
a61c022a5f6a9716ae52e493290de58a,/data/FMD_Data_26082026/fmd_temp_images/Updated ICube Categorical Classes 20260915/Multiple Lenses/20260815_185409_L24_PalletGHJ0815231058_Cavity4_B01BFS1_Fail2_Score(0.911229).bmp,Multiple Lenses,L24,train
a6391601ac0e8f262a08bdf179ab6473,/data/FMD_Data_26082026/fmd_temp_images/Updated ICube Categorical Classes 20260915/Multiple Lenses/20241207_212513_L24_C1_9999_0.9944.bmp,Multiple Lenses,L24,train
a714783331a3d58b1072ff523f88c09f,/data/FMD_Data_26082026/fmd_temp_images/Updated ICube Categorical Classes 20260915/Multiple Lenses/20260814_135011_L24_PalletGHR0814180610_Cavity8_B01BFRT_Fail7_Score(1).bmp,Multiple Lenses,L24,train
a73e5113a0d0036ca3552e6b088230b1,/data/FMD_Data_26082026/fmd_temp_images/Updated ICube Categorical Classes 20260915/Multiple Lenses/20260821_175641_L24_PalletGHA0821221137_Cavity14_B01BHX0_Fail7_Score(0.999895).bmp,Multiple Lenses,L24,train
a85101e056e3c14202a6d684f601fb90,/data/FMD_Data_26082026/fmd_temp_images/Updated ICube Categorical Classes 20260915/Multiple Lenses/20260814_175901_L24_PalletGHK0814221357_Cavity8_B01BFRV_Fail7_Score(0.9946226).bmp,Multiple Lenses,L24,train
a8909d71248be0ece56e902315c84993,/data/FMD_Data_26082026/fmd_temp_images/ICube Defects Library/Multiple Lenses/20260808_180841_L24_PalletGHJ0808222450_Cavity8_D009GJ2_Fail7_Score(0.9993528).bmp,Multiple Lenses,L24,train
a93e74f78e05912948e3efbdb0680514,/data/FMD_Data_26082026/fmd_temp_images/Updated ICube Categorical Classes 20260915/Multiple Lenses/20241214_182103_L24_C11_9999_0.9996.bmp,Multiple Lenses,L24,train
aad040bc260cd0798a3860a10d6561ba,/data/FMD_Data_26082026/fmd_temp_images/Updated ICube Categorical Classes 20260915/Multiple Lenses/20241112_060200_L24_C4_9576_0.9997.bmp,Multiple Lenses,L24,train
abfb8e7dd355b258bb2e07b99692e30a,/data/FMD_Data_26082026/fmd_temp_images/Updated ICube Categorical Classes 20260915/Multiple Lenses/20260812_062758_L24_PalletGHK0812104237_Cavity4_B01BFRC_Fail7_Score(0.9917596).bmp,Multiple Lenses,L24,train
ac55c31ef3b1a53c6fc68b3d59009453,/data/FMD_Data_26082026/fmd_temp_images/ICube Defects Library/Multiple Lenses/20241109_065541_L24_C15_9999.bmp,Multiple Lenses,L24,train
ac9d0c13b63d50ff321170673afd06f6,/data/FMD_Data_26082026/fmd_temp_images/Updated ICube Categorical Classes 20260915/Multiple Lenses/20260826_123735_L24_PalletGHM0826165423_Cavity5_B01BKKC_Fail7_Score(0.9926311).bmp,Multiple Lenses,L24,train
ae2ed0a934b3be901a6420333fd6e2f3,/data/FMD_Data_26082026/fmd_temp_images/Updated ICube Categorical Classes 20260915/Multiple Lenses/20260822_151815_L24_PalletGHN0822193436_Cavity13_B01BKJP_Fail7_Score(0.9999994).bmp,Multiple Lenses,L24,train
b10a5dbaf7914baaed56a1f88c7efcc6,/data/FMD_Data_26082026/fmd_temp_images/Updated ICube Categorical Classes 20260915/Multiple Lenses/20260808_210553_L24_PalletGHR0809012115_Cavity13_D009GJ9_Fail6_Score(0.9767586).bmp,Multiple Lenses,L24,train
b1ac55c52b14ab13468f4b49eb70e3fc,/data/FMD_Data_26082026/fmd_temp_images/Updated ICube Categorical Classes 20260915/Multiple Lenses/20260826_122419_L24_PalletGHQ0826164107_Cavity2_B01BKKC_Fail7_Score(0.9991511).bmp,Multiple Lenses,L24,train
b2106bddeb225020623194f915610272,/data/FMD_Data_26082026/fmd_temp_images/Updated ICube Categorical Classes 20260915/Multiple Lenses/20260821_175929_L24_PalletGHT0821221511_Cavity2_B01BHX0_Fail7_Score(0.9999851).bmp,Multiple Lenses,L24,train
b2e291d0843e6212201cfd9ec76376b6,/data/FMD_Data_26082026/fmd_temp_images/Updated ICube Categorical Classes 20260915/Multiple Lenses/20260812_125010_L24_PalletGHG0812170638_Cavity12_B01BFRG_Fail7_Score(0.9974231).bmp,Multiple Lenses,L24,train
b465816442e0f8aa05634b5829f0de2a,/data/FMD_Data_26082026/fmd_temp_images/Updated ICube Categorical Classes 20260915/Multiple Lenses/20241112_092923_L24_C15_9968_0.9998.bmp,Multiple Lenses,L24,train
b6b30e72c55b9dab9ad0b160ddbb0f87,/data/FMD_Data_26082026/fmd_temp_images/Updated ICube Categorical Classes 20260915/Multiple Lenses/20260819_052353_L24_PalletGHE0819093921_Cavity5_B01BHW8_Fail3_Score(0.9219393).bmp,Multiple Lenses,L24,train
b972034da323a53889af4e18c81adb50,/data/FMD_Data_26082026/fmd_temp_images/Updated ICube Categorical Classes 20260915/Multiple Lenses/20241114_190959_L24_C15_9999_1.0000.bmp,Multiple Lenses,L24,train
ba1d96bfc4eac8201cf2dd389d0c1c7b,/data/FMD_Data_26082026/fmd_temp_images/Updated ICube Categorical Classes 20260915/Multiple Lenses/20260820_191329_L24_PalletGHQ0820232946_Cavity7_B01BHWT_Fail7_Score(0.9999622).bmp,Multiple Lenses,L24,train
ba597b2fd86e64854a9d084b7af0836f,/data/FMD_Data_26082026/fmd_temp_images/Updated ICube Categorical Classes 20260915/Multiple Lenses/20241212_092914_L24_C9_9992_0.9788.bmp,Multiple Lenses,L24,train
badfe5a744e51ef29536b6b333196787,/data/FMD_Data_26082026/fmd_temp_images/Updated ICube Categorical Classes 20260915/Multiple Lenses/20260804_073932_L24_PalletGHJ0804115515_Cavity15_D009G88_Fail5_Score(0.9582261).bmp,Multiple Lenses,L24,train
bf0150dc29e5756d6da7759b40e0b8cf,/data/FMD_Data_26082026/fmd_temp_images/Updated ICube Categorical Classes 20260915/Multiple Lenses/20241213_055748_L24_C4_9591_0.9993.bmp,Multiple Lenses,L24,train
c342f4ce44d5dc323e10a3316a06d895,/data/FMD_Data_26082026/fmd_temp_images/Updated ICube Categorical Classes 20260915/Multiple Lenses/20241121_235117_L24_C1_9523_0.9813.bmp,Multiple Lenses,L24,train
c35493f1e78a81fc1a25b9d5a3b49461,/data/FMD_Data_26082026/fmd_temp_images/Updated ICube Categorical Classes 20260915/Multiple Lenses/20260829_165721_L24_PalletGHL0829211428_Cavity8_B01BLKH_Fail7_Score(0.9876615).bmp,Multiple Lenses,L24,train
c3672d7185566980d18cb0e4574a4b99,/data/FMD_Data_26082026/fmd_temp_images/Updated ICube Categorical Classes 20260915/Multiple Lenses/20260825_183015_L24_PalletGHJ0825224619_Cavity13_B01BKK8_Fail6_Score(0.9796495).bmp,Multiple Lenses,L24,train
c40ee1657ad73dbca7bf500ef7f0323f,/data/FMD_Data_26082026/fmd_temp_images/Updated ICube Categorical Classes 20260915/Multiple Lenses/20260819_002846_L24_PalletGHG0819044452_Cavity14_B01BJ3W_Fail7_Score(0.9991328).bmp,Multiple Lenses,L24,train
c5303a35d61551f32006d03762577cde,/data/FMD_Data_26082026/fmd_temp_images/Updated ICube Categorical Classes 20260915/Multiple Lenses/20260824_023222_L24_PalletGHE0824064855_Cavity14_B01BKJX_Fail7_Score(0.9968398).bmp,Multiple Lenses,L24,train
c76dcc290705f4f96701b38f25619d83,/data/FMD_Data_26082026/fmd_temp_images/Updated ICube Categorical Classes 20260915/Multiple Lenses/20260817_202901_L24_PalletGHJ0818004459_Cavity11_B01BHW5_Fail7_Score(0.9981962).bmp,Multiple Lenses,L24,train
c993daa81bcaa9a175621027e878b0ec,/data/FMD_Data_26082026/fmd_temp_images/ICube Defects Library/Multiple Lenses/20241102_033307_L24_C5_9814.bmp,Multiple Lenses,L24,train
c9b307230b0eda81ae07e15604a571e1,/data/FMD_Data_26082026/fmd_temp_images/ICube Defects Library/Multiple Lenses/20241106_143151_L24_C5_9999.bmp,Multiple Lenses,L24,train
c9d748b402a482968657ef24d3cdf9c8,/data/FMD_Data_26082026/fmd_temp_images/Updated ICube Categorical Classes 20260915/Multiple Lenses/20260819_052353_L24_PalletGHE0819093921_Cavity8_B01BHW8_Fail2_Score(0.9060157).bmp,Multiple Lenses,L24,train
ca9da3e0496850367e8539322fac96e9,/data/FMD_Data_26082026/fmd_temp_images/Updated ICube Categorical Classes 20260915/Multiple Lenses/20260824_175342_L24_PalletGHE0824220740_Cavity2_B01BKK3_Fail7_Score(0.9999999).bmp,Multiple Lenses,L24,train
cb3f95836bcacb4d4399ccb930fb5ff0,/data/FMD_Data_26082026/fmd_temp_images/Updated ICube Categorical Classes 20260915/Multiple Lenses/20260826_033355_L24_PalletGHJ0826075042_Cavity10_B01BKK9_Fail7_Score(0.999993).bmp,Multiple Lenses,L24,train
cb484d8ff8fb06ca082444023a12d600,/data/FMD_Data_26082026/fmd_temp_images/Updated ICube Categorical Classes 20260915/Multiple Lenses/20260814_160122_L24_PalletGHD0814201805_Cavity8_B01BFRP_Fail5_Score(0.9572196).bmp,Multiple Lenses,L24,train
cdb54848b4123c0f5e40dfc5df535496,/data/FMD_Data_26082026/fmd_temp_images/Updated ICube Categorical Classes 20260915/Multiple Lenses/20241118_175932_L24_C13_9881_0.9998.bmp,Multiple Lenses,L24,train
d02a455a6eb1c5f77da95c049c3157ac,/data/FMD_Data_26082026/fmd_temp_images/Updated ICube Categorical Classes 20260915/Multiple Lenses/20241122_090952_L24_C8_9440_0.9975.bmp,Multiple Lenses,L24,train
d2a1150d8fc2f98d2c8c60b995aa0b4d,/data/FMD_Data_26082026/fmd_temp_images/Updated ICube Categorical Classes 20260915/Multiple Lenses/20260823_174521_L24_PalletGHC0823220101_Cavity3_B01BKJV_Fail7_Score(0.9996332).bmp,Multiple Lenses,L24,train
d68c9b810fd10cefd09b246cca7819c6,/data/FMD_Data_26082026/fmd_temp_images/Updated ICube Categorical Classes 20260915/Multiple Lenses/20260729_092107_L24_PalletGHI0729133721_Cavity15_D009FW1_Fail2_Score(0.9127381).bmp,Multiple Lenses,L24,train
d7d0e235877f582b89672e58e4f4efe4,/data/FMD_Data_26082026/fmd_temp_images/Updated ICube Categorical Classes 20260915/Multiple Lenses/20241210_184221_L24_C6_9819_0.9986.bmp,Multiple Lenses,L24,train
d83c37544834cbb17eb59c2e04b2051c,/data/FMD_Data_26082026/fmd_temp_images/Updated ICube Categorical Classes 20260915/Multiple Lenses/20260815_181624_L24_PalletGHB0815223134_Cavity14_B01BFS1_Fail7_Score(0.995937).bmp,Multiple Lenses,L24,train
da0ab18a6f3e1594f1c42e4749dc5cb4,/data/FMD_Data_26082026/fmd_temp_images/Updated ICube Categorical Classes 20260915/Multiple Lenses/20260826_185139_L24_PalletGHM0826230829_Cavity1_B01BKKF_Fail4_Score(0.9432762).bmp,Multiple Lenses,L24,train
da3c28d61fa3b4b626a814bba81859a4,/data/FMD_Data_26082026/fmd_temp_images/Updated ICube Categorical Classes 20260915/Multiple Lenses/20260827_104841_L24_PalletGHB0827150535_Cavity15_B01BKKL_Fail7_Score(0.9990864).bmp,Multiple Lenses,L24,train
dbe14041014a3a9b4bdeb3b2e3767c4b,/data/FMD_Data_26082026/fmd_temp_images/Updated ICube Categorical Classes 20260915/Multiple Lenses/20260827_013214_L24_PalletGHB0827054907_Cavity3_B01BKKH_Fail5_Score(0.9577112).bmp,Multiple Lenses,L24,train
dc28bd2ff82cce7d2c26171162cf5105,/data/FMD_Data_26082026/fmd_temp_images/ICube Defects Library/Multiple Lenses/20241215_175023_L24_C14_1.bmp,Multiple Lenses,L24,train
dd14731b5fde681a1e11262adcf94655,/data/FMD_Data_26082026/fmd_temp_images/Updated ICube Categorical Classes 20260915/Multiple Lenses/20241119_175208_L24_C6_9994_0.9440.bmp,Multiple Lenses,L24,train
de47929de128f192d3065d3d9ece1290,/data/FMD_Data_26082026/fmd_temp_images/ICube Defects Library/Multiple Lenses/20241103_022606_L24_C12_9918.bmp,Multiple Lenses,L24,train
de7f3c60146fc43eb0f06836e59a7970,/data/FMD_Data_26082026/fmd_temp_images/Updated ICube Categorical Classes 20260915/Multiple Lenses/20260829_174443_L24_PalletGHT0829220149_Cavity3_B01BLKH_Fail4_Score(0.9480944).bmp,Multiple Lenses,L24,train
e014b8ab30063f73f8ff46251534838d,/data/FMD_Data_26082026/fmd_temp_images/Updated ICube Categorical Classes 20260915/Multiple Lenses/20260816_055019_L24_PalletGHG0816100708_Cavity5_B01BFS0_Fail4_Score(0.9419451).bmp,Multiple Lenses,L24,train
e09118c53339cc2a30df335c10bcb9d8,/data/FMD_Data_26082026/fmd_temp_images/Updated ICube Categorical Classes 20260915/Multiple Lenses/20241112_123419_L24_C4_9999_0.9980.bmp,Multiple Lenses,L24,train
e1325d354f784bf2f3aa81b7c11b77a1,/data/FMD_Data_26082026/fmd_temp_images/Updated ICube Categorical Classes 20260915/Multiple Lenses/20241117_152625_L24_C10_9929_0.9990.bmp,Multiple Lenses,L24,train
e22fa24be06b057c167d9b4722c47be6,/data/FMD_Data_26082026/fmd_temp_images/ICube Defects Library/Multiple Lenses/20241104_063626_L24_C9_9138.bmp,Multiple Lenses,L24,train
e2ed1cbbea26b4515d786d3187990342,/data/FMD_Data_26082026/fmd_temp_images/ICube Defects Library/Multiple Lenses/20241111_123418_L24_C9_9999.bmp,Multiple Lenses,L24,train
e479926a1d0d34e2bf96442acb8ed2e6,/data/FMD_Data_26082026/fmd_temp_images/ICube Defects Library/Multiple Lenses/20241106_015529_L24_C8_9259.bmp,Multiple Lenses,L24,train
e68c94df3fedb035ce09c26602251239,/data/FMD_Data_26082026/fmd_temp_images/Updated ICube Categorical Classes 20260915/Multiple Lenses/20241204_151730_L24_C15_9230_0.9995.bmp,Multiple Lenses,L24,train
e6ad81df7e089d14447a843f720c4bdf,/data/FMD_Data_26082026/fmd_temp_images/Updated ICube Categorical Classes 20260915/Multiple Lenses/20260826_045147_L24_PalletGHU0826090831_Cavity4_B01BKKB_Fail7_Score(0.9953149).bmp,Multiple Lenses,L24,train
e752e5088fd74e3a4bb0af2ccd088aae,/data/FMD_Data_26082026/fmd_temp_images/Updated ICube Categorical Classes 20260915/Multiple Lenses/20241115_191328_L24_C13_9999_0.9998.bmp,Multiple Lenses,L24,train
e776fefda5b69a81041dd1610f9e1439,/data/FMD_Data_26082026/fmd_temp_images/Updated ICube Categorical Classes 20260915/Multiple Lenses/20260825_185659_L24_PalletGHL0825231250_Cavity8_B01BKK8_Fail4_Score(0.943621).bmp,Multiple Lenses,L24,train
e896b33425365d4b159f4852c60e9d75,/data/FMD_Data_26082026/fmd_temp_images/ICube Defects Library/Multiple Lenses/20241104_155407_L24_C14_1.bmp,Multiple Lenses,L24,train
e8eafda1ebaf1b55ba1d3f50c4fe822b,/data/FMD_Data_26082026/fmd_temp_images/Updated ICube Categorical Classes 20260915/Multiple Lenses/20260826_100026_L24_PalletGHI0826141714_Cavity1_B01BKKC_Fail7_Score(0.9886149).bmp,Multiple Lenses,L24,train
e9b8b2412b18fcad69ca5ae3a72574af,/data/FMD_Data_26082026/fmd_temp_images/ICube Defects Library/Multiple Lenses/20260808_050303_L24_PalletGHK0808091908_Cavity7_D009GGX_Fail7_Score(0.9994895).bmp,Multiple Lenses,L24,train
e9c64255362812344f2a4a94ca352db1,/data/FMD_Data_26082026/fmd_temp_images/Updated ICube Categorical Classes 20260915/Multiple Lenses/20260825_175129_L24_PalletGHI0825220653_Cavity5_B01BKK7_Fail7_Score(0.9999358).bmp,Multiple Lenses,L24,train
e9db4108221c532ff66d4f1fa478913c,/data/FMD_Data_26082026/fmd_temp_images/ICube Defects Library/Multiple Lenses/20241107_214141_L24_C1_9528.bmp,Multiple Lenses,L24,train
eab8fdda7bcadd1e944305effd20003c,/data/FMD_Data_26082026/fmd_temp_images/ICube Defects Library/Multiple Lenses/20241104_215849_L24_C1_9811.bmp,Multiple Lenses,L24,train
eb3beeb228091cbfc85f79257a4b6be7,/data/FMD_Data_26082026/fmd_temp_images/ICube Defects Library/Multiple Lenses/20260810_213640_L24_PalletGHG0811015253_Cavity13_B01BF2L_Fail7_Score(0.9933434).bmp,Multiple Lenses,L24,train
eb797adf092dbadaa1d9b54bb1f63f6c,/data/FMD_Data_26082026/fmd_temp_images/Updated ICube Categorical Classes 20260915/Multiple Lenses/20260826_151554_L24_PalletGHF0826193244_Cavity8_B01BKKD_Fail6_Score(0.9731316).bmp,Multiple Lenses,L24,train
ec2452ccb6fa22f7fe22d928012a183e,/data/FMD_Data_26082026/fmd_temp_images/Updated ICube Categorical Classes 20260915/Multiple Lenses/20260822_181919_L24_PalletGHD0822223542_Cavity8_B01BKJP_Fail7_Score(0.9989877).bmp,Multiple Lenses,L24,train
ef225b72c91d9d73e5d36ab8208298d7,/data/FMD_Data_26082026/fmd_temp_images/Updated ICube Categorical Classes 20260915/Multiple Lenses/20241117_062701_L24_C9_9948_0.9990.bmp,Multiple Lenses,L24,train
f4a501c422019c2504e0bb8ebfe1bb60,/data/FMD_Data_26082026/fmd_temp_images/Updated ICube Categorical Classes 20260915/Multiple Lenses/20260823_065740_L24_PalletGHF0823111409_Cavity10_B01BKW6_Fail2_Score(0.9111145).bmp,Multiple Lenses,L24,train
f59b68235c53d480775c7e684104decb,/data/FMD_Data_26082026/fmd_temp_images/Updated ICube Categorical Classes 20260915/Multiple Lenses/20241117_224803_L24_C9_9926_0.9996.bmp,Multiple Lenses,L24,train
f5a6cc0b63bf479aab9deae0a69e09e8,/data/FMD_Data_26082026/fmd_temp_images/Updated ICube Categorical Classes 20260915/Multiple Lenses/20260821_182319_L24_PalletGHO0821223939_Cavity14_B01BHX0_Fail7_Score(0.9992411).bmp,Multiple Lenses,L24,train
f5dc55360dc838715bb84d9767f2deb5,/data/FMD_Data_26082026/fmd_temp_images/ICube Defects Library/Multiple Lenses/20241110_213700_L24_C15_9375.bmp,Multiple Lenses,L24,train
f61f86651a435c09cbce23be9bfee63f,/data/FMD_Data_26082026/fmd_temp_images/Updated ICube Categorical Classes 20260915/Multiple Lenses/20241113_060644_L24_C10_9995_0.9998.bmp,Multiple Lenses,L24,train
fa5b1e948b9b70c6be1761bea1d83849,/data/FMD_Data_26082026/fmd_temp_images/ICube Defects Library/Multiple Lenses/20241110_004906_L24_C8_9997.bmp,Multiple Lenses,L24,train
fc25ac0732ae7f8d7a0ca64a10084261,/data/FMD_Data_26082026/fmd_temp_images/Updated ICube Categorical Classes 20260915/Multiple Lenses/20241119_073038_L24_C10_9878_0.9782.bmp,Multiple Lenses,L24,train
fd451ec0d8f7a93ac642f8a40d994898,/data/FMD_Data_26082026/fmd_temp_images/ICube Defects Library/Multiple Lenses/20241108_164438_L24_C7_9888.bmp,Multiple Lenses,L24,train
fe0d8eedbbd40becfbf0a8295f062630,/data/FMD_Data_26082026/fmd_temp_images/Updated ICube Categorical Classes 20260915/Multiple Lenses/20241121_080825_L24_C6_9972_0.9947.bmp,Multiple Lenses,L24,train
fe401f6e5e3e5c14c6e5ad6561de2dd3,/data/FMD_Data_26082026/fmd_temp_images/Updated ICube Categorical Classes 20260915/Multiple Lenses/20260830_035939_L24_PalletGHL0830081646_Cavity9_B01BLKJ_Fail4_Score(0.9450681).bmp,Multiple Lenses,L24,train
07fd4ee1e8d8e2e24b8c7f95cb22040c,/data/FMD_Data_26082026/fmd_temp_images/ICube Defects Library/Package Misalignment/20241103_025907_L24_C15_9386.bmp,Package Misalignment,L24,test
0e2fa5b6249fdd62d2a6cf6f266ae4f5,/data/FMD_Data_26082026/fmd_temp_images/Updated ICube Categorical Classes 20260915/Package Misalignment/20260729_184529_L24_PalletGHQ0729230130_Cavity11_D009FWT_Pass1_Score(0.04099196).bmp,Package Misalignment,L24,test
0eff4fae3812cfb3defd920b848fd8de,/data/FMD_Data_26082026/fmd_temp_images/Updated ICube Categorical Classes 20260915/Package Misalignment/20260729_184529_L24_PalletGHQ0729230130_Cavity13_D009FWT_Pass1_Score(0.02457625).bmp,Package Misalignment,L24,test
2a2eb2a6db0b615a1c05b2668b51b7f2,/data/FMD_Data_26082026/fmd_temp_images/ICube Defects Library/Package Misalignment/20260729_184529_L24_PalletGHQ0729230130_Cavity2_D009FWT_Fail7_Score(1).bmp,Package Misalignment,L24,test
3c60869ca02c8be96e40b7cc41ccf11a,/data/FMD_Data_26082026/fmd_temp_images/ICube Defects Library/Package Misalignment/20241109_213824_L24_C12_1.bmp,Package Misalignment,L24,test
6d6507d73088dd9690a9c56bc6cc30dd,/data/FMD_Data_26082026/fmd_temp_images/Updated ICube Categorical Classes 20260915/Package Misalignment/20260820_164324_L24_PalletGHO0820205941_Cavity8_B01BHWS_Fail7_Score(1).bmp,Package Misalignment,L24,test
866e357d86fb08aa0f8b5f35adac449f,/data/FMD_Data_26082026/fmd_temp_images/Updated ICube Categorical Classes 20260915/Package Misalignment/20260830_183547_L24_PalletGHO0830225256_Cavity15_B01BLKN_Fail7_Score(0.9999695).bmp,Package Misalignment,L24,test
89fbde191ac85f68bfa5dffd60aa2a62,/data/FMD_Data_26082026/fmd_temp_images/Updated ICube Categorical Classes 20260915/Package Misalignment/20260819_020638_L24_PalletGHR0819062157_Cavity11_B01BHW4_Fail7_Score(1).bmp,Package Misalignment,L24,test
a32742f5969325d72c3d8ad76244e5b0,/data/FMD_Data_26082026/fmd_temp_images/Updated ICube Categorical Classes 20260915/Package Misalignment/20260729_184529_L24_PalletGHQ0729230130_Cavity12_D009FWT_Pass1_Score(0.04560459).bmp,Package Misalignment,L24,test
da57fdf2da05933afed78fc83e72f74d,/data/FMD_Data_26082026/fmd_temp_images/Updated ICube Categorical Classes 20260915/Package Misalignment/20260729_184529_L24_PalletGHQ0729230130_Cavity10_D009FWT_Pass1_Score(0.03004032).bmp,Package Misalignment,L24,test
02099ff0f6823e80962e07b0f9df05ac,/data/FMD_Data_26082026/fmd_temp_images/Updated ICube Categorical Classes 20260915/Package Misalignment/20260729_184529_L24_PalletGHQ0729230130_Cavity9_D009FWT_Pass1_Score(0.1364488).bmp,Package Misalignment,L24,train
1892f74adf7913279656798ed9662457,/data/FMD_Data_26082026/fmd_temp_images/Updated ICube Categorical Classes 20260915/Package Misalignment/20260729_184529_L24_PalletGHQ0729230130_Cavity14_D009FWT_Pass1_Score(0.02514738).bmp,Package Misalignment,L24,train
279b012654fa6cdb6b61e8c92cfee98d,/data/FMD_Data_26082026/fmd_temp_images/Updated ICube Categorical Classes 20260915/Package Misalignment/20260728_132040_L24_PalletGHP0728173648_Cavity15_D009FTJ_Fail2_Score(0.9129903).bmp,Package Misalignment,L24,train
38b088e9ba116cee1b694284a7f99eda,/data/FMD_Data_26082026/fmd_temp_images/Updated ICube Categorical Classes 20260915/Package Misalignment/20260729_184529_L24_PalletGHQ0729230130_Cavity6_D009FWT_Pass1_Score(0.09784615).bmp,Package Misalignment,L24,train
53bea718cf4e2092a651c567e494ea44,/data/FMD_Data_26082026/fmd_temp_images/ICube Defects Library/Package Misalignment/20241109_213824_L24_C13_9687.bmp,Package Misalignment,L24,train
60440e6e66af79eb992628ce0b9a11fa,/data/FMD_Data_26082026/fmd_temp_images/Updated ICube Categorical Classes 20260915/Package Misalignment/20260729_184529_L24_PalletGHQ0729230130_Cavity3_D009FWT_Pass1_Score(0.2740048).bmp,Package Misalignment,L24,train
64b6950946a229e83497e22d30b04ddc,/data/FMD_Data_26082026/fmd_temp_images/Updated ICube Categorical Classes 20260915/Package Misalignment/20260819_020638_L24_PalletGHR0819062157_Cavity13_B01BHW4_Fail7_Score(1).bmp,Package Misalignment,L24,train
77e5b45b789e8383262616840cb35443,/data/FMD_Data_26082026/fmd_temp_images/ICube Defects Library/Package Misalignment/20260803_182322_L24_PalletGHC0803223441_Cavity14_D009G74_Fail7_Score(1).bmp,Package Misalignment,L24,train
7b83567e7e77991fbfaf6d95a0a99df3,/data/FMD_Data_26082026/fmd_temp_images/Updated ICube Categorical Classes 20260915/Package Misalignment/20260729_184529_L24_PalletGHQ0729230130_Cavity7_D009FWT_Pass1_Score(0.01663601).bmp,Package Misalignment,L24,train
7c97f35d6660f66a632f6ab1ecee9948,/data/FMD_Data_26082026/fmd_temp_images/Updated ICube Categorical Classes 20260915/Package Misalignment/20260729_184529_L24_PalletGHQ0729230130_Cavity8_D009FWT_Pass1_Score(0.06236792).bmp,Package Misalignment,L24,train
7fb04c74ba73535d97ab332891c8f6ec,/data/FMD_Data_26082026/fmd_temp_images/Updated ICube Categorical Classes 20260915/Package Misalignment/20260824_103810_L24_PalletGHT0824145441_Cavity15_B01BKK0_Fail7_Score(1).bmp,Package Misalignment,L24,train
808cc8c63c3bd217936680c5c21ff783,/data/FMD_Data_26082026/fmd_temp_images/Updated ICube Categorical Classes 20260915/Package Misalignment/20260819_020638_L24_PalletGHR0819062157_Cavity3_B01BHW4_Fail7_Score(1).bmp,Package Misalignment,L24,train
9ffecdc08c3e02e0fe6f37df50525db3,/data/FMD_Data_26082026/fmd_temp_images/Updated ICube Categorical Classes 20260915/Package Misalignment/20260820_164324_L24_PalletGHO0820205941_Cavity7_B01BHWS_Fail7_Score(1).bmp,Package Misalignment,L24,train
a34e16938305992f487a6b1a0fc1567d,/data/FMD_Data_26082026/fmd_temp_images/Updated ICube Categorical Classes 20260915/Package Misalignment/20260819_020638_L24_PalletGHR0819062157_Cavity2_B01BHW4_Fail7_Score(1).bmp,Package Misalignment,L24,train
af2dbfa9778492d043296a1186ec93ee,/data/FMD_Data_26082026/fmd_temp_images/ICube Defects Library/Package Misalignment/20241108_204025_L24_C15_1.bmp,Package Misalignment,L24,train
bb69474e6d59c25a0b761fc9727a15f1,/data/FMD_Data_26082026/fmd_temp_images/ICube Defects Library/Package Misalignment/20260803_182322_L24_PalletGHC0803223441_Cavity15_D009G74_Fail7_Score(1).bmp,Package Misalignment,L24,train
c487309bb5c713ea680c6859b6f9a980,/data/FMD_Data_26082026/fmd_temp_images/Updated ICube Categorical Classes 20260915/Package Misalignment/20260816_010550_L24_PalletGHK0816052146_Cavity15_B01BFRZ_Fail7_Score(1).bmp,Package Misalignment,L24,train
ce7c7c82321d3ec55e804cc9a2b2e243,/data/FMD_Data_26082026/fmd_temp_images/ICube Defects Library/Package Misalignment/20241109_213824_L24_C11_9775.bmp,Package Misalignment,L24,train
dc3b8dc2b7d223a7560f4f71fd95bf3f,/data/FMD_Data_26082026/fmd_temp_images/ICube Defects Library/Package Misalignment/20260804_225959_L24_PalletGHQ0805031548_Cavity14_D009G9J_Fail7_Score(1).bmp,Package Misalignment,L24,train
e33e9a5d3788f483e61c72ec774009e9,/data/FMD_Data_26082026/fmd_temp_images/Updated ICube Categorical Classes 20260915/Package Misalignment/20260830_041943_L24_PalletGHC0830083653_Cavity12_B01BLKJ_Fail4_Score(0.9418304).bmp,Package Misalignment,L24,train
ee6e784e8407b0551b2e9a9e8138aa0d,/data/FMD_Data_26082026/fmd_temp_images/Updated ICube Categorical Classes 20260915/Package Misalignment/20260823_105700_L24_PalletGHA0823151325_Cavity15_B01BKJT_Fail7_Score(1).bmp,Package Misalignment,L24,train
f46d72c9e76645dc3f1bee63c93267d7,/data/FMD_Data_26082026/fmd_temp_images/Updated ICube Categorical Classes 20260915/Package Misalignment/20260729_184529_L24_PalletGHQ0729230130_Cavity4_D009FWT_Pass1_Score(0.8178847).bmp,Package Misalignment,L24,train
2beb15421863f4154f34535ca37bd034,/data/FMD_Data_26082026/fmd_temp_images/ICube Defects Library/View Obstructed/20241106_221259_L24_C11_1.bmp,View Obstructed,L24,test
42266334f80d55f9acbf55428337e889,/data/FMD_Data_26082026/fmd_temp_images/ICube Defects Library/View Obstructed/20241106_221617_L24_C11_1.bmp,View Obstructed,L24,test
85669952b7e64f6da3ffdce24e4cf268,/data/FMD_Data_26082026/fmd_temp_images/ICube Defects Library/View Obstructed/20241106_221902_L24_C15_1.bmp,View Obstructed,L24,test
a4ae0644eaaddd2a9e75b1dc9db0cafe,/data/FMD_Data_26082026/fmd_temp_images/ICube Defects Library/View Obstructed/20241106_221617_L24_C14_1.bmp,View Obstructed,L24,test
bca34d3f273770174aa0318a9fb5d959,/data/FMD_Data_26082026/fmd_temp_images/ICube Defects Library/View Obstructed/20241106_221259_L24_C12_1.bmp,View Obstructed,L24,test
eaed97617d5900c49874385a1d7f6777,/data/FMD_Data_26082026/fmd_temp_images/ICube Defects Library/View Obstructed/20241106_221902_L24_C14_1.bmp,View Obstructed,L24,test
0267237fc8006e89d32a50bdaeed2be9,/data/FMD_Data_26082026/fmd_temp_images/ICube Defects Library/View Obstructed/20241106_221617_L24_C13_1.bmp,View Obstructed,L24,train
0eac1befc3f8e680ec099ecc6b76f84e,/data/FMD_Data_26082026/fmd_temp_images/ICube Defects Library/View Obstructed/20241106_221259_L24_C13_1.bmp,View Obstructed,L24,train
15005e6498999c0b92c3d4d328ac15e7,/data/FMD_Data_26082026/fmd_temp_images/ICube Defects Library/View Obstructed/20241106_221617_L24_C15_1.bmp,View Obstructed,L24,train
1635bfcaf65af42164117eccd3e25fd5,/data/FMD_Data_26082026/fmd_temp_images/ICube Defects Library/View Obstructed/20241106_133439_L24_C13_1.bmp,View Obstructed,L24,train
43328f1a25c0e9aae6f0e11fe65d0c7b,/data/FMD_Data_26082026/fmd_temp_images/ICube Defects Library/View Obstructed/20241106_133439_L24_C11_1.bmp,View Obstructed,L24,train
5a524b0c0a6963bd97e68a3fffb195b0,/data/FMD_Data_26082026/fmd_temp_images/ICube Defects Library/View Obstructed/20241106_221902_L24_C12_1.bmp,View Obstructed,L24,train
81b0a84d53a5cb62ffeecd39c5162000,/data/FMD_Data_26082026/fmd_temp_images/ICube Defects Library/View Obstructed/20241106_221259_L24_C14_1.bmp,View Obstructed,L24,train
85cc6a6810fda3a3fc1376e1654a1a4e,/data/FMD_Data_26082026/fmd_temp_images/ICube Defects Library/View Obstructed/20241106_221259_L24_C15_1.bmp,View Obstructed,L24,train
a84f33c75eb77bb37d9d5c6988ef4909,/data/FMD_Data_26082026/fmd_temp_images/ICube Defects Library/View Obstructed/20241106_221617_L24_C12_1.bmp,View Obstructed,L24,train
a8e0e26f8d4f0ffdf863c5a50f5c277c,/data/FMD_Data_26082026/fmd_temp_images/ICube Defects Library/View Obstructed/20241102_032154_L24_C9_1.bmp,View Obstructed,L24,train
c4f95d31d47ce8656a470ab02ac9be80,/data/FMD_Data_26082026/fmd_temp_images/ICube Defects Library/View Obstructed/20241106_221902_L24_C11_1.bmp,View Obstructed,L24,train
c6e45a0623d7a9f40cc53a6b1eb011b2,/data/FMD_Data_26082026/fmd_temp_images/ICube Defects Library/View Obstructed/20241106_133439_L24_C12_1.bmp,View Obstructed,L24,train
ec1aadb9f06551454230cb5b06d11266,/data/FMD_Data_26082026/fmd_temp_images/ICube Defects Library/View Obstructed/20241106_221902_L24_C13_1.bmp,View Obstructed,L24,train
2060dcc7978503aff04c6163d8dc2e9b,/data/FMD_Data_26082026/fmd_temp_images/ICube Defects Library/Wet Package/20241106_165443_L24_C6_9949.bmp,Wet Package,L24,test
47fc76cb36cd74bedd3ddf50032ee622,/data/FMD_Data_26082026/fmd_temp_images/ICube Defects Library/Wet Package/20241111_063521_L24_C3_9844.bmp,Wet Package,L24,test
9581e439cedb45c1bbdb351fa96386ad,/data/FMD_Data_26082026/fmd_temp_images/ICube Defects Library/Wet Package/20260728_133621_L24_PalletGHI0728175231_Cavity5_D009FTK_Fail6_Score(0.9830682).bmp,Wet Package,L24,test
3b0134c81f17b5f4c00ca7ef0525c053,/data/FMD_Data_26082026/fmd_temp_images/ICube Defects Library/Wet Package/20241107_195621_L24_C11_9420.bmp,Wet Package,L24,train
5f3daa91f95f7c84f738c86c0c75f3cc,/data/FMD_Data_26082026/fmd_temp_images/ICube Defects Library/Wet Package/20241108_153814_L24_C11_9821.bmp,Wet Package,L24,train
9d2a8831db8404fb31d40ab6d2c9d0e2,/data/FMD_Data_26082026/fmd_temp_images/ICube Defects Library/Wet Package/20241108_071455_L24_C12_9600.bmp,Wet Package,L24,train
c4ed4068254522a08a712d4f3f33441f,/data/FMD_Data_26082026/fmd_temp_images/ICube Defects Library/Wet Package/20241110_150730_L24_C11_9011.bmp,Wet Package,L24,train
c6d6fb7a8be37530f02e8a34783f63bb,/data/FMD_Data_26082026/fmd_temp_images/ICube Defects Library/Wet Package/20241108_021953_L24_C5_9887.bmp,Wet Package,L24,train
d244a6aa5567da0645bf6e0fa01222a5,/data/FMD_Data_26082026/fmd_temp_images/ICube Defects Library/Wet Package/20241108_045733_L24_C4_9845.bmp,Wet Package,L24,train
d293eadc5b4b1923d5da5fce0bbfc5ec,/data/FMD_Data_26082026/fmd_temp_images/ICube Defects Library/Wet Package/20241109_100233_L24_C11_9778.bmp,Wet Package,L24,train
