source_md5,source_path,class,line,split
01ab0bba737bf32540318b192d84a216,/data/FMD_Data_26082026/fmd_temp_images/Updated ICube Objects 20260915/Foreign Matter/20260906_082217_L25_PalletGHS0906124807_Cavity9_B01BMMJ_Fail6_Score(0.9707558)_0.9997_0.9789.bmp,Foreign Matter,L25,test
035740b86320c659c734a694ad759e99,/data/FMD_Data_26082026/fmd_temp_images/Updated ICube Objects 20260915/Foreign Matter/20260816_180113_L25_PalletGHL0816222631_Cavity2_B01BH2P_Fail3_Score(0.9231083).bmp,Foreign Matter,L25,test
12fcd38a8cbc103d164d66d00e75bd4e,/data/FMD_Data_26082026/fmd_temp_images/Updated ICube Objects 20260915/Foreign Matter/20260907_221926_L25_PalletGHJ0908024427_Cavity13_B01BMMV_Fail2_Score(0.9052356).bmp,Foreign Matter,L25,test
162c65231b3af0b90f01593484302744,/data/FMD_Data_26082026/fmd_temp_images/Updated ICube Objects 20260915/Foreign Matter/20241112_161949_L25_PalletGHO1112190855_Cavity12_B017961_Fail2_Score(0.9073939)_1.0000_0.9735.bmp,Foreign Matter,L25,test
248f29e8ecc69365c1aa1db2de8c1e65,/data/FMD_Data_26082026/fmd_temp_images/Updated ICube Objects 20260915/Foreign Matter/20260829_131428_L25_PalletGHK0829173948_Cavity9_B01BKL6_Fail7_Score(0.9963691).bmp,Foreign Matter,L25,test
2a64fa871b2348f624d7002435e15e96,/data/FMD_Data_26082026/fmd_temp_images/ICube Defects Library/Foreign Matter/20241111_231002_L25_C5_9480.bmp,Foreign Matter,L25,test
2e7226c39287432498291e76ed43f088,/data/FMD_Data_26082026/fmd_temp_images/Updated ICube Objects 20260915/Foreign Matter/20260831_235048_L25_PalletGHM0901041619_Cavity7_B01BLFD_Fail5_Score(0.963234).bmp,Foreign Matter,L25,test
3ea8ef3c481650499e8c98ee4efa1d2c,/data/FMD_Data_26082026/fmd_temp_images/Updated ICube Objects 20260915/Foreign Matter/20241109_055913_L25_PalletGHD1109084803_Cavity3_B0178KJ_Fail3_Score(0.9236628)_1.0000_0.9830.bmp,Foreign Matter,L25,test
4fe2ed194e1533ad4179d60c4c490dbb,/data/FMD_Data_26082026/fmd_temp_images/Updated ICube Objects 20260915/Foreign Matter/20260814_224827_L25_PalletGHR0815031341_Cavity15_B01BHXK_Fail4_Score(0.9491128).bmp,Foreign Matter,L25,test
542a8c56c2338873ff19d31c63917a67,/data/FMD_Data_26082026/fmd_temp_images/Updated ICube Objects 20260915/Foreign Matter/20241112_011510_L25_PalletGHJ1112040408_Cavity12_B017960_Fail6_Score(0.9801289)_1.0000_0.9977.bmp,Foreign Matter,L25,test
67558c1327ce8b2b4856b25677248d8b,/data/FMD_Data_26082026/fmd_temp_images/Updated ICube Objects 20260915/Foreign Matter/20260817_151749_L25_PalletGHJ0817194314_Cavity11_B01BJQG_Fail7_Score(0.9969783).bmp,Foreign Matter,L25,test
7ef6c1faf6eab3843da88e8624ed907b,/data/FMD_Data_26082026/fmd_temp_images/Updated ICube Objects 20260915/Foreign Matter/20241115_080645_L25_PalletGHA1115105608_Cavity10_B017968_Fail7_Score(0.9904979)_1.0000_0.9826.bmp,Foreign Matter,L25,test
8a30e9a82381a77264b9447b67dee254,/data/FMD_Data_26082026/fmd_temp_images/Updated ICube Objects 20260915/Foreign Matter/20260815_060959_L25_PalletGHD0815103505_Cavity15_B01BHXT_Fail4_Score(0.9336358).bmp,Foreign Matter,L25,test
8db517879c7e3209c86f307666661dc2,/data/FMD_Data_26082026/fmd_temp_images/Updated ICube Objects 20260915/Foreign Matter/20260816_104358_L25_PalletGHK0816150904_Cavity13_B01BH2G_Fail5_Score(0.9634584).bmp,Foreign Matter,L25,test
96954080250b51439905b0a6055292fa,/data/FMD_Data_26082026/fmd_temp_images/Updated ICube Objects 20260915/Foreign Matter/20260908_075150_L25_PalletGHD0908121654_Cavity15_B01BMMX_Fail7_Score(0.9996585).bmp,Foreign Matter,L25,test
a47eb9cd9f466809a653c4d6496d7210,/data/FMD_Data_26082026/fmd_temp_images/Updated ICube Objects 20260915/Foreign Matter/20260905_120142_L25_PalletGHO0905162731_Cavity2_B01BLL9_Fail7_Score(0.9931619).bmp,Foreign Matter,L25,test
a856da239aa52a45079fff054ae96f2d,/data/FMD_Data_26082026/fmd_temp_images/Updated ICube Objects 20260915/Foreign Matter/20260829_132133_L25_PalletGHT0829174649_Cavity12_B01BKL6_Fail3_Score(0.9229178).bmp,Foreign Matter,L25,test
b410540eca1709e08cf2c50e7a37a88b,/data/FMD_Data_26082026/fmd_temp_images/Updated ICube Objects 20260915/Foreign Matter/20260817_234421_L25_PalletGHR0818040949_Cavity13_B01BJQK_Fail3_Score(0.929528).bmp,Foreign Matter,L25,test
cceeb8f536d4bf0ea373371f68ef4214,/data/FMD_Data_26082026/fmd_temp_images/Updated ICube Objects 20260915/Foreign Matter/20260906_055242_L25_PalletGHP0906101830_Cavity1_B01BMMJ_Fail7_Score(0.9896334)_1.0000_0.9599.bmp,Foreign Matter,L25,test
cfbc9497f3d8687abf30f92c62eb8d7b,/data/FMD_Data_26082026/fmd_temp_images/Updated ICube Objects 20260915/Foreign Matter/20260901_082542_L25_PalletGHK0901125059_Cavity13_B01BKLD_Fail6_Score(0.9775651).bmp,Foreign Matter,L25,test
d4c2f835ad61e9f84298c2f990437b6b,/data/FMD_Data_26082026/fmd_temp_images/Updated ICube Objects 20260915/Foreign Matter/20260904_052317_L25_PalletGHB0904094858_Cavity15_B01BLLG_Fail3_Score(0.9296483)_0.9999_0.9509.bmp,Foreign Matter,L25,test
d5076ad48d5b0b14f09109b956742cc3,/data/FMD_Data_26082026/fmd_temp_images/Updated ICube Objects 20260915/Foreign Matter/20241110_004617_L25_PalletGHC1110033509_Cavity12_B0178KG_Fail2_Score(0.9149246)_0.9999_0.9868.bmp,Foreign Matter,L25,test
e3cd45853484fbae198544dde765720d,/data/FMD_Data_26082026/fmd_temp_images/Updated ICube Objects 20260915/Foreign Matter/20260821_220718_L25_PalletGHR0822023158_Cavity4_B01BJVF_Fail6_Score(0.9805537).bmp,Foreign Matter,L25,test
f721e33a1863893ab42cb3feb3a41386,/data/FMD_Data_26082026/fmd_temp_images/Updated ICube Objects 20260915/Foreign Matter/20241111_061117_L25_PalletGHI1111090014_Cavity4_B01795Z_Fail7_Score(0.9960083)_0.9999_0.9800.bmp,Foreign Matter,L25,test
ff940996e6303d100dcd0fb5205c237a,/data/FMD_Data_26082026/fmd_temp_images/ICube Defects Library/Foreign Matter/20241205_183611_L25_C10_9997.bmp,Foreign Matter,L25,test
040ebfd2eda60b054a989807990039bd,/data/FMD_Data_26082026/fmd_temp_images/Updated ICube Objects 20260915/Foreign Matter/20260817_191814_L25_PalletGHP0817234340_Cavity13_B01BJQJ_Fail7_Score(0.9949172).bmp,Foreign Matter,L25,train
05ba849e2b4d95c4e6e0eaa2fe6d2d74,/data/FMD_Data_26082026/fmd_temp_images/Updated ICube Objects 20260915/Foreign Matter/20260821_121039_L25_PalletGHP0821163516_Cavity9_B01BJVB_Fail7_Score(0.9993193).bmp,Foreign Matter,L25,train
08fa21328287cae03db9cc4d7b2b1f9f,/data/FMD_Data_26082026/fmd_temp_images/Updated ICube Objects 20260915/Foreign Matter/20260817_182949_L25_PalletGHJ0817225509_Cavity10_B01BJQJ_Fail6_Score(0.981462).bmp,Foreign Matter,L25,train
0da8e8ecef3012c93c290a5a40cdba05,/data/FMD_Data_26082026/fmd_temp_images/Updated ICube Objects 20260915/Foreign Matter/20241111_100918_L25_PalletGHN1111125811_Cavity7_B01795Z_Fail7_Score(0.9988584)_0.9999_0.9825.bmp,Foreign Matter,L25,train
106468cc917ea6053b6e13a9c570291a,/data/FMD_Data_26082026/fmd_temp_images/Updated ICube Objects 20260915/Foreign Matter/20241108_125737_L25_PalletGHN1108154540_Cavity6_B0178KF_Fail7_Score(0.9971023)_1.0000_0.9972.bmp,Foreign Matter,L25,train
1266b54f49de5b9aee611c0f3a100e1f,/data/FMD_Data_26082026/fmd_temp_images/Updated ICube Objects 20260915/Foreign Matter/20241113_191911_L25_PalletGHN1113220817_Cavity14_B017B2S_Fail6_Score(0.9808002)_0.9998_0.9836.bmp,Foreign Matter,L25,train
13d227c4eae44a349273637277d6c560,/data/FMD_Data_26082026/fmd_temp_images/Updated ICube Objects 20260915/Foreign Matter/20260829_170821_L25_PalletGHP0829213340_Cavity8_B01BKL6_Fail6_Score(0.9697837).bmp,Foreign Matter,L25,train
1f19021c0f65bee2121fed925267510f,/data/FMD_Data_26082026/fmd_temp_images/Updated ICube Objects 20260915/Foreign Matter/20260822_145745_L25_PalletGHU0822192233_Cavity13_B01BKW1_Fail6_Score(0.9701994).bmp,Foreign Matter,L25,train
20d89efee208b96cd208cf4035fa1efd,/data/FMD_Data_26082026/fmd_temp_images/Updated ICube Objects 20260915/Foreign Matter/20241108_172022_L25_PalletGHL1108200904_Cavity12_B0178KF_Fail2_Score(0.9161507)_0.9998_0.9962.bmp,Foreign Matter,L25,train
2345cc8e548a1fc7d75cf04083b87bb1,/data/FMD_Data_26082026/fmd_temp_images/Updated ICube Objects 20260915/Foreign Matter/20260824_115904_L25_PalletGHS0824162357_Cavity9_B01BJVP_Fail4_Score(0.9451113).bmp,Foreign Matter,L25,train
24d5926ce7b4c2af4140cbc821ad89f9,/data/FMD_Data_26082026/fmd_temp_images/Updated ICube Objects 20260915/Foreign Matter/20260905_104022_L25_PalletGHK0905150601_Cavity3_B01BLL9_Fail7_Score(0.9999922).bmp,Foreign Matter,L25,train
2524b4983a59977857e8b60208226ba0,/data/FMD_Data_26082026/fmd_temp_images/Updated ICube Objects 20260915/Foreign Matter/20241112_195328_L25_PalletGHJ1112224145_Cavity5_B017962_Fail4_Score(0.9428436)_0.9999_0.9681.bmp,Foreign Matter,L25,train
26d015208368e7243916438dd7ac0377,/data/FMD_Data_26082026/fmd_temp_images/Updated ICube Objects 20260915/Foreign Matter/20260816_110006_L25_PalletGHU0816152527_Cavity15_B01BH2G_Fail4_Score(0.9421664).bmp,Foreign Matter,L25,train
2863ed28feb1a7ddcfcdc633daf192b5,/data/FMD_Data_26082026/fmd_temp_images/Updated ICube Objects 20260915/Foreign Matter/20260825_215547_L25_PalletGHK0826022045_Cavity14_B01BJVJ_Fail7_Score(0.9938771).bmp,Foreign Matter,L25,train
2eed06cb9877fd576d87c93ae0ff732b,/data/FMD_Data_26082026/fmd_temp_images/Updated ICube Objects 20260915/Foreign Matter/20260829_103243_L25_PalletGHK0829145800_Cavity10_B01BKL6_Fail2_Score(0.9161161).bmp,Foreign Matter,L25,train
2f45a825364cffc3555c4a2be5d195c2,/data/FMD_Data_26082026/fmd_temp_images/Updated ICube Objects 20260915/Foreign Matter/20241114_191718_L25_PalletGHS1114220636_Cavity11_B01796B_Fail5_Score(0.9510602)_0.9995_0.9992.bmp,Foreign Matter,L25,train
2fae856c4eeab2de4bbb508685a824bb,/data/FMD_Data_26082026/fmd_temp_images/Updated ICube Objects 20260915/Foreign Matter/20260820_085946_L25_PalletGHP0820132505_Cavity14_B01BKQQ_Fail4_Score(0.9426992).bmp,Foreign Matter,L25,train
300ffef976ebb41aa5fa84951e12160d,/data/FMD_Data_26082026/fmd_temp_images/Updated ICube Objects 20260915/Foreign Matter/20260825_232952_L25_PalletGHF0826035455_Cavity4_B01BJVJ_Fail7_Score(0.9981141).bmp,Foreign Matter,L25,train
36dbb71e7a2ff387ccb3fd49e4e2403a,/data/FMD_Data_26082026/fmd_temp_images/Updated ICube Objects 20260915/Foreign Matter/20260902_154818_L25_PalletGHJ0902201344_Cavity14_B01BLL6_Fail6_Score(0.9814947).bmp,Foreign Matter,L25,train
3829df107c401f3a3e0260e86dd2cfcb,/data/FMD_Data_26082026/fmd_temp_images/Updated ICube Objects 20260915/Foreign Matter/20260824_134657_L25_PalletGHP0824181153_Cavity12_B01BJVP_Fail7_Score(0.9847386).bmp,Foreign Matter,L25,train
3c9f6cdbf2cfe4891e1159138196e5c1,/data/FMD_Data_26082026/fmd_temp_images/Updated ICube Objects 20260915/Foreign Matter/20260822_054011_L25_PalletGHJ0822100454_Cavity4_B01BJVG_Fail2_Score(0.9073053).bmp,Foreign Matter,L25,train
3e4691bf9ed0c85a4a95bdfa6ab08717,/data/FMD_Data_26082026/fmd_temp_images/ICube Defects Library/Foreign Matter/20241111_061612_L25_PalletGHM1111090449_Cavity6_B01795Z_Fail6_Score(0.979553).bmp,Foreign Matter,L25,train
437f6325a132c9655eba5d146709990b,/data/FMD_Data_26082026/fmd_temp_images/Updated ICube Objects 20260915/Foreign Matter/20260904_193416_L25_PalletGHO0905000000_Cavity8_B01BLXK_Fail2_Score(0.9029608).bmp,Foreign Matter,L25,train
4dd70f0f207e5e7c798a05b20d463c84,/data/FMD_Data_26082026/fmd_temp_images/Updated ICube Objects 20260915/Foreign Matter/20260904_183408_L25_PalletGHD0904225954_Cavity15_B01BLXK_Fail6_Score(0.9718261).bmp,Foreign Matter,L25,train
53c95e4ad8853fe7472fd6b553637c28,/data/FMD_Data_26082026/fmd_temp_images/Updated ICube Objects 20260915/Foreign Matter/20260816_111933_L25_PalletGHE0816154443_Cavity15_B01BH2G_Fail6_Score(0.97584).bmp,Foreign Matter,L25,train
5ef0049ebc02696bd87bc7461ac061ba,/data/FMD_Data_26082026/fmd_temp_images/Updated ICube Objects 20260915/Foreign Matter/20241114_215856_L25_PalletGHU1115004811_Cavity14_B01796B_Fail3_Score(0.9258822)_1.0000_0.9818.bmp,Foreign Matter,L25,train
625de04c2c29e14effa52b7d4ce90fb8,/data/FMD_Data_26082026/fmd_temp_images/Updated ICube Objects 20260915/Foreign Matter/20260830_151214_L25_PalletGHS0830193732_Cavity2_B01BKL8_Fail7_Score(0.9926256).bmp,Foreign Matter,L25,train
6865b7f80df611f04c93bc1493deacc3,/data/FMD_Data_26082026/fmd_temp_images/Updated ICube Objects 20260915/Foreign Matter/20260901_154747_L25_PalletGHD0901201319_Cavity7_B01BKLL_Fail6_Score(0.9823016).bmp,Foreign Matter,L25,train
6c177215a26d72bccea534c2694a37c1,/data/FMD_Data_26082026/fmd_temp_images/Updated ICube Objects 20260915/Foreign Matter/20260902_021606_L25_PalletGHR0902064138_Cavity4_B01BLL1_Fail7_Score(0.9998059).bmp,Foreign Matter,L25,train
6ce6c0c2af15ef8c26acf2158fe245df,/data/FMD_Data_26082026/fmd_temp_images/Updated ICube Objects 20260915/Foreign Matter/20260815_061355_L25_PalletGHO0815103857_Cavity6_B01BHXT_Fail5_Score(0.9664224).bmp,Foreign Matter,L25,train
6feeccade1135a6f27bbef56b09a2ffb,/data/FMD_Data_26082026/fmd_temp_images/Updated ICube Objects 20260915/Foreign Matter/20260901_073008_L25_PalletGHC0901115533_Cavity7_B01BKLB_Fail7_Score(0.9940841)_0.9993_0.9664.bmp,Foreign Matter,L25,train
79d454a6bfcf3528064edf53bb18c9a2,/data/FMD_Data_26082026/fmd_temp_images/Updated ICube Objects 20260915/Foreign Matter/20260907_180916_L25_PalletGHE0907223414_Cavity6_B01BNGS_Fail3_Score(0.9214609).bmp,Foreign Matter,L25,train
815be3fc9ccd02d63d95c2fec8a16795,/data/FMD_Data_26082026/fmd_temp_images/Updated ICube Objects 20260915/Foreign Matter/20260829_135113_L25_PalletGHQ0829181634_Cavity15_B01BKL6_Fail7_Score(0.9923041).bmp,Foreign Matter,L25,train
8911b3d17e9a6bff00be798ae881acbf,/data/FMD_Data_26082026/fmd_temp_images/Updated ICube Objects 20260915/Foreign Matter/20260829_041310_L25_PalletGHM0829083830_Cavity7_B01BKKT_Fail7_Score(0.9998923).bmp,Foreign Matter,L25,train
8b96aa45e27ea6411b0c331920eb9c93,/data/FMD_Data_26082026/fmd_temp_images/Updated ICube Objects 20260915/Foreign Matter/20241114_191856_L25_PalletGHO1114220810_Cavity3_B01796B_Fail2_Score(0.9115123)_0.9998_0.9598.bmp,Foreign Matter,L25,train
996ce1f47cd07dc7c26fd9144d6e72df,/data/FMD_Data_26082026/fmd_temp_images/Updated ICube Objects 20260915/Foreign Matter/20260829_114545_L25_PalletGHK0829161057_Cavity11_B01BKL6_Fail6_Score(0.9817747).bmp,Foreign Matter,L25,train
9a9726b1603be760d0678363ae606614,/data/FMD_Data_26082026/fmd_temp_images/Updated ICube Objects 20260915/Foreign Matter/20260818_071829_L25_PalletGHN0818114359_Cavity11_B01BJQL_Fail2_Score(0.9088078).bmp,Foreign Matter,L25,train
9ba0ee7f4d90a90076026f60b7eca34b,/data/FMD_Data_26082026/fmd_temp_images/Updated ICube Objects 20260915/Foreign Matter/20260904_091926_L25_PalletGHT0904134505_Cavity5_B01BN9M_Fail5_Score(0.9606353).bmp,Foreign Matter,L25,train
9e313777baf6bcf734cefae80d0041c2,/data/FMD_Data_26082026/fmd_temp_images/Updated ICube Objects 20260915/Foreign Matter/20260829_122043_L25_PalletGHC0829164600_Cavity3_B01BKL6_Fail7_Score(0.9994503).bmp,Foreign Matter,L25,train
ac23c56edf197b50c13ec444f51da72f,/data/FMD_Data_26082026/fmd_temp_images/Updated ICube Objects 20260915/Foreign Matter/20260826_024015_L25_PalletGHN0826070519_Cavity7_B01BJVJ_Fail4_Score(0.9345027).bmp,Foreign Matter,L25,train
acad32a9fa81c94b43b248ff15a18e44,/data/FMD_Data_26082026/fmd_temp_images/Updated ICube Objects 20260915/Foreign Matter/20241110_052712_L25_PalletGHF1110081608_Cavity7_B0178KK_Fail3_Score(0.9177684)_0.9999_0.9919.bmp,Foreign Matter,L25,train
ad8a079e24ec0876a65bc017df2842e0,/data/FMD_Data_26082026/fmd_temp_images/Updated ICube Objects 20260915/Foreign Matter/20260817_190711_L25_PalletGHB0817233230_Cavity15_B01BJQJ_Fail6_Score(0.9800532).bmp,Foreign Matter,L25,train
bcbb37357f6037774613aa04ad415cb4,/data/FMD_Data_26082026/fmd_temp_images/Updated ICube Objects 20260915/Foreign Matter/20260829_102637_L25_PalletGHC0829145012_Cavity3_B01BKL6_Fail7_Score(0.9999846).bmp,Foreign Matter,L25,train
bd0fd9cd3b4f5081b4bfbf38fdc61c74,/data/FMD_Data_26082026/fmd_temp_images/Updated ICube Objects 20260915/Foreign Matter/20260904_171330_L25_PalletGHK0904213804_Cavity6_B01BLXK_Fail4_Score(0.9444113)_0.9988_0.9758.bmp,Foreign Matter,L25,train
be7d7041f3b820b71e4eeeb4fa5176b6,/data/FMD_Data_26082026/fmd_temp_images/ICube Defects Library/Foreign Matter/20241116_175629_L25_C15_9999.bmp,Foreign Matter,L25,train
c57a8a7697616d538e50047aac8adc2a,/data/FMD_Data_26082026/fmd_temp_images/Updated ICube Objects 20260915/Foreign Matter/20260831_104257_L25_PalletGHI0831150817_Cavity6_B01BKLP_Fail7_Score(0.9947221).bmp,Foreign Matter,L25,train
c657dfa1943a21cbf587ad482117c106,/data/FMD_Data_26082026/fmd_temp_images/Updated ICube Objects 20260915/Foreign Matter/20260904_064009_L25_PalletGHM0904110542_Cavity9_B01BN9M_Fail5_Score(0.9592344).bmp,Foreign Matter,L25,train
ca3bf1bd701fe1402f3f43113d66b2f4,/data/FMD_Data_26082026/fmd_temp_images/Updated ICube Objects 20260915/Foreign Matter/20260821_170829_L25_PalletGHB0821213302_Cavity11_B01BJVF_Fail4_Score(0.942642).bmp,Foreign Matter,L25,train
cc231694563ec11522cfc68a4ccde0b9,/data/FMD_Data_26082026/fmd_temp_images/Updated ICube Objects 20260915/Foreign Matter/20260905_191650_L25_PalletGHG0905234236_Cavity12_B01BMMH_Fail7_Score(0.9836126).bmp,Foreign Matter,L25,train
d67e31515ec06c5240d788e283b5db7b,/data/FMD_Data_26082026/fmd_temp_images/ICube Defects Library/Foreign Matter/20241108_200518_L25_PalletGHH1108225405_Cavity15_B0178KF_Fail2_Score(0.9000862).bmp,Foreign Matter,L25,train
d8eec00e5dbc398f21fea4abea8bc3a4,/data/FMD_Data_26082026/fmd_temp_images/Updated ICube Objects 20260915/Foreign Matter/20260830_032203_L25_PalletGHN0830074720_Cavity1_B01BKL5_Fail7_Score(0.9877098).bmp,Foreign Matter,L25,train
db94b39bffdb2202a8807f8214201387,/data/FMD_Data_26082026/fmd_temp_images/ICube Defects Library/Foreign Matter/20241111_014722_L25_PalletGHU1111043619_Cavity1_B017963_Fail4_Score(0.9414496).bmp,Foreign Matter,L25,train
e04a843f735d5e5137fc1c51718f5f79,/data/FMD_Data_26082026/fmd_temp_images/Updated ICube Objects 20260915/Foreign Matter/20260816_195305_L25_PalletGHR0817001715_Cavity3_B01BHXH_Fail7_Score(0.9999976).bmp,Foreign Matter,L25,train
e33a7a058cb94cd5a3e01fe080f6f6ff,/data/FMD_Data_26082026/fmd_temp_images/Updated ICube Objects 20260915/Foreign Matter/20241111_142843_L25_PalletGHB1111171734_Cavity12_B017960_Fail3_Score(0.9277997)_0.9999_0.9532.bmp,Foreign Matter,L25,train
eefa3be0fb9f18d0f129cf628b6fef72,/data/FMD_Data_26082026/fmd_temp_images/Updated ICube Objects 20260915/Foreign Matter/20241113_201548_L25_PalletGHH1113230455_Cavity1_B017B2S_Fail6_Score(0.9700077)_0.9998_0.9944.bmp,Foreign Matter,L25,train
efaf53dca0acad7601d4571d0004c094,/data/FMD_Data_26082026/fmd_temp_images/Updated ICube Objects 20260915/Foreign Matter/20260817_160752_L25_PalletGHP0817203313_Cavity12_B01BJQG_Fail7_Score(0.9958413).bmp,Foreign Matter,L25,train
f054d9cc04c6bfeaf08a1a4cd25c3b1e,/data/FMD_Data_26082026/fmd_temp_images/Updated ICube Objects 20260915/Foreign Matter/20260903_155329_L25_PalletGHF0903201905_Cavity9_B01BLL4_Fail6_Score(0.980283)_1.0000_0.9881.bmp,Foreign Matter,L25,train
f7da90377119065c635a362d36103b13,/data/FMD_Data_26082026/fmd_temp_images/Updated ICube Objects 20260915/Foreign Matter/20260815_061036_L25_PalletGHK0815103531_Cavity15_B01BHXT_Fail7_Score(0.9992968).bmp,Foreign Matter,L25,train
fa83fd5b6a3c7a75e9132fc7c1e01ac8,/data/FMD_Data_26082026/fmd_temp_images/Updated ICube Objects 20260915/Foreign Matter/20260903_001906_L25_PalletGHM0903044446_Cavity6_B01BKLN_Fail2_Score(0.910073)_0.9999_0.9776.bmp,Foreign Matter,L25,train
17c759185e9e16220fb37ac6e6b23eca,/data/FMD_Data_26082026/fmd_temp_images/Updated ICube Categorical Classes 20260915/HEMA Obstruction/20260831_213706_L25_PalletGHP0901020115_Cavity6_B01BLFD_Fail7_Score(0.9998717).bmp,HEMA Obstruction,L25,test
3154693bc9974d34a013f7ac4ff65282,/data/FMD_Data_26082026/fmd_temp_images/Updated ICube Categorical Classes 20260915/HEMA Obstruction/20260906_071406_L25_PalletGHP0906113954_Cavity8_B01BMMJ_Fail7_Score(0.9999412).bmp,HEMA Obstruction,L25,test
61695e2136d2170fe7561422a8fe7cfb,/data/FMD_Data_26082026/fmd_temp_images/Updated ICube Categorical Classes 20260915/HEMA Obstruction/20260823_231957_L25_PalletGHI0824034449_Cavity6_B01BKVR_Fail7_Score(0.9998646).bmp,HEMA Obstruction,L25,test
7b76c763d3431201aa104d0b142821ed,/data/FMD_Data_26082026/fmd_temp_images/Updated ICube Categorical Classes 20260915/HEMA Obstruction/20260815_173730_L25_PalletGHJ0815220242_Cavity9_B01BHX8_Fail6_Score(0.9696782).bmp,HEMA Obstruction,L25,test
e9fd1508f21791396555d7de2693be48,/data/FMD_Data_26082026/fmd_temp_images/Updated ICube Categorical Classes 20260915/HEMA Obstruction/20260901_012253_L25_PalletGHU0901054822_Cavity13_B01BLFD_Fail7_Score(0.9985929).bmp,HEMA Obstruction,L25,test
0d889c21932e019dfa426f278de97c54,/data/FMD_Data_26082026/fmd_temp_images/Updated ICube Categorical Classes 20260915/HEMA Obstruction/20260815_090019_L25_PalletGHF0815132530_Cavity13_B01BH2N_Fail7_Score(0.9990994).bmp,HEMA Obstruction,L25,train
1f1d25fcccfd252f0f4acfd748c229e8,/data/FMD_Data_26082026/fmd_temp_images/Updated ICube Categorical Classes 20260915/HEMA Obstruction/20260908_051456_L25_PalletGHS0908093957_Cavity7_B01BMMX_Fail4_Score(0.9347529).bmp,HEMA Obstruction,L25,train
33548ae631b6591ba9a7b5d0dc7bf3fd,/data/FMD_Data_26082026/fmd_temp_images/Updated ICube Categorical Classes 20260915/HEMA Obstruction/20260827_163521_L25_PalletGHF0827210026_Cavity15_B01BKKZ_Fail7_Score(0.9958364).bmp,HEMA Obstruction,L25,train
762edf34b90d1e6ba6f55f1ce1a9c715,/data/FMD_Data_26082026/fmd_temp_images/Updated ICube Categorical Classes 20260915/HEMA Obstruction/20260901_173657_L25_PalletGHE0901220226_Cavity7_B01BKLL_Fail7_Score(0.9998338).bmp,HEMA Obstruction,L25,train
82fb2016248a343ea92ba0675c4184f9,/data/FMD_Data_26082026/fmd_temp_images/Updated ICube Categorical Classes 20260915/HEMA Obstruction/20260816_114518_L25_PalletGHJ0816161037_Cavity6_B01BH2G_Fail6_Score(0.9715915).bmp,HEMA Obstruction,L25,train
8bf0b1888a9b24d5e68f434ea4e2924e,/data/FMD_Data_26082026/fmd_temp_images/Updated ICube Categorical Classes 20260915/HEMA Obstruction/20260817_042608_L25_PalletGHO0817085126_Cavity10_B01BHXV_Fail6_Score(0.96907).bmp,HEMA Obstruction,L25,train
a4f37e1e3f46b380b90bcc3d524bb1cb,/data/FMD_Data_26082026/fmd_temp_images/Updated ICube Categorical Classes 20260915/HEMA Obstruction/20260818_085547_L25_PalletGHS0818132112_Cavity6_B01BJQL_Fail7_Score(0.9993052).bmp,HEMA Obstruction,L25,train
bce14e01cad7cd18649ce706ead7430c,/data/FMD_Data_26082026/fmd_temp_images/ICube Defects Library/HEMA Obstruction/20241118_100852_L25_C11_9342.bmp,HEMA Obstruction,L25,train
bf306c495307ac782a25d04891b96fd9,/data/FMD_Data_26082026/fmd_temp_images/Updated ICube Categorical Classes 20260915/HEMA Obstruction/20260830_035302_L25_PalletGHF0830081825_Cavity7_B01BKL5_Fail7_Score(0.991506).bmp,HEMA Obstruction,L25,train
cdb1379262c74d4b00c6d6163ad78db3,/data/FMD_Data_26082026/fmd_temp_images/Updated ICube Categorical Classes 20260915/HEMA Obstruction/20260901_013239_L25_PalletGHH0901055807_Cavity2_B01BLFD_Fail2_Score(0.9102011).bmp,HEMA Obstruction,L25,train
d523ae42ee7b1f29a3e053298763fcd9,/data/FMD_Data_26082026/fmd_temp_images/ICube Defects Library/HEMA Obstruction/20241215_032623_L25_C6_9919.bmp,HEMA Obstruction,L25,train
e3146cbfb31952019193cf1eac4f3c7b,/data/FMD_Data_26082026/fmd_temp_images/ICube Defects Library/HEMA Obstruction/20241215_013346_L25_C10_9892.bmp,HEMA Obstruction,L25,train
eceb96f3e4caa3cb20ea8a0ba65e2535,/data/FMD_Data_26082026/fmd_temp_images/Updated ICube Categorical Classes 20260915/HEMA Obstruction/20260817_202755_L25_PalletGHE0818005318_Cavity15_B01BJQK_Fail7_Score(0.9999847).bmp,HEMA Obstruction,L25,train
0ac53a682b4d5ac2a7bbf7ac26631486,/data/FMD_Data_26082026/fmd_temp_images/ICube Defects Library/Lens Off Center/20241211_180816_L25_C14_9997.bmp,Lens Off Center,L25,test
9b1c9f630463a487057ad5d162506bdb,/data/FMD_Data_26082026/fmd_temp_images/Updated ICube Categorical Classes 20260915/Lens Off Center/20241110_194101_L25_C1_9902.bmp,Lens Off Center,L25,test
241b1574e8f8b662b355a99aa5f41e7c,/data/FMD_Data_26082026/fmd_temp_images/Updated ICube Categorical Classes 20260915/Lens Off Center/20241206_215544_L25_C3_9924.bmp,Lens Off Center,L25,train
c09d74017cebea9b0f6e81852eff0d19,/data/FMD_Data_26082026/fmd_temp_images/Updated ICube Categorical Classes 20260915/Lens Off Center/20241206_213816_L25_C14_9945.bmp,Lens Off Center,L25,train
c845cce60b1b8a07c65eeb94802fe557,/data/FMD_Data_26082026/fmd_temp_images/Updated ICube Categorical Classes 20260915/Lens Off Center/20260908_173255_L25_PalletGHI0908215751_Cavity5_B01BMN0_Fail7_Score(0.9974829).bmp,Lens Off Center,L25,train
4fd7ba635862b7fdf22e623b717bbf17,/data/FMD_Data_26082026/fmd_temp_images/ICube Defects Library/Missing Lens/20241110_182644_L25_C15_9819.bmp,Missing Lens,L25,test
aa0db22e62df9bcbc295153904d2a03e,/data/FMD_Data_26082026/fmd_temp_images/ICube Defects Library/Missing Lens/20241113_183156_L25_PalletGHL1113211955_Cavity1_B017B2S_Fail7_Score(0.9983299).bmp,Missing Lens,L25,test
1fb284dc3825f55833c81e96ab25ac22,/data/FMD_Data_26082026/fmd_temp_images/ICube Defects Library/Missing Lens/20241109_061409_L25_C5_9955.bmp,Missing Lens,L25,train
62a5fcdea492a0bf90bcaec12211de9f,/data/FMD_Data_26082026/fmd_temp_images/ICube Defects Library/Missing Lens/20241109_061409_L25_C11_9352.bmp,Missing Lens,L25,train
b9e4fc526309fcc0da61918833773b18,/data/FMD_Data_26082026/fmd_temp_images/ICube Defects Library/Missing Lens/20241113_183539_L25_PalletGHE1113212349_Cavity15_B017B2S_Fail7_Score(0.9946725).bmp,Missing Lens,L25,train
ef7c1abbd1947ad1c62a7245975db1e5,/data/FMD_Data_26082026/fmd_temp_images/Updated ICube Categorical Classes 20260915/Missing Lens/20260903_054923_L25_PalletGHN0903101333_Cavity13_B01BLKZ_Fail7_Score(0.9954867).bmp,Missing Lens,L25,train
005f3f82aa033f665f44aa7a99d76726,/data/FMD_Data_26082026/fmd_temp_images/Updated ICube Categorical Classes 20260915/Missing Primary Package/20241207_080249_L25_C10_9991.bmp,Missing Primary Package,L25,test
01a760517aac6663998b2b7ded8a7339,/data/FMD_Data_26082026/fmd_temp_images/Updated ICube Categorical Classes 20260915/Missing Primary Package/20241205_064054_L25_C1_9992.bmp,Missing Primary Package,L25,test
095502a6db3050ffdf2ea26d67a502cb,/data/FMD_Data_26082026/fmd_temp_images/Updated ICube Categorical Classes 20260915/Missing Primary Package/20241206_201257_L25_C15_9913.bmp,Missing Primary Package,L25,test
0a7829c0ad872ed1e8b02224f16edf76,/data/FMD_Data_26082026/fmd_temp_images/Updated ICube Categorical Classes 20260915/Missing Primary Package/20241207_074644_L25_C9_9997.bmp,Missing Primary Package,L25,test
0e8e3f58ec8bd4ba9d009b60de25f05c,/data/FMD_Data_26082026/fmd_temp_images/Updated ICube Categorical Classes 20260915/Missing Primary Package/20241206_082601_L25_C15_9973.bmp,Missing Primary Package,L25,test
10854206682fa3defe39bc061bb90a36,/data/FMD_Data_26082026/fmd_temp_images/Updated ICube Categorical Classes 20260915/Missing Primary Package/20241206_183438_L25_C11_9925.bmp,Missing Primary Package,L25,test
115d7a902d8c63d7c2a73258ebdb231e,/data/FMD_Data_26082026/fmd_temp_images/Updated ICube Categorical Classes 20260915/Missing Primary Package/20241115_035459_L25_C9_9773.bmp,Missing Primary Package,L25,test
116dd70c166887b220c540baf3df3b21,/data/FMD_Data_26082026/fmd_temp_images/Updated ICube Categorical Classes 20260915/Missing Primary Package/20241115_035459_L25_C8_9829.bmp,Missing Primary Package,L25,test
121c4d707fc5fc77e887954a6384c4ac,/data/FMD_Data_26082026/fmd_temp_images/Updated ICube Categorical Classes 20260915/Missing Primary Package/20241114_083220_L25_C9_9786.bmp,Missing Primary Package,L25,test
2047cec0d1372bf4272c74056c22d37f,/data/FMD_Data_26082026/fmd_temp_images/Updated ICube Categorical Classes 20260915/Missing Primary Package/20241206_182724_L25_C8_9997.bmp,Missing Primary Package,L25,test
222e34405a2e226bcb60822409a3d6b2,/data/FMD_Data_26082026/fmd_temp_images/Updated ICube Categorical Classes 20260915/Missing Primary Package/20241112_230801_L25_C13_9978.bmp,Missing Primary Package,L25,test
2893e8a4770e32eecd3312d9e0f27b19,/data/FMD_Data_26082026/fmd_temp_images/Updated ICube Categorical Classes 20260915/Missing Primary Package/20241215_130856_L25_C14_9905.bmp,Missing Primary Package,L25,test
28f15d713cc7ad4e9ff6dc80e21fa73a,/data/FMD_Data_26082026/fmd_temp_images/Updated ICube Categorical Classes 20260915/Missing Primary Package/20241207_080822_L25_C9_9990.bmp,Missing Primary Package,L25,test
333a14e8a4727ed0e9d70112b1ee2f50,/data/FMD_Data_26082026/fmd_temp_images/Updated ICube Categorical Classes 20260915/Missing Primary Package/20241214_100734_L25_C1_9933.bmp,Missing Primary Package,L25,test
3399667fa6d08c47abef5eeae75f6c9f,/data/FMD_Data_26082026/fmd_temp_images/Updated ICube Categorical Classes 20260915/Missing Primary Package/20241211_224717_L25_C13_9649.bmp,Missing Primary Package,L25,test
37bdb099e63b6cd04b2339b489529dd4,/data/FMD_Data_26082026/fmd_temp_images/Updated ICube Categorical Classes 20260915/Missing Primary Package/20241206_203301_L25_C6_9684.bmp,Missing Primary Package,L25,test
3b446a2d050f20509beacf3d904f662e,/data/FMD_Data_26082026/fmd_temp_images/Updated ICube Categorical Classes 20260915/Missing Primary Package/20241207_083618_L25_C10_9993.bmp,Missing Primary Package,L25,test
4001c7f068fb83308b8200a80c836faa,/data/FMD_Data_26082026/fmd_temp_images/Updated ICube Categorical Classes 20260915/Missing Primary Package/20241207_085839_L25_C10_9992.bmp,Missing Primary Package,L25,test
41e42d6efe1f7463dd18f82cf1eff8b9,/data/FMD_Data_26082026/fmd_temp_images/Updated ICube Categorical Classes 20260915/Missing Primary Package/20241206_214827_L25_C7_9966.bmp,Missing Primary Package,L25,test
444d03ab860988e07ecda7b746042534,/data/FMD_Data_26082026/fmd_temp_images/Updated ICube Categorical Classes 20260915/Missing Primary Package/20241206_203145_L25_C11_9856.bmp,Missing Primary Package,L25,test
474d1e8f9303743ac349d062ab81093b,/data/FMD_Data_26082026/fmd_temp_images/Updated ICube Categorical Classes 20260915/Missing Primary Package/20241204_142307_L25_C5_9992.bmp,Missing Primary Package,L25,test
48174175c54967bd8f206ebe9e5b6abd,/data/FMD_Data_26082026/fmd_temp_images/Updated ICube Categorical Classes 20260915/Missing Primary Package/20241114_083220_L25_C14_9918.bmp,Missing Primary Package,L25,test
530bffe5358fc1a526977e244ee7d6c7,/data/FMD_Data_26082026/fmd_temp_images/Updated ICube Categorical Classes 20260915/Missing Primary Package/20241215_130902_L25_C15_9997.bmp,Missing Primary Package,L25,test
5446c82fdffa3294c131d57af8f52f44,/data/FMD_Data_26082026/fmd_temp_images/Updated ICube Categorical Classes 20260915/Missing Primary Package/20241207_083949_L25_C5_9996.bmp,Missing Primary Package,L25,test
55d7c2a35bacbea02475c8678d9e0058,/data/FMD_Data_26082026/fmd_temp_images/Updated ICube Categorical Classes 20260915/Missing Primary Package/20241207_083618_L25_C9_9995.bmp,Missing Primary Package,L25,test
5989dfb920c68fb384b21b54f2df0ec9,/data/FMD_Data_26082026/fmd_temp_images/Updated ICube Categorical Classes 20260915/Missing Primary Package/20241213_133933_L25_C2_9996.bmp,Missing Primary Package,L25,test
70490e66527b0ff8f0c3f8967bee771f,/data/FMD_Data_26082026/fmd_temp_images/Updated ICube Categorical Classes 20260915/Missing Primary Package/20241113_141655_L25_C1_9988.bmp,Missing Primary Package,L25,test
72fca5c360d6eb62a8e01a6db7886e78,/data/FMD_Data_26082026/fmd_temp_images/Updated ICube Categorical Classes 20260915/Missing Primary Package/20241214_130247_L25_C15_9993.bmp,Missing Primary Package,L25,test
742f95ae9f4745fcc815bc71979144cd,/data/FMD_Data_26082026/fmd_temp_images/Updated ICube Categorical Classes 20260915/Missing Primary Package/20241113_093705_L25_C1_9965.bmp,Missing Primary Package,L25,test
7ed5e36897530d29c78f09f9f4bc3380,/data/FMD_Data_26082026/fmd_temp_images/Updated ICube Categorical Classes 20260915/Missing Primary Package/20241110_025639_L25_C8_9981.bmp,Missing Primary Package,L25,test
80388b70376c55c491308f42a30eca3f,/data/FMD_Data_26082026/fmd_temp_images/Updated ICube Categorical Classes 20260915/Missing Primary Package/20241206_225542_L25_C1_9817.bmp,Missing Primary Package,L25,test
8be8801b11d7066fc2ab22afba28ca82,/data/FMD_Data_26082026/fmd_temp_images/Updated ICube Categorical Classes 20260915/Missing Primary Package/20241207_074644_L25_C8_9999.bmp,Missing Primary Package,L25,test
8c791406e484898732c1e09dba4d7c2d,/data/FMD_Data_26082026/fmd_temp_images/Updated ICube Categorical Classes 20260915/Missing Primary Package/20241117_130618_L25_C4_9561.bmp,Missing Primary Package,L25,test
966111104fddfe70e9bcd3f93ff47a32,/data/FMD_Data_26082026/fmd_temp_images/Updated ICube Categorical Classes 20260915/Missing Primary Package/20241205_030915_L25_C8_9993.bmp,Missing Primary Package,L25,test
986adf3153d41b35d378051b4589e07b,/data/FMD_Data_26082026/fmd_temp_images/Updated ICube Categorical Classes 20260915/Missing Primary Package/20241206_181738_L25_C13_9961.bmp,Missing Primary Package,L25,test
9d93319fa657d66c74b9f55c695581d3,/data/FMD_Data_26082026/fmd_temp_images/Updated ICube Categorical Classes 20260915/Missing Primary Package/20241207_072840_L25_C8_9994.bmp,Missing Primary Package,L25,test
9f297938a22a9a57c3d68974bfef282c,/data/FMD_Data_26082026/fmd_temp_images/Updated ICube Categorical Classes 20260915/Missing Primary Package/20241206_225550_L25_C14_9952.bmp,Missing Primary Package,L25,test
a39e2223b2a2eee33b826c7f54a96021,/data/FMD_Data_26082026/fmd_temp_images/Updated ICube Categorical Classes 20260915/Missing Primary Package/20241207_080325_L25_C5_9995.bmp,Missing Primary Package,L25,test
a9059dac873c8804565e4aec89083c94,/data/FMD_Data_26082026/fmd_temp_images/Updated ICube Categorical Classes 20260915/Missing Primary Package/20241207_072840_L25_C7_9995.bmp,Missing Primary Package,L25,test
af585ea39af5f36411d3fcb8ef70c6ff,/data/FMD_Data_26082026/fmd_temp_images/Updated ICube Categorical Classes 20260915/Missing Primary Package/20241115_035459_L25_C12_9121.bmp,Missing Primary Package,L25,test
b55911ee0ea30466f5e0d1168d8faa0c,/data/FMD_Data_26082026/fmd_temp_images/Updated ICube Categorical Classes 20260915/Missing Primary Package/20241206_181509_L25_C10_9998.bmp,Missing Primary Package,L25,test
b5ec515307736e11325babf8787630df,/data/FMD_Data_26082026/fmd_temp_images/Updated ICube Categorical Classes 20260915/Missing Primary Package/20241212_154204_L25_C4_9998.bmp,Missing Primary Package,L25,test
b9d17f4821632db77a9da92b1c830c19,/data/FMD_Data_26082026/fmd_temp_images/Updated ICube Categorical Classes 20260915/Missing Primary Package/20241112_230801_L25_C14_9995.bmp,Missing Primary Package,L25,test
ba6a23caf2d8c4a75afbfbfa6c694fe9,/data/FMD_Data_26082026/fmd_temp_images/Updated ICube Categorical Classes 20260915/Missing Primary Package/20241113_194441_L25_C8_9651.bmp,Missing Primary Package,L25,test
bdaef0e34176ecec96fffacdc596dbf8,/data/FMD_Data_26082026/fmd_temp_images/Updated ICube Categorical Classes 20260915/Missing Primary Package/20241213_152953_L25_C2_9986.bmp,Missing Primary Package,L25,test
be40abd09629c8c0af02aef44934b434,/data/FMD_Data_26082026/fmd_temp_images/Updated ICube Categorical Classes 20260915/Missing Primary Package/20241117_175006_L25_C9_9995.bmp,Missing Primary Package,L25,test
bf58c66017327fddc490f4fd5d3316da,/data/FMD_Data_26082026/fmd_temp_images/Updated ICube Categorical Classes 20260915/Missing Primary Package/20241207_080249_L25_C11_9998.bmp,Missing Primary Package,L25,test
c2239b553b69cd5f7d1f0422acd7147f,/data/FMD_Data_26082026/fmd_temp_images/Updated ICube Categorical Classes 20260915/Missing Primary Package/20241206_192314_L25_C13_9955.bmp,Missing Primary Package,L25,test
cadbee733b1c5eae37710ec77ba0ee4f,/data/FMD_Data_26082026/fmd_temp_images/Updated ICube Categorical Classes 20260915/Missing Primary Package/20241206_203531_L25_C13_9593.bmp,Missing Primary Package,L25,test
cdfd49dc9f3393d879b5cd45ccf6af26,/data/FMD_Data_26082026/fmd_temp_images/Updated ICube Categorical Classes 20260915/Missing Primary Package/20241207_082449_L25_C5_9997.bmp,Missing Primary Package,L25,test
d6c6dec19b36a621c66fa7ecd80fcb36,/data/FMD_Data_26082026/fmd_temp_images/Updated ICube Categorical Classes 20260915/Missing Primary Package/20241113_194441_L25_C10_9231.bmp,Missing Primary Package,L25,test
d8f50d6ec21770e2836fc6aafb0dbed3,/data/FMD_Data_26082026/fmd_temp_images/Updated ICube Categorical Classes 20260915/Missing Primary Package/20241207_072807_L25_C8_9995.bmp,Missing Primary Package,L25,test
e6d0f1467c573b03ed510df459655f22,/data/FMD_Data_26082026/fmd_temp_images/Updated ICube Categorical Classes 20260915/Missing Primary Package/20241206_203251_L25_C2_9605.bmp,Missing Primary Package,L25,test
e6d65f060d93c8d376cd7d698e31369c,/data/FMD_Data_26082026/fmd_temp_images/Updated ICube Categorical Classes 20260915/Missing Primary Package/20241212_154140_L25_C10_9998.bmp,Missing Primary Package,L25,test
e9ce18805862468b49fcc72541c21051,/data/FMD_Data_26082026/fmd_temp_images/Updated ICube Categorical Classes 20260915/Missing Primary Package/20241207_080001_L25_C8_9993.bmp,Missing Primary Package,L25,test
eb617a56ca65ae537629ca9bd589282c,/data/FMD_Data_26082026/fmd_temp_images/Updated ICube Categorical Classes 20260915/Missing Primary Package/20241116_105015_L25_C12_9999.bmp,Missing Primary Package,L25,test
f991e2175fb37e969e965f960f3f62b9,/data/FMD_Data_26082026/fmd_temp_images/Updated ICube Categorical Classes 20260915/Missing Primary Package/20241116_040630_L25_C14_9138.bmp,Missing Primary Package,L25,test
00b28302385ca19b527fdf2f2cb40e4e,/data/FMD_Data_26082026/fmd_temp_images/Updated ICube Categorical Classes 20260915/Missing Primary Package/20241116_105010_L25_C3_9967.bmp,Missing Primary Package,L25,train
01fe8f2facec8b4aa2fdffcc6db6122b,/data/FMD_Data_26082026/fmd_temp_images/Updated ICube Categorical Classes 20260915/Missing Primary Package/20241114_083220_L25_C8_9848.bmp,Missing Primary Package,L25,train
022d7783d889cddfc75e471c970b7fc4,/data/FMD_Data_26082026/fmd_temp_images/Updated ICube Categorical Classes 20260915/Missing Primary Package/20241206_190224_L25_C1_9971.bmp,Missing Primary Package,L25,train
02ec1571d84260dff3394c707dcf28fc,/data/FMD_Data_26082026/fmd_temp_images/Updated ICube Categorical Classes 20260915/Missing Primary Package/20241110_065055_L25_C9_9937.bmp,Missing Primary Package,L25,train
035598f90a589be5587636fb223e637f,/data/FMD_Data_26082026/fmd_temp_images/Updated ICube Categorical Classes 20260915/Missing Primary Package/20241114_083220_L25_C12_9960.bmp,Missing Primary Package,L25,train
05e843789f0c099846cc1e723e9d3e2e,/data/FMD_Data_26082026/fmd_temp_images/Updated ICube Categorical Classes 20260915/Missing Primary Package/20241207_083618_L25_C11_9992.bmp,Missing Primary Package,L25,train
06a51d64f3a36aacc71e7ffe391b4559,/data/FMD_Data_26082026/fmd_temp_images/Updated ICube Categorical Classes 20260915/Missing Primary Package/20241204_235754_L25_C1_9876.bmp,Missing Primary Package,L25,train
07ad42ee8faacd6218dcab385f206a9a,/data/FMD_Data_26082026/fmd_temp_images/Updated ICube Categorical Classes 20260915/Missing Primary Package/20241206_214919_L25_C7_9904.bmp,Missing Primary Package,L25,train
0a51756d8a0eac9f098582c531f6156e,/data/FMD_Data_26082026/fmd_temp_images/Updated ICube Categorical Classes 20260915/Missing Primary Package/20241207_064331_L25_C9_9998.bmp,Missing Primary Package,L25,train
0d6277aedb7f53a3f6293715730bdd41,/data/FMD_Data_26082026/fmd_temp_images/Updated ICube Categorical Classes 20260915/Missing Primary Package/20241206_181703_L25_C10_9997.bmp,Missing Primary Package,L25,train
11173e87465bbffe6c1e4093e7ffb71f,/data/FMD_Data_26082026/fmd_temp_images/Updated ICube Categorical Classes 20260915/Missing Primary Package/20241207_132620_L25_C1_9873.bmp,Missing Primary Package,L25,train
1214976834d932515fd32cb7a140aa0c,/data/FMD_Data_26082026/fmd_temp_images/Updated ICube Categorical Classes 20260915/Missing Primary Package/20241205_115156_L25_C1_9989.bmp,Missing Primary Package,L25,train
13600ffcec1b366961e7f835ebc41fea,/data/FMD_Data_26082026/fmd_temp_images/Updated ICube Categorical Classes 20260915/Missing Primary Package/20241205_012445_L25_C1_9966.bmp,Missing Primary Package,L25,train
13c18333567dcdfe55e27eb14ffcb088,/data/FMD_Data_26082026/fmd_temp_images/Updated ICube Categorical Classes 20260915/Missing Primary Package/20241213_094229_L25_C10_9965.bmp,Missing Primary Package,L25,train
167b42caa43fd600ec2fe744030e5e2a,/data/FMD_Data_26082026/fmd_temp_images/Updated ICube Categorical Classes 20260915/Missing Primary Package/20241206_174612_L25_C9_9987.bmp,Missing Primary Package,L25,train
1a4882138c26eabe041d806655646dbc,/data/FMD_Data_26082026/fmd_temp_images/Updated ICube Categorical Classes 20260915/Missing Primary Package/20241206_185726_L25_C13_9753.bmp,Missing Primary Package,L25,train
1af67c01326163e39eda8ff425c6721f,/data/FMD_Data_26082026/fmd_temp_images/Updated ICube Categorical Classes 20260915/Missing Primary Package/20241206_214827_L25_C6_9989.bmp,Missing Primary Package,L25,train
1c9f2ae926b424cabb3c2333eec71d09,/data/FMD_Data_26082026/fmd_temp_images/Updated ICube Categorical Classes 20260915/Missing Primary Package/20241115_035459_L25_C10_9214.bmp,Missing Primary Package,L25,train
1e14b0c5d41138b1f4dbb373e5e19cdc,/data/FMD_Data_26082026/fmd_temp_images/Updated ICube Categorical Classes 20260915/Missing Primary Package/20241213_153020_L25_C3_9987.bmp,Missing Primary Package,L25,train
1e15ed167dc4bf5731bfe61a6b9fedee,/data/FMD_Data_26082026/fmd_temp_images/Updated ICube Categorical Classes 20260915/Missing Primary Package/20241206_204453_L25_C15_9625.bmp,Missing Primary Package,L25,train
1e7c267098209720f1f98dc6b5a3f11c,/data/FMD_Data_26082026/fmd_temp_images/Updated ICube Categorical Classes 20260915/Missing Primary Package/20241206_185726_L25_C10_9852.bmp,Missing Primary Package,L25,train
2058aa5c746ab0a209d43eed9b9f2f67,/data/FMD_Data_26082026/fmd_temp_images/Updated ICube Categorical Classes 20260915/Missing Primary Package/20241207_074644_L25_C7_9998.bmp,Missing Primary Package,L25,train
2186f9a3b108a6ec3330b01397e69c68,/data/FMD_Data_26082026/fmd_temp_images/Updated ICube Categorical Classes 20260915/Missing Primary Package/20241206_201155_L25_C1_9098.bmp,Missing Primary Package,L25,train
2290acdcd9f866c7c7c899f436fa0259,/data/FMD_Data_26082026/fmd_temp_images/Updated ICube Categorical Classes 20260915/Missing Primary Package/20241207_082508_L25_C6_9998.bmp,Missing Primary Package,L25,train
23aa300d70af705660a578222369c5bb,/data/FMD_Data_26082026/fmd_temp_images/Updated ICube Categorical Classes 20260915/Missing Primary Package/20241206_211701_L25_C3_9866.bmp,Missing Primary Package,L25,train
24bee6cea7f614730c4cb49ab3880146,/data/FMD_Data_26082026/fmd_temp_images/Updated ICube Categorical Classes 20260915/Missing Primary Package/20241213_091211_L25_C10_9996.bmp,Missing Primary Package,L25,train
2729cbff045f6a03e95b6e02e86cd331,/data/FMD_Data_26082026/fmd_temp_images/Updated ICube Categorical Classes 20260915/Missing Primary Package/20241207_080001_L25_C5_9993.bmp,Missing Primary Package,L25,train
286f8c0de91ae98f1c62868f79f80267,/data/FMD_Data_26082026/fmd_temp_images/Updated ICube Categorical Classes 20260915/Missing Primary Package/20241112_230801_L25_C15_9975.bmp,Missing Primary Package,L25,train
2a409fb14e89c1088a3ee54a89d22263,/data/FMD_Data_26082026/fmd_temp_images/Updated ICube Categorical Classes 20260915/Missing Primary Package/20241206_203500_L25_C11_9682.bmp,Missing Primary Package,L25,train
2b3549247746b7517872a945e6b2a70b,/data/FMD_Data_26082026/fmd_temp_images/Updated ICube Categorical Classes 20260915/Missing Primary Package/20241206_225550_L25_C15_9975.bmp,Missing Primary Package,L25,train
2c0f27fb66bc386399d45dbd7d04fa42,/data/FMD_Data_26082026/fmd_temp_images/Updated ICube Categorical Classes 20260915/Missing Primary Package/20241115_035459_L25_C4_9464.bmp,Missing Primary Package,L25,train
2d648804d251ce5b2fe33e0ba28e1b8c,/data/FMD_Data_26082026/fmd_temp_images/Updated ICube Categorical Classes 20260915/Missing Primary Package/20241206_192319_L25_C2_9996.bmp,Missing Primary Package,L25,train
3207555d0a97c8b6c6549583530102fd,/data/FMD_Data_26082026/fmd_temp_images/Updated ICube Categorical Classes 20260915/Missing Primary Package/20241206_181653_L25_C13_9990.bmp,Missing Primary Package,L25,train
32ef556cabfb7d239e3bad3b721643e0,/data/FMD_Data_26082026/fmd_temp_images/Updated ICube Categorical Classes 20260915/Missing Primary Package/20241206_191828_L25_C1_9992.bmp,Missing Primary Package,L25,train
361416f4f54354631961f8257d6ca63e,/data/FMD_Data_26082026/fmd_temp_images/Updated ICube Categorical Classes 20260915/Missing Primary Package/20241206_181542_L25_C11_9941.bmp,Missing Primary Package,L25,train
367675af5826a13fdc750038b58a3792,/data/FMD_Data_26082026/fmd_temp_images/Updated ICube Categorical Classes 20260915/Missing Primary Package/20241207_080249_L25_C12_9999.bmp,Missing Primary Package,L25,train
3730b0ebb3e311de3b1424f12aa9645d,/data/FMD_Data_26082026/fmd_temp_images/Updated ICube Categorical Classes 20260915/Missing Primary Package/20241206_181558_L25_C11_9983.bmp,Missing Primary Package,L25,train
3a8b550a76967f22dcbea790c7a7fef2,/data/FMD_Data_26082026/fmd_temp_images/Updated ICube Categorical Classes 20260915/Missing Primary Package/20241115_035459_L25_C6_9459.bmp,Missing Primary Package,L25,train
3b33b60f68a013aa6b1be7d899eea32d,/data/FMD_Data_26082026/fmd_temp_images/Updated ICube Categorical Classes 20260915/Missing Primary Package/20241109_230346_L25_C12_9993.bmp,Missing Primary Package,L25,train
3bb8fd5cd8c1691067915d6579ffd01c,/data/FMD_Data_26082026/fmd_temp_images/Updated ICube Categorical Classes 20260915/Missing Primary Package/20241205_071839_L25_C1_9999.bmp,Missing Primary Package,L25,train
3bdf7f0889f5ef014284a495c216fe30,/data/FMD_Data_26082026/fmd_temp_images/Updated ICube Categorical Classes 20260915/Missing Primary Package/20241207_055525_L25_C1_9945.bmp,Missing Primary Package,L25,train
3d09b9e6a097efac74ac6115c5cbd75f,/data/FMD_Data_26082026/fmd_temp_images/Updated ICube Categorical Classes 20260915/Missing Primary Package/20241117_212305_L25_C9_9999.bmp,Missing Primary Package,L25,train
3dcf3f45054a1e781564121e0252ed53,/data/FMD_Data_26082026/fmd_temp_images/Updated ICube Categorical Classes 20260915/Missing Primary Package/20241109_230329_L25_C9_9993.bmp,Missing Primary Package,L25,train
441263ec0f93c7f5e00df4cddee63da3,/data/FMD_Data_26082026/fmd_temp_images/Updated ICube Categorical Classes 20260915/Missing Primary Package/20241205_175704_L25_C13_9999.bmp,Missing Primary Package,L25,train
44a510b343296fc2b720d2cf47886c65,/data/FMD_Data_26082026/fmd_temp_images/Updated ICube Categorical Classes 20260915/Missing Primary Package/20241204_231514_L25_C1_9966.bmp,Missing Primary Package,L25,train
4706f8c25e542f2168ac602a504d3ab8,/data/FMD_Data_26082026/fmd_temp_images/Updated ICube Categorical Classes 20260915/Missing Primary Package/20241206_181553_L25_C11_9994.bmp,Missing Primary Package,L25,train
4be4443dff1497cd964b3dc31bc14f4c,/data/FMD_Data_26082026/fmd_temp_images/Updated ICube Categorical Classes 20260915/Missing Primary Package/20241116_180008_L25_C5_9998.bmp,Missing Primary Package,L25,train
4cc3b1c85181f5222866ccd7d80ded19,/data/FMD_Data_26082026/fmd_temp_images/Updated ICube Categorical Classes 20260915/Missing Primary Package/20241121_134117_L25_C6_9108.bmp,Missing Primary Package,L25,train
4d9756a0fac2921578b44c8c3dc8dc8b,/data/FMD_Data_26082026/fmd_temp_images/Updated ICube Categorical Classes 20260915/Missing Primary Package/20241207_043042_L25_C14_9993.bmp,Missing Primary Package,L25,train
4ef79dc74af8703250b500932b028ba1,/data/FMD_Data_26082026/fmd_temp_images/Updated ICube Categorical Classes 20260915/Missing Primary Package/20241206_201546_L25_C15_9967.bmp,Missing Primary Package,L25,train
5102c23cfa868edf2d754f774ed4e7cf,/data/FMD_Data_26082026/fmd_temp_images/Updated ICube Categorical Classes 20260915/Missing Primary Package/20241206_181743_L25_C13_9971.bmp,Missing Primary Package,L25,train
537d826eaece377249864d2320a67501,/data/FMD_Data_26082026/fmd_temp_images/Updated ICube Categorical Classes 20260915/Missing Primary Package/20241213_133943_L25_C2_9997.bmp,Missing Primary Package,L25,train
5661a333123ea2f397906fed78c4b753,/data/FMD_Data_26082026/fmd_temp_images/Updated ICube Categorical Classes 20260915/Missing Primary Package/20241121_134112_L25_C7_9364.bmp,Missing Primary Package,L25,train
5771c319a3c58c1ba80b675aac4e2466,/data/FMD_Data_26082026/fmd_temp_images/Updated ICube Categorical Classes 20260915/Missing Primary Package/20241113_190759_L25_C8_9702.bmp,Missing Primary Package,L25,train
580d15a84d53887bc13dc1b65decadd1,/data/FMD_Data_26082026/fmd_temp_images/Updated ICube Categorical Classes 20260915/Missing Primary Package/20241206_203126_L25_C2_9763.bmp,Missing Primary Package,L25,train
5b39a523c07dcbde715ab8fa2bad901c,/data/FMD_Data_26082026/fmd_temp_images/Updated ICube Categorical Classes 20260915/Missing Primary Package/20241207_030448_L25_C11_9977.bmp,Missing Primary Package,L25,train
5d1eb1e56ec0707191ba158a2da38877,/data/FMD_Data_26082026/fmd_temp_images/Updated ICube Categorical Classes 20260915/Missing Primary Package/20241207_081311_L25_C10_9999.bmp,Missing Primary Package,L25,train
5d9dd758c4fc574ce0350ca31a709d6f,/data/FMD_Data_26082026/fmd_temp_images/Updated ICube Categorical Classes 20260915/Missing Primary Package/20241206_191942_L25_C6_9996.bmp,Missing Primary Package,L25,train
5eb884b19d81499d27af272ac63155a2,/data/FMD_Data_26082026/fmd_temp_images/Updated ICube Categorical Classes 20260915/Missing Primary Package/20241115_035459_L25_C7_9546.bmp,Missing Primary Package,L25,train
5fd4847d1967e3617a33671f243feac5,/data/FMD_Data_26082026/fmd_temp_images/Updated ICube Categorical Classes 20260915/Missing Primary Package/20241115_035459_L25_C15_9795.bmp,Missing Primary Package,L25,train
62e3a1781f1cc9f3ac70eba222b4858b,/data/FMD_Data_26082026/fmd_temp_images/Updated ICube Categorical Classes 20260915/Missing Primary Package/20241206_182946_L25_C5_9928.bmp,Missing Primary Package,L25,train
654dde16db10d4163eff9f3b730efea2,/data/FMD_Data_26082026/fmd_temp_images/Updated ICube Categorical Classes 20260915/Missing Primary Package/20241213_152953_L25_C15_9991.bmp,Missing Primary Package,L25,train
6602b73e71a7b3cd94fbb3466285db8c,/data/FMD_Data_26082026/fmd_temp_images/Updated ICube Categorical Classes 20260915/Missing Primary Package/20241215_151709_L25_C10_9971.bmp,Missing Primary Package,L25,train
669595113349c2b5f333cc9ea69363bb,/data/FMD_Data_26082026/fmd_temp_images/Updated ICube Categorical Classes 20260915/Missing Primary Package/20241112_155414_L25_C8_9897.bmp,Missing Primary Package,L25,train
66f3147dc537a48171b2ae5ef0656ada,/data/FMD_Data_26082026/fmd_temp_images/Updated ICube Categorical Classes 20260915/Missing Primary Package/20241206_181749_L25_C14_9947.bmp,Missing Primary Package,L25,train
68b990609aadf5299615005301302975,/data/FMD_Data_26082026/fmd_temp_images/Updated ICube Categorical Classes 20260915/Missing Primary Package/20241117_065431_L25_C6_9995.bmp,Missing Primary Package,L25,train
68fb454080d5e19e5fe215bbf5b018da,/data/FMD_Data_26082026/fmd_temp_images/Updated ICube Categorical Classes 20260915/Missing Primary Package/20241113_072629_L25_C1_9433.bmp,Missing Primary Package,L25,train
6a06eb19b6f828bca9a06da858104ec6,/data/FMD_Data_26082026/fmd_temp_images/Updated ICube Categorical Classes 20260915/Missing Primary Package/20241206_184240_L25_C5_9919.bmp,Missing Primary Package,L25,train
6c868b6b40585a20e05b450364476477,/data/FMD_Data_26082026/fmd_temp_images/Updated ICube Categorical Classes 20260915/Missing Primary Package/20241207_065343_L25_C7_9996.bmp,Missing Primary Package,L25,train
6c90531f4b922d48685f7c2c84b151a3,/data/FMD_Data_26082026/fmd_temp_images/Updated ICube Categorical Classes 20260915/Missing Primary Package/20241115_035459_L25_C5_9766.bmp,Missing Primary Package,L25,train
6ce01684c8c65084afe7a645bd773878,/data/FMD_Data_26082026/fmd_temp_images/Updated ICube Categorical Classes 20260915/Missing Primary Package/20241206_203505_L25_C11_9611.bmp,Missing Primary Package,L25,train
6da270987c1e29628e714530f0f27915,/data/FMD_Data_26082026/fmd_temp_images/Updated ICube Categorical Classes 20260915/Missing Primary Package/20241215_130850_L25_C9_9984.bmp,Missing Primary Package,L25,train
70108743bccb1bf1758719d47fba8233,/data/FMD_Data_26082026/fmd_temp_images/Updated ICube Categorical Classes 20260915/Missing Primary Package/20241206_202918_L25_C10_9885.bmp,Missing Primary Package,L25,train
72ec1e7426241051ee3f573145c980eb,/data/FMD_Data_26082026/fmd_temp_images/Updated ICube Categorical Classes 20260915/Missing Primary Package/20241213_152958_L25_C2_9990.bmp,Missing Primary Package,L25,train
73b48bd82718289b84d35a2c4468f123,/data/FMD_Data_26082026/fmd_temp_images/Updated ICube Categorical Classes 20260915/Missing Primary Package/20241121_135149_L25_C14_9939.bmp,Missing Primary Package,L25,train
78657ebfd97ea5e00af87763a47065df,/data/FMD_Data_26082026/fmd_temp_images/Updated ICube Categorical Classes 20260915/Missing Primary Package/20241212_154148_L25_C10_9998.bmp,Missing Primary Package,L25,train
7c0d7623d636d5e8fb8734e30c8d83ea,/data/FMD_Data_26082026/fmd_temp_images/Updated ICube Categorical Classes 20260915/Missing Primary Package/20241114_083220_L25_C15_9856.bmp,Missing Primary Package,L25,train
7cfac8787476a1ce8cbd6aea31bba4e6,/data/FMD_Data_26082026/fmd_temp_images/Updated ICube Categorical Classes 20260915/Missing Primary Package/20241207_064331_L25_C8_9994.bmp,Missing Primary Package,L25,train
8180e9c662fdfb1758b2cde05604eaec,/data/FMD_Data_26082026/fmd_temp_images/Updated ICube Categorical Classes 20260915/Missing Primary Package/20241206_181658_L25_C10_9983.bmp,Missing Primary Package,L25,train
81eff8fa0b17695f13d2ff83237b178f,/data/FMD_Data_26082026/fmd_temp_images/Updated ICube Categorical Classes 20260915/Missing Primary Package/20241206_204833_L25_C10_9639.bmp,Missing Primary Package,L25,train
84b7d3b6a65f92bcca507e52eb0f39e4,/data/FMD_Data_26082026/fmd_temp_images/Updated ICube Categorical Classes 20260915/Missing Primary Package/20241115_035459_L25_C11_9761.bmp,Missing Primary Package,L25,train
85aadf3d33a1426c3b2efbdd67dbbd3c,/data/FMD_Data_26082026/fmd_temp_images/Updated ICube Categorical Classes 20260915/Missing Primary Package/20241206_204520_L25_C3_9187.bmp,Missing Primary Package,L25,train
8a383f2c7e127567ddce88f5fba3bf1b,/data/FMD_Data_26082026/fmd_temp_images/Updated ICube Categorical Classes 20260915/Missing Primary Package/20241114_083220_L25_C11_9876.bmp,Missing Primary Package,L25,train
8b25bee5d4591704d7be4a17359e6efe,/data/FMD_Data_26082026/fmd_temp_images/Updated ICube Categorical Classes 20260915/Missing Primary Package/20241207_080325_L25_C4_9965.bmp,Missing Primary Package,L25,train
8bbed6f5af8dd6d2ac12f05cb96f5490,/data/FMD_Data_26082026/fmd_temp_images/Updated ICube Categorical Classes 20260915/Missing Primary Package/20241207_064856_L25_C15_9998.bmp,Missing Primary Package,L25,train
901855bc6a60f83d08513762ae964d66,/data/FMD_Data_26082026/fmd_temp_images/Updated ICube Categorical Classes 20260915/Missing Primary Package/20241207_080822_L25_C8_9993.bmp,Missing Primary Package,L25,train
91fc70fd1cf9d9c3a3c9ddc9ae217fe7,/data/FMD_Data_26082026/fmd_temp_images/Updated ICube Categorical Classes 20260915/Missing Primary Package/20241206_203227_L25_C12_9563.bmp,Missing Primary Package,L25,train
95453763f77f49c12e05d1656ff46986,/data/FMD_Data_26082026/fmd_temp_images/Updated ICube Categorical Classes 20260915/Missing Primary Package/20241206_183709_L25_C10_9838.bmp,Missing Primary Package,L25,train
9637cf735fea6479108a0d238db3f775,/data/FMD_Data_26082026/fmd_temp_images/Updated ICube Categorical Classes 20260915/Missing Primary Package/20241115_035459_L25_C13_9443.bmp,Missing Primary Package,L25,train
97cfd3a0f289ed88e2d2036d0776d434,/data/FMD_Data_26082026/fmd_temp_images/Updated ICube Categorical Classes 20260915/Missing Primary Package/20241207_085552_L25_C10_9986.bmp,Missing Primary Package,L25,train
98bccfc20b500f19bef3a1aca7745b5c,/data/FMD_Data_26082026/fmd_temp_images/Updated ICube Categorical Classes 20260915/Missing Primary Package/20241212_154148_L25_C1_9998.bmp,Missing Primary Package,L25,train
9a66a407bc0b9b0579250e3c3597493e,/data/FMD_Data_26082026/fmd_temp_images/Updated ICube Categorical Classes 20260915/Missing Primary Package/20241111_194834_L25_C8_9999.bmp,Missing Primary Package,L25,train
9cadf3233fe3bd6e79959491d529f17a,/data/FMD_Data_26082026/fmd_temp_images/Updated ICube Categorical Classes 20260915/Missing Primary Package/20241206_203456_L25_C11_9917.bmp,Missing Primary Package,L25,train
9e4319f62ce04b57237aa50313b64328,/data/FMD_Data_26082026/fmd_temp_images/Updated ICube Categorical Classes 20260915/Missing Primary Package/20241206_184700_L25_C9_9538.bmp,Missing Primary Package,L25,train
9f3fee3185d0631c273e988f16bd386b,/data/FMD_Data_26082026/fmd_temp_images/Updated ICube Categorical Classes 20260915/Missing Primary Package/20241213_133938_L25_C2_9993.bmp,Missing Primary Package,L25,train
9fae1f4f0b92344497aabd8c92d66408,/data/FMD_Data_26082026/fmd_temp_images/Updated ICube Categorical Classes 20260915/Missing Primary Package/20241205_050858_L25_C1_9987.bmp,Missing Primary Package,L25,train
a8e2be74789efd5c329126ea8dd90844,/data/FMD_Data_26082026/fmd_temp_images/Updated ICube Categorical Classes 20260915/Missing Primary Package/20241215_051638_L25_C12_9910.bmp,Missing Primary Package,L25,train
abb9d5be29862b5ab97289e2e4ae7ac7,/data/FMD_Data_26082026/fmd_temp_images/Updated ICube Categorical Classes 20260915/Missing Primary Package/20241114_083220_L25_C13_9883.bmp,Missing Primary Package,L25,train
ad38c236dc389c0834c0af648d08df01,/data/FMD_Data_26082026/fmd_temp_images/Updated ICube Categorical Classes 20260915/Missing Primary Package/20241207_080001_L25_C6_9992.bmp,Missing Primary Package,L25,train
b36c3a990134861c682e956b2a66d509,/data/FMD_Data_26082026/fmd_temp_images/Updated ICube Categorical Classes 20260915/Missing Primary Package/20241109_060728_L25_C6_9285.bmp,Missing Primary Package,L25,train
b45e790025a8d38e46a2d801571f92fa,/data/FMD_Data_26082026/fmd_temp_images/Updated ICube Categorical Classes 20260915/Missing Primary Package/20241214_084854_L25_C9_9988.bmp,Missing Primary Package,L25,train
b669d65cc18fa29c2b481cc929d959e1,/data/FMD_Data_26082026/fmd_temp_images/Updated ICube Categorical Classes 20260915/Missing Primary Package/20241206_191612_L25_C3_9940.bmp,Missing Primary Package,L25,train
be3dfabb6a8141026aad33c49d769501,/data/FMD_Data_26082026/fmd_temp_images/Updated ICube Categorical Classes 20260915/Missing Primary Package/20241115_105119_L25_C5_9470.bmp,Missing Primary Package,L25,train
c12383a12c17c70a0d48fed1c98a91db,/data/FMD_Data_26082026/fmd_temp_images/Updated ICube Categorical Classes 20260915/Missing Primary Package/20241120_125242_L25_C1_9999.bmp,Missing Primary Package,L25,train
c16a468d0d1e1b6ea4411a9ebc77deb2,/data/FMD_Data_26082026/fmd_temp_images/Updated ICube Categorical Classes 20260915/Missing Primary Package/20241206_160924_L25_C6_9999.bmp,Missing Primary Package,L25,train
c225f11c86455998974a67d67f854571,/data/FMD_Data_26082026/fmd_temp_images/Updated ICube Categorical Classes 20260915/Missing Primary Package/20241206_201458_L25_C12_9974.bmp,Missing Primary Package,L25,train
c3dbd11ff9707f911d28845b328c7beb,/data/FMD_Data_26082026/fmd_temp_images/Updated ICube Categorical Classes 20260915/Missing Primary Package/20241206_214919_L25_C5_9933.bmp,Missing Primary Package,L25,train
c451449dfec3b30c35b1906875f8bb59,/data/FMD_Data_26082026/fmd_temp_images/Updated ICube Categorical Classes 20260915/Missing Primary Package/20241112_230801_L25_C12_9883.bmp,Missing Primary Package,L25,train
c9018a1eb49069386eb7ead9c29371c5,/data/FMD_Data_26082026/fmd_temp_images/Updated ICube Categorical Classes 20260915/Missing Primary Package/20241213_152941_L25_C13_9993.bmp,Missing Primary Package,L25,train
caa2f087aca00664fa3adb059bd4c265,/data/FMD_Data_26082026/fmd_temp_images/Updated ICube Categorical Classes 20260915/Missing Primary Package/20241113_194441_L25_C12_9537.bmp,Missing Primary Package,L25,train
cc15f889efa04ef48eec1c51734f6532,/data/FMD_Data_26082026/fmd_temp_images/Updated ICube Categorical Classes 20260915/Missing Primary Package/20241114_110159_L25_C5_9987.bmp,Missing Primary Package,L25,train
cfe8c85cfef7dbd289e0e0557b693ec6,/data/FMD_Data_26082026/fmd_temp_images/Updated ICube Categorical Classes 20260915/Missing Primary Package/20241206_184654_L25_C9_9928.bmp,Missing Primary Package,L25,train
d1595f9822bc80139d67c0922fa4cc46,/data/FMD_Data_26082026/fmd_temp_images/Updated ICube Categorical Classes 20260915/Missing Primary Package/20241113_184910_L25_C15_9960.bmp,Missing Primary Package,L25,train
d19fe1e02b1e64745316478248a9f803,/data/FMD_Data_26082026/fmd_temp_images/Updated ICube Categorical Classes 20260915/Missing Primary Package/20241204_233209_L25_C8_9950.bmp,Missing Primary Package,L25,train
d1bb199d4544334a0f612a120da02e74,/data/FMD_Data_26082026/fmd_temp_images/Updated ICube Categorical Classes 20260915/Missing Primary Package/20241206_201428_L25_C8_9981.bmp,Missing Primary Package,L25,train
d1db24254c7b00d46908a0ad12d1c428,/data/FMD_Data_26082026/fmd_temp_images/Updated ICube Categorical Classes 20260915/Missing Primary Package/20241113_190726_L25_C15_9885.bmp,Missing Primary Package,L25,train
d2446e05e1a06d522c096270add51536,/data/FMD_Data_26082026/fmd_temp_images/Updated ICube Categorical Classes 20260915/Missing Primary Package/20241206_192248_L25_C4_9978.bmp,Missing Primary Package,L25,train
d391277c8f721370ae974802f01b30c3,/data/FMD_Data_26082026/fmd_temp_images/Updated ICube Categorical Classes 20260915/Missing Primary Package/20241205_021420_L25_C1_9983.bmp,Missing Primary Package,L25,train
d42dd2e87fba4945859ba7b5423306a1,/data/FMD_Data_26082026/fmd_temp_images/Updated ICube Categorical Classes 20260915/Missing Primary Package/20241206_072326_L25_C1_9449.bmp,Missing Primary Package,L25,train
dae848ecb29f8a479adeec6a95655733,/data/FMD_Data_26082026/fmd_temp_images/Updated ICube Categorical Classes 20260915/Missing Primary Package/20241204_202111_L25_C1_9891.bmp,Missing Primary Package,L25,train
e0f7f96aec513957e0252385f5a29e2b,/data/FMD_Data_26082026/fmd_temp_images/Updated ICube Categorical Classes 20260915/Missing Primary Package/20241111_072730_L25_C10_9887.bmp,Missing Primary Package,L25,train
e794ef1944d234903d0f9ae7fd02f4df,/data/FMD_Data_26082026/fmd_temp_images/Updated ICube Categorical Classes 20260915/Missing Primary Package/20241206_191348_L25_C4_9957.bmp,Missing Primary Package,L25,train
e8d8458fa51f5e2c46bd1aa8609e8fbb,/data/FMD_Data_26082026/fmd_temp_images/Updated ICube Categorical Classes 20260915/Missing Primary Package/20241205_193132_L25_C1_9820.bmp,Missing Primary Package,L25,train
e96c6a042c92bae3098e8bef48da64be,/data/FMD_Data_26082026/fmd_temp_images/Updated ICube Categorical Classes 20260915/Missing Primary Package/20241207_054036_L25_C9_9997.bmp,Missing Primary Package,L25,train
eb5a156ee051ecdd7c8397e66c9931cf,/data/FMD_Data_26082026/fmd_temp_images/Updated ICube Categorical Classes 20260915/Missing Primary Package/20241207_080325_L25_C6_9994.bmp,Missing Primary Package,L25,train
f0322aeb4a1b01ccba71657ba957b22d,/data/FMD_Data_26082026/fmd_temp_images/Updated ICube Categorical Classes 20260915/Missing Primary Package/20241206_182717_L25_C8_9989.bmp,Missing Primary Package,L25,train
f10d88890edc01518d875e5e0287cad1,/data/FMD_Data_26082026/fmd_temp_images/Updated ICube Categorical Classes 20260915/Missing Primary Package/20241212_154134_L25_C9_9999.bmp,Missing Primary Package,L25,train
f1ccff804bb672132a421aa0f7d97849,/data/FMD_Data_26082026/fmd_temp_images/Updated ICube Categorical Classes 20260915/Missing Primary Package/20241206_184125_L25_C15_9957.bmp,Missing Primary Package,L25,train
f2a30a0924973195ac0c23b81935f8ba,/data/FMD_Data_26082026/fmd_temp_images/Updated ICube Categorical Classes 20260915/Missing Primary Package/20241114_083220_L25_C10_9868.bmp,Missing Primary Package,L25,train
f9052b7a7dce9bd78fa8b1e3cfeac246,/data/FMD_Data_26082026/fmd_temp_images/Updated ICube Categorical Classes 20260915/Missing Primary Package/20241121_115334_L25_C8_9639.bmp,Missing Primary Package,L25,train
fa1a4c13d6e064178f1214b57cfc62d2,/data/FMD_Data_26082026/fmd_temp_images/Updated ICube Categorical Classes 20260915/Missing Primary Package/20241112_173431_L25_C10_9886.bmp,Missing Primary Package,L25,train
fb7b915462a0c09c36d4939050416292,/data/FMD_Data_26082026/fmd_temp_images/Updated ICube Categorical Classes 20260915/Missing Primary Package/20241207_080001_L25_C7_9992.bmp,Missing Primary Package,L25,train
00b10549ca0609e79a14f53beba65cec,/data/FMD_Data_26082026/fmd_temp_images/Updated ICube Categorical Classes 20260915/Multiple Lenses/20241121_174541_L25_C13_9999.bmp,Multiple Lenses,L25,test
1254f2ce1d632ab431611059dbf45190,/data/FMD_Data_26082026/fmd_temp_images/Updated ICube Categorical Classes 20260915/Multiple Lenses/20260821_073413_L25_PalletGHP0821115741_Cavity4_B01BJV8_Fail7_Score(0.999891).bmp,Multiple Lenses,L25,test
12e8e1ac2d8f898533a57c4bfc2a827c,/data/FMD_Data_26082026/fmd_temp_images/Updated ICube Categorical Classes 20260915/Multiple Lenses/20241118_060506_L25_C12_9450.bmp,Multiple Lenses,L25,test
13811756d2ac499b303a6fea27af11de,/data/FMD_Data_26082026/fmd_temp_images/Updated ICube Categorical Classes 20260915/Multiple Lenses/20260831_054836_L25_PalletGHA0831101243_Cavity13_B01BKLP_Fail5_Score(0.960058).bmp,Multiple Lenses,L25,test
139f5e804bb67731c6ba397a2fee0793,/data/FMD_Data_26082026/fmd_temp_images/Updated ICube Categorical Classes 20260915/Multiple Lenses/20260820_032553_L25_PalletGHH0820075122_Cavity14_B01BKQQ_Fail7_Score(0.9905629).bmp,Multiple Lenses,L25,test
1bb234d75d2a7edd51941c576f69471d,/data/FMD_Data_26082026/fmd_temp_images/Updated ICube Categorical Classes 20260915/Multiple Lenses/20260819_182815_L25_PalletGHE0819225203_Cavity4_B01BJV5_Fail7_Score(0.9982448).bmp,Multiple Lenses,L25,test
1e10d4ffd2be32fc422ebc2fd9b0468c,/data/FMD_Data_26082026/fmd_temp_images/Updated ICube Categorical Classes 20260915/Multiple Lenses/20241122_071329_L25_C13_9849.bmp,Multiple Lenses,L25,test
253872b21f472119c333308f725cbb80,/data/FMD_Data_26082026/fmd_temp_images/Updated ICube Categorical Classes 20260915/Multiple Lenses/20241205_235336_L25_C5_9809.bmp,Multiple Lenses,L25,test
2576c3accb88496f054a310fb4abed0b,/data/FMD_Data_26082026/fmd_temp_images/Updated ICube Categorical Classes 20260915/Multiple Lenses/20241210_120509_L25_C9_9998.bmp,Multiple Lenses,L25,test
2993aceab69731c00a6e8e1e4bdee5ff,/data/FMD_Data_26082026/fmd_temp_images/Updated ICube Categorical Classes 20260915/Multiple Lenses/20241212_180603_L25_C6_9995.bmp,Multiple Lenses,L25,test
2e252c028d92b9eb9b92d74b0829f069,/data/FMD_Data_26082026/fmd_temp_images/Updated ICube Categorical Classes 20260915/Multiple Lenses/20241206_063251_L25_C8_9580.bmp,Multiple Lenses,L25,test
2ee08240b9dd5573929edbd9127f6e52,/data/FMD_Data_26082026/fmd_temp_images/Updated ICube Categorical Classes 20260915/Multiple Lenses/20260825_183653_L25_PalletGHC0825225932_Cavity10_B01BJVP_Fail7_Score(0.9995976).bmp,Multiple Lenses,L25,test
30dde2ea87c7cc5670d83a002731481f,/data/FMD_Data_26082026/fmd_temp_images/Updated ICube Categorical Classes 20260915/Multiple Lenses/20241119_181609_L25_C4_9935.bmp,Multiple Lenses,L25,test
316525695d6c9d0ec8d06c7f968e0154,/data/FMD_Data_26082026/fmd_temp_images/Updated ICube Categorical Classes 20260915/Multiple Lenses/20260814_185329_L25_PalletGHR0814231651_Cavity2_B01BHXG_Fail7_Score(0.9958881).bmp,Multiple Lenses,L25,test
3305032fe8b2572c98cd8aef70004661,/data/FMD_Data_26082026/fmd_temp_images/Updated ICube Categorical Classes 20260915/Multiple Lenses/20260825_183653_L25_PalletGHC0825225932_Cavity6_B01BJVP_Fail6_Score(0.9693652).bmp,Multiple Lenses,L25,test
3493a9d38b8394507f0aba1516aee62b,/data/FMD_Data_26082026/fmd_temp_images/Updated ICube Categorical Classes 20260915/Multiple Lenses/20241214_041622_L25_C13_9803.bmp,Multiple Lenses,L25,test
385e38f95b8bdb17fda5ceb2d009723a,/data/FMD_Data_26082026/fmd_temp_images/Updated ICube Categorical Classes 20260915/Multiple Lenses/20260824_085603_L25_PalletGHR0824132048_Cavity4_B01BJVP_Fail7_Score(0.9957139).bmp,Multiple Lenses,L25,test
40130ee576a7e4d1f4311c9253b61015,/data/FMD_Data_26082026/fmd_temp_images/Updated ICube Categorical Classes 20260915/Multiple Lenses/20241114_163520_L25_C4_9101.bmp,Multiple Lenses,L25,test
40592813435d5a81baccc7588802ae8a,/data/FMD_Data_26082026/fmd_temp_images/Updated ICube Categorical Classes 20260915/Multiple Lenses/20260815_183557_L25_PalletGHA0815230114_Cavity1_B01BHX8_Fail7_Score(0.9998264).bmp,Multiple Lenses,L25,test
40a23707d98ad501c0902ac70c3d4b93,/data/FMD_Data_26082026/fmd_temp_images/Updated ICube Categorical Classes 20260915/Multiple Lenses/20241122_054333_L25_C9_9985.bmp,Multiple Lenses,L25,test
41e9341949e4e1d83c91098751298116,/data/FMD_Data_26082026/fmd_temp_images/Updated ICube Categorical Classes 20260915/Multiple Lenses/20241212_111326_L25_C2_9968.bmp,Multiple Lenses,L25,test
428b0c54245bb11ded1d76a424b93997,/data/FMD_Data_26082026/fmd_temp_images/Updated ICube Categorical Classes 20260915/Multiple Lenses/20260819_041311_L25_PalletGHG0819083845_Cavity10_B01BJV2_Fail7_Score(1).bmp,Multiple Lenses,L25,test
468ce621d4ec62b18ef8024f4d6baf96,/data/FMD_Data_26082026/fmd_temp_images/Updated ICube Categorical Classes 20260915/Multiple Lenses/20241120_231934_L25_C9_9880.bmp,Multiple Lenses,L25,test
4bf29d1499e160e472790abb2dc83e99,/data/FMD_Data_26082026/fmd_temp_images/Updated ICube Categorical Classes 20260915/Multiple Lenses/20241211_190654_L25_C10_9973.bmp,Multiple Lenses,L25,test
4d4d44f5a950c0e5ef51244c935b7b1d,/data/FMD_Data_26082026/fmd_temp_images/Updated ICube Categorical Classes 20260915/Multiple Lenses/20260902_174544_L25_PalletGHE0902220939_Cavity4_B01BKLK_Fail5_Score(0.9553605).bmp,Multiple Lenses,L25,test
5100cf0c7c077bed1da31be242bcf623,/data/FMD_Data_26082026/fmd_temp_images/Updated ICube Categorical Classes 20260915/Multiple Lenses/20241122_055232_L25_C1_9727.bmp,Multiple Lenses,L25,test
5b6312ffd453938b6d171391805b1c48,/data/FMD_Data_26082026/fmd_temp_images/Updated ICube Categorical Classes 20260915/Multiple Lenses/20260831_125127_L25_PalletGHU0831171655_Cavity3_B01BKLH_Fail7_Score(0.9975958).bmp,Multiple Lenses,L25,test
5d629061c11c5451fcd1be65c0d31290,/data/FMD_Data_26082026/fmd_temp_images/Updated ICube Categorical Classes 20260915/Multiple Lenses/20241205_200209_L25_C6_9916.bmp,Multiple Lenses,L25,test
607cf30db7b512ddd1955c7bc320cb0a,/data/FMD_Data_26082026/fmd_temp_images/Updated ICube Categorical Classes 20260915/Multiple Lenses/20241207_134730_L25_C10_9374.bmp,Multiple Lenses,L25,test
616f51b75edbb88331fbcb05b5cd60ec,/data/FMD_Data_26082026/fmd_temp_images/Updated ICube Categorical Classes 20260915/Multiple Lenses/20260817_011834_L25_PalletGHR0817054318_Cavity12_B01BJPF_Fail7_Score(0.9986242).bmp,Multiple Lenses,L25,test
647c023ba14c68b1d13e33e2e35d1804,/data/FMD_Data_26082026/fmd_temp_images/Updated ICube Categorical Classes 20260915/Multiple Lenses/20241121_102820_L25_C11_9879.bmp,Multiple Lenses,L25,test
699c80f8f92b5225e406b98e3580ea1c,/data/FMD_Data_26082026/fmd_temp_images/Updated ICube Categorical Classes 20260915/Multiple Lenses/20241110_001629_L25_C15_9871.bmp,Multiple Lenses,L25,test
6eb3f3aaab4f6385cf806cf81106471d,/data/FMD_Data_26082026/fmd_temp_images/Updated ICube Categorical Classes 20260915/Multiple Lenses/20260824_181158_L25_PalletGHC0824223449_Cavity8_B01BJVP_Fail7_Score(0.9988697).bmp,Multiple Lenses,L25,test
7495069edf35d7428d1b6010d17fc319,/data/FMD_Data_26082026/fmd_temp_images/Updated ICube Categorical Classes 20260915/Multiple Lenses/20241207_065208_L25_C11_9964.bmp,Multiple Lenses,L25,test
770688785dd68df44b3b3065c00c7149,/data/FMD_Data_26082026/fmd_temp_images/Updated ICube Categorical Classes 20260915/Multiple Lenses/20241206_231236_L25_C7_9199.bmp,Multiple Lenses,L25,test
8160a113b15992d82e8346ab547db72d,/data/FMD_Data_26082026/fmd_temp_images/Updated ICube Categorical Classes 20260915/Multiple Lenses/20260822_174203_L25_PalletGHP0822220529_Cavity3_B01BKW1_Fail7_Score(0.9907039).bmp,Multiple Lenses,L25,test
8394a1067438097184d945870f1e2f21,/data/FMD_Data_26082026/fmd_temp_images/Updated ICube Categorical Classes 20260915/Multiple Lenses/20241215_144851_L25_C6_9946.bmp,Multiple Lenses,L25,test
83d37936422c25bf13b8afa09d43cd9b,/data/FMD_Data_26082026/fmd_temp_images/Updated ICube Categorical Classes 20260915/Multiple Lenses/20260820_190619_L25_PalletGHJ0820232831_Cavity13_B01BJV8_Fail3_Score(0.9298537).bmp,Multiple Lenses,L25,test
8abbb6e2e80148448e278676c4bf0af7,/data/FMD_Data_26082026/fmd_temp_images/Updated ICube Categorical Classes 20260915/Multiple Lenses/20260824_181158_L25_PalletGHC0824223449_Cavity12_B01BJVP_Fail7_Score(0.9948675).bmp,Multiple Lenses,L25,test
8b86e522bd581bc8ec76077e6920cd79,/data/FMD_Data_26082026/fmd_temp_images/Updated ICube Categorical Classes 20260915/Multiple Lenses/20241207_180243_L25_C14_9999.bmp,Multiple Lenses,L25,test
90556adb775e95b43be48ecb0d014fa2,/data/FMD_Data_26082026/fmd_temp_images/Updated ICube Categorical Classes 20260915/Multiple Lenses/20241206_030510_L25_C13_9931.bmp,Multiple Lenses,L25,test
916b7583aaed5294a87674bcc0881d24,/data/FMD_Data_26082026/fmd_temp_images/Updated ICube Categorical Classes 20260915/Multiple Lenses/20260828_174601_L25_PalletGHR0828220841_Cavity4_B01BKL1_Fail4_Score(0.9416395).bmp,Multiple Lenses,L25,test
96fe0f25f00fed8f240b75c4093604ee,/data/FMD_Data_26082026/fmd_temp_images/Updated ICube Categorical Classes 20260915/Multiple Lenses/20241206_162218_L25_C4_9788.bmp,Multiple Lenses,L25,test
98fe1aeb293e975df8c2792d37249955,/data/FMD_Data_26082026/fmd_temp_images/Updated ICube Categorical Classes 20260915/Multiple Lenses/20260908_054801_L25_PalletGHC0908101143_Cavity13_B01BMMX_Fail7_Score(0.9913052).bmp,Multiple Lenses,L25,test
9abc58e15d2f91d0183ca67883c97184,/data/FMD_Data_26082026/fmd_temp_images/ICube Defects Library/Multiple Lenses/20241110_182650_L25_C2_9999.bmp,Multiple Lenses,L25,test
9bb7c9848cd2d15f8b7e81be93a06185,/data/FMD_Data_26082026/fmd_temp_images/Updated ICube Categorical Classes 20260915/Multiple Lenses/20260831_064233_L25_PalletGHT0831110751_Cavity10_B01BKLP_Fail7_Score(0.9994437).bmp,Multiple Lenses,L25,test
9bd5f931e399a4268811d3367c5cc46a,/data/FMD_Data_26082026/fmd_temp_images/Updated ICube Categorical Classes 20260915/Multiple Lenses/20241111_074301_L25_C12_9954.bmp,Multiple Lenses,L25,test
9f105a08803f027098509947562e7877,/data/FMD_Data_26082026/fmd_temp_images/Updated ICube Categorical Classes 20260915/Multiple Lenses/20241212_180226_L25_C3_9999.bmp,Multiple Lenses,L25,test
a0f86479092f7a6606d8eebcf92a4d13,/data/FMD_Data_26082026/fmd_temp_images/Updated ICube Categorical Classes 20260915/Multiple Lenses/20260824_181158_L25_PalletGHC0824223449_Cavity4_B01BJVP_Fail7_Score(0.9966052).bmp,Multiple Lenses,L25,test
a22168f6890f398d4106986ca8d1ff2e,/data/FMD_Data_26082026/fmd_temp_images/Updated ICube Categorical Classes 20260915/Multiple Lenses/20241212_194944_L25_C11_9989.bmp,Multiple Lenses,L25,test
a28617aa973e13ace47a490f21947392,/data/FMD_Data_26082026/fmd_temp_images/Updated ICube Categorical Classes 20260915/Multiple Lenses/20241114_184655_L25_C10_9982.bmp,Multiple Lenses,L25,test
a3d90900bfbedaf85623bf73d51bad33,/data/FMD_Data_26082026/fmd_temp_images/Updated ICube Categorical Classes 20260915/Multiple Lenses/20260907_054152_L25_PalletGHG0907100529_Cavity15_B01BMMQ_Fail5_Score(0.9650971).bmp,Multiple Lenses,L25,test
a40188c8acb7a2c606dbc8620b75c69c,/data/FMD_Data_26082026/fmd_temp_images/Updated ICube Categorical Classes 20260915/Multiple Lenses/20241113_183539_L25_C4_9999.bmp,Multiple Lenses,L25,test
a55da54c569a3c697f8cc2999fea89aa,/data/FMD_Data_26082026/fmd_temp_images/Updated ICube Categorical Classes 20260915/Multiple Lenses/20241113_183539_L25_C12_9999.bmp,Multiple Lenses,L25,test
a674076c40c9946eff2be48e00b1068f,/data/FMD_Data_26082026/fmd_temp_images/Updated ICube Categorical Classes 20260915/Multiple Lenses/20260904_084957_L25_PalletGHH0904131429_Cavity3_B01BN9M_Fail7_Score(0.9999935).bmp,Multiple Lenses,L25,test
ad77370719742483c69866ab75deb6d8,/data/FMD_Data_26082026/fmd_temp_images/Updated ICube Categorical Classes 20260915/Multiple Lenses/20241212_193129_L25_C7_9844.bmp,Multiple Lenses,L25,test
afcdca1efd39e8821c18fcf18a49e2de,/data/FMD_Data_26082026/fmd_temp_images/Updated ICube Categorical Classes 20260915/Multiple Lenses/20260903_182954_L25_PalletGHO0903225538_Cavity6_B01BLL7_Fail4_Score(0.9498187).bmp,Multiple Lenses,L25,test
b1ca1445985b13d4c9c05155a1a09ab1,/data/FMD_Data_26082026/fmd_temp_images/Updated ICube Categorical Classes 20260915/Multiple Lenses/20260818_125835_L25_PalletGHG0818172133_Cavity8_B01BJQM_Fail7_Score(1).bmp,Multiple Lenses,L25,test
b5280a3d7afd6c9d5a379a5e424f1262,/data/FMD_Data_26082026/fmd_temp_images/Updated ICube Categorical Classes 20260915/Multiple Lenses/20241215_012622_L25_C4_9428.bmp,Multiple Lenses,L25,test
b54d4bc5c2f55141179474de970e1b69,/data/FMD_Data_26082026/fmd_temp_images/Updated ICube Categorical Classes 20260915/Multiple Lenses/20260820_190619_L25_PalletGHJ0820232831_Cavity9_B01BJV8_Fail7_Score(0.991982).bmp,Multiple Lenses,L25,test
bb5b50874d187cd118949d5c561f03ac,/data/FMD_Data_26082026/fmd_temp_images/Updated ICube Categorical Classes 20260915/Multiple Lenses/20241110_234929_L25_C11_9999.bmp,Multiple Lenses,L25,test
bd18e58cd17121380ef8f5c40a572780,/data/FMD_Data_26082026/fmd_temp_images/Updated ICube Categorical Classes 20260915/Multiple Lenses/20241207_133428_L25_C12_9049.bmp,Multiple Lenses,L25,test
be5f4ac6c7d62e949e785965e0c1f0c3,/data/FMD_Data_26082026/fmd_temp_images/Updated ICube Categorical Classes 20260915/Multiple Lenses/20241214_031152_L25_C5_9999.bmp,Multiple Lenses,L25,test
c5e64fbb3f7fdc394afd9d59ab10e38e,/data/FMD_Data_26082026/fmd_temp_images/Updated ICube Categorical Classes 20260915/Multiple Lenses/20241111_060752_L25_C15_9369.bmp,Multiple Lenses,L25,test
c725db76aa6ec2acd98c808c9fc81bb0,/data/FMD_Data_26082026/fmd_temp_images/Updated ICube Categorical Classes 20260915/Multiple Lenses/20260819_182815_L25_PalletGHE0819225203_Cavity2_B01BJV5_Fail7_Score(0.9907621).bmp,Multiple Lenses,L25,test
c7d3baee2a9caf4d1f52d08a7341df62,/data/FMD_Data_26082026/fmd_temp_images/Updated ICube Categorical Classes 20260915/Multiple Lenses/20241211_231903_L25_C8_9998.bmp,Multiple Lenses,L25,test
c8d561739d808d32f334085109705664,/data/FMD_Data_26082026/fmd_temp_images/Updated ICube Categorical Classes 20260915/Multiple Lenses/20241211_232739_L25_C13_9999.bmp,Multiple Lenses,L25,test
cb849af1d1b85981fd724a5c3618b3c0,/data/FMD_Data_26082026/fmd_temp_images/Updated ICube Categorical Classes 20260915/Multiple Lenses/20260828_174601_L25_PalletGHR0828220841_Cavity14_B01BKL1_Fail6_Score(0.9831003).bmp,Multiple Lenses,L25,test
cd289d6aa2f57e881a261f1d34fde1b8,/data/FMD_Data_26082026/fmd_temp_images/Updated ICube Categorical Classes 20260915/Multiple Lenses/20241205_204944_L25_C9_9990.bmp,Multiple Lenses,L25,test
ce925214f36cee99ea5835ccee007f4a,/data/FMD_Data_26082026/fmd_temp_images/Updated ICube Categorical Classes 20260915/Multiple Lenses/20241214_094644_L25_C14_9316.bmp,Multiple Lenses,L25,test
d738690012ac28ac933e1d1943bb0f98,/data/FMD_Data_26082026/fmd_temp_images/Updated ICube Categorical Classes 20260915/Multiple Lenses/20241211_180824_L25_C12_9959.bmp,Multiple Lenses,L25,test
d7a814f2534ce52f2e2ffca2b331a591,/data/FMD_Data_26082026/fmd_temp_images/Updated ICube Categorical Classes 20260915/Multiple Lenses/20260830_174341_L25_PalletGHS0830220714_Cavity8_B01BKL8_Fail7_Score(0.9992416).bmp,Multiple Lenses,L25,test
d8429afd41a1052061dcc1b65b25150b,/data/FMD_Data_26082026/fmd_temp_images/Updated ICube Categorical Classes 20260915/Multiple Lenses/20260825_120809_L25_PalletGHR0825163147_Cavity2_B01BJVP_Fail7_Score(0.9999745).bmp,Multiple Lenses,L25,test
e41c2c9e1bc130dd697c904df7020cef,/data/FMD_Data_26082026/fmd_temp_images/Updated ICube Categorical Classes 20260915/Multiple Lenses/20241208_065212_L25_C14_9399.bmp,Multiple Lenses,L25,test
e71994023353abb5a49fe5144078d3d7,/data/FMD_Data_26082026/fmd_temp_images/Updated ICube Categorical Classes 20260915/Multiple Lenses/20241211_210455_L25_C12_9999.bmp,Multiple Lenses,L25,test
e723d55d1ab1f6a1a357d43f6d38836a,/data/FMD_Data_26082026/fmd_temp_images/Updated ICube Categorical Classes 20260915/Multiple Lenses/20260826_055324_L25_PalletGHF0826101632_Cavity13_B01BJVJ_Fail7_Score(0.9997048).bmp,Multiple Lenses,L25,test
ee0c4df6d323eaec8d5a81c267e062a7,/data/FMD_Data_26082026/fmd_temp_images/Updated ICube Categorical Classes 20260915/Multiple Lenses/20260815_174824_L25_PalletGHM0815221115_Cavity2_B01BHX8_Fail7_Score(0.9908897).bmp,Multiple Lenses,L25,test
f2b1574b5a68cbe1bb4a6bf3236f8271,/data/FMD_Data_26082026/fmd_temp_images/Updated ICube Categorical Classes 20260915/Multiple Lenses/20241121_182711_L25_C9_9987.bmp,Multiple Lenses,L25,test
f3023c6d4da9ed7a1b2bb031132297b6,/data/FMD_Data_26082026/fmd_temp_images/Updated ICube Categorical Classes 20260915/Multiple Lenses/20241215_032647_L25_C9_9231.bmp,Multiple Lenses,L25,test
f58d067314e51b975b877d590ae811d0,/data/FMD_Data_26082026/fmd_temp_images/ICube Defects Library/Multiple Lenses/20241110_055712_L25_C7_9957.bmp,Multiple Lenses,L25,test
f593a6278f27b9ff35059c03c646e5a3,/data/FMD_Data_26082026/fmd_temp_images/Updated ICube Categorical Classes 20260915/Multiple Lenses/20260907_150107_L25_PalletGHG0907192604_Cavity8_B01BMMT_Fail7_Score(0.9899443).bmp,Multiple Lenses,L25,test
f7ff5f8eb0c9885537f4dd28bca61aff,/data/FMD_Data_26082026/fmd_temp_images/ICube Defects Library/Multiple Lenses/20241109_073019_L25_C4_9158.bmp,Multiple Lenses,L25,test
f88a4b92d7d27669be08c07f3884b3b7,/data/FMD_Data_26082026/fmd_temp_images/Updated ICube Categorical Classes 20260915/Multiple Lenses/20260820_065823_L25_PalletGHQ0820112256_Cavity2_B01BKQQ_Fail7_Score(0.9960681).bmp,Multiple Lenses,L25,test
00c6bc78c1fd44ce840b5d38401e6ebf,/data/FMD_Data_26082026/fmd_temp_images/Updated ICube Categorical Classes 20260915/Multiple Lenses/20241121_050238_L25_C14_9946.bmp,Multiple Lenses,L25,train
010707a03edacc799b32d2f11e566e2d,/data/FMD_Data_26082026/fmd_temp_images/Updated ICube Categorical Classes 20260915/Multiple Lenses/20241213_143120_L25_C15_9124.bmp,Multiple Lenses,L25,train
01799c25853cb73273034085e8f37d43,/data/FMD_Data_26082026/fmd_temp_images/Updated ICube Categorical Classes 20260915/Multiple Lenses/20260827_174048_L25_PalletGHP0827220341_Cavity12_B01BKKZ_Fail6_Score(0.9716104).bmp,Multiple Lenses,L25,train
017ae603eb3d4365018373b97ac58235,/data/FMD_Data_26082026/fmd_temp_images/Updated ICube Categorical Classes 20260915/Multiple Lenses/20241112_114321_L25_C10_9672.bmp,Multiple Lenses,L25,train
02ad7bb3875034c67850e2460614e9ee,/data/FMD_Data_26082026/fmd_temp_images/Updated ICube Categorical Classes 20260915/Multiple Lenses/20241110_234846_L25_C9_9846.bmp,Multiple Lenses,L25,train
047dd96b9a823694cdfe2ce2dbf3abaa,/data/FMD_Data_26082026/fmd_temp_images/Updated ICube Categorical Classes 20260915/Multiple Lenses/20260817_020404_L25_PalletGHT0817062925_Cavity3_B01BJPF_Fail5_Score(0.9630142).bmp,Multiple Lenses,L25,train
05b3de63b28d403e2eba44b4d8c79dab,/data/FMD_Data_26082026/fmd_temp_images/Updated ICube Categorical Classes 20260915/Multiple Lenses/20241111_091251_L25_C14_9998.bmp,Multiple Lenses,L25,train
0965fbc594edc3e6aa5420f0e7a194cb,/data/FMD_Data_26082026/fmd_temp_images/Updated ICube Categorical Classes 20260915/Multiple Lenses/20260819_182815_L25_PalletGHE0819225203_Cavity14_B01BJV5_Fail5_Score(0.9528065).bmp,Multiple Lenses,L25,train
0998c02e79d1a7da1e3358ce0619fbb2,/data/FMD_Data_26082026/fmd_temp_images/Updated ICube Categorical Classes 20260915/Multiple Lenses/20241207_191216_L25_C10_9870.bmp,Multiple Lenses,L25,train
09efeeefdc073af061aa60408f26760e,/data/FMD_Data_26082026/fmd_temp_images/Updated ICube Categorical Classes 20260915/Multiple Lenses/20241207_054431_L25_C6_9952.bmp,Multiple Lenses,L25,train
0a29f8fc04a9cdc2f440c52164341873,/data/FMD_Data_26082026/fmd_temp_images/Updated ICube Categorical Classes 20260915/Multiple Lenses/20241116_181338_L25_C3_9999.bmp,Multiple Lenses,L25,train
0b06727f5fab59d9e969fe2ad1647106,/data/FMD_Data_26082026/fmd_temp_images/Updated ICube Categorical Classes 20260915/Multiple Lenses/20241114_184654_L25_C4_9993.bmp,Multiple Lenses,L25,train
0c1a135a75e08a50e2303c9fd62ed26b,/data/FMD_Data_26082026/fmd_temp_images/Updated ICube Categorical Classes 20260915/Multiple Lenses/20241114_183526_L25_C2_9995.bmp,Multiple Lenses,L25,train
0c56ad98af2f1a94cc6a4b753b79ab67,/data/FMD_Data_26082026/fmd_temp_images/Updated ICube Categorical Classes 20260915/Multiple Lenses/20241114_184654_L25_C2_9759.bmp,Multiple Lenses,L25,train
0d290934806f5ed2db864e5f1369d22c,/data/FMD_Data_26082026/fmd_temp_images/Updated ICube Categorical Classes 20260915/Multiple Lenses/20241116_211959_L25_C2_9562.bmp,Multiple Lenses,L25,train
0d9607e3d0ac0a27d418717fd2e1fc1f,/data/FMD_Data_26082026/fmd_temp_images/ICube Defects Library/Multiple Lenses/20241108_175600_L25_C2_9725.bmp,Multiple Lenses,L25,train
10d9957cd8197e36c084d5e78edeee9b,/data/FMD_Data_26082026/fmd_temp_images/Updated ICube Categorical Classes 20260915/Multiple Lenses/20241214_121927_L25_C2_9065.bmp,Multiple Lenses,L25,train
117c779a5dfc25c27df4836d652dc1fb,/data/FMD_Data_26082026/fmd_temp_images/Updated ICube Categorical Classes 20260915/Multiple Lenses/20260829_175302_L25_PalletGHK0829221658_Cavity8_B01BKL6_Fail7_Score(0.9934).bmp,Multiple Lenses,L25,train
126261161b091c27bf6e4e21a4ecbc84,/data/FMD_Data_26082026/fmd_temp_images/Updated ICube Categorical Classes 20260915/Multiple Lenses/20241212_151743_L25_C13_9314.bmp,Multiple Lenses,L25,train
140e7bbd04b1163490740cfa57656992,/data/FMD_Data_26082026/fmd_temp_images/Updated ICube Categorical Classes 20260915/Multiple Lenses/20241121_140446_L25_C13_9763.bmp,Multiple Lenses,L25,train
1484e89b20ce3d165364a0826213ef25,/data/FMD_Data_26082026/fmd_temp_images/Updated ICube Categorical Classes 20260915/Multiple Lenses/20241213_223848_L25_C10_9129.bmp,Multiple Lenses,L25,train
15763fb9692a41a48da5d8d154987375,/data/FMD_Data_26082026/fmd_temp_images/Updated ICube Categorical Classes 20260915/Multiple Lenses/20241212_104121_L25_C15_9969.bmp,Multiple Lenses,L25,train
16756af54d66e52707f2b9f10cfe3254,/data/FMD_Data_26082026/fmd_temp_images/Updated ICube Categorical Classes 20260915/Multiple Lenses/20260824_123943_L25_PalletGHM0824170440_Cavity8_B01BJVP_Fail7_Score(0.9999311).bmp,Multiple Lenses,L25,train
181e509b1766bc6f33530660e2cc1e7f,/data/FMD_Data_26082026/fmd_temp_images/ICube Defects Library/Multiple Lenses/20241108_184337_L25_C7_9664.bmp,Multiple Lenses,L25,train
195a9e97841e718912c7f359248def48,/data/FMD_Data_26082026/fmd_temp_images/Updated ICube Categorical Classes 20260915/Multiple Lenses/20241121_014033_L25_C9_9982.bmp,Multiple Lenses,L25,train
195b83078d0fbcbd383db2e96ba247f6,/data/FMD_Data_26082026/fmd_temp_images/Updated ICube Categorical Classes 20260915/Multiple Lenses/20241207_180243_L25_C2_9995.bmp,Multiple Lenses,L25,train
1ac23774afa07df15e323e19007d1908,/data/FMD_Data_26082026/fmd_temp_images/ICube Defects Library/Multiple Lenses/20241113_184146_L25_PalletGHH1113212947_Cavity8_B017B2S_Fail6_Score(0.9826466).bmp,Multiple Lenses,L25,train
1c933f2d8edc271f1fc5150350d4b831,/data/FMD_Data_26082026/fmd_temp_images/ICube Defects Library/Multiple Lenses/20241110_084458_L25_C5_9868.bmp,Multiple Lenses,L25,train
1d786d21338c296860701a693364e351,/data/FMD_Data_26082026/fmd_temp_images/Updated ICube Categorical Classes 20260915/Multiple Lenses/20260824_201857_L25_PalletGHK0825004352_Cavity10_B01BJVP_Fail5_Score(0.9659867).bmp,Multiple Lenses,L25,train
1fd0e4a27455551803d31dcf73c06f77,/data/FMD_Data_26082026/fmd_temp_images/Updated ICube Categorical Classes 20260915/Multiple Lenses/20260831_052420_L25_PalletGHD0831094946_Cavity8_B01BKLP_Fail7_Score(0.9909173).bmp,Multiple Lenses,L25,train
20af677fcc89396144af7e2e3c52572f,/data/FMD_Data_26082026/fmd_temp_images/Updated ICube Categorical Classes 20260915/Multiple Lenses/20241215_084616_L25_C3_9908.bmp,Multiple Lenses,L25,train
214d8c8ae121e23ed6c7781db00aef70,/data/FMD_Data_26082026/fmd_temp_images/Updated ICube Categorical Classes 20260915/Multiple Lenses/20241116_124154_L25_C11_9990.bmp,Multiple Lenses,L25,train
229029a672d3dda9e0c85283995348db,/data/FMD_Data_26082026/fmd_temp_images/Updated ICube Categorical Classes 20260915/Multiple Lenses/20241110_111035_L25_C10_9999.bmp,Multiple Lenses,L25,train
23af488760399b47734417fa22fa8de9,/data/FMD_Data_26082026/fmd_temp_images/Updated ICube Categorical Classes 20260915/Multiple Lenses/20241119_181609_L25_C10_9999.bmp,Multiple Lenses,L25,train
24ac622f10d1d0fd9f54c652dfa4949f,/data/FMD_Data_26082026/fmd_temp_images/Updated ICube Categorical Classes 20260915/Multiple Lenses/20241121_102612_L25_C7_9999.bmp,Multiple Lenses,L25,train
252229a807512a28965e10056f05aa14,/data/FMD_Data_26082026/fmd_temp_images/Updated ICube Categorical Classes 20260915/Multiple Lenses/20241119_181609_L25_C2_9984.bmp,Multiple Lenses,L25,train
2602bb583ea586a9187bb8259577ffef,/data/FMD_Data_26082026/fmd_temp_images/Updated ICube Categorical Classes 20260915/Multiple Lenses/20241121_034226_L25_C14_9955.bmp,Multiple Lenses,L25,train
2897c77ea9e73b8982a7bed45098651f,/data/FMD_Data_26082026/fmd_temp_images/Updated ICube Categorical Classes 20260915/Multiple Lenses/20241208_203747_L25_C12_9997.bmp,Multiple Lenses,L25,train
28c10fd4d4180e923159cf0c9f52e964,/data/FMD_Data_26082026/fmd_temp_images/Updated ICube Categorical Classes 20260915/Multiple Lenses/20260822_174203_L25_PalletGHP0822220529_Cavity13_B01BKW1_Fail7_Score(0.9998661).bmp,Multiple Lenses,L25,train
28cb13745221f3eea32e5ce23a8d0304,/data/FMD_Data_26082026/fmd_temp_images/Updated ICube Categorical Classes 20260915/Multiple Lenses/20241121_035700_L25_C6_9926.bmp,Multiple Lenses,L25,train
2bc96e22f64cdbd3a05f53694a208080,/data/FMD_Data_26082026/fmd_temp_images/ICube Defects Library/Multiple Lenses/20241113_184146_L25_PalletGHH1113212947_Cavity10_B017B2S_Fail7_Score(0.9999945).bmp,Multiple Lenses,L25,train
2be658fa286f7a2cfc909d03e4d2e951,/data/FMD_Data_26082026/fmd_temp_images/Updated ICube Categorical Classes 20260915/Multiple Lenses/20260831_055914_L25_PalletGHM0831102319_Cavity5_B01BKLP_Fail7_Score(0.9941937).bmp,Multiple Lenses,L25,train
2d822e391488cc38a7d1beac17532208,/data/FMD_Data_26082026/fmd_temp_images/Updated ICube Categorical Classes 20260915/Multiple Lenses/20241213_134122_L25_C8_9999.bmp,Multiple Lenses,L25,train
30fe2ec0a26fc961af91cc6db7d0eab8,/data/FMD_Data_26082026/fmd_temp_images/Updated ICube Categorical Classes 20260915/Multiple Lenses/20260820_190619_L25_PalletGHJ0820232831_Cavity15_B01BJV8_Fail4_Score(0.9333405).bmp,Multiple Lenses,L25,train
322124880db5475a2606bb2ba0d95b35,/data/FMD_Data_26082026/fmd_temp_images/Updated ICube Categorical Classes 20260915/Multiple Lenses/20260819_213142_L25_PalletGHS0820015714_Cavity3_B01BJV6_Fail7_Score(1).bmp,Multiple Lenses,L25,train
37036d176bd2b3bcf02a7e3286664df6,/data/FMD_Data_26082026/fmd_temp_images/Updated ICube Categorical Classes 20260915/Multiple Lenses/20260819_182815_L25_PalletGHE0819225203_Cavity12_B01BJV5_Fail7_Score(0.9999052).bmp,Multiple Lenses,L25,train
37f0c466b33d4461b01b2c4b3ac7ce19,/data/FMD_Data_26082026/fmd_temp_images/Updated ICube Categorical Classes 20260915/Multiple Lenses/20260818_085600_L25_PalletGHB0818132127_Cavity14_B01BJQL_Fail7_Score(0.996604).bmp,Multiple Lenses,L25,train
387fd400559439ec9e0f0782995ac90a,/data/FMD_Data_26082026/fmd_temp_images/Updated ICube Categorical Classes 20260915/Multiple Lenses/20260830_060837_L25_PalletGHA0830103223_Cavity4_B01BKL3_Fail7_Score(0.9996334).bmp,Multiple Lenses,L25,train
38ceffa94cfd12dcd9a63b92b5846ffd,/data/FMD_Data_26082026/fmd_temp_images/Updated ICube Categorical Classes 20260915/Multiple Lenses/20241206_065203_L25_C7_9488.bmp,Multiple Lenses,L25,train
38e052b6c5cb79f671268af55ac86fa3,/data/FMD_Data_26082026/fmd_temp_images/Updated ICube Categorical Classes 20260915/Multiple Lenses/20241207_052857_L25_C12_9800.bmp,Multiple Lenses,L25,train
3befe7c08e23dd60e019def75d27ad88,/data/FMD_Data_26082026/fmd_temp_images/Updated ICube Categorical Classes 20260915/Multiple Lenses/20241214_150811_L25_C7_9963.bmp,Multiple Lenses,L25,train
3daa3f09b4648e8ee42c02fd25b44c1f,/data/FMD_Data_26082026/fmd_temp_images/Updated ICube Categorical Classes 20260915/Multiple Lenses/20260902_053933_L25_PalletGHD0902100348_Cavity15_B01BLL1_Fail7_Score(0.9984493).bmp,Multiple Lenses,L25,train
3e12dab981f10c8ceff52dbe3a3b463a,/data/FMD_Data_26082026/fmd_temp_images/Updated ICube Categorical Classes 20260915/Multiple Lenses/20241113_223039_L25_C6_9812.bmp,Multiple Lenses,L25,train
3fefb27e7fb1c235bfb3fd5b959bdbb6,/data/FMD_Data_26082026/fmd_temp_images/Updated ICube Categorical Classes 20260915/Multiple Lenses/20260905_221807_L25_PalletGHI0906024403_Cavity2_B01BMMD_Fail3_Score(0.9247445).bmp,Multiple Lenses,L25,train
4005bb6f12715b80cff57600ce2d7edb,/data/FMD_Data_26082026/fmd_temp_images/Updated ICube Categorical Classes 20260915/Multiple Lenses/20241112_042236_L25_C15_9957.bmp,Multiple Lenses,L25,train
409ef4294579893a9659517724c50f7c,/data/FMD_Data_26082026/fmd_temp_images/Updated ICube Categorical Classes 20260915/Multiple Lenses/20260904_084957_L25_PalletGHH0904131429_Cavity13_B01BN9M_Fail7_Score(0.9999476).bmp,Multiple Lenses,L25,train
442a90e48d4b57c40199c00c4b6043f8,/data/FMD_Data_26082026/fmd_temp_images/Updated ICube Categorical Classes 20260915/Multiple Lenses/20241113_183539_L25_C8_9716.bmp,Multiple Lenses,L25,train
4b2fc92545efc1bba141573cdc28b1e4,/data/FMD_Data_26082026/fmd_temp_images/Updated ICube Categorical Classes 20260915/Multiple Lenses/20241207_063428_L25_C5_9904.bmp,Multiple Lenses,L25,train
4b31352b0a158a8a324c03b7a99f9a78,/data/FMD_Data_26082026/fmd_temp_images/Updated ICube Categorical Classes 20260915/Multiple Lenses/20241214_102641_L25_C13_9784.bmp,Multiple Lenses,L25,train
4f51b2f7d5ea5065252509d52d3b8651,/data/FMD_Data_26082026/fmd_temp_images/Updated ICube Categorical Classes 20260915/Multiple Lenses/20260907_054152_L25_PalletGHG0907100529_Cavity1_B01BMMQ_Fail7_Score(0.994387).bmp,Multiple Lenses,L25,train
51c8a36f60acc4e81651ed4647f9fc59,/data/FMD_Data_26082026/fmd_temp_images/Updated ICube Categorical Classes 20260915/Multiple Lenses/20241121_052523_L25_C11_9400.bmp,Multiple Lenses,L25,train
51e8e09fb3b32f7c311c4b53ece006a7,/data/FMD_Data_26082026/fmd_temp_images/Updated ICube Categorical Classes 20260915/Multiple Lenses/20260822_174203_L25_PalletGHP0822220529_Cavity9_B01BKW1_Fail7_Score(0.998391).bmp,Multiple Lenses,L25,train
5318132cf3ab10bd4b95586366d1c8a5,/data/FMD_Data_26082026/fmd_temp_images/Updated ICube Categorical Classes 20260915/Multiple Lenses/20241121_073754_L25_C15_9956.bmp,Multiple Lenses,L25,train
53762bacf63734a00010f0014d441362,/data/FMD_Data_26082026/fmd_temp_images/Updated ICube Categorical Classes 20260915/Multiple Lenses/20241122_065816_L25_C14_9961.bmp,Multiple Lenses,L25,train
55c7f7b7b0e9db93a22c129610781a9e,/data/FMD_Data_26082026/fmd_temp_images/ICube Defects Library/Multiple Lenses/20241113_185932_L25_PalletGHP1113214846_Cavity6_B017B2S_Fail7_Score(0.9911561).bmp,Multiple Lenses,L25,train
5698db19961dbc6da41d8d5451af983c,/data/FMD_Data_26082026/fmd_temp_images/Updated ICube Categorical Classes 20260915/Multiple Lenses/20241204_213132_L25_C13_9908.bmp,Multiple Lenses,L25,train
577f61cc494a04ffc8c1a4907a29a6eb,/data/FMD_Data_26082026/fmd_temp_images/Updated ICube Categorical Classes 20260915/Multiple Lenses/20260814_185330_L25_PalletGHR0814231651_Cavity6_B01BHXG_Fail7_Score(0.9999683).bmp,Multiple Lenses,L25,train
580ee70ed55d179edbd2fdf4ee3d44be,/data/FMD_Data_26082026/fmd_temp_images/Updated ICube Categorical Classes 20260915/Multiple Lenses/20241120_043022_L25_C7_9952.bmp,Multiple Lenses,L25,train
58542d3bacdc7eae0242e3eb3eb1dc0e,/data/FMD_Data_26082026/fmd_temp_images/Updated ICube Categorical Classes 20260915/Multiple Lenses/20241122_090113_L25_C11_9991.bmp,Multiple Lenses,L25,train
597147571ab8f61d0967e89d20007188,/data/FMD_Data_26082026/fmd_temp_images/Updated ICube Categorical Classes 20260915/Multiple Lenses/20241205_231207_L25_C11_9585.bmp,Multiple Lenses,L25,train
5b29c94f7ce2db2c0e00885133153415,/data/FMD_Data_26082026/fmd_temp_images/Updated ICube Categorical Classes 20260915/Multiple Lenses/20260830_143712_L25_PalletGHC0830190236_Cavity14_B01BKL7_Fail7_Score(0.998038).bmp,Multiple Lenses,L25,train
5b78cdaf445350c1f7285991716329f3,/data/FMD_Data_26082026/fmd_temp_images/Updated ICube Categorical Classes 20260915/Multiple Lenses/20260829_045143_L25_PalletGHE0829091656_Cavity10_B01BKKT_Fail7_Score(0.9995821).bmp,Multiple Lenses,L25,train
5b8b5c8a9a006ccb93443c792b364eda,/data/FMD_Data_26082026/fmd_temp_images/Updated ICube Categorical Classes 20260915/Multiple Lenses/20241110_022840_L25_C12_9748.bmp,Multiple Lenses,L25,train
5e115076433009fc0209b43e59feb9c0,/data/FMD_Data_26082026/fmd_temp_images/Updated ICube Categorical Classes 20260915/Multiple Lenses/20241119_181609_L25_C6_9984.bmp,Multiple Lenses,L25,train
5f4a0d8f9ca6dc483c8164affc2ae366,/data/FMD_Data_26082026/fmd_temp_images/Updated ICube Categorical Classes 20260915/Multiple Lenses/20241111_075827_L25_C8_9758.bmp,Multiple Lenses,L25,train
61b9d8a220031bea53f727dc15e446e2,/data/FMD_Data_26082026/fmd_temp_images/Updated ICube Categorical Classes 20260915/Multiple Lenses/20260818_183346_L25_PalletGHM0818225204_Cavity12_B01BJV1_Fail4_Score(0.9497307).bmp,Multiple Lenses,L25,train
62db9bc71c1e671da622d14f19b549fe,/data/FMD_Data_26082026/fmd_temp_images/Updated ICube Categorical Classes 20260915/Multiple Lenses/20241207_061639_L25_C2_9652.bmp,Multiple Lenses,L25,train
64e026765b2a7c19611b789e431495ed,/data/FMD_Data_26082026/fmd_temp_images/Updated ICube Categorical Classes 20260915/Multiple Lenses/20260821_073413_L25_PalletGHP0821115741_Cavity12_B01BJV8_Fail6_Score(0.9782944).bmp,Multiple Lenses,L25,train
67c8331d27ae6f97f7546a1c3bb6bfcb,/data/FMD_Data_26082026/fmd_temp_images/Updated ICube Categorical Classes 20260915/Multiple Lenses/20260901_173927_L25_PalletGHA0901220313_Cavity8_B01BKLL_Fail7_Score(0.9991497).bmp,Multiple Lenses,L25,train
6b24887ccd353079fe2a0bc0722400ca,/data/FMD_Data_26082026/fmd_temp_images/Updated ICube Categorical Classes 20260915/Multiple Lenses/20260904_174455_L25_PalletGHR0904220856_Cavity8_B01BLXK_Fail5_Score(0.9509337).bmp,Multiple Lenses,L25,train
6e5abfbf15d892efaa904cca5bbed072,/data/FMD_Data_26082026/fmd_temp_images/Updated ICube Categorical Classes 20260915/Multiple Lenses/20241214_015046_L25_C11_9769.bmp,Multiple Lenses,L25,train
6ebcf2afd32a55be1cefbe03b2e66b97,/data/FMD_Data_26082026/fmd_temp_images/ICube Defects Library/Multiple Lenses/20241113_184146_L25_PalletGHH1113212947_Cavity14_B017B2S_Fail7_Score(0.9998446).bmp,Multiple Lenses,L25,train
6fbb861c75cd33185cd8e474e81319b1,/data/FMD_Data_26082026/fmd_temp_images/Updated ICube Categorical Classes 20260915/Multiple Lenses/20260818_054124_L25_PalletGHI0818100555_Cavity8_B01BJQH_Fail5_Score(0.9594272).bmp,Multiple Lenses,L25,train
7064613a2c074c17f23b7b2a98ae02d2,/data/FMD_Data_26082026/fmd_temp_images/Updated ICube Categorical Classes 20260915/Multiple Lenses/20241112_021954_L25_C5_9998.bmp,Multiple Lenses,L25,train
7357c29d9e88876c3c5271d7bbd8ab72,/data/FMD_Data_26082026/fmd_temp_images/Updated ICube Categorical Classes 20260915/Multiple Lenses/20241113_183539_L25_C2_9994.bmp,Multiple Lenses,L25,train
74291892e9a70d3bba46901b7035ff56,/data/FMD_Data_26082026/fmd_temp_images/Updated ICube Categorical Classes 20260915/Multiple Lenses/20241207_070920_L25_C10_9998.bmp,Multiple Lenses,L25,train
76319ebc8039c9bbf77076d560f9dcf4,/data/FMD_Data_26082026/fmd_temp_images/Updated ICube Categorical Classes 20260915/Multiple Lenses/20260820_190619_L25_PalletGHJ0820232831_Cavity2_B01BJV8_Fail7_Score(0.9971304).bmp,Multiple Lenses,L25,train
776f125b8a178abc5af4b86f086d4396,/data/FMD_Data_26082026/fmd_temp_images/ICube Defects Library/Multiple Lenses/20241113_184146_L25_PalletGHH1113212947_Cavity4_B017B2S_Fail5_Score(0.9623829).bmp,Multiple Lenses,L25,train
7849a5a63dea53affb7ae7176336e1f3,/data/FMD_Data_26082026/fmd_temp_images/Updated ICube Categorical Classes 20260915/Multiple Lenses/20241212_230435_L25_C13_9999.bmp,Multiple Lenses,L25,train
78a2d3ae24edfd660b7a0fd0cc5e6747,/data/FMD_Data_26082026/fmd_temp_images/Updated ICube Categorical Classes 20260915/Multiple Lenses/20260827_174048_L25_PalletGHP0827220341_Cavity4_B01BKKZ_Fail3_Score(0.9175868).bmp,Multiple Lenses,L25,train
7ae7df9ed6dc0bd0db2b607cd4fbfcdb,/data/FMD_Data_26082026/fmd_temp_images/Updated ICube Categorical Classes 20260915/Multiple Lenses/20260817_053805_L25_PalletGHA0817100207_Cavity6_B01BHXV_Fail7_Score(0.9991543).bmp,Multiple Lenses,L25,train
7ec9559e9ae62196ea9fb6dd4b8fcae3,/data/FMD_Data_26082026/fmd_temp_images/Updated ICube Categorical Classes 20260915/Multiple Lenses/20241112_113109_L25_C5_9997.bmp,Multiple Lenses,L25,train
80463bd2963cc8ea995124a5a2c48e00,/data/FMD_Data_26082026/fmd_temp_images/Updated ICube Categorical Classes 20260915/Multiple Lenses/20241216_005633_L25_C12_9801.bmp,Multiple Lenses,L25,train
807c94bef3836cec3402e9488b0839f1,/data/FMD_Data_26082026/fmd_temp_images/Updated ICube Categorical Classes 20260915/Multiple Lenses/20260814_185330_L25_PalletGHR0814231651_Cavity14_B01BHXG_Fail7_Score(0.999998).bmp,Multiple Lenses,L25,train
855e59ef32ddd81f91df8c81ca104c64,/data/FMD_Data_26082026/fmd_temp_images/Updated ICube Categorical Classes 20260915/Multiple Lenses/20241204_184729_L25_C6_9469.bmp,Multiple Lenses,L25,train
862597bc473240df549c604061b20556,/data/FMD_Data_26082026/fmd_temp_images/Updated ICube Categorical Classes 20260915/Multiple Lenses/20260908_183715_L25_PalletGHS0908230216_Cavity11_B01BMN1_Fail7_Score(0.9999117).bmp,Multiple Lenses,L25,train
8814cd8475cdde3e03a202162416ecf4,/data/FMD_Data_26082026/fmd_temp_images/Updated ICube Categorical Classes 20260915/Multiple Lenses/20241206_020515_L25_C6_9055.bmp,Multiple Lenses,L25,train
884d15a5d7f3b5bcbe7820bc15b17bc1,/data/FMD_Data_26082026/fmd_temp_images/Updated ICube Categorical Classes 20260915/Multiple Lenses/20260901_173927_L25_PalletGHA0901220313_Cavity13_B01BKLL_Fail7_Score(0.9999933).bmp,Multiple Lenses,L25,train
88dcfbdce772941ded160e2e812bef7a,/data/FMD_Data_26082026/fmd_temp_images/Updated ICube Categorical Classes 20260915/Multiple Lenses/20260815_174824_L25_PalletGHM0815221115_Cavity10_B01BHX8_Fail7_Score(0.9998623).bmp,Multiple Lenses,L25,train
89389ca4ab584d914d21ed91aaa0edfc,/data/FMD_Data_26082026/fmd_temp_images/Updated ICube Categorical Classes 20260915/Multiple Lenses/20241121_001339_L25_C9_9816.bmp,Multiple Lenses,L25,train
8a9ced9aafd8206ea80bc58719b0bccc,/data/FMD_Data_26082026/fmd_temp_images/Updated ICube Categorical Classes 20260915/Multiple Lenses/20260903_133929_L25_PalletGHE0903180506_Cavity6_B01BLL0_Fail7_Score(0.9834514).bmp,Multiple Lenses,L25,train
8aa0553fc489d040ec4278c1cc940996,/data/FMD_Data_26082026/fmd_temp_images/Updated ICube Categorical Classes 20260915/Multiple Lenses/20241204_190430_L25_C4_9896.bmp,Multiple Lenses,L25,train
8bd3896b88e0d24068e1f92b087cd678,/data/FMD_Data_26082026/fmd_temp_images/Updated ICube Categorical Classes 20260915/Multiple Lenses/20241205_203947_L25_C8_9141.bmp,Multiple Lenses,L25,train
8e94678b8583c7343c59ac67decdf017,/data/FMD_Data_26082026/fmd_temp_images/Updated ICube Categorical Classes 20260915/Multiple Lenses/20260825_120809_L25_PalletGHR0825163147_Cavity12_B01BJVP_Fail7_Score(0.9999996).bmp,Multiple Lenses,L25,train
8ee92310b1ae231d4ad97e92c9f0df8e,/data/FMD_Data_26082026/fmd_temp_images/Updated ICube Categorical Classes 20260915/Multiple Lenses/20241214_051846_L25_C8_9874.bmp,Multiple Lenses,L25,train
90ee5d08f932952120f1c2a3c35d45e1,/data/FMD_Data_26082026/fmd_temp_images/ICube Defects Library/Multiple Lenses/20241114_210335_L25_C9_9999.bmp,Multiple Lenses,L25,train
9116614d3615c2fe51c5a70c89debc2e,/data/FMD_Data_26082026/fmd_temp_images/Updated ICube Categorical Classes 20260915/Multiple Lenses/20241113_123634_L25_C7_9080.bmp,Multiple Lenses,L25,train
9224e74bfb7fdf7d9618a1ec78ea58d1,/data/FMD_Data_26082026/fmd_temp_images/Updated ICube Categorical Classes 20260915/Multiple Lenses/20260903_175631_L25_PalletGHR0903222026_Cavity10_B01BLL4_Fail7_Score(0.9947118).bmp,Multiple Lenses,L25,train
922dac208206515f8731fd6a7036e6ae,/data/FMD_Data_26082026/fmd_temp_images/Updated ICube Categorical Classes 20260915/Multiple Lenses/20241211_212454_L25_C7_9716.bmp,Multiple Lenses,L25,train
92a61d15844be7aafd2ae4dee8ef22c4,/data/FMD_Data_26082026/fmd_temp_images/Updated ICube Categorical Classes 20260915/Multiple Lenses/20260817_011834_L25_PalletGHR0817054318_Cavity14_B01BJPF_Fail7_Score(0.9999999).bmp,Multiple Lenses,L25,train
92bc1c28c1ec749699eec43a773eb1d2,/data/FMD_Data_26082026/fmd_temp_images/Updated ICube Categorical Classes 20260915/Multiple Lenses/20260828_054912_L25_PalletGHO0828101338_Cavity14_B01BKL0_Fail6_Score(0.9713124).bmp,Multiple Lenses,L25,train
93b217884cfbe93a789ae34fa99869af,/data/FMD_Data_26082026/fmd_temp_images/Updated ICube Categorical Classes 20260915/Multiple Lenses/20241208_175727_L25_C3_9998.bmp,Multiple Lenses,L25,train
967e4399ba25b43ce27d7d7903cd3964,/data/FMD_Data_26082026/fmd_temp_images/Updated ICube Categorical Classes 20260915/Multiple Lenses/20260828_173022_L25_PalletGHP0828215538_Cavity1_B01BKL1_Fail7_Score(0.996143).bmp,Multiple Lenses,L25,train
98b759e8816f1c4c5165b6c4dbd0a1b2,/data/FMD_Data_26082026/fmd_temp_images/Updated ICube Categorical Classes 20260915/Multiple Lenses/20241204_225917_L25_C12_9962.bmp,Multiple Lenses,L25,train
9b09e87755259e03489529f439142fc3,/data/FMD_Data_26082026/fmd_temp_images/Updated ICube Categorical Classes 20260915/Multiple Lenses/20260902_204836_L25_PalletGHG0903011410_Cavity2_B01BKLK_Fail7_Score(0.9901223).bmp,Multiple Lenses,L25,train
9bd3a4f455051a977c4358b0e2034c36,/data/FMD_Data_26082026/fmd_temp_images/Updated ICube Categorical Classes 20260915/Multiple Lenses/20241115_154539_L25_C3_9999.bmp,Multiple Lenses,L25,train
9c4576228213f3c9c7975aed62fb463a,/data/FMD_Data_26082026/fmd_temp_images/Updated ICube Categorical Classes 20260915/Multiple Lenses/20260820_190619_L25_PalletGHJ0820232831_Cavity4_B01BJV8_Fail5_Score(0.963489).bmp,Multiple Lenses,L25,train
9cc0d0e625d4b5765da723cc468db4c6,/data/FMD_Data_26082026/fmd_temp_images/Updated ICube Categorical Classes 20260915/Multiple Lenses/20260830_060837_L25_PalletGHA0830103223_Cavity12_B01BKL3_Fail7_Score(0.9920882).bmp,Multiple Lenses,L25,train
9e14ea0d1ee7621e4adf7fbee5e03714,/data/FMD_Data_26082026/fmd_temp_images/ICube Defects Library/Multiple Lenses/20241113_184146_L25_PalletGHH1113212947_Cavity2_B017B2S_Fail7_Score(0.9979894).bmp,Multiple Lenses,L25,train
9ebddf65239cc49759fdff3be1be2fef,/data/FMD_Data_26082026/fmd_temp_images/Updated ICube Categorical Classes 20260915/Multiple Lenses/20241114_183527_L25_C14_9998.bmp,Multiple Lenses,L25,train
a2fa2bdcfc8ea635c268588020d52f1f,/data/FMD_Data_26082026/fmd_temp_images/ICube Defects Library/Multiple Lenses/20241108_175600_L25_C14_9721.bmp,Multiple Lenses,L25,train
a495277695e622cdfbf7c46f13f9ab2b,/data/FMD_Data_26082026/fmd_temp_images/Updated ICube Categorical Classes 20260915/Multiple Lenses/20241113_141645_L25_C6_9399.bmp,Multiple Lenses,L25,train
a52b97169ce4e12f3dd13e6ad4081d9a,/data/FMD_Data_26082026/fmd_temp_images/Updated ICube Categorical Classes 20260915/Multiple Lenses/20260815_060935_L25_PalletGHR0815103219_Cavity3_B01BHXT_Fail7_Score(0.9999806).bmp,Multiple Lenses,L25,train
a65d598122fdcae3a1b6b2a5c74f6041,/data/FMD_Data_26082026/fmd_temp_images/Updated ICube Categorical Classes 20260915/Multiple Lenses/20241122_061543_L25_C15_9956.bmp,Multiple Lenses,L25,train
a70674369082d4dae4dafbae4195a4f4,/data/FMD_Data_26082026/fmd_temp_images/Updated ICube Categorical Classes 20260915/Multiple Lenses/20241112_050106_L25_C11_9786.bmp,Multiple Lenses,L25,train
a74704b5a7bdec24e6db60dcdc8b6efd,/data/FMD_Data_26082026/fmd_temp_images/Updated ICube Categorical Classes 20260915/Multiple Lenses/20260819_102358_L25_PalletGHO0819144803_Cavity8_B01BJV3_Fail6_Score(0.9745848).bmp,Multiple Lenses,L25,train
a87fd6f750cfec3ec59fc682f70665b3,/data/FMD_Data_26082026/fmd_temp_images/Updated ICube Categorical Classes 20260915/Multiple Lenses/20260817_173938_L25_PalletGHU0817220348_Cavity12_B01BJQJ_Fail7_Score(0.9911325).bmp,Multiple Lenses,L25,train
aa0f9842078c2e6e6b44703cb3b98f3a,/data/FMD_Data_26082026/fmd_temp_images/Updated ICube Categorical Classes 20260915/Multiple Lenses/20260814_210133_L25_PalletGHS0815012646_Cavity13_B01BHXG_Fail7_Score(0.9999403).bmp,Multiple Lenses,L25,train
ab9038cfa149700889c58f25c79e1454,/data/FMD_Data_26082026/fmd_temp_images/Updated ICube Categorical Classes 20260915/Multiple Lenses/20241119_183523_L25_C12_9019.bmp,Multiple Lenses,L25,train
af07e9dafeec3b3c028413e3c353a36d,/data/FMD_Data_26082026/fmd_temp_images/Updated ICube Categorical Classes 20260915/Multiple Lenses/20241114_184655_L25_C12_9998.bmp,Multiple Lenses,L25,train
b0d1ebbfcbdeb8153cfc2080b0c6183b,/data/FMD_Data_26082026/fmd_temp_images/Updated ICube Categorical Classes 20260915/Multiple Lenses/20260828_174601_L25_PalletGHR0828220841_Cavity10_B01BKL1_Fail5_Score(0.9514078).bmp,Multiple Lenses,L25,train
b24a62031b61c766a44558704d6feb51,/data/FMD_Data_26082026/fmd_temp_images/Updated ICube Categorical Classes 20260915/Multiple Lenses/20241212_080621_L25_C10_9999.bmp,Multiple Lenses,L25,train
b453c3a8f1baa70f93db3d399277384a,/data/FMD_Data_26082026/fmd_temp_images/Updated ICube Categorical Classes 20260915/Multiple Lenses/20241205_214930_L25_C6_9918.bmp,Multiple Lenses,L25,train
b5ac1ee29c16025e6373c820a8ef43d3,/data/FMD_Data_26082026/fmd_temp_images/Updated ICube Categorical Classes 20260915/Multiple Lenses/20241114_102023_L25_C7_9493.bmp,Multiple Lenses,L25,train
b689b43fcab87480137ba663508d3266,/data/FMD_Data_26082026/fmd_temp_images/Updated ICube Categorical Classes 20260915/Multiple Lenses/20260825_183653_L25_PalletGHC0825225932_Cavity2_B01BJVP_Fail7_Score(0.992003).bmp,Multiple Lenses,L25,train
b8bb20dc6ca37e559751c69eb303b160,/data/FMD_Data_26082026/fmd_temp_images/Updated ICube Categorical Classes 20260915/Multiple Lenses/20241207_064850_L25_C11_9488.bmp,Multiple Lenses,L25,train
bab9540ced1bddc0c23a7c0de8bd5343,/data/FMD_Data_26082026/fmd_temp_images/Updated ICube Categorical Classes 20260915/Multiple Lenses/20241114_184115_L25_C8_9834.bmp,Multiple Lenses,L25,train
bbf7da68a11533b672f665b4b12e14f7,/data/FMD_Data_26082026/fmd_temp_images/Updated ICube Categorical Classes 20260915/Multiple Lenses/20260905_013750_L25_PalletGHK0905060336_Cavity12_B01BLLB_Fail7_Score(0.9887764).bmp,Multiple Lenses,L25,train
bce553a818223df55db01e782e74c288,/data/FMD_Data_26082026/fmd_temp_images/Updated ICube Categorical Classes 20260915/Multiple Lenses/20241111_185643_L25_C10_9998.bmp,Multiple Lenses,L25,train
bd0ebb351ae40e26d0e1ca7023cb90cd,/data/FMD_Data_26082026/fmd_temp_images/Updated ICube Categorical Classes 20260915/Multiple Lenses/20241212_164348_L25_C2_9962.bmp,Multiple Lenses,L25,train
be04b3cca5b932ee73d25620ae4138c3,/data/FMD_Data_26082026/fmd_temp_images/Updated ICube Categorical Classes 20260915/Multiple Lenses/20241211_225216_L25_C5_9655.bmp,Multiple Lenses,L25,train
c1074eee88bda80618ca632e3a5187f8,/data/FMD_Data_26082026/fmd_temp_images/Updated ICube Categorical Classes 20260915/Multiple Lenses/20241206_133709_L25_C8_9474.bmp,Multiple Lenses,L25,train
c17155dbc653caf7a1e4cdb52d2747ff,/data/FMD_Data_26082026/fmd_temp_images/Updated ICube Categorical Classes 20260915/Multiple Lenses/20241113_183156_L25_C2_9854.bmp,Multiple Lenses,L25,train
c231a2c22067339fb4f6955f7a61718d,/data/FMD_Data_26082026/fmd_temp_images/Updated ICube Categorical Classes 20260915/Multiple Lenses/20241212_233112_L25_C6_9990.bmp,Multiple Lenses,L25,train
c28aca201b51ffce12b12281e1149277,/data/FMD_Data_26082026/fmd_temp_images/Updated ICube Categorical Classes 20260915/Multiple Lenses/20260902_135611_L25_PalletGHD0902181943_Cavity3_B01BLL6_Fail7_Score(0.9998398).bmp,Multiple Lenses,L25,train
c3c32669407095a34a2916d6c5795308,/data/FMD_Data_26082026/fmd_temp_images/ICube Defects Library/Multiple Lenses/20241109_061414_L25_C5_9105.bmp,Multiple Lenses,L25,train
c52aa8c9ef66704515132890757e0486,/data/FMD_Data_26082026/fmd_temp_images/Updated ICube Categorical Classes 20260915/Multiple Lenses/20241110_123423_L25_C5_9548.bmp,Multiple Lenses,L25,train
c63b9efd7dc2925f9c2968df24572ab6,/data/FMD_Data_26082026/fmd_temp_images/Updated ICube Categorical Classes 20260915/Multiple Lenses/20241214_140140_L25_C14_9470.bmp,Multiple Lenses,L25,train
c6c86bf9ebcff7a83686c0107ba35c78,/data/FMD_Data_26082026/fmd_temp_images/Updated ICube Categorical Classes 20260915/Multiple Lenses/20241215_053136_L25_C15_9756.bmp,Multiple Lenses,L25,train
c7f89f60d016599bddf12906f725d59a,/data/FMD_Data_26082026/fmd_temp_images/Updated ICube Categorical Classes 20260915/Multiple Lenses/20260828_174601_L25_PalletGHR0828220841_Cavity2_B01BKL1_Fail7_Score(0.9992198).bmp,Multiple Lenses,L25,train
c8e60974b8a1488c1269dd2e1db34616,/data/FMD_Data_26082026/fmd_temp_images/Updated ICube Categorical Classes 20260915/Multiple Lenses/20241204_231635_L25_C4_9570.bmp,Multiple Lenses,L25,train
cac9bbfe7528f60b4ea0a6469b7f27f9,/data/FMD_Data_26082026/fmd_temp_images/Updated ICube Categorical Classes 20260915/Multiple Lenses/20260824_062235_L25_PalletGHG0824104606_Cavity15_B01BKVR_Fail3_Score(0.9266365).bmp,Multiple Lenses,L25,train
cad2211f468dd2797be0e81780e23853,/data/FMD_Data_26082026/fmd_temp_images/Updated ICube Categorical Classes 20260915/Multiple Lenses/20260816_174011_L25_PalletGHO0816220432_Cavity13_B01BH2P_Fail4_Score(0.9459956).bmp,Multiple Lenses,L25,train
cbda175cf83e38acb8f969001bdb687b,/data/FMD_Data_26082026/fmd_temp_images/Updated ICube Categorical Classes 20260915/Multiple Lenses/20241207_074044_L25_C13_9569.bmp,Multiple Lenses,L25,train
d0779b73ea8b434e4a948f3e3690174d,/data/FMD_Data_26082026/fmd_temp_images/Updated ICube Categorical Classes 20260915/Multiple Lenses/20260823_174403_L25_PalletGHB0823220737_Cavity13_B01BKVS_Fail3_Score(0.9298353).bmp,Multiple Lenses,L25,train
d0c5b4a2e1313e2059939e1409f91891,/data/FMD_Data_26082026/fmd_temp_images/Updated ICube Categorical Classes 20260915/Multiple Lenses/20241121_140044_L25_C3_9997.bmp,Multiple Lenses,L25,train
d25379fc8d6ea0ac9492f50109d2780e,/data/FMD_Data_26082026/fmd_temp_images/ICube Defects Library/Multiple Lenses/20241113_183539_L25_PalletGHE1113212349_Cavity14_B017B2S_Fail7_Score(1).bmp,Multiple Lenses,L25,train
d2fa24ffed9ae62ad70866b601c25e98,/data/FMD_Data_26082026/fmd_temp_images/Updated ICube Categorical Classes 20260915/Multiple Lenses/20260814_185330_L25_PalletGHR0814231651_Cavity12_B01BHXG_Fail3_Score(0.9263331).bmp,Multiple Lenses,L25,train
d3657c87cda89096cc4a146b01301042,/data/FMD_Data_26082026/fmd_temp_images/Updated ICube Categorical Classes 20260915/Multiple Lenses/20260908_050952_L25_PalletGHK0908093455_Cavity13_B01BMMX_Fail7_Score(0.9999823).bmp,Multiple Lenses,L25,train
d692de1584cce0e22fec5aa644998761,/data/FMD_Data_26082026/fmd_temp_images/Updated ICube Categorical Classes 20260915/Multiple Lenses/20241209_011023_L25_C11_9989.bmp,Multiple Lenses,L25,train
d7be6e6afdfdc09114beb85b526c8cf8,/data/FMD_Data_26082026/fmd_temp_images/Updated ICube Categorical Classes 20260915/Multiple Lenses/20241206_200114_L25_C12_9884.bmp,Multiple Lenses,L25,train
d7ee9c2f6d65febaaeda460dfc5dc48a,/data/FMD_Data_26082026/fmd_temp_images/Updated ICube Categorical Classes 20260915/Multiple Lenses/20260903_175631_L25_PalletGHR0903222026_Cavity2_B01BLL4_Fail4_Score(0.9377856).bmp,Multiple Lenses,L25,train
d8261e448cee0b4381ddee298aeed535,/data/FMD_Data_26082026/fmd_temp_images/Updated ICube Categorical Classes 20260915/Multiple Lenses/20260829_061535_L25_PalletGHU0829103928_Cavity4_B01BKKT_Fail7_Score(0.998057).bmp,Multiple Lenses,L25,train
d8cb83b05f3344f65f39a0dc8867f8ff,/data/FMD_Data_26082026/fmd_temp_images/ICube Defects Library/Multiple Lenses/20241113_184146_L25_PalletGHH1113212947_Cavity6_B017B2S_Fail7_Score(0.9999908).bmp,Multiple Lenses,L25,train
d8f0fae23701bc25591ee0e0b9ea48a5,/data/FMD_Data_26082026/fmd_temp_images/Updated ICube Categorical Classes 20260915/Multiple Lenses/20260903_175631_L25_PalletGHR0903222026_Cavity12_B01BLL4_Fail7_Score(0.9856592).bmp,Multiple Lenses,L25,train
d9a2606f54051297201cd5ad0cc1d19a,/data/FMD_Data_26082026/fmd_temp_images/ICube Defects Library/Multiple Lenses/20241110_123654_L25_C11_9292.bmp,Multiple Lenses,L25,train
db6e8cace6675381442b4114061c3e11,/data/FMD_Data_26082026/fmd_temp_images/Updated ICube Categorical Classes 20260915/Multiple Lenses/20241121_140414_L25_C2_9984.bmp,Multiple Lenses,L25,train
dc96431a5ec52e327155d3e8494f3aeb,/data/FMD_Data_26082026/fmd_temp_images/Updated ICube Categorical Classes 20260915/Multiple Lenses/20260831_111033_L25_PalletGHJ0831153601_Cavity2_B01BKLH_Fail7_Score(0.9999986).bmp,Multiple Lenses,L25,train
dcafcd9b2b94c44d922889579a5aa594,/data/FMD_Data_26082026/fmd_temp_images/Updated ICube Categorical Classes 20260915/Multiple Lenses/20260824_074752_L25_PalletGHG0824121238_Cavity10_B01BKVR_Fail4_Score(0.9475616).bmp,Multiple Lenses,L25,train
dd57652617b113b9ad20e952c4e81cec,/data/FMD_Data_26082026/fmd_temp_images/Updated ICube Categorical Classes 20260915/Multiple Lenses/20260824_013751_L25_PalletGHC0824060246_Cavity15_B01BKVR_Fail7_Score(0.9995659).bmp,Multiple Lenses,L25,train
e010a861a6d5561a4e3c4964e504a450,/data/FMD_Data_26082026/fmd_temp_images/Updated ICube Categorical Classes 20260915/Multiple Lenses/20260814_185330_L25_PalletGHR0814231651_Cavity10_B01BHXG_Fail7_Score(0.9862986).bmp,Multiple Lenses,L25,train
e2c19e1a2f3d9e75c876d26924016cc2,/data/FMD_Data_26082026/fmd_temp_images/ICube Defects Library/Multiple Lenses/20241109_175445_L25_C2_9967.bmp,Multiple Lenses,L25,train
e3ca2769aff16d7e008ae58a5cccb32c,/data/FMD_Data_26082026/fmd_temp_images/Updated ICube Categorical Classes 20260915/Multiple Lenses/20260814_185329_L25_PalletGHR0814231651_Cavity4_B01BHXG_Fail7_Score(0.9998279).bmp,Multiple Lenses,L25,train
e440a522598a9175488bf4d573683c00,/data/FMD_Data_26082026/fmd_temp_images/Updated ICube Categorical Classes 20260915/Multiple Lenses/20260831_194001_L25_PalletGHS0901000440_Cavity11_B01BKLG_Fail7_Score(0.9957027).bmp,Multiple Lenses,L25,train
e47f30314ce3c3d1e094efab3481f46e,/data/FMD_Data_26082026/fmd_temp_images/ICube Defects Library/Multiple Lenses/20241110_182650_L25_C14_9999.bmp,Multiple Lenses,L25,train
e7b7c2e035651b68b80d37fa06090ffb,/data/FMD_Data_26082026/fmd_temp_images/Updated ICube Categorical Classes 20260915/Multiple Lenses/20241214_091221_L25_C7_9479.bmp,Multiple Lenses,L25,train
e80cd8df58bb00e2b2037af2a18629b8,/data/FMD_Data_26082026/fmd_temp_images/Updated ICube Categorical Classes 20260915/Multiple Lenses/20260819_182815_L25_PalletGHE0819225203_Cavity10_B01BJV5_Fail6_Score(0.9823046).bmp,Multiple Lenses,L25,train
e84332c0d0bf943de9ae02d19696e76c,/data/FMD_Data_26082026/fmd_temp_images/Updated ICube Categorical Classes 20260915/Multiple Lenses/20241206_182940_L25_C4_9946.bmp,Multiple Lenses,L25,train
e8c3e5c43a23f3b98d3880d592665fdc,/data/FMD_Data_26082026/fmd_temp_images/ICube Defects Library/Multiple Lenses/20241109_061414_L25_C11_9559.bmp,Multiple Lenses,L25,train
e99f00da36fe6cbe268819112a02c8dc,/data/FMD_Data_26082026/fmd_temp_images/Updated ICube Categorical Classes 20260915/Multiple Lenses/20260824_181155_L25_PalletGHC0824223449_Cavity2_B01BJVP_Fail6_Score(0.9785118).bmp,Multiple Lenses,L25,train
ecad1185aeb0ff4cc483315b275eb215,/data/FMD_Data_26082026/fmd_temp_images/Updated ICube Categorical Classes 20260915/Multiple Lenses/20241113_183539_L25_C10_9999.bmp,Multiple Lenses,L25,train
ef8a1bb998de3e75b37417744ed6e0d3,/data/FMD_Data_26082026/fmd_temp_images/Updated ICube Categorical Classes 20260915/Multiple Lenses/20241111_152131_L25_C9_9602.bmp,Multiple Lenses,L25,train
efca14a4a83c11802408ecd8d3eade4c,/data/FMD_Data_26082026/fmd_temp_images/Updated ICube Categorical Classes 20260915/Multiple Lenses/20241111_071945_L25_C2_9103.bmp,Multiple Lenses,L25,train
f0066e7129efbf04b93c846ffbb43354,/data/FMD_Data_26082026/fmd_temp_images/Updated ICube Categorical Classes 20260915/Multiple Lenses/20260831_141137_L25_PalletGHC0831183658_Cavity11_B01BKLG_Fail7_Score(0.9965094).bmp,Multiple Lenses,L25,train
f37eb978e1d1ab95db3c71137bacfd51,/data/FMD_Data_26082026/fmd_temp_images/Updated ICube Categorical Classes 20260915/Multiple Lenses/20260826_055324_L25_PalletGHF0826101632_Cavity3_B01BJVJ_Fail7_Score(0.9999616).bmp,Multiple Lenses,L25,train
f50c5dbc0d9b1886bdfa3a615cd1029d,/data/FMD_Data_26082026/fmd_temp_images/Updated ICube Categorical Classes 20260915/Multiple Lenses/20241116_235619_L25_C8_9855.bmp,Multiple Lenses,L25,train
f6236cf74f70e07e0657e02a8392da63,/data/FMD_Data_26082026/fmd_temp_images/Updated ICube Categorical Classes 20260915/Multiple Lenses/20241206_012953_L25_C15_9294.bmp,Multiple Lenses,L25,train
f68dfdafe6160a4f68630b236e3f158c,/data/FMD_Data_26082026/fmd_temp_images/Updated ICube Categorical Classes 20260915/Multiple Lenses/20260831_055914_L25_PalletGHM0831102319_Cavity13_B01BKLP_Fail7_Score(0.9999884).bmp,Multiple Lenses,L25,train
f6e3bc45ed1ad55d7d5bcf83d15253aa,/data/FMD_Data_26082026/fmd_temp_images/Updated ICube Categorical Classes 20260915/Multiple Lenses/20241109_235209_L25_C3_9905.bmp,Multiple Lenses,L25,train
fafd3d5807d8d1b4b0dccf3747197576,/data/FMD_Data_26082026/fmd_temp_images/ICube Defects Library/Multiple Lenses/20241109_063341_L25_C12_9883.bmp,Multiple Lenses,L25,train
fb3ede17aa0ac872109fb6bf80920231,/data/FMD_Data_26082026/fmd_temp_images/Updated ICube Categorical Classes 20260915/Multiple Lenses/20241121_041226_L25_C15_1.bmp,Multiple Lenses,L25,train
fb9572107f3528faac8661e172320e85,/data/FMD_Data_26082026/fmd_temp_images/Updated ICube Categorical Classes 20260915/Multiple Lenses/20260906_065445_L25_PalletGHP0906112034_Cavity13_B01BMMJ_Fail7_Score(0.9997032).bmp,Multiple Lenses,L25,train
fe1449c9c94cac54e511909f79193454,/data/FMD_Data_26082026/fmd_temp_images/Updated ICube Categorical Classes 20260915/Multiple Lenses/20241207_060418_L25_C7_9497.bmp,Multiple Lenses,L25,train
