source_md5,source_path,class,line,split
0f0b9dfa82f9e0b073f512fc59c20461,/data/FMD_Data_26082026/fmd_temp_images/ICube Defects Library/Bubble Cluster/20241117_205925_L27_C1_9800.bmp,Bubble Cluster,L27,test
2aa16bf5e76314263fb7cc73d4a0ba64,/data/FMD_Data_26082026/fmd_temp_images/ICube Defects Library/Bubble Cluster/20241117_104827_L27_C6_9167.bmp,Bubble Cluster,L27,test
6c5c3042dee728d4144b583db564a5ef,/data/FMD_Data_26082026/fmd_temp_images/ICube Defects Library/Bubble Cluster/20241117_151658_L27_C10_9558.bmp,Bubble Cluster,L27,test
40d7674de3b929eb4cb94a5ed49791a1,/data/FMD_Data_26082026/fmd_temp_images/ICube Defects Library/Bubble Cluster/20241117_191050_L27_C5_9850.bmp,Bubble Cluster,L27,train
60219a870b60f556055a09fe8967c2cb,/data/FMD_Data_26082026/fmd_temp_images/ICube Defects Library/Bubble Cluster/20241117_125203_L27_C10_9695.bmp,Bubble Cluster,L27,train
716bde3208d63a46340009755102db5e,/data/FMD_Data_26082026/fmd_temp_images/ICube Defects Library/Bubble Cluster/20241117_141409_L27_C7_9405.bmp,Bubble Cluster,L27,train
85dd2470096d4c5f6780dc1fa4bc264e,/data/FMD_Data_26082026/fmd_temp_images/ICube Defects Library/Bubble Cluster/20241117_173107_L27_C4_9604.bmp,Bubble Cluster,L27,train
950b162847969269048ef28563206062,/data/FMD_Data_26082026/fmd_temp_images/ICube Defects Library/Bubble Cluster/20241118_055435_L27_C5_9033.bmp,Bubble Cluster,L27,train
eed4e5b9549ccb53b8d70f00a2444c8c,/data/FMD_Data_26082026/fmd_temp_images/ICube Defects Library/Bubble Cluster/20241118_010623_L27_C2_9980.bmp,Bubble Cluster,L27,train
f83fc7fe4980e2bb21432a3a9e54ee49,/data/FMD_Data_26082026/fmd_temp_images/ICube Defects Library/Bubble Cluster/20241117_180538_L27_C2_9815.bmp,Bubble Cluster,L27,train
2281e976cfed5c38d3ac1c1ee17547d5,/data/FMD_Data_26082026/fmd_temp_images/ICube Defects Library/Bubble Irregular/20241102_141640_L27_C8_9246.bmp,Bubble Irregular,L27,test
26dd2a1efff82abbd662c0c48f1bc5ab,/data/FMD_Data_26082026/fmd_temp_images/ICube Defects Library/Bubble Irregular/20241117_131502_L27_C12_9639.bmp,Bubble Irregular,L27,test
2aa8bd0dd8cab034b2523c02d52e23f3,/data/FMD_Data_26082026/fmd_temp_images/ICube Defects Library/Bubble Irregular/20241102_140219_L27_C5_9182.bmp,Bubble Irregular,L27,test
58b2550918ffdc8c80b04182a6a3b88d,/data/FMD_Data_26082026/fmd_temp_images/ICube Defects Library/Bubble Irregular/20241106_110332_L27_C15_9209.bmp,Bubble Irregular,L27,test
a912fed1f22ec93dcc9a8c0330cb65e3,/data/FMD_Data_26082026/fmd_temp_images/ICube Defects Library/Bubble Irregular/20241117_131628_L27_C3_9855.bmp,Bubble Irregular,L27,test
e54b5d3d9b5acaf716853f90edd181e3,/data/FMD_Data_26082026/fmd_temp_images/ICube Defects Library/Bubble Irregular/20241106_194725_L27_C14_9308.bmp,Bubble Irregular,L27,test
2edfca4b602add24b7588a8d17671dd3,/data/FMD_Data_26082026/fmd_temp_images/ICube Defects Library/Bubble Irregular/20241106_001022_L27_C12_9504.bmp,Bubble Irregular,L27,train
487d178f46b9db2cb9dd561652550e98,/data/FMD_Data_26082026/fmd_temp_images/ICube Defects Library/Bubble Irregular/20241117_134544_L27_C14_9486.bmp,Bubble Irregular,L27,train
4ab2a75779e25949199b93253a4c5a14,/data/FMD_Data_26082026/fmd_temp_images/ICube Defects Library/Bubble Irregular/20241105_222703_L27_C15_9959.bmp,Bubble Irregular,L27,train
610bcc0f0a68f15b9966770e579cb6a9,/data/FMD_Data_26082026/fmd_temp_images/ICube Defects Library/Bubble Irregular/20241119_015300_L27_C6_9311.bmp,Bubble Irregular,L27,train
7323c53cd799feac7c9f85bee003916e,/data/FMD_Data_26082026/fmd_temp_images/ICube Defects Library/Bubble Irregular/20241102_170721_L27_C2_9599.bmp,Bubble Irregular,L27,train
7b9f7952fce5c41f63127d3feae9e332,/data/FMD_Data_26082026/fmd_temp_images/ICube Defects Library/Bubble Irregular/20241102_173420_L27_C15_9991.bmp,Bubble Irregular,L27,train
7d6edcec57085ba93c0f0b747831ba13,/data/FMD_Data_26082026/fmd_temp_images/ICube Defects Library/Bubble Irregular/20241106_150559_L27_C1_9556.bmp,Bubble Irregular,L27,train
81ffc315ce69a5799d04e04078969788,/data/FMD_Data_26082026/fmd_temp_images/ICube Defects Library/Bubble Irregular/20241105_191956_L27_C4_9065.bmp,Bubble Irregular,L27,train
9274c23944240147b6b4c8bf9d69920e,/data/FMD_Data_26082026/fmd_temp_images/ICube Defects Library/Bubble Irregular/20241102_143656_L27_C15_9231.bmp,Bubble Irregular,L27,train
aff995bc157296438b531b17b4263c6a,/data/FMD_Data_26082026/fmd_temp_images/ICube Defects Library/Bubble Irregular/20241119_022535_L27_C2_9636.bmp,Bubble Irregular,L27,train
ca231d730705d3f990620ff3ef9fa291,/data/FMD_Data_26082026/fmd_temp_images/ICube Defects Library/Bubble Irregular/20241106_092421_L27_C11_9149.bmp,Bubble Irregular,L27,train
d4e68f596636f40e7fe6b7aa225f06d6,/data/FMD_Data_26082026/fmd_temp_images/ICube Defects Library/Bubble Irregular/20241117_024641_L27_C12_9867.bmp,Bubble Irregular,L27,train
e54378cbe370fd77c5d5ebe8da6954ee,/data/FMD_Data_26082026/fmd_temp_images/ICube Defects Library/Bubble Irregular/20241117_233059_L27_C12_9121.bmp,Bubble Irregular,L27,train
e5fb215d9afa7e049a6a4f67b8d1a297,/data/FMD_Data_26082026/fmd_temp_images/ICube Defects Library/Bubble Irregular/20241103_063558_L27_C12_9633.bmp,Bubble Irregular,L27,train
e8ce8a4c73ba527b1f9b4419045df9df,/data/FMD_Data_26082026/fmd_temp_images/ICube Defects Library/Bubble Irregular/20241106_095939_L27_C9_9713.bmp,Bubble Irregular,L27,train
b5b766015892f3be5a2991ed4baaa64b,/data/FMD_Data_26082026/fmd_temp_images/ICube Defects Library/Bubble Scatter/20241117_215336_L27_C1_9451.bmp,Bubble Scatter,L27,test
9c18c84c3438c9ce8a74146ac6608729,/data/FMD_Data_26082026/fmd_temp_images/ICube Defects Library/Bubble Scatter/20241117_211413_L27_C7_9880.bmp,Bubble Scatter,L27,train
b14ee276c718fad8b2519a7ccb326a9e,/data/FMD_Data_26082026/fmd_temp_images/ICube Defects Library/Bubble Scatter/20241117_130031_L27_C3_9380.bmp,Bubble Scatter,L27,train
2372e7ee83b60111c81b30c865398c02,/data/FMD_Data_26082026/fmd_temp_images/ICube Defects Library/Cavity Off Center/20241207_204843_L27_C7_1.bmp,Cavity Off Center,L27,test
30e5bfa770112584540d124488af54f0,/data/FMD_Data_26082026/fmd_temp_images/ICube Defects Library/Cavity Off Center/20241207_204843_L27_C8_1.bmp,Cavity Off Center,L27,test
32c263cf305bd5150b7097c118c5afdb,/data/FMD_Data_26082026/fmd_temp_images/ICube Defects Library/Cavity Off Center/20241207_204843_L27_C12_1.bmp,Cavity Off Center,L27,test
4511d22e17abf81907f2bacc3a1c0fd6,/data/FMD_Data_26082026/fmd_temp_images/ICube Defects Library/Cavity Off Center/20241207_204843_L27_C11_1.bmp,Cavity Off Center,L27,test
0d5982a5e1ea5e91109b153061c90730,/data/FMD_Data_26082026/fmd_temp_images/ICube Defects Library/Cavity Off Center/20241207_204843_L27_C13_1.bmp,Cavity Off Center,L27,train
133f06dceec5ada530352d2994ead195,/data/FMD_Data_26082026/fmd_temp_images/ICube Defects Library/Cavity Off Center/20241207_204843_L27_C15_1.bmp,Cavity Off Center,L27,train
45e3850ab213295cf689d45fd9d43de2,/data/FMD_Data_26082026/fmd_temp_images/ICube Defects Library/Cavity Off Center/20241207_204843_L27_C3_1.bmp,Cavity Off Center,L27,train
5f99a4265297d8df54ba6ee54fd15a51,/data/FMD_Data_26082026/fmd_temp_images/ICube Defects Library/Cavity Off Center/20241207_204843_L27_C14_1.bmp,Cavity Off Center,L27,train
6ca345bf87af429d22c2da4ac8375faf,/data/FMD_Data_26082026/fmd_temp_images/ICube Defects Library/Cavity Off Center/20241207_204843_L27_C5_1.bmp,Cavity Off Center,L27,train
7aa34dd829435523c41a12e7f087b298,/data/FMD_Data_26082026/fmd_temp_images/ICube Defects Library/Cavity Off Center/20241207_204843_L27_C6_1.bmp,Cavity Off Center,L27,train
8d1ca5f2210247278583d54abdeca91d,/data/FMD_Data_26082026/fmd_temp_images/ICube Defects Library/Cavity Off Center/20241207_204843_L27_C4_1.bmp,Cavity Off Center,L27,train
a93b204e7534e0ca20db6277a52b3b35,/data/FMD_Data_26082026/fmd_temp_images/ICube Defects Library/Cavity Off Center/20241207_204843_L27_C9_1.bmp,Cavity Off Center,L27,train
dcca097993ebe8f63d101c7a3d3704ba,/data/FMD_Data_26082026/fmd_temp_images/ICube Defects Library/Cavity Off Center/20241207_204843_L27_C10_1.bmp,Cavity Off Center,L27,train
22a1f930dd5dc18e2081ab762dd6ae97,/data/FMD_Data_26082026/fmd_temp_images/Updated ICube Objects 20260915/Extraneous Polymer/20260806_153211_L27_PalletGHK0806185735_Cavity3_B01BGMT_Fail7_Score(0.9998726)_0.9999_0.7055.bmp,Extraneous Polymer,L27,test
914ddaec10eb69f1e09192a28bd7a9b8,/data/FMD_Data_26082026/fmd_temp_images/Updated ICube Objects 20260915/Extraneous Polymer/20241111_040338_L27_PalletGHT1111055525_Cavity2_B01796Q_Fail7_Score(0.9983938)_0.5186_0.9525.bmp,Extraneous Polymer,L27,test
9eb06b3b1dd3650267a90125fca623b4,/data/FMD_Data_26082026/fmd_temp_images/ICube Defects Library/Extraneous Polymer/20241109_213752_L27_C10_9996.bmp,Extraneous Polymer,L27,test
d976625fd96b3fc4ea13e4a5dbf20121,/data/FMD_Data_26082026/fmd_temp_images/ICube Defects Library/Extraneous Polymer/20241110_102003_L27_C9_9990.bmp,Extraneous Polymer,L27,test
fee83453185d1c0de053b2b2f6b31ab8,/data/FMD_Data_26082026/fmd_temp_images/Updated ICube Objects 20260915/Extraneous Polymer/20260904_150437_L27_PalletGHM0904183032_Cavity5_B01BMCT_Fail7_Score(0.9990662)_0.9998_0.9742.bmp,Extraneous Polymer,L27,test
166aa70a72f0fd8fa2a4b4b15b1b8aed,/data/FMD_Data_26082026/fmd_temp_images/Updated ICube Objects 20260915/Extraneous Polymer/20241101_183019_L27_PalletGHT1101192118_Cavity7_B0177BB_Fail7_Score(0.9997374)_1.0000_0.9998.bmp,Extraneous Polymer,L27,train
294035f570fd8241e0d475b43f041782,/data/FMD_Data_26082026/fmd_temp_images/Updated ICube Objects 20260915/Extraneous Polymer/20241110_223949_L27_PalletGHQ1111003130_Cavity4_B0178LD_Fail5_Score(0.9554622)_1.0000_0.9883.bmp,Extraneous Polymer,L27,train
41e2f0e7ad176b0bda09435a7c84c14c,/data/FMD_Data_26082026/fmd_temp_images/ICube Defects Library/Extraneous Polymer/20241109_210758_L27_C6_9951.bmp,Extraneous Polymer,L27,train
47a5e826a09359d7c9e5dcdc116500c3,/data/FMD_Data_26082026/fmd_temp_images/Updated ICube Objects 20260915/Extraneous Polymer/20260808_184257_L27_PalletGHF0808220741_Cavity13_B01BH57_Fail6_Score(0.9712428)_0.9998_0.7320.bmp,Extraneous Polymer,L27,train
77ada8b3c0181bc2130f5e32f46a95cd,/data/FMD_Data_26082026/fmd_temp_images/Updated ICube Objects 20260915/Extraneous Polymer/20241111_230830_L27_PalletGHE1112010018_Cavity11_B01796S_Fail5_Score(0.9521646)_0.9998_0.9954.bmp,Extraneous Polymer,L27,train
836aac8a2b650eab6ec3650db070c0ea,/data/FMD_Data_26082026/fmd_temp_images/Updated ICube Objects 20260915/Extraneous Polymer/20260808_110353_L27_PalletGHJ0808142936_Cavity5_B01BH56_Fail5_Score(0.9622378).bmp,Extraneous Polymer,L27,train
c026641a1f83f20e57231470f0d01040,/data/FMD_Data_26082026/fmd_temp_images/ICube Defects Library/Extraneous Polymer/20241106_174048_L27_PalletGHA1106193211_Cavity13_B0178KV_Fail6_Score(0.9752264).bmp,Extraneous Polymer,L27,train
c0b9e187ed7a4d26f89ab0aee44697de,/data/FMD_Data_26082026/fmd_temp_images/Updated ICube Objects 20260915/Extraneous Polymer/20260806_121317_L27_PalletGHM0806153850_Cavity11_B01BGMS_Fail7_Score(0.9990594).bmp,Extraneous Polymer,L27,train
e05ca8aa0168fb20d452ce5014122290,/data/FMD_Data_26082026/fmd_temp_images/Updated ICube Objects 20260915/Extraneous Polymer/20241114_025309_L27_PalletGHI1114070951_Cavity6_B01796T_Fail7_Score(0.9997685)_1.0000_1.0000.bmp,Extraneous Polymer,L27,train
e3c144913e3912202787ee2eb54b9186,/data/FMD_Data_26082026/fmd_temp_images/Updated ICube Objects 20260915/Extraneous Polymer/20241110_230135_L27_PalletGHP1111005322_Cavity7_B0178LG_Fail7_Score(0.9861149)_1.0000_0.9811.bmp,Extraneous Polymer,L27,train
e6eadc3debc36aa4d8e4b6fc86d0e346,/data/FMD_Data_26082026/fmd_temp_images/Updated ICube Objects 20260915/Extraneous Polymer/20241113_203303_L27_PalletGHN1114004945_Cavity9_B01796W_Fail6_Score(0.9787874)_0.9850_0.9925.bmp,Extraneous Polymer,L27,train
0e6c0dd297e5e9ce84dbc8811f3f2c4b,/data/FMD_Data_26082026/fmd_temp_images/Updated ICube Objects 20260915/Fiber/20260906_102245_L27_PalletGHS0906134847_Cavity10_B01BMD6_Fail7_Score(0.9884009).bmp,Fiber,L27,test
128e070f2b80cbf20f05e99f31370b12,/data/FMD_Data_26082026/fmd_temp_images/Updated ICube Objects 20260915/Fiber/20260908_033522_L27_PalletGHO0908070136_Cavity1_B01BMCW_Fail7_Score(0.9845304).bmp,Fiber,L27,test
18ca534750d9b465896f267d4d02a870,/data/FMD_Data_26082026/fmd_temp_images/Updated ICube Objects 20260915/Fiber/20260809_132708_L27_PalletGHT0809165259_Cavity9_B01BH58_Fail6_Score(0.9826545).bmp,Fiber,L27,test
1b4498c7218766a24449ead3b0f3f672,/data/FMD_Data_26082026/fmd_temp_images/Updated ICube Objects 20260915/Fiber/20260909_084212_L27_PalletGHG0909120828_Cavity10_B01BMCZ_Fail7_Score(0.999227).bmp,Fiber,L27,test
1ed19eec0d19118207e76fe0349ef69f,/data/FMD_Data_26082026/fmd_temp_images/Updated ICube Objects 20260915/Fiber/20260908_231112_L27_PalletGHM0909023554_Cavity5_B01BMCZ_Fail7_Score(0.9972289).bmp,Fiber,L27,test
2f1f6ac52283db15c1c574c693e9f5b9,/data/FMD_Data_26082026/fmd_temp_images/Updated ICube Objects 20260915/Fiber/20260908_175618_L27_PalletGHU0908212232_Cavity15_B01BMCX_Fail7_Score(0.9999723).bmp,Fiber,L27,test
39f6248cb6b3ab673eb21e7ab6aafb13,/data/FMD_Data_26082026/fmd_temp_images/Updated ICube Objects 20260915/Fiber/20260905_125753_L27_PalletGHP0905162340_Cavity14_B01BMCV_Fail7_Score(0.999927).bmp,Fiber,L27,test
481752e243bca15e1ecae3019cfcfeec,/data/FMD_Data_26082026/fmd_temp_images/Updated ICube Objects 20260915/Fiber/20260809_134202_L27_PalletGHC0809170751_Cavity7_B01BH58_Fail7_Score(0.9999543).bmp,Fiber,L27,test
50ae73d7f96d85be65251b5d9371c3e9,/data/FMD_Data_26082026/fmd_temp_images/Updated ICube Objects 20260915/Fiber/20260909_040057_L27_PalletGHK0909072700_Cavity14_B01BMCZ_Fail4_Score(0.9354485).bmp,Fiber,L27,test
587a3b6d61172499f6f29a5ea4c13d72,/data/FMD_Data_26082026/fmd_temp_images/Updated ICube Objects 20260915/Fiber/20260903_150610_L27_PalletGHG0903183152_Cavity13_B01BMCR_Fail7_Score(0.9986017).bmp,Fiber,L27,test
5980e19e327597cb36b8674e828852f0,/data/FMD_Data_26082026/fmd_temp_images/Updated ICube Objects 20260915/Fiber/20260908_125806_L27_PalletGHA0908162422_Cavity10_B01BMCX_Fail7_Score(0.9999531).bmp,Fiber,L27,test
5eb03ae01b0a21626cc4c24a20890d7e,/data/FMD_Data_26082026/fmd_temp_images/Updated ICube Objects 20260915/Fiber/20260903_183908_L27_PalletGHC0903220351_Cavity15_B01BMCR_Fail6_Score(0.9695352).bmp,Fiber,L27,test
5fe0d59b1b2b40908243b709a99974b4,/data/FMD_Data_26082026/fmd_temp_images/Updated ICube Objects 20260915/Fiber/20260807_131129_L27_PalletGHT0807163654_Cavity1_B01BGMR_Fail7_Score(0.9959137)_1.0000_0.5395.bmp,Fiber,L27,test
60d985981e8c4c2f8c9735d5773b5071,/data/FMD_Data_26082026/fmd_temp_images/Updated ICube Objects 20260915/Fiber/20260907_055501_L27_PalletGHF0907092110_Cavity9_B01BMCM_Fail7_Score(0.9999927).bmp,Fiber,L27,test
66a3dc146815a9fc284c503ca6967ee1,/data/FMD_Data_26082026/fmd_temp_images/Updated ICube Objects 20260915/Fiber/20260903_045702_L27_PalletGHE0903082252_Cavity10_B01BKZX_Fail7_Score(0.9992049).bmp,Fiber,L27,test
7b4a19dad590f9dc291ef4eaa072906f,/data/FMD_Data_26082026/fmd_temp_images/Updated ICube Objects 20260915/Fiber/20260807_155736_L27_PalletGHL0807192318_Cavity7_B01BHHF_Fail7_Score(0.9999999)_1.0000_0.8438.bmp,Fiber,L27,test
7bacfdce997c663f7fc876454476cbff,/data/FMD_Data_26082026/fmd_temp_images/Updated ICube Objects 20260915/Fiber/20260908_163924_L27_PalletGHN0908200540_Cavity4_B01BMCX_Fail7_Score(0.99808).bmp,Fiber,L27,test
7d8607a75e7d751907f308afd4b52dec,/data/FMD_Data_26082026/fmd_temp_images/Updated ICube Objects 20260915/Fiber/20260909_105456_L27_PalletGHP0909141207_Cavity1_B01BMCZ_Fail3_Score(0.923271).bmp,Fiber,L27,test
81a943c4045f710430153ed6586187dc,/data/FMD_Data_26082026/fmd_temp_images/Updated ICube Objects 20260915/Fiber/20241110_201535_L27_PalletGHC1110220718_Cavity6_B0178LD_Fail6_Score(0.9700306)_1.0000_0.9936.bmp,Fiber,L27,test
a04d9f817cc79b00695db40cf2e923b7,/data/FMD_Data_26082026/fmd_temp_images/Updated ICube Objects 20260915/Fiber/20260809_134102_L27_PalletGHB0809170651_Cavity7_B01BH58_Fail7_Score(0.9999219).bmp,Fiber,L27,test
a15a4ddebd4740a49c5af50b572a12d5,/data/FMD_Data_26082026/fmd_temp_images/Updated ICube Objects 20260915/Fiber/20260808_115844_L27_PalletGHR0808152427_Cavity6_B01BH56_Fail7_Score(0.9999999)_0.9999_0.3921.bmp,Fiber,L27,test
b97df93954c52b1d9cf86f5f3acff264,/data/FMD_Data_26082026/fmd_temp_images/Updated ICube Objects 20260915/Fiber/20260909_004219_L27_PalletGHA0909040837_Cavity8_B01BMCZ_Fail3_Score(0.9187168).bmp,Fiber,L27,test
d1786076e158fbbf31b99b45996284d6,/data/FMD_Data_26082026/fmd_temp_images/Updated ICube Objects 20260915/Fiber/20260908_025411_L27_PalletGHF0908062025_Cavity15_B01BMCW_Fail7_Score(0.999953).bmp,Fiber,L27,test
d88688fe8809a7263134bd9b99811945,/data/FMD_Data_26082026/fmd_temp_images/Updated ICube Objects 20260915/Fiber/20260807_210807_L27_PalletGHS0808003344_Cavity3_B01BH56_Fail7_Score(0.9994531)_1.0000_0.5965.bmp,Fiber,L27,test
e325c7a6bc839a57e5d900a76f14daf9,/data/FMD_Data_26082026/fmd_temp_images/Updated ICube Objects 20260915/Fiber/20260809_073052_L27_PalletGHM0809105643_Cavity13_B01BH58_Fail7_Score(0.9882536)_0.9999_0.3856.bmp,Fiber,L27,test
ed5ce737ed7449dab8ac88a975ade322,/data/FMD_Data_26082026/fmd_temp_images/Updated ICube Objects 20260915/Fiber/20260906_133355_L27_PalletGHF0906165716_Cavity7_B01BMD9_Fail7_Score(0.9998097).bmp,Fiber,L27,test
f3b30489e2245f2050cb86d045dce06c,/data/FMD_Data_26082026/fmd_temp_images/Updated ICube Objects 20260915/Fiber/20260909_022255_L27_PalletGHF0909054903_Cavity15_B01BMCZ_Fail7_Score(0.9986195).bmp,Fiber,L27,test
0505384abeb691031581724e7834f81e,/data/FMD_Data_26082026/fmd_temp_images/Updated ICube Objects 20260915/Fiber/20260906_060011_L27_PalletGHC0906092538_Cavity14_B01BMD7_Fail7_Score(0.9987608).bmp,Fiber,L27,train
0a30ca14bb280dc7dbfacb08831304c7,/data/FMD_Data_26082026/fmd_temp_images/Updated ICube Objects 20260915/Fiber/20260908_080946_L27_PalletGHI0908113554_Cavity9_B01BMCX_Fail4_Score(0.9490237).bmp,Fiber,L27,train
0af52897661a1b332404b9296f843bcd,/data/FMD_Data_26082026/fmd_temp_images/Updated ICube Objects 20260915/Fiber/20260903_192142_L27_PalletGHO0903224730_Cavity14_B01BMCR_Fail7_Score(0.9998656).bmp,Fiber,L27,train
0b1aadc8e1388c564879ee0a87b5abff,/data/FMD_Data_26082026/fmd_temp_images/Updated ICube Objects 20260915/Fiber/20260905_072923_L27_PalletGHC0905105525_Cavity4_B01BMCV_Fail7_Score(0.9836774).bmp,Fiber,L27,train
0c883c2335124e5c058456c3e12f933b,/data/FMD_Data_26082026/fmd_temp_images/Updated ICube Objects 20260915/Fiber/20260808_144904_L27_PalletGHJ0808181450_Cavity7_B01BH56_Fail7_Score(0.9999983)_1.0000_0.6403.bmp,Fiber,L27,train
1106a631b166c69ba380e20c6845b514,/data/FMD_Data_26082026/fmd_temp_images/Updated ICube Objects 20260915/Fiber/20260906_151807_L27_PalletGHS0906184414_Cavity11_B01BMDB_Fail7_Score(0.9994904).bmp,Fiber,L27,train
11ecf4b53c103a0ab477749bb0ea7025,/data/FMD_Data_26082026/fmd_temp_images/Updated ICube Objects 20260915/Fiber/20260905_100742_L27_PalletGHG0905133301_Cavity14_B01BMCV_Fail7_Score(0.9991456).bmp,Fiber,L27,train
1d56f60bb59813a9fc47eaf551ef588d,/data/FMD_Data_26082026/fmd_temp_images/Updated ICube Objects 20260915/Fiber/20260903_024151_L27_PalletGHP0903060736_Cavity5_B01BKZX_Fail7_Score(0.9999708).bmp,Fiber,L27,train
22b7b60d7eb6afaf25073ded96dc3736,/data/FMD_Data_26082026/fmd_temp_images/Updated ICube Objects 20260915/Fiber/20260810_070600_L27_PalletGHN0810103136_Cavity10_B01BH5B_Fail7_Score(0.9997522).bmp,Fiber,L27,train
2649947ff31b3d7e533955922e71c6fb,/data/FMD_Data_26082026/fmd_temp_images/Updated ICube Objects 20260915/Fiber/20260908_230853_L27_PalletGHO0909023334_Cavity10_B01BMCZ_Fail7_Score(0.999008).bmp,Fiber,L27,train
26a4daef49de8d968a52dc304d558e84,/data/FMD_Data_26082026/fmd_temp_images/Updated ICube Objects 20260915/Fiber/20260808_064345_L27_PalletGHF0808100924_Cavity2_B01BH56_Fail7_Score(0.9997402).bmp,Fiber,L27,train
2830b00f146ff0be502a90ebd3679e66,/data/FMD_Data_26082026/fmd_temp_images/Updated ICube Objects 20260915/Fiber/20260904_010409_L27_PalletGHU0904043004_Cavity11_B01BMCS_Fail7_Score(0.9999779).bmp,Fiber,L27,train
2a1be8d1a6efeeb81aa8cf0e9e454180,/data/FMD_Data_26082026/fmd_temp_images/Updated ICube Objects 20260915/Fiber/20260905_105815_L27_PalletGHN0905142413_Cavity9_B01BMCV_Fail7_Score(0.9999971).bmp,Fiber,L27,train
2a2744b9d861735e9919211f3bb13918,/data/FMD_Data_26082026/fmd_temp_images/Updated ICube Objects 20260915/Fiber/20260904_023909_L27_PalletGHC0904060451_Cavity10_B01BMCS_Fail7_Score(0.9993406).bmp,Fiber,L27,train
2b6c50296edf39a2b72d3f22b2d8517f,/data/FMD_Data_26082026/fmd_temp_images/Updated ICube Objects 20260915/Fiber/20260905_094740_L27_PalletGHG0905131322_Cavity10_B01BMCV_Fail7_Score(0.9979627).bmp,Fiber,L27,train
3b087ef5d7e07be1633d31ca25346c6a,/data/FMD_Data_26082026/fmd_temp_images/Updated ICube Objects 20260915/Fiber/20260906_185325_L27_PalletGHP0906221932_Cavity8_B01BMDC_Fail7_Score(0.999471).bmp,Fiber,L27,train
3ecfeb095d5f326cba9565a9ba79c6f7,/data/FMD_Data_26082026/fmd_temp_images/Updated ICube Objects 20260915/Fiber/20260906_194315_L27_PalletGHP0906230754_Cavity8_B01BMDC_Fail7_Score(0.994989).bmp,Fiber,L27,train
427bd35c4c385d5c487b4a5b1deb381b,/data/FMD_Data_26082026/fmd_temp_images/Updated ICube Objects 20260915/Fiber/20260808_150544_L27_PalletGHQ0808183127_Cavity10_B01BH56_Fail7_Score(0.9997171).bmp,Fiber,L27,train
450e93b1ea93b80bdc8d253bd0ea501c,/data/FMD_Data_26082026/fmd_temp_images/Updated ICube Objects 20260915/Fiber/20260809_115035_L27_PalletGHG0809151607_Cavity3_B01BH58_Fail6_Score(0.9765957)_0.9999_0.4740.bmp,Fiber,L27,train
4afcfbef9f4d1ecb7430e156a758c51f,/data/FMD_Data_26082026/fmd_temp_images/Updated ICube Objects 20260915/Fiber/20260902_144052_L27_PalletGHG0902180639_Cavity1_B01BKZW_Fail7_Score(0.9999981).bmp,Fiber,L27,train
58d43348799985c303ac5708442cd2a3,/data/FMD_Data_26082026/fmd_temp_images/Updated ICube Objects 20260915/Fiber/20260906_153224_L27_PalletGHN0906185831_Cavity12_B01BMDB_Fail7_Score(0.9999746).bmp,Fiber,L27,train
5d45a3f03502fe9a7cbd5bf6e0d80295,/data/FMD_Data_26082026/fmd_temp_images/Updated ICube Objects 20260915/Fiber/20260909_063419_L27_PalletGHN0909095859_Cavity13_B01BMCZ_Fail7_Score(0.9999957).bmp,Fiber,L27,train
5d697f16bf21a1054bbbd65313679183,/data/FMD_Data_26082026/fmd_temp_images/Updated ICube Objects 20260915/Fiber/20260906_104335_L27_PalletGHB0906140937_Cavity10_B01BMD6_Fail7_Score(0.9999887).bmp,Fiber,L27,train
6095289b4d2a7193b77dca5e5d125aa7,/data/FMD_Data_26082026/fmd_temp_images/Updated ICube Objects 20260915/Fiber/20260808_115702_L27_PalletGHH0808152248_Cavity9_B01BH56_Fail7_Score(0.9997804).bmp,Fiber,L27,train
60ed420d67153b8a75ca93d0727b8900,/data/FMD_Data_26082026/fmd_temp_images/Updated ICube Objects 20260915/Fiber/20260909_070622_L27_PalletGHE0909103242_Cavity8_B01BMCZ_Fail5_Score(0.9616028).bmp,Fiber,L27,train
62fa90d2fa9a21eb849b6d4e6e8146ce,/data/FMD_Data_26082026/fmd_temp_images/ICube Defects Library/Fiber/20241121_072829_L27_C8_9195.bmp,Fiber,L27,train
63a79440379ff80ebd4f641acfa6e23f,/data/FMD_Data_26082026/fmd_temp_images/Updated ICube Objects 20260915/Fiber/20260810_151632_L27_PalletGHL0810184227_Cavity12_B01BH5B_Fail7_Score(0.9999747).bmp,Fiber,L27,train
6b494ad05c07edc9bd51c35a370ca3d7,/data/FMD_Data_26082026/fmd_temp_images/Updated ICube Objects 20260915/Fiber/20260905_084003_L27_PalletGHO0905120604_Cavity12_B01BMCV_Fail7_Score(0.9997606).bmp,Fiber,L27,train
6c41fc321a5560091c88408940624098,/data/FMD_Data_26082026/fmd_temp_images/Updated ICube Objects 20260915/Fiber/20260909_022213_L27_PalletGHQ0909054823_Cavity9_B01BMCZ_Fail7_Score(0.9999995).bmp,Fiber,L27,train
6cf14d292ba720b9f59a87b46a085ada,/data/FMD_Data_26082026/fmd_temp_images/Updated ICube Objects 20260915/Fiber/20260906_075233_L27_PalletGHL0906111839_Cavity14_B01BMD7_Fail7_Score(0.999369).bmp,Fiber,L27,train
853871febcf740817aa7b2ab827689e1,/data/FMD_Data_26082026/fmd_temp_images/Updated ICube Objects 20260915/Fiber/20260906_001400_L27_PalletGHH0906033930_Cavity7_B01BMD5_Fail7_Score(0.9980074).bmp,Fiber,L27,train
8986f63f811c54952491617f33c67fc4,/data/FMD_Data_26082026/fmd_temp_images/Updated ICube Objects 20260915/Fiber/20260902_140822_L27_PalletGHN0902173403_Cavity14_B01BKZW_Fail7_Score(0.9980878).bmp,Fiber,L27,train
8afbfefbda902a94046f3deca350da38,/data/FMD_Data_26082026/fmd_temp_images/Updated ICube Objects 20260915/Fiber/20260807_154452_L27_PalletGHT0807191028_Cavity2_B01BHHF_Fail7_Score(0.999827).bmp,Fiber,L27,train
8e66e104f62136b5376ab0565dd04502,/data/FMD_Data_26082026/fmd_temp_images/Updated ICube Objects 20260915/Fiber/20260909_022228_L27_PalletGHR0909054826_Cavity9_B01BMCZ_Fail7_Score(0.9999978).bmp,Fiber,L27,train
8f66a2f6827c997d8cfda2baf5a86678,/data/FMD_Data_26082026/fmd_temp_images/ICube Defects Library/Fiber/20241110_121647_L27_C14_9672.bmp,Fiber,L27,train
8f813d5c54b83cbfbaa1d78dba351fbe,/data/FMD_Data_26082026/fmd_temp_images/Updated ICube Objects 20260915/Fiber/20260903_181041_L27_PalletGHP0903213633_Cavity4_B01BMCR_Fail7_Score(0.9999368).bmp,Fiber,L27,train
943d9c25b2ea6cb1ae064e133a7b2c72,/data/FMD_Data_26082026/fmd_temp_images/Updated ICube Objects 20260915/Fiber/20260904_105436_L27_PalletGHO0904142012_Cavity12_B01BMCT_Fail7_Score(0.9996032).bmp,Fiber,L27,train
99578e09c6a894e0c2ac412e44ba9261,/data/FMD_Data_26082026/fmd_temp_images/Updated ICube Objects 20260915/Fiber/20260906_133737_L27_PalletGHH0906170335_Cavity10_B01BMD9_Fail4_Score(0.9457904).bmp,Fiber,L27,train
9afd8957a4d38833b621bc326e8a9140,/data/FMD_Data_26082026/fmd_temp_images/Updated ICube Objects 20260915/Fiber/20260903_053906_L27_PalletGHT0903090453_Cavity13_B01BKZX_Fail7_Score(0.999717).bmp,Fiber,L27,train
a28ff240419aab88828d53433e6b0644,/data/FMD_Data_26082026/fmd_temp_images/Updated ICube Objects 20260915/Fiber/20260807_152245_L27_PalletGHN0807184827_Cavity5_B01BHHF_Fail7_Score(0.9999907).bmp,Fiber,L27,train
a39a71ede6254a20f386b1032e1f1c5e,/data/FMD_Data_26082026/fmd_temp_images/Updated ICube Objects 20260915/Fiber/20260903_145937_L27_PalletGHL0903182522_Cavity12_B01BMCR_Fail7_Score(0.9975306).bmp,Fiber,L27,train
a68adbdd58f5360b258f200a3abecbab,/data/FMD_Data_26082026/fmd_temp_images/Updated ICube Objects 20260915/Fiber/20260807_102530_L27_PalletGHB0807135104_Cavity9_B01BGMR_Fail7_Score(0.999923).bmp,Fiber,L27,train
ac60a991f4dd585acb81f413e60e165a,/data/FMD_Data_26082026/fmd_temp_images/Updated ICube Objects 20260915/Fiber/20260908_145002_L27_PalletGHQ0908181613_Cavity10_B01BMCX_Fail7_Score(0.9999783).bmp,Fiber,L27,train
aff458c97c531daa2e8fa23a4e9c4030,/data/FMD_Data_26082026/fmd_temp_images/Updated ICube Objects 20260915/Fiber/20260906_015318_L27_PalletGHH0906051927_Cavity13_B01BNGK_Fail7_Score(0.9985759).bmp,Fiber,L27,train
b45a12d1cee3c8ed83eb32932d087499,/data/FMD_Data_26082026/fmd_temp_images/ICube Defects Library/Fiber/20241121_071215_L27_C12_9999.bmp,Fiber,L27,train
b631ffdf12ac9762f6f64d6472ffec12,/data/FMD_Data_26082026/fmd_temp_images/Updated ICube Objects 20260915/Fiber/20260909_095157_L27_PalletGHF0909131817_Cavity13_B01BMCZ_Fail7_Score(0.9993388).bmp,Fiber,L27,train
b6e6e9e333f464ff15d34370f49dfcf8,/data/FMD_Data_26082026/fmd_temp_images/Updated ICube Objects 20260915/Fiber/20260808_175117_L27_PalletGHF0808211701_Cavity10_B01BH57_Fail7_Score(0.999975).bmp,Fiber,L27,train
bf184ed9e91151b37dc785b2303fa459,/data/FMD_Data_26082026/fmd_temp_images/Updated ICube Objects 20260915/Fiber/20260807_110808_L27_PalletGHS0807143323_Cavity7_B01BGMR_Fail7_Score(0.9955667)_1.0000_0.9562.bmp,Fiber,L27,train
c4dffe79e3c875e69c31a4e1630b2531,/data/FMD_Data_26082026/fmd_temp_images/Updated ICube Objects 20260915/Fiber/20260809_015554_L27_PalletGHL0809052142_Cavity11_B01BH57_Fail7_Score(0.9970164)_0.9999_0.4158.bmp,Fiber,L27,train
c50cdd5457b536f79ad1e75680762d6d,/data/FMD_Data_26082026/fmd_temp_images/Updated ICube Objects 20260915/Fiber/20260908_232518_L27_PalletGHG0909025136_Cavity10_B01BMCZ_Fail7_Score(0.9999989).bmp,Fiber,L27,train
c8c15790ad6ef4014b4cf4458b6271d1,/data/FMD_Data_26082026/fmd_temp_images/Updated ICube Objects 20260915/Fiber/20260906_104407_L27_PalletGHN0906141013_Cavity8_B01BMD6_Fail7_Score(0.9928926).bmp,Fiber,L27,train
d5d06b307b6fd3cd3169ad68801e47ab,/data/FMD_Data_26082026/fmd_temp_images/Updated ICube Objects 20260915/Fiber/20260903_051958_L27_PalletGHO0903084547_Cavity4_B01BKZX_Fail7_Score(0.9990479).bmp,Fiber,L27,train
d65bac3696ce0131e85c9c1a3a9cbfcd,/data/FMD_Data_26082026/fmd_temp_images/Updated ICube Objects 20260915/Fiber/20260809_013900_L27_PalletGHB0809050449_Cavity7_B01BH57_Fail7_Score(0.9968593).bmp,Fiber,L27,train
d7a287b76b7f31325de7bf8eb84f6dce,/data/FMD_Data_26082026/fmd_temp_images/Updated ICube Objects 20260915/Fiber/20260907_220835_L27_PalletGHT0908013448_Cavity11_B01BMCW_Fail7_Score(0.9997852).bmp,Fiber,L27,train
dabe93bf6c59012880bb514e7da68d6d,/data/FMD_Data_26082026/fmd_temp_images/ICube Defects Library/Fiber/20241110_070609_L27_C9_9716.bmp,Fiber,L27,train
dda06b337955d4d0ead8ab77ee92a58c,/data/FMD_Data_26082026/fmd_temp_images/Updated ICube Objects 20260915/Fiber/20260808_175050_L27_PalletGHQ0808211636_Cavity7_B01BH57_Fail7_Score(0.99984)_0.9999_0.6152.bmp,Fiber,L27,train
ddd5143b6abbe369adbec8bc3258ffa3,/data/FMD_Data_26082026/fmd_temp_images/Updated ICube Objects 20260915/Fiber/20260810_100459_L27_PalletGHM0810133048_Cavity4_B01BH5B_Fail7_Score(0.9890885).bmp,Fiber,L27,train
e503ecc580f0708701883d63965b8560,/data/FMD_Data_26082026/fmd_temp_images/Updated ICube Objects 20260915/Fiber/20260909_005621_L27_PalletGHI0909042239_Cavity10_B01BMCZ_Fail7_Score(0.9840251).bmp,Fiber,L27,train
e841b9ee04ad738245935dbcb54f9165,/data/FMD_Data_26082026/fmd_temp_images/Updated ICube Objects 20260915/Fiber/20260807_122254_L27_PalletGHR0807154831_Cavity9_B01BGMR_Fail7_Score(0.9970152)_1.0000_0.8804.bmp,Fiber,L27,train
efbbd267c4b964d14ad2efc39af90e54,/data/FMD_Data_26082026/fmd_temp_images/Updated ICube Objects 20260915/Fiber/20260905_180710_L27_PalletGHH0905213308_Cavity8_B01BM7D_Fail2_Score(0.9085299).bmp,Fiber,L27,train
f891d27567b35efc25d48cb328d052f8,/data/FMD_Data_26082026/fmd_temp_images/Updated ICube Objects 20260915/Fiber/20260807_135157_L27_PalletGHI0807171733_Cavity8_B01BGMR_Fail7_Score(0.9999759).bmp,Fiber,L27,train
f8eea1e527f3d5f934915bedc255c76a,/data/FMD_Data_26082026/fmd_temp_images/Updated ICube Objects 20260915/Fiber/20260907_060401_L27_PalletGHD0907093010_Cavity8_B01BMCM_Fail7_Score(0.9995584).bmp,Fiber,L27,train
f941681232770c0032c13e1a766f9c2b,/data/FMD_Data_26082026/fmd_temp_images/Updated ICube Objects 20260915/Fiber/20260906_182933_L27_PalletGHU0906215540_Cavity12_B01BMDC_Fail6_Score(0.9761387).bmp,Fiber,L27,train
00ced18eb743c0edf0f2ebdd57c99077,/data/FMD_Data_26082026/fmd_temp_images/Updated ICube Objects 20260915/Foreign Matter/20260903_160417_L27_PalletGHO0903193004_Cavity15_B01BMCR_Fail7_Score(0.9993839).bmp,Foreign Matter,L27,test
015682c5a2b33bece7ec5290d1f29b0a,/data/FMD_Data_26082026/fmd_temp_images/Updated ICube Objects 20260915/Foreign Matter/20260909_070954_L27_PalletGHE0909103613_Cavity15_B01BMCZ_Fail7_Score(0.9999997).bmp,Foreign Matter,L27,test
031ddc056c6317a5ac157720538ece52,/data/FMD_Data_26082026/fmd_temp_images/Updated ICube Objects 20260915/Foreign Matter/20260905_154927_L27_PalletGHL0905191529_Cavity12_B01BMCV_Fail7_Score(0.9963806).bmp,Foreign Matter,L27,test
07af1f06f25f4bf236e9be2699780963,/data/FMD_Data_26082026/fmd_temp_images/Updated ICube Objects 20260915/Foreign Matter/20260807_184814_L27_PalletGHU0807221350_Cavity15_B01BHHF_Fail7_Score(0.9997461).bmp,Foreign Matter,L27,test
07eacfdfb82770db712392f3b2655407,/data/FMD_Data_26082026/fmd_temp_images/Updated ICube Objects 20260915/Foreign Matter/20260809_162602_L27_PalletGHA0809195153_Cavity15_B01BH58_Fail4_Score(0.9465737).bmp,Foreign Matter,L27,test
0b0bd96523a7005819ca88c83b3bec41,/data/FMD_Data_26082026/fmd_temp_images/Updated ICube Objects 20260915/Foreign Matter/20260905_165310_L27_PalletGHH0905201850_Cavity15_B01BMCV_Fail7_Score(0.9999778).bmp,Foreign Matter,L27,test
0b95769a79d1a6c2f302489a3055b570,/data/FMD_Data_26082026/fmd_temp_images/Updated ICube Objects 20260915/Foreign Matter/20260908_155903_L27_PalletGHA0908192517_Cavity10_B01BMCX_Fail7_Score(0.9999998).bmp,Foreign Matter,L27,test
0d0042daba74cc52f42b3faccbc9ff9e,/data/FMD_Data_26082026/fmd_temp_images/Updated ICube Objects 20260915/Foreign Matter/20260907_221430_L27_PalletGHI0908014042_Cavity15_B01BMCW_Fail7_Score(0.9996764).bmp,Foreign Matter,L27,test
0d4e8e83d3840a0eaec45402c967e9de,/data/FMD_Data_26082026/fmd_temp_images/Updated ICube Objects 20260915/Foreign Matter/20260809_064837_L27_PalletGHU0809101422_Cavity11_B01BH58_Fail4_Score(0.9418491)_1.0000_0.4961.bmp,Foreign Matter,L27,test
0e2a55ff15c2e2d439a36f984ae2c7b7,/data/FMD_Data_26082026/fmd_temp_images/Updated ICube Objects 20260915/Foreign Matter/20260905_141653_L27_PalletGHO0905174252_Cavity15_B01BMCV_Fail7_Score(0.9903784).bmp,Foreign Matter,L27,test
0f937b4a864b02403631d3e2c24a3b33,/data/FMD_Data_26082026/fmd_temp_images/Updated ICube Objects 20260915/Foreign Matter/20260906_194752_L27_PalletGHN0906231400_Cavity11_B01BMDC_Fail7_Score(0.9998426).bmp,Foreign Matter,L27,test
0fe64b17ba88b6a88b3a771361f0080d,/data/FMD_Data_26082026/fmd_temp_images/Updated ICube Objects 20260915/Foreign Matter/20260904_024116_L27_PalletGHG0904060710_Cavity15_B01BMCS_Fail7_Score(0.9999971).bmp,Foreign Matter,L27,test
0fe9aa4e4be75d89125b04f05bdcfa83,/data/FMD_Data_26082026/fmd_temp_images/Updated ICube Objects 20260915/Foreign Matter/20260808_201320_L27_PalletGHR0808233908_Cavity4_B01BH57_Fail7_Score(0.9994324)_1.0000_0.6157.bmp,Foreign Matter,L27,test
113b87d9e8506a27d57907ce0d39a864,/data/FMD_Data_26082026/fmd_temp_images/Updated ICube Objects 20260915/Foreign Matter/20260810_111223_L27_PalletGHE0810143815_Cavity12_B01BH5B_Fail7_Score(0.9979715).bmp,Foreign Matter,L27,test
1225e5d1bc59f226469a858142b22624,/data/FMD_Data_26082026/fmd_temp_images/Updated ICube Objects 20260915/Foreign Matter/20260903_055616_L27_PalletGHJ0903092203_Cavity15_B01BKZX_Fail4_Score(0.9424945)_0.9985_0.9536.bmp,Foreign Matter,L27,test
127e5746f4e240065bd97bf003daa517,/data/FMD_Data_26082026/fmd_temp_images/Updated ICube Objects 20260915/Foreign Matter/20260903_225834_L27_PalletGHL0904022424_Cavity10_B01BMCR_Fail3_Score(0.9184099).bmp,Foreign Matter,L27,test
1680287176750d9ef88f18eea269aeac,/data/FMD_Data_26082026/fmd_temp_images/Updated ICube Objects 20260915/Foreign Matter/20260807_212431_L27_PalletGHL0808005002_Cavity14_B01BH56_Fail7_Score(0.9999998).bmp,Foreign Matter,L27,test
16bac7f3613c042f7e2da29bda129618,/data/FMD_Data_26082026/fmd_temp_images/Updated ICube Objects 20260915/Foreign Matter/20260903_100116_L27_PalletGHC0903132703_Cavity11_B01BKZX_Fail7_Score(0.9999615).bmp,Foreign Matter,L27,test
16bb7ead395fc34c2d867c66fc25d5dd,/data/FMD_Data_26082026/fmd_temp_images/Updated ICube Objects 20260915/Foreign Matter/20260906_211743_L27_PalletGHA0907004349_Cavity2_B01BMDC_Fail7_Score(0.9999976).bmp,Foreign Matter,L27,test
1735eae1367a92572332caca4685c70c,/data/FMD_Data_26082026/fmd_temp_images/Updated ICube Objects 20260915/Foreign Matter/20260808_130625_L27_PalletGHG0808163209_Cavity15_B01BH56_Fail7_Score(0.9976444).bmp,Foreign Matter,L27,test
197cb6179ed70c0b5a99f71e724a85ef,/data/FMD_Data_26082026/fmd_temp_images/Updated ICube Objects 20260915/Foreign Matter/20260906_083502_L27_PalletGHR0906120107_Cavity15_B01BMD6_Fail7_Score(0.9999232)_0.9999_0.9779.bmp,Foreign Matter,L27,test
1aac39d46f5ae506df4e97bf9306a063,/data/FMD_Data_26082026/fmd_temp_images/Updated ICube Objects 20260915/Foreign Matter/20260808_004115_L27_PalletGHR0808040657_Cavity8_B01BH56_Fail7_Score(0.9998632)_0.9968_0.9216.bmp,Foreign Matter,L27,test
1ad0977d6d8ddfb08766155006d5ffff,/data/FMD_Data_26082026/fmd_temp_images/Updated ICube Objects 20260915/Foreign Matter/20260904_150431_L27_PalletGHK0904183027_Cavity5_B01BMCT_Fail7_Score(0.9999761).bmp,Foreign Matter,L27,test
1fb26a089ec81998866404814be837b1,/data/FMD_Data_26082026/fmd_temp_images/Updated ICube Objects 20260915/Foreign Matter/20260807_212358_L27_PalletGHD0808004940_Cavity14_B01BH56_Fail7_Score(0.9974515).bmp,Foreign Matter,L27,test
212a47508ef2759e6aa1d6ef22f63415,/data/FMD_Data_26082026/fmd_temp_images/Updated ICube Objects 20260915/Foreign Matter/20260904_191957_L27_PalletGHQ0904224554_Cavity1_B01BMCT_Fail7_Score(0.9999108).bmp,Foreign Matter,L27,test
2153404739a82f8643a6b82ea472c5a9,/data/FMD_Data_26082026/fmd_temp_images/Updated ICube Objects 20260915/Foreign Matter/20260903_155822_L27_PalletGHC0903192404_Cavity14_B01BMCR_Fail7_Score(0.9997662)_0.9992_0.9873.bmp,Foreign Matter,L27,test
2434e4cd1405e39ae5f6c54cfab64877,/data/FMD_Data_26082026/fmd_temp_images/Updated ICube Objects 20260915/Foreign Matter/20260902_135802_L27_PalletGHP0902172341_Cavity6_B01BKZW_Fail7_Score(0.9999049).bmp,Foreign Matter,L27,test
2470f402dddeee28d02584000c590c69,/data/FMD_Data_26082026/fmd_temp_images/Updated ICube Objects 20260915/Foreign Matter/20260808_025157_L27_PalletGHD0808061736_Cavity13_B01BH56_Fail7_Score(0.9970469).bmp,Foreign Matter,L27,test
25dd00af485438b1d7694f43dd9f065d,/data/FMD_Data_26082026/fmd_temp_images/Updated ICube Objects 20260915/Foreign Matter/20260906_155653_L27_PalletGHF0906192254_Cavity8_B01BMDB_Fail7_Score(0.9992746)_0.9984_0.9598.bmp,Foreign Matter,L27,test
26963011398850034ed72dc90884596f,/data/FMD_Data_26082026/fmd_temp_images/Updated ICube Objects 20260915/Foreign Matter/20260808_000423_L27_PalletGHU0808033006_Cavity1_B01BH56_Fail7_Score(0.9999828).bmp,Foreign Matter,L27,test
28946130e7eeb97d4b99ffa8a859e19b,/data/FMD_Data_26082026/fmd_temp_images/Updated ICube Objects 20260915/Foreign Matter/20241110_163640_L27_PalletGHB1110182825_Cavity14_B0178LC_Fail7_Score(0.9998441)_0.9999_0.9903.bmp,Foreign Matter,L27,test
2b08b5948d823a3071c5d478efe30f53,/data/FMD_Data_26082026/fmd_temp_images/Updated ICube Objects 20260915/Foreign Matter/20260908_014259_L27_PalletGHD0908050912_Cavity15_B01BMCW_Fail7_Score(0.9999922).bmp,Foreign Matter,L27,test
2e263c68aa8ddf0e427e001d5c7f790e,/data/FMD_Data_26082026/fmd_temp_images/Updated ICube Objects 20260915/Foreign Matter/20260907_181023_L27_PalletGHG0907213637_Cavity7_B01BMCW_Fail7_Score(0.9999676).bmp,Foreign Matter,L27,test
2ef6472da2bf5cbe721b2890c22964c2,/data/FMD_Data_26082026/fmd_temp_images/Updated ICube Objects 20260915/Foreign Matter/20260808_044202_L27_PalletGHP0808080739_Cavity15_B01BH56_Fail6_Score(0.9714777).bmp,Foreign Matter,L27,test
323640e7665115e51854b4a315215f60,/data/FMD_Data_26082026/fmd_temp_images/Updated ICube Objects 20260915/Foreign Matter/20260809_104353_L27_PalletGHF0809140942_Cavity3_B01BH58_Fail7_Score(0.9990656).bmp,Foreign Matter,L27,test
32c210772fdf0c0a5bab84f3d8fc00a6,/data/FMD_Data_26082026/fmd_temp_images/Updated ICube Objects 20260915/Foreign Matter/20260808_185319_L27_PalletGHS0808221905_Cavity11_B01BH57_Fail7_Score(0.9999932)_1.0000_0.4104.bmp,Foreign Matter,L27,test
3304a98188014656869c26d5ac1a85be,/data/FMD_Data_26082026/fmd_temp_images/Updated ICube Objects 20260915/Foreign Matter/20241102_185625_L27_PalletGHK1102194724_Cavity15_B01779V_Fail7_Score(0.9909526)_0.9999_0.9544.bmp,Foreign Matter,L27,test
342fe910b1b8b1f6afc7792152a32fda,/data/FMD_Data_26082026/fmd_temp_images/Updated ICube Objects 20260915/Foreign Matter/20260906_192614_L27_PalletGHA0906225218_Cavity6_B01BMDC_Fail7_Score(0.9999917).bmp,Foreign Matter,L27,test
34d45884eedc4b8e90e4ba13aa5fdc50,/data/FMD_Data_26082026/fmd_temp_images/Updated ICube Objects 20260915/Foreign Matter/20260809_131737_L27_PalletGHN0809164327_Cavity12_B01BH58_Fail4_Score(0.945796)_0.9998_0.8513.bmp,Foreign Matter,L27,test
350465668491d76f63f15bceb3283542,/data/FMD_Data_26082026/fmd_temp_images/Updated ICube Objects 20260915/Foreign Matter/20260810_102749_L27_PalletGHI0810135339_Cavity11_B01BH5B_Fail7_Score(0.9997931).bmp,Foreign Matter,L27,test
355aff8616397a140ffcd10727d60223,/data/FMD_Data_26082026/fmd_temp_images/Updated ICube Objects 20260915/Foreign Matter/20260809_061450_L27_PalletGHP0809094038_Cavity11_B01BH58_Fail7_Score(0.993735)_0.9980_0.6261.bmp,Foreign Matter,L27,test
37439cc9a6e846ba4e1da379017d06a0,/data/FMD_Data_26082026/fmd_temp_images/Updated ICube Objects 20260915/Foreign Matter/20260904_184151_L27_PalletGHR0904220704_Cavity4_B01BMCT_Fail7_Score(0.9999472).bmp,Foreign Matter,L27,test
386efc897bf6a1d61ccf12257f63463b,/data/FMD_Data_26082026/fmd_temp_images/Updated ICube Objects 20260915/Foreign Matter/20260903_162351_L27_PalletGHO0903194944_Cavity1_B01BMCR_Fail7_Score(0.9999822).bmp,Foreign Matter,L27,test
38a97ea99e2eb3ee5e237bb9b85809d4,/data/FMD_Data_26082026/fmd_temp_images/Updated ICube Objects 20260915/Foreign Matter/20260809_194859_L27_PalletGHH0809231452_Cavity13_B01BH59_Fail7_Score(0.9993503).bmp,Foreign Matter,L27,test
38f44e1b7796a655979cb5766b840225,/data/FMD_Data_26082026/fmd_temp_images/Updated ICube Objects 20260915/Foreign Matter/20260905_015648_L27_PalletGHR0905052248_Cavity13_B01BMCV_Fail7_Score(0.9996249).bmp,Foreign Matter,L27,test
3a2dc5d1c0e0d2575a868195d115679b,/data/FMD_Data_26082026/fmd_temp_images/Updated ICube Objects 20260915/Foreign Matter/20260808_215636_L27_PalletGHA0809012224_Cavity10_B01BH57_Fail4_Score(0.9423904).bmp,Foreign Matter,L27,test
3b01837ad6798e950fb4567f8240449f,/data/FMD_Data_26082026/fmd_temp_images/Updated ICube Objects 20260915/Foreign Matter/20260906_151807_L27_PalletGHS0906184414_Cavity10_B01BMDB_Fail7_Score(1).bmp,Foreign Matter,L27,test
3e3a72488ce554c99a0c2ee9c7e17be2,/data/FMD_Data_26082026/fmd_temp_images/Updated ICube Objects 20260915/Foreign Matter/20260904_233556_L27_PalletGHC0905030153_Cavity15_B01BMCV_Fail7_Score(0.9939501)_0.9995_0.9541.bmp,Foreign Matter,L27,test
43cee74a7159af47be86f8edc871c60a,/data/FMD_Data_26082026/fmd_temp_images/Updated ICube Objects 20260915/Foreign Matter/20241110_160906_L27_PalletGHS1110180003_Cavity13_B0178LC_Fail7_Score(0.9959893)_1.0000_0.9957.bmp,Foreign Matter,L27,test
447fce41c0e9e3a4f31a12dc4766fd87,/data/FMD_Data_26082026/fmd_temp_images/Updated ICube Objects 20260915/Foreign Matter/20241105_095054_L27_PalletGHN1105114158_Cavity11_B0178KP_Fail6_Score(0.9826413)_1.0000_0.9764.bmp,Foreign Matter,L27,test
47c17cf8edf312ae44831e3db8a3a769,/data/FMD_Data_26082026/fmd_temp_images/Updated ICube Objects 20260915/Foreign Matter/20260807_142455_L27_PalletGHK0807175032_Cavity15_B01BHHF_Fail7_Score(0.9999812).bmp,Foreign Matter,L27,test
49460ae2eaea58db240482e1c602eaff,/data/FMD_Data_26082026/fmd_temp_images/Updated ICube Objects 20260915/Foreign Matter/20260809_082909_L27_PalletGHR0809115457_Cavity12_B01BH58_Fail7_Score(0.9996753).bmp,Foreign Matter,L27,test
516d40f582d1f8cd0775f66c75bdbac6,/data/FMD_Data_26082026/fmd_temp_images/Updated ICube Objects 20260915/Foreign Matter/20260902_153020_L27_PalletGHN0902185608_Cavity1_B01BKZW_Fail7_Score(0.9995217).bmp,Foreign Matter,L27,test
526e17648fe1594c31695677fd802278,/data/FMD_Data_26082026/fmd_temp_images/Updated ICube Objects 20260915/Foreign Matter/20260906_191523_L27_PalletGHP0906224126_Cavity15_B01BMDC_Fail7_Score(0.9999973).bmp,Foreign Matter,L27,test
5547b128231e4bdd9323733ef4caf380,/data/FMD_Data_26082026/fmd_temp_images/Updated ICube Objects 20260915/Foreign Matter/20260810_113545_L27_PalletGHF0810150136_Cavity4_B01BH5B_Fail7_Score(0.9999646).bmp,Foreign Matter,L27,test
56fb8bd6f72f64efaffc4cf74a0bdf40,/data/FMD_Data_26082026/fmd_temp_images/Updated ICube Objects 20260915/Foreign Matter/20260907_073320_L27_PalletGHR0907105930_Cavity12_B01BMCN_Fail7_Score(0.9999411).bmp,Foreign Matter,L27,test
5a27c6deac148c2893af1022b20e38c3,/data/FMD_Data_26082026/fmd_temp_images/Updated ICube Objects 20260915/Foreign Matter/20260809_110338_L27_PalletGHI0809142927_Cavity13_B01BH58_Fail7_Score(0.9965608).bmp,Foreign Matter,L27,test
5b2e69567ea98d3c51d7f684efdb681c,/data/FMD_Data_26082026/fmd_temp_images/Updated ICube Objects 20260915/Foreign Matter/20260807_154957_L27_PalletGHA0807191538_Cavity13_B01BHHF_Fail7_Score(0.9999996).bmp,Foreign Matter,L27,test
5fb44bcc661412a3ed4cdcc6fc63e17c,/data/FMD_Data_26082026/fmd_temp_images/Updated ICube Objects 20260915/Foreign Matter/20260906_194529_L27_PalletGHD0906231133_Cavity6_B01BMDC_Fail7_Score(0.9985567).bmp,Foreign Matter,L27,test
6015629143c93035553ed63c4488ad6e,/data/FMD_Data_26082026/fmd_temp_images/Updated ICube Objects 20260915/Foreign Matter/20260905_112010_L27_PalletGHG0905144611_Cavity15_B01BMCV_Fail7_Score(0.9999996).bmp,Foreign Matter,L27,test
61972776d8dadea0200c2e001a728a4e,/data/FMD_Data_26082026/fmd_temp_images/Updated ICube Objects 20260915/Foreign Matter/20260810_131135_L27_PalletGHI0810163730_Cavity13_B01BH5B_Fail7_Score(0.9999151).bmp,Foreign Matter,L27,test
636362e6cf60552f325698cde062880f,/data/FMD_Data_26082026/fmd_temp_images/Updated ICube Objects 20260915/Foreign Matter/20260905_220316_L27_PalletGHQ0906012914_Cavity15_B01BM7D_Fail7_Score(0.9999157).bmp,Foreign Matter,L27,test
63b1431d4776d9063ac2c331f2373f9e,/data/FMD_Data_26082026/fmd_temp_images/Updated ICube Objects 20260915/Foreign Matter/20260903_145130_L27_PalletGHB0903181713_Cavity15_B01BMCR_Fail7_Score(0.9999816).bmp,Foreign Matter,L27,test
63db40f90b20641271df6ab31d8f37cb,/data/FMD_Data_26082026/fmd_temp_images/Updated ICube Objects 20260915/Foreign Matter/20260808_110340_L27_PalletGHF0808142923_Cavity15_B01BH56_Fail7_Score(0.9927381)_1.0000_0.7821.bmp,Foreign Matter,L27,test
641e5abb9f68879fd2dd19071919e307,/data/FMD_Data_26082026/fmd_temp_images/Updated ICube Objects 20260915/Foreign Matter/20260806_071010_L27_PalletGHC0806103537_Cavity14_B01BGMM_Fail7_Score(0.9999089).bmp,Foreign Matter,L27,test
669260446a78550c1b550f0c419ea8d7,/data/FMD_Data_26082026/fmd_temp_images/Updated ICube Objects 20260915/Foreign Matter/20260904_015240_L27_PalletGHT0904051834_Cavity1_B01BMCS_Fail7_Score(0.9999976).bmp,Foreign Matter,L27,test
6b67731c086f92d23c4ee9cb476ebb7e,/data/FMD_Data_26082026/fmd_temp_images/Updated ICube Objects 20260915/Foreign Matter/20260808_110042_L27_PalletGHP0808142523_Cavity13_B01BH56_Fail7_Score(0.9998475)_1.0000_0.9716.bmp,Foreign Matter,L27,test
6dd0455639f0b4f5073fedb891ad55a2,/data/FMD_Data_26082026/fmd_temp_images/Updated ICube Objects 20260915/Foreign Matter/20260909_021233_L27_PalletGHM0909053848_Cavity4_B01BMCZ_Fail7_Score(0.9999965).bmp,Foreign Matter,L27,test
6f57d1b70f1f6499cd3f2260f244dfdb,/data/FMD_Data_26082026/fmd_temp_images/Updated ICube Objects 20260915/Foreign Matter/20260904_003323_L27_PalletGHF0904035914_Cavity15_B01BMCR_Fail7_Score(0.9999071)_0.9872_0.9714.bmp,Foreign Matter,L27,test
6fda0ef93738fd1d72e3952295e7762f,/data/FMD_Data_26082026/fmd_temp_images/Updated ICube Objects 20260915/Foreign Matter/20260904_214040_L27_PalletGHC0905010634_Cavity15_B01BMCT_Fail4_Score(0.9368309).bmp,Foreign Matter,L27,test
70fc961812e29d2414ab17a0e8c47dbe,/data/FMD_Data_26082026/fmd_temp_images/Updated ICube Objects 20260915/Foreign Matter/20260904_094316_L27_PalletGHF0904130911_Cavity5_B01BMCT_Fail7_Score(0.9999843).bmp,Foreign Matter,L27,test
721ff6bccc5e7516bcc50a0a664bee24,/data/FMD_Data_26082026/fmd_temp_images/Updated ICube Objects 20260915/Foreign Matter/20260808_154031_L27_PalletGHR0808190618_Cavity15_B01BH57_Fail6_Score(0.9803262).bmp,Foreign Matter,L27,test
724497a4f5399583f37f8c4df5bfaf2d,/data/FMD_Data_26082026/fmd_temp_images/Updated ICube Objects 20260915/Foreign Matter/20260807_183329_L27_PalletGHR0807215910_Cavity1_B01BHHF_Fail7_Score(0.9999834).bmp,Foreign Matter,L27,test
7509c0d221178a1fc2acc249434ec78f,/data/FMD_Data_26082026/fmd_temp_images/Updated ICube Objects 20260915/Foreign Matter/20241113_043222_L27_PalletGHF1113084654_Cavity1_B01796X_Fail4_Score(0.9452471)_0.9999_0.9532.bmp,Foreign Matter,L27,test
766456de28691475c8e74fd2e8fd4f88,/data/FMD_Data_26082026/fmd_temp_images/Updated ICube Objects 20260915/Foreign Matter/20260906_193034_L27_PalletGHE0906225640_Cavity10_B01BMDC_Fail7_Score(0.9997735).bmp,Foreign Matter,L27,test
77fecfb239a49b852f3356b1751018fa,/data/FMD_Data_26082026/fmd_temp_images/Updated ICube Objects 20260915/Foreign Matter/20241110_175340_L27_PalletGHL1110194526_Cavity15_B0178LD_Fail3_Score(0.930781)_1.0000_0.9972.bmp,Foreign Matter,L27,test
78d777f6df45abe01100f9755326cdce,/data/FMD_Data_26082026/fmd_temp_images/Updated ICube Objects 20260915/Foreign Matter/20260808_165140_L27_PalletGHS0808201721_Cavity8_B01BH57_Fail7_Score(0.9999905).bmp,Foreign Matter,L27,test
78f8aa18401ed9725bc13df62ee0e804,/data/FMD_Data_26082026/fmd_temp_images/Updated ICube Objects 20260915/Foreign Matter/20260904_195443_L27_PalletGHU0904232036_Cavity9_B01BMCT_Fail7_Score(0.9999512).bmp,Foreign Matter,L27,test
79a911b758b84e6f11f7c4875faf6e09,/data/FMD_Data_26082026/fmd_temp_images/Updated ICube Objects 20260915/Foreign Matter/20260907_210603_L27_PalletGHE0908003216_Cavity11_B01BMCW_Fail7_Score(0.9999965).bmp,Foreign Matter,L27,test
79cdcabdc016591d347a6e4c47b1a964,/data/FMD_Data_26082026/fmd_temp_images/Updated ICube Objects 20260915/Foreign Matter/20260906_192445_L27_PalletGHM0906225050_Cavity12_B01BMDC_Fail7_Score(0.9991112).bmp,Foreign Matter,L27,test
80a5b141ff15e442cbb1d060d50498cf,/data/FMD_Data_26082026/fmd_temp_images/Updated ICube Objects 20260915/Foreign Matter/20260806_070903_L27_PalletGHA0806103433_Cavity5_B01BGMM_Fail7_Score(0.9997159).bmp,Foreign Matter,L27,test
8100b13e1c3cd0cf640796a1be02b411,/data/FMD_Data_26082026/fmd_temp_images/Updated ICube Objects 20260915/Foreign Matter/20260906_094831_L27_PalletGHT0906131432_Cavity4_B01BMD6_Fail7_Score(0.9983482).bmp,Foreign Matter,L27,test
82f776212b4ce73415cc51439dece03f,/data/FMD_Data_26082026/fmd_temp_images/Updated ICube Objects 20260915/Foreign Matter/20260810_143913_L27_PalletGHC0810180502_Cavity11_B01BH5B_Fail7_Score(0.9999999).bmp,Foreign Matter,L27,test
830645fc24a4ab53d8eb92e1c3767531,/data/FMD_Data_26082026/fmd_temp_images/Updated ICube Objects 20260915/Foreign Matter/20260905_135701_L27_PalletGHE0905172259_Cavity14_B01BMCV_Fail7_Score(0.9999891).bmp,Foreign Matter,L27,test
85ad7eeb932b0bdc87dfae7303c61a72,/data/FMD_Data_26082026/fmd_temp_images/Updated ICube Objects 20260915/Foreign Matter/20260807_180606_L27_PalletGHS0807213143_Cavity14_B01BHHF_Fail7_Score(0.999871).bmp,Foreign Matter,L27,test
85fc0261f9b9f91a2848e7923cd1ff06,/data/FMD_Data_26082026/fmd_temp_images/Updated ICube Objects 20260915/Foreign Matter/20260904_110013_L27_PalletGHM0904142610_Cavity14_B01BMCT_Fail7_Score(0.9998026)_0.9983_0.9747.bmp,Foreign Matter,L27,test
8613726543d19d51c53ad92c49e8b73a,/data/FMD_Data_26082026/fmd_temp_images/Updated ICube Objects 20260915/Foreign Matter/20260904_230211_L27_PalletGHK0905022806_Cavity2_B01BMCV_Fail7_Score(0.9999934).bmp,Foreign Matter,L27,test
8728eed0d787260b9481820ccd738538,/data/FMD_Data_26082026/fmd_temp_images/Updated ICube Objects 20260915/Foreign Matter/20260907_175938_L27_PalletGHI0907212549_Cavity4_B01BMCW_Fail7_Score(0.9995216).bmp,Foreign Matter,L27,test
8802392b4449eea5d8403c0a01fb4aca,/data/FMD_Data_26082026/fmd_temp_images/Updated ICube Objects 20260915/Foreign Matter/20260909_105510_L27_PalletGHG0909141412_Cavity15_B01BMCZ_Fail5_Score(0.9502488).bmp,Foreign Matter,L27,test
8832d1f217c1380559c906eb61279d81,/data/FMD_Data_26082026/fmd_temp_images/Updated ICube Objects 20260915/Foreign Matter/20260904_150340_L27_PalletGHP0904182936_Cavity7_B01BMCT_Fail7_Score(0.9999998).bmp,Foreign Matter,L27,test
8c4a9ee730eb2fcc3fd7122a5735096f,/data/FMD_Data_26082026/fmd_temp_images/Updated ICube Objects 20260915/Foreign Matter/20260909_105510_L27_PalletGHG0909141412_Cavity11_B01BMCZ_Fail7_Score(0.9980085).bmp,Foreign Matter,L27,test
8ce9500c7e6f18a818f3e552e1f410e0,/data/FMD_Data_26082026/fmd_temp_images/Updated ICube Objects 20260915/Foreign Matter/20260806_092909_L27_PalletGHQ0806125441_Cavity4_B01BGMM_Fail7_Score(0.9986126).bmp,Foreign Matter,L27,test
8d129bb88bb0ef3aaca89a88595db262,/data/FMD_Data_26082026/fmd_temp_images/Updated ICube Objects 20260915/Foreign Matter/20260807_153305_L27_PalletGHO0807185848_Cavity15_B01BHHF_Fail7_Score(0.9999998).bmp,Foreign Matter,L27,test
905a95f69578429597946050803cabe9,/data/FMD_Data_26082026/fmd_temp_images/Updated ICube Objects 20260915/Foreign Matter/20260907_012733_L27_PalletGHK0907045342_Cavity12_B01BMDD_Fail7_Score(0.9991056)_0.9998_0.9794.bmp,Foreign Matter,L27,test
92227fb454158d6080d244bf6a9009d5,/data/FMD_Data_26082026/fmd_temp_images/Updated ICube Objects 20260915/Foreign Matter/20260904_040038_L27_PalletGHU0904072627_Cavity13_B01BMCS_Fail7_Score(0.9999648).bmp,Foreign Matter,L27,test
95b2d9d6352cd728c0762983b80c4740,/data/FMD_Data_26082026/fmd_temp_images/Updated ICube Objects 20260915/Foreign Matter/20260903_143852_L27_PalletGHD0903180441_Cavity12_B01BMCR_Fail7_Score(0.9999706).bmp,Foreign Matter,L27,test
98c1038e83d9c7ea210d3f02a875a9e3,/data/FMD_Data_26082026/fmd_temp_images/Updated ICube Objects 20260915/Foreign Matter/20241110_052607_L27_PalletGHM1110071750_Cavity14_B0178LB_Fail2_Score(0.9064574)_1.0000_0.9620.bmp,Foreign Matter,L27,test
9a5bc7802887ae10f15ecde16a6fcd47,/data/FMD_Data_26082026/fmd_temp_images/Updated ICube Objects 20260915/Foreign Matter/20260807_235957_L27_PalletGHI0808032534_Cavity4_B01BH56_Fail7_Score(0.9999838).bmp,Foreign Matter,L27,test
a01192b8e622b321a88fdd4ce8164ed7,/data/FMD_Data_26082026/fmd_temp_images/Updated ICube Objects 20260915/Foreign Matter/20260807_220328_L27_PalletGHD0808012845_Cavity14_B01BH56_Fail7_Score(0.999922).bmp,Foreign Matter,L27,test
a14d60c7bba3ac33fd3fc6a4c0b7af39,/data/FMD_Data_26082026/fmd_temp_images/Updated ICube Objects 20260915/Foreign Matter/20260908_151257_L27_PalletGHS0908183913_Cavity10_B01BMCX_Fail7_Score(0.9999989).bmp,Foreign Matter,L27,test
a1e28031c49f97dc7a285c4d7356eba0,/data/FMD_Data_26082026/fmd_temp_images/Updated ICube Objects 20260915/Foreign Matter/20260903_074710_L27_PalletGHP0903111301_Cavity15_B01BKZX_Fail7_Score(0.9998492).bmp,Foreign Matter,L27,test
a21b257b5631e1c1e702abdde1c7d0bd,/data/FMD_Data_26082026/fmd_temp_images/Updated ICube Objects 20260915/Foreign Matter/20260807_104459_L27_PalletGHG0807141033_Cavity10_B01BGMR_Fail7_Score(0.9998559).bmp,Foreign Matter,L27,test
a28ac945b4c31959fa3123d3562035e5,/data/FMD_Data_26082026/fmd_temp_images/Updated ICube Objects 20260915/Foreign Matter/20260906_061319_L27_PalletGHT0906093924_Cavity12_B01BMD7_Fail7_Score(0.9999439).bmp,Foreign Matter,L27,test
a4687e68c3bf81b860c5610a8600609a,/data/FMD_Data_26082026/fmd_temp_images/Updated ICube Objects 20260915/Foreign Matter/20260807_223717_L27_PalletGHF0808020236_Cavity9_B01BH56_Fail7_Score(0.9999226).bmp,Foreign Matter,L27,test
a479165bc53d9d086936f2befc4053bf,/data/FMD_Data_26082026/fmd_temp_images/Updated ICube Objects 20260915/Foreign Matter/20260807_212624_L27_PalletGHI0808005157_Cavity15_B01BH56_Fail7_Score(0.9999978).bmp,Foreign Matter,L27,test
a5c28ac9f7c31e167550daf508dc5401,/data/FMD_Data_26082026/fmd_temp_images/Updated ICube Objects 20260915/Foreign Matter/20260904_011929_L27_PalletGHO0904044517_Cavity14_B01BMCS_Fail7_Score(0.994612).bmp,Foreign Matter,L27,test
a5eadbbac595f2a5573772d777dfa4eb,/data/FMD_Data_26082026/fmd_temp_images/Updated ICube Objects 20260915/Foreign Matter/20260903_173041_L27_PalletGHA0903205633_Cavity7_B01BMCR_Fail7_Score(0.9999902)_1.0000_0.9656.bmp,Foreign Matter,L27,test
a6966a3eda05c70c5fbcc9a1647abe67,/data/FMD_Data_26082026/fmd_temp_images/Updated ICube Objects 20260915/Foreign Matter/20260808_004359_L27_PalletGHM0808040941_Cavity15_B01BH56_Fail7_Score(0.9999961).bmp,Foreign Matter,L27,test
ab8886144e317cda1be4ffed419dcc83,/data/FMD_Data_26082026/fmd_temp_images/Updated ICube Objects 20260915/Foreign Matter/20260809_021734_L27_PalletGHI0809054320_Cavity6_B01BH57_Fail7_Score(0.9999809).bmp,Foreign Matter,L27,test
adc835ca77da453d41093fc1e4401ec4,/data/FMD_Data_26082026/fmd_temp_images/Updated ICube Objects 20260915/Foreign Matter/20260808_042424_L27_PalletGHF0808075003_Cavity3_B01BH56_Fail6_Score(0.9686603)_0.9997_0.3699.bmp,Foreign Matter,L27,test
b023db62bc9728617a48a0bd9a2f846e,/data/FMD_Data_26082026/fmd_temp_images/Updated ICube Objects 20260915/Foreign Matter/20260906_151717_L27_PalletGHB0906184324_Cavity14_B01BMDB_Fail7_Score(0.9997962).bmp,Foreign Matter,L27,test
b2ac7ea957b9b7ef6ad5f130460ef239,/data/FMD_Data_26082026/fmd_temp_images/Updated ICube Objects 20260915/Foreign Matter/20260904_135411_L27_PalletGHS0904172000_Cavity3_B01BMCT_Fail7_Score(0.9992362).bmp,Foreign Matter,L27,test
b352551f0e280e1497c95f1fc333ebcd,/data/FMD_Data_26082026/fmd_temp_images/Updated ICube Objects 20260915/Foreign Matter/20260909_105500_L27_PalletGHU0909141225_Cavity13_B01BMCZ_Fail5_Score(0.9516699).bmp,Foreign Matter,L27,test
b4573a28b102a1d352df4bf59eac6ef7,/data/FMD_Data_26082026/fmd_temp_images/Updated ICube Objects 20260915/Foreign Matter/20260808_062744_L27_PalletGHF0808095329_Cavity14_B01BH56_Fail7_Score(0.999676).bmp,Foreign Matter,L27,test
b4781c045265e8825c8e1a0bce39f94b,/data/FMD_Data_26082026/fmd_temp_images/Updated ICube Objects 20260915/Foreign Matter/20260903_082854_L27_PalletGHF0903115443_Cavity10_B01BKZX_Fail7_Score(0.9966903).bmp,Foreign Matter,L27,test
b531f838de73dc92e9fb5ac27719cb39,/data/FMD_Data_26082026/fmd_temp_images/Updated ICube Objects 20260915/Foreign Matter/20260904_165159_L27_PalletGHK0904201757_Cavity14_B01BMCT_Fail7_Score(0.9999995).bmp,Foreign Matter,L27,test
b792713ab4dc42ac8b4af2a145a3928e,/data/FMD_Data_26082026/fmd_temp_images/Updated ICube Objects 20260915/Foreign Matter/20260810_112209_L27_PalletGHE0810144804_Cavity13_B01BH5B_Fail7_Score(0.9999985)_1.0000_0.9914.bmp,Foreign Matter,L27,test
ba5d445d577242523c7f761814c02f74,/data/FMD_Data_26082026/fmd_temp_images/Updated ICube Objects 20260915/Foreign Matter/20260904_045319_L27_PalletGHA0904081913_Cavity8_B01BMCS_Fail7_Score(0.9999876).bmp,Foreign Matter,L27,test
bba36bafb090fdd3d3a1c098dc9ac2ed,/data/FMD_Data_26082026/fmd_temp_images/Updated ICube Objects 20260915/Foreign Matter/20241106_163500_L27_PalletGHU1106182626_Cavity15_B0178KV_Fail7_Score(0.9938394)_1.0000_0.9893.bmp,Foreign Matter,L27,test
c2aec4b8d196b93b44e3f8da23ceec41,/data/FMD_Data_26082026/fmd_temp_images/Updated ICube Objects 20260915/Foreign Matter/20260809_030245_L27_PalletGHP0809062833_Cavity9_B01BH57_Fail7_Score(0.9999923).bmp,Foreign Matter,L27,test
c3d250f542e3d5b323525f7b697b992d,/data/FMD_Data_26082026/fmd_temp_images/Updated ICube Objects 20260915/Foreign Matter/20241104_195559_L27_PalletGHK1104214716_Cavity13_B0178KM_Fail4_Score(0.9425958)_1.0000_0.9807.bmp,Foreign Matter,L27,test
c7163d88ba99975402b91ba29e5a9b2e,/data/FMD_Data_26082026/fmd_temp_images/Updated ICube Objects 20260915/Foreign Matter/20260807_184606_L27_PalletGHB0807220913_Cavity7_B01BHHF_Fail7_Score(0.99992).bmp,Foreign Matter,L27,test
c738641a5a1d9f7e8e258634645c49b8,/data/FMD_Data_26082026/fmd_temp_images/Updated ICube Objects 20260915/Foreign Matter/20260806_095602_L27_PalletGHD0806132136_Cavity12_B01BGMM_Fail7_Score(0.9997718).bmp,Foreign Matter,L27,test
c8d53f360a7a38578686bafaf942c7f8,/data/FMD_Data_26082026/fmd_temp_images/Updated ICube Objects 20260915/Foreign Matter/20260807_181355_L27_PalletGHI0807213918_Cavity5_B01BHHF_Fail7_Score(0.9995729).bmp,Foreign Matter,L27,test
d25934f233bbccb89e752c6a533ef932,/data/FMD_Data_26082026/fmd_temp_images/Updated ICube Objects 20260915/Foreign Matter/20260902_233547_L27_PalletGHE0903030136_Cavity5_B01BKZX_Fail7_Score(0.9998499).bmp,Foreign Matter,L27,test
d2bafb9af630e0d14ed6c44af5889293,/data/FMD_Data_26082026/fmd_temp_images/Updated ICube Objects 20260915/Foreign Matter/20260903_160724_L27_PalletGHS0903193317_Cavity15_B01BMCR_Fail7_Score(0.9921647).bmp,Foreign Matter,L27,test
d346f3e0b33613bbd85cf4ef58c884a7,/data/FMD_Data_26082026/fmd_temp_images/Updated ICube Objects 20260915/Foreign Matter/20260906_070831_L27_PalletGHQ0906103437_Cavity15_B01BMD7_Fail7_Score(0.9999894).bmp,Foreign Matter,L27,test
d3758794c44ef440e5fa415994932de1,/data/FMD_Data_26082026/fmd_temp_images/Updated ICube Objects 20260915/Foreign Matter/20260807_152004_L27_PalletGHT0807184543_Cavity15_B01BHHF_Fail7_Score(0.9998965).bmp,Foreign Matter,L27,test
d437986ced9c46b030faf79543e06bc2,/data/FMD_Data_26082026/fmd_temp_images/Updated ICube Objects 20260915/Foreign Matter/20260809_064617_L27_PalletGHJ0809101159_Cavity14_B01BH58_Fail7_Score(0.998894)_0.9997_0.3902.bmp,Foreign Matter,L27,test
d4981fabefb0501d9c7187ca1d274eea,/data/FMD_Data_26082026/fmd_temp_images/Updated ICube Objects 20260915/Foreign Matter/20260906_015613_L27_PalletGHU0906052214_Cavity8_B01BNGK_Fail7_Score(0.9999954)_0.9927_0.9568.bmp,Foreign Matter,L27,test
d505ab29e1f553113c131f9e20845e37,/data/FMD_Data_26082026/fmd_temp_images/Updated ICube Objects 20260915/Foreign Matter/20241110_172154_L27_PalletGHF1110191321_Cavity12_B0178LC_Fail2_Score(0.9142596)_1.0000_0.9814.bmp,Foreign Matter,L27,test
d777ebb407862eb96d7414cbc4fd411f,/data/FMD_Data_26082026/fmd_temp_images/Updated ICube Objects 20260915/Foreign Matter/20260806_131709_L27_PalletGHT0806164240_Cavity12_B01BGMS_Fail7_Score(0.9985613).bmp,Foreign Matter,L27,test
da0b81088b5e5ab8b3794c23b1846ea6,/data/FMD_Data_26082026/fmd_temp_images/Updated ICube Objects 20260915/Foreign Matter/20260808_011243_L27_PalletGHT0808043820_Cavity15_B01BH56_Fail7_Score(0.9999998).bmp,Foreign Matter,L27,test
dc3dbc6af3f1971eeebce25a41047aa0,/data/FMD_Data_26082026/fmd_temp_images/Updated ICube Objects 20260915/Foreign Matter/20260808_140058_L27_PalletGHF0808172625_Cavity15_B01BH56_Fail6_Score(0.9764211).bmp,Foreign Matter,L27,test
dc896fd30f8aaacdf815099578d20f0e,/data/FMD_Data_26082026/fmd_temp_images/Updated ICube Objects 20260915/Foreign Matter/20260806_112846_L27_PalletGHU0806145419_Cavity13_B01BGMS_Fail7_Score(0.9999974)_0.9992_0.4255.bmp,Foreign Matter,L27,test
dd2581d704fa8d6966f6a04522e2bbf2,/data/FMD_Data_26082026/fmd_temp_images/Updated ICube Objects 20260915/Foreign Matter/20260905_114953_L27_PalletGHN0905151550_Cavity15_B01BMCV_Fail7_Score(0.9994242).bmp,Foreign Matter,L27,test
dd7f2bf97ffa66ffc0f36728499b22b1,/data/FMD_Data_26082026/fmd_temp_images/Updated ICube Objects 20260915/Foreign Matter/20260809_063056_L27_PalletGHN0809095646_Cavity12_B01BH58_Fail7_Score(0.9883592).bmp,Foreign Matter,L27,test
dd983cf61ebab55687cbe3d6fe8c48ab,/data/FMD_Data_26082026/fmd_temp_images/Updated ICube Objects 20260915/Foreign Matter/20260810_095712_L27_PalletGHO0810132306_Cavity6_B01BH5B_Fail7_Score(0.9999786).bmp,Foreign Matter,L27,test
ddcc48b3c1180a44972b25f675a1a0d2,/data/FMD_Data_26082026/fmd_temp_images/Updated ICube Objects 20260915/Foreign Matter/20260903_102959_L27_PalletGHH0903135544_Cavity6_B01BKZX_Fail7_Score(0.9897851).bmp,Foreign Matter,L27,test
de565206f26a6299ce05d9210a4742eb,/data/FMD_Data_26082026/fmd_temp_images/Updated ICube Objects 20260915/Foreign Matter/20260810_060502_L27_PalletGHR0810093035_Cavity1_B01BH5B_Fail7_Score(0.9984112).bmp,Foreign Matter,L27,test
e159345326980dec8524d177785a4a49,/data/FMD_Data_26082026/fmd_temp_images/Updated ICube Objects 20260915/Foreign Matter/20260904_080032_L27_PalletGHO0904112620_Cavity14_B01BMCT_Fail7_Score(0.9991226).bmp,Foreign Matter,L27,test
e22c91fc87517c75fc88afbcf492d5fb,/data/FMD_Data_26082026/fmd_temp_images/Updated ICube Objects 20260915/Foreign Matter/20260906_003352_L27_PalletGHS0906035956_Cavity15_B01BMD5_Fail7_Score(0.9999833).bmp,Foreign Matter,L27,test
e27874c2a192ee7897f7f1130ca4d598,/data/FMD_Data_26082026/fmd_temp_images/Updated ICube Objects 20260915/Foreign Matter/20260808_130544_L27_PalletGHO0808163123_Cavity6_B01BH56_Fail7_Score(0.9990073).bmp,Foreign Matter,L27,test
e2dc2ac60d7b07e8af7ed9701a250042,/data/FMD_Data_26082026/fmd_temp_images/Updated ICube Objects 20260915/Foreign Matter/20260905_044203_L27_PalletGHQ0905080803_Cavity9_B01BMCV_Fail7_Score(0.9981241)_0.9893_0.9862.bmp,Foreign Matter,L27,test
e37b4646e1053beaeb007d3dbcf6f650,/data/FMD_Data_26082026/fmd_temp_images/Updated ICube Objects 20260915/Foreign Matter/20260807_234250_L27_PalletGHA0808030833_Cavity10_B01BH56_Fail7_Score(0.999764).bmp,Foreign Matter,L27,test
e5a3230846774166d70c853623c2069b,/data/FMD_Data_26082026/fmd_temp_images/Updated ICube Objects 20260915/Foreign Matter/20260903_131646_L27_PalletGHR0903164239_Cavity5_B01BMCR_Fail7_Score(0.9999917).bmp,Foreign Matter,L27,test
e66bf99892c42e9a37f54cd8de1bab1a,/data/FMD_Data_26082026/fmd_temp_images/Updated ICube Objects 20260915/Foreign Matter/20260808_165429_L27_PalletGHR0808202014_Cavity12_B01BH57_Fail7_Score(0.999875).bmp,Foreign Matter,L27,test
e683d2881dc7af688963d37a7ca87273,/data/FMD_Data_26082026/fmd_temp_images/Updated ICube Objects 20260915/Foreign Matter/20260906_212024_L27_PalletGHO0907004627_Cavity15_B01BMDC_Fail7_Score(0.9998801).bmp,Foreign Matter,L27,test
e77c4e44c90ee14737c4e79a6f9a2fe9,/data/FMD_Data_26082026/fmd_temp_images/Updated ICube Objects 20260915/Foreign Matter/20260904_060447_L27_PalletGHU0904093040_Cavity5_B01BMCS_Fail7_Score(0.9999999).bmp,Foreign Matter,L27,test
e8501f7761e7f555b914157043b15eb5,/data/FMD_Data_26082026/fmd_temp_images/Updated ICube Objects 20260915/Foreign Matter/20260807_234155_L27_PalletGHA0808030734_Cavity13_B01BH56_Fail7_Score(0.9842055).bmp,Foreign Matter,L27,test
e85f8ca055a63e369a1067f3d240e8c4,/data/FMD_Data_26082026/fmd_temp_images/Updated ICube Objects 20260915/Foreign Matter/20260903_155455_L27_PalletGHC0903192045_Cavity12_B01BMCR_Fail7_Score(0.9952126).bmp,Foreign Matter,L27,test
e8a42930ed54d1b247230b9a1f928f75,/data/FMD_Data_26082026/fmd_temp_images/Updated ICube Objects 20260915/Foreign Matter/20260810_103105_L27_PalletGHS0810135659_Cavity11_B01BH5B_Fail7_Score(0.9999882).bmp,Foreign Matter,L27,test
e8bbe7636e8bd0157e15d5d182f62d7a,/data/FMD_Data_26082026/fmd_temp_images/Updated ICube Objects 20260915/Foreign Matter/20241110_143825_L27_PalletGHQ1110163005_Cavity15_B0178LC_Fail7_Score(0.9973801)_1.0000_0.9908.bmp,Foreign Matter,L27,test
e9bad715f4ad28d30b9646fa8fb3719b,/data/FMD_Data_26082026/fmd_temp_images/Updated ICube Objects 20260915/Foreign Matter/20260903_045442_L27_PalletGHU0903082034_Cavity12_B01BKZX_Fail7_Score(0.9987509).bmp,Foreign Matter,L27,test
eede15eedf50ed8a95545c9b180b5f2b,/data/FMD_Data_26082026/fmd_temp_images/Updated ICube Objects 20260915/Foreign Matter/20260806_163356_L27_PalletGHI0806195928_Cavity7_B01BGMT_Fail7_Score(0.999513).bmp,Foreign Matter,L27,test
f123f6633f054bed7203e6998d197210,/data/FMD_Data_26082026/fmd_temp_images/Updated ICube Objects 20260915/Foreign Matter/20260904_022312_L27_PalletGHJ0904054907_Cavity2_B01BMCS_Fail7_Score(0.9999951).bmp,Foreign Matter,L27,test
f14efdfc6ff8ecf0f476cab8d0598c2b,/data/FMD_Data_26082026/fmd_temp_images/Updated ICube Objects 20260915/Foreign Matter/20260809_013238_L27_PalletGHM0809045826_Cavity2_B01BH57_Fail7_Score(0.9968066)_0.5999_0.4382.bmp,Foreign Matter,L27,test
f1abc0ac82d0852f073433558b8a73f6,/data/FMD_Data_26082026/fmd_temp_images/Updated ICube Objects 20260915/Foreign Matter/20260809_064937_L27_PalletGHB0809101522_Cavity4_B01BH58_Fail7_Score(0.9982407)_0.9999_0.8555.bmp,Foreign Matter,L27,test
f1b6e18f2e5913cb6157995802d08493,/data/FMD_Data_26082026/fmd_temp_images/Updated ICube Objects 20260915/Foreign Matter/20260810_100731_L27_PalletGHG0810133327_Cavity12_B01BH5B_Fail7_Score(0.9998875).bmp,Foreign Matter,L27,test
f3f198ba9313bdc95e27fc0fd2bf3fa7,/data/FMD_Data_26082026/fmd_temp_images/Updated ICube Objects 20260915/Foreign Matter/20260904_155222_L27_PalletGHB0904191810_Cavity11_B01BMCT_Fail7_Score(0.9998876).bmp,Foreign Matter,L27,test
f5c9aa9c25afced991404e9f694acec3,/data/FMD_Data_26082026/fmd_temp_images/Updated ICube Objects 20260915/Foreign Matter/20260908_052419_L27_PalletGHC0908085034_Cavity5_B01BMCW_Fail7_Score(0.9999575).bmp,Foreign Matter,L27,test
f94bf4e46a690ec86acd763ffd449445,/data/FMD_Data_26082026/fmd_temp_images/Updated ICube Objects 20260915/Foreign Matter/20260908_221443_L27_PalletGHR0909014102_Cavity3_B01BMCZ_Fail7_Score(0.9999858).bmp,Foreign Matter,L27,test
fb7fcb68e55706af54cc1573cd05d49a,/data/FMD_Data_26082026/fmd_temp_images/Updated ICube Objects 20260915/Foreign Matter/20260907_131400_L27_PalletGHK0907164011_Cavity15_B01BMCP_Fail7_Score(0.999991).bmp,Foreign Matter,L27,test
fd38356cac6ef8b876b0dfe6b9230370,/data/FMD_Data_26082026/fmd_temp_images/Updated ICube Objects 20260915/Foreign Matter/20260808_195123_L27_PalletGHC0808231710_Cavity1_B01BH57_Fail7_Score(0.9992151).bmp,Foreign Matter,L27,test
fed3719960bef93c7ee5209943e8802b,/data/FMD_Data_26082026/fmd_temp_images/Updated ICube Objects 20260915/Foreign Matter/20260904_145311_L27_PalletGHI0904181910_Cavity8_B01BMCT_Fail7_Score(0.9990994).bmp,Foreign Matter,L27,test
01a9baa46ad8e981d17abae213fe8213,/data/FMD_Data_26082026/fmd_temp_images/Updated ICube Objects 20260915/Foreign Matter/20260806_150601_L27_PalletGHG0806183133_Cavity15_B01BGMT_Fail7_Score(0.9999925).bmp,Foreign Matter,L27,train
050f63b2777a12c9ea95a972389ccad9,/data/FMD_Data_26082026/fmd_temp_images/Updated ICube Objects 20260915/Foreign Matter/20260905_001241_L27_PalletGHH0905033838_Cavity10_B01BMCV_Fail6_Score(0.9744666).bmp,Foreign Matter,L27,train
055c94157d34be1dcc206246044479c3,/data/FMD_Data_26082026/fmd_temp_images/Updated ICube Objects 20260915/Foreign Matter/20260808_220508_L27_PalletGHL0809013053_Cavity4_B01BH57_Fail7_Score(0.9999984).bmp,Foreign Matter,L27,train
0680fc54ba122de79075493350aa6763,/data/FMD_Data_26082026/fmd_temp_images/Updated ICube Objects 20260915/Foreign Matter/20260905_200302_L27_PalletGHB0905232900_Cavity14_B01BM7D_Fail7_Score(0.9999294).bmp,Foreign Matter,L27,train
07bc30ca543df696691aa0abb1a2a957,/data/FMD_Data_26082026/fmd_temp_images/Updated ICube Objects 20260915/Foreign Matter/20260905_051147_L27_PalletGHM0905083747_Cavity15_B01BMCV_Fail7_Score(0.9866883).bmp,Foreign Matter,L27,train
07db8cc51d8ffd537173d30357952851,/data/FMD_Data_26082026/fmd_temp_images/Updated ICube Objects 20260915/Foreign Matter/20260909_005721_L27_PalletGHG0909042335_Cavity2_B01BMCZ_Fail7_Score(0.9999951).bmp,Foreign Matter,L27,train
085f5087229ccab213c018e517b11765,/data/FMD_Data_26082026/fmd_temp_images/Updated ICube Objects 20260915/Foreign Matter/20260806_073726_L27_PalletGHA0806110118_Cavity6_B01BGMM_Fail7_Score(0.9996472).bmp,Foreign Matter,L27,train
093dd0bd01b3a042e8b363de9f5e8dc2,/data/FMD_Data_26082026/fmd_temp_images/Updated ICube Objects 20260915/Foreign Matter/20260904_201759_L27_PalletGHR0904234352_Cavity7_B01BMCT_Fail7_Score(0.9996789).bmp,Foreign Matter,L27,train
094f258819877584c55e77f79d81e3e7,/data/FMD_Data_26082026/fmd_temp_images/Updated ICube Objects 20260915/Foreign Matter/20260908_123805_L27_PalletGHF0908160402_Cavity1_B01BMCX_Fail7_Score(0.9996071).bmp,Foreign Matter,L27,train
0a64609ad9563339d6abcc86bfd5da14,/data/FMD_Data_26082026/fmd_temp_images/Updated ICube Objects 20260915/Foreign Matter/20260903_092353_L27_PalletGHT0903124944_Cavity12_B01BKZX_Fail7_Score(0.9944057).bmp,Foreign Matter,L27,train
0a96b32476fdd0e3c3a55fa302f96f6d,/data/FMD_Data_26082026/fmd_temp_images/Updated ICube Objects 20260915/Foreign Matter/20260809_093824_L27_PalletGHH0809130415_Cavity8_B01BH58_Fail6_Score(0.9765784)_0.9999_0.7606.bmp,Foreign Matter,L27,train
0b17556a74e4c4b705d0c35408ea114f,/data/FMD_Data_26082026/fmd_temp_images/Updated ICube Objects 20260915/Foreign Matter/20260808_000031_L27_PalletGHU0808032611_Cavity4_B01BH56_Fail4_Score(0.9464031).bmp,Foreign Matter,L27,train
0b327f76af76cd6fef40c8d1e067d7cf,/data/FMD_Data_26082026/fmd_temp_images/Updated ICube Objects 20260915/Foreign Matter/20260903_154134_L27_PalletGHM0903190726_Cavity14_B01BMCR_Fail7_Score(0.9981289).bmp,Foreign Matter,L27,train
0b9c8b0840980c42306074e95e7008b1,/data/FMD_Data_26082026/fmd_temp_images/Updated ICube Objects 20260915/Foreign Matter/20260810_031324_L27_PalletGHM0810063918_Cavity6_B01BH59_Fail7_Score(0.9992166)_0.7976_0.4766.bmp,Foreign Matter,L27,train
0ba48b2caadb5a398aa1e96d06193123,/data/FMD_Data_26082026/fmd_temp_images/Updated ICube Objects 20260915/Foreign Matter/20260810_084628_L27_PalletGHS0810121222_Cavity12_B01BH5B_Fail7_Score(0.9999387)_0.9976_0.5777.bmp,Foreign Matter,L27,train
0bfb5c78f2b7538935d97c8768072875,/data/FMD_Data_26082026/fmd_temp_images/Updated ICube Objects 20260915/Foreign Matter/20260908_215004_L27_PalletGHF0909011622_Cavity5_B01BMCX_Fail6_Score(0.9808765).bmp,Foreign Matter,L27,train
0c261490d21b2e6f24b2b4187ed7085c,/data/FMD_Data_26082026/fmd_temp_images/Updated ICube Objects 20260915/Foreign Matter/20260807_212336_L27_PalletGHQ0808004916_Cavity8_B01BH56_Fail7_Score(0.9999181).bmp,Foreign Matter,L27,train
0ce9ee2ec14ede2a61ed137195809c1c,/data/FMD_Data_26082026/fmd_temp_images/Updated ICube Objects 20260915/Foreign Matter/20260807_213848_L27_PalletGHP0808010426_Cavity2_B01BH56_Fail7_Score(0.9997156).bmp,Foreign Matter,L27,train
0d004e76b27609850d469860dc0182ab,/data/FMD_Data_26082026/fmd_temp_images/Updated ICube Objects 20260915/Foreign Matter/20260907_185830_L27_PalletGHA0907222438_Cavity12_B01BMCW_Fail7_Score(0.999666).bmp,Foreign Matter,L27,train
0d8893090eaa3ff9bb3ef028652e5ee5,/data/FMD_Data_26082026/fmd_temp_images/Updated ICube Objects 20260915/Foreign Matter/20260905_033419_L27_PalletGHR0905070019_Cavity7_B01BMCV_Fail7_Score(0.9998412).bmp,Foreign Matter,L27,train
104da3312c47b54cf7fb8913c4621a69,/data/FMD_Data_26082026/fmd_temp_images/Updated ICube Objects 20260915/Foreign Matter/20260809_013922_L27_PalletGHJ0809050511_Cavity7_B01BH57_Fail7_Score(0.9999983)_0.9996_0.4958.bmp,Foreign Matter,L27,train
11f09e76c990aee97f8c608fa65f7982,/data/FMD_Data_26082026/fmd_temp_images/Updated ICube Objects 20260915/Foreign Matter/20260806_174700_L27_PalletGHS0806211238_Cavity4_B01BGMT_Fail6_Score(0.9698563)_0.9996_0.9948.bmp,Foreign Matter,L27,train
12608fa857575e35eddf02f9b88f438f,/data/FMD_Data_26082026/fmd_temp_images/Updated ICube Objects 20260915/Foreign Matter/20260904_170316_L27_PalletGHS0904202906_Cavity9_B01BMCT_Fail7_Score(0.9999971).bmp,Foreign Matter,L27,train
13aa62ead1ed96d4d3981eb617857311,/data/FMD_Data_26082026/fmd_temp_images/Updated ICube Objects 20260915/Foreign Matter/20260904_205442_L27_PalletGHK0905002031_Cavity8_B01BMCT_Fail7_Score(0.9999363).bmp,Foreign Matter,L27,train
13efd3b2a6e8bfb446760360571ab8c9,/data/FMD_Data_26082026/fmd_temp_images/Updated ICube Objects 20260915/Foreign Matter/20260904_233002_L27_PalletGHR0905025528_Cavity13_B01BMCV_Fail7_Score(0.996758)_0.9986_0.9893.bmp,Foreign Matter,L27,train
146dd594eb67b691351c224be0384c8a,/data/FMD_Data_26082026/fmd_temp_images/Updated ICube Objects 20260915/Foreign Matter/20260808_052822_L27_PalletGHK0808085407_Cavity11_B01BH56_Fail7_Score(0.9993089).bmp,Foreign Matter,L27,train
147fbbedfe2af1345d87cd6573500992,/data/FMD_Data_26082026/fmd_temp_images/Updated ICube Objects 20260915/Foreign Matter/20260905_130928_L27_PalletGHH0905163525_Cavity13_B01BMCV_Fail7_Score(0.9838933).bmp,Foreign Matter,L27,train
14f39dd22cbe7fe07e8c99ceded19885,/data/FMD_Data_26082026/fmd_temp_images/Updated ICube Objects 20260915/Foreign Matter/20260810_163530_L27_PalletGHF0810200127_Cavity15_B01BH4Z_Fail7_Score(0.9999123).bmp,Foreign Matter,L27,train
15156a77bb0faa10aa6196a413981b86,/data/FMD_Data_26082026/fmd_temp_images/Updated ICube Objects 20260915/Foreign Matter/20260908_010713_L27_PalletGHD0908043321_Cavity4_B01BMCW_Fail7_Score(0.999979).bmp,Foreign Matter,L27,train
154190dd403d0ac8fed952414e25d19f,/data/FMD_Data_26082026/fmd_temp_images/Updated ICube Objects 20260915/Foreign Matter/20260909_105500_L27_PalletGHU0909141225_Cavity7_B01BMCZ_Fail4_Score(0.939921).bmp,Foreign Matter,L27,train
160be5f4ceff37064e99d554c4dc0357,/data/FMD_Data_26082026/fmd_temp_images/Updated ICube Objects 20260915/Foreign Matter/20260904_141017_L27_PalletGHL0904173612_Cavity3_B01BMCT_Fail7_Score(0.9998929).bmp,Foreign Matter,L27,train
173a488b33e2d63d79851ba7317c8f5f,/data/FMD_Data_26082026/fmd_temp_images/Updated ICube Objects 20260915/Foreign Matter/20260809_011531_L27_PalletGHL0809044118_Cavity14_B01BH57_Fail7_Score(0.9996656)_0.9996_0.4453.bmp,Foreign Matter,L27,train
1749fa2ee4d89568f0742dfc42a38af7,/data/FMD_Data_26082026/fmd_temp_images/Updated ICube Objects 20260915/Foreign Matter/20260809_054008_L27_PalletGHT0809090552_Cavity2_B01BH58_Fail7_Score(0.9892026).bmp,Foreign Matter,L27,train
179349c6bfdb8fae97de149c13aafed5,/data/FMD_Data_26082026/fmd_temp_images/Updated ICube Objects 20260915/Foreign Matter/20260809_124107_L27_PalletGHL0809160655_Cavity7_B01BH58_Fail7_Score(0.9999972).bmp,Foreign Matter,L27,train
17d4bce00f2401e8be05abde2e46dc54,/data/FMD_Data_26082026/fmd_temp_images/Updated ICube Objects 20260915/Foreign Matter/20260903_155537_L27_PalletGHS0903192130_Cavity15_B01BMCR_Fail7_Score(0.9995681).bmp,Foreign Matter,L27,train
19990758d02bc6c85d4b530b7dde58a0,/data/FMD_Data_26082026/fmd_temp_images/Updated ICube Objects 20260915/Foreign Matter/20260905_031455_L27_PalletGHL0905064052_Cavity9_B01BMCV_Fail7_Score(0.999981).bmp,Foreign Matter,L27,train
1a4c3aa2fa2e369a99cc50445af84eba,/data/FMD_Data_26082026/fmd_temp_images/Updated ICube Objects 20260915/Foreign Matter/20260904_012102_L27_PalletGHG0904044656_Cavity8_B01BMCS_Fail3_Score(0.9318506).bmp,Foreign Matter,L27,train
1a92d4daa7786014e86b4319669d8a22,/data/FMD_Data_26082026/fmd_temp_images/Updated ICube Objects 20260915/Foreign Matter/20260904_132306_L27_PalletGHT0904164904_Cavity13_B01BMCT_Fail7_Score(0.9999997).bmp,Foreign Matter,L27,train
1aaf9306171f2efbdc91f14ad83118a4,/data/FMD_Data_26082026/fmd_temp_images/Updated ICube Objects 20260915/Foreign Matter/20260906_221955_L27_PalletGHE0907014603_Cavity6_B01BMDC_Fail7_Score(0.9998434)_0.9983_0.9812.bmp,Foreign Matter,L27,train
1b15ea64908478481fd1103e43618902,/data/FMD_Data_26082026/fmd_temp_images/Updated ICube Objects 20260915/Foreign Matter/20260903_193749_L27_PalletGHG0903230342_Cavity14_B01BMCR_Fail7_Score(0.9992337)_0.9980_0.9609.bmp,Foreign Matter,L27,train
1c138e81a88eeec1356b11c562f8a835,/data/FMD_Data_26082026/fmd_temp_images/Updated ICube Objects 20260915/Foreign Matter/20260907_182832_L27_PalletGHE0907215445_Cavity7_B01BMCW_Fail7_Score(0.9999976).bmp,Foreign Matter,L27,train
1c88369246f5be3c90bb77e721e25a5e,/data/FMD_Data_26082026/fmd_temp_images/Updated ICube Objects 20260915/Foreign Matter/20260806_083344_L27_PalletGHU0806115913_Cavity15_B01BGMM_Fail7_Score(0.9999907).bmp,Foreign Matter,L27,train
1d83c141772e9eb3e7cb3bf4234b7920,/data/FMD_Data_26082026/fmd_temp_images/Updated ICube Objects 20260915/Foreign Matter/20260903_155336_L27_PalletGHR0903191924_Cavity12_B01BMCR_Fail7_Score(0.9970015).bmp,Foreign Matter,L27,train
1e6b94ba11f8939fb93f249756d2ba80,/data/FMD_Data_26082026/fmd_temp_images/Updated ICube Objects 20260915/Foreign Matter/20241110_163640_L27_PalletGHB1110182825_Cavity13_B0178LC_Fail7_Score(0.9999886)_0.9999_0.9735.bmp,Foreign Matter,L27,train
20754e96b6e7ff328029b489346c4beb,/data/FMD_Data_26082026/fmd_temp_images/Updated ICube Objects 20260915/Foreign Matter/20260807_181707_L27_PalletGHN0807214247_Cavity13_B01BHHF_Fail7_Score(0.999904).bmp,Foreign Matter,L27,train
20f3fab717b4cc2663206f178973ccd1,/data/FMD_Data_26082026/fmd_temp_images/Updated ICube Objects 20260915/Foreign Matter/20260904_002737_L27_PalletGHD0904035330_Cavity7_B01BMCR_Fail7_Score(0.9999791)_0.9721_0.9880.bmp,Foreign Matter,L27,train
215efcb5c4053ca2125f3611edef9bb1,/data/FMD_Data_26082026/fmd_temp_images/Updated ICube Objects 20260915/Foreign Matter/20260808_214611_L27_PalletGHI0809011159_Cavity7_B01BH57_Fail7_Score(0.9998061).bmp,Foreign Matter,L27,train
215fa2a7b6023cfdbd376c74bfa6a00f,/data/FMD_Data_26082026/fmd_temp_images/Updated ICube Objects 20260915/Foreign Matter/20260810_122730_L27_PalletGHK0810155312_Cavity6_B01BH5B_Fail7_Score(0.9998363).bmp,Foreign Matter,L27,train
229d29db22a1f8fc107f6087f469af9e,/data/FMD_Data_26082026/fmd_temp_images/Updated ICube Objects 20260915/Foreign Matter/20260908_103939_L27_PalletGHG0908140553_Cavity9_B01BMCX_Fail7_Score(0.997722).bmp,Foreign Matter,L27,train
2321242913e5a2feb669fc66fd43c7fb,/data/FMD_Data_26082026/fmd_temp_images/Updated ICube Objects 20260915/Foreign Matter/20241105_201828_L27_PalletGHK1105220953_Cavity15_B0178KR_Fail6_Score(0.9677292)_1.0000_0.9922.bmp,Foreign Matter,L27,train
234ffe19c13cde0ba689801ea2141846,/data/FMD_Data_26082026/fmd_temp_images/Updated ICube Objects 20260915/Foreign Matter/20260907_223701_L27_PalletGHU0908020314_Cavity6_B01BMCW_Fail7_Score(0.9994921).bmp,Foreign Matter,L27,train
23560e5ec7ed55edced5f218f07a6781,/data/FMD_Data_26082026/fmd_temp_images/Updated ICube Objects 20260915/Foreign Matter/20260810_134237_L27_PalletGHO0810170827_Cavity11_B01BH5B_Fail7_Score(0.9999728).bmp,Foreign Matter,L27,train
23d0207aed12262fc9389ddc834bd6c8,/data/FMD_Data_26082026/fmd_temp_images/Updated ICube Objects 20260915/Foreign Matter/20260906_103234_L27_PalletGHD0906135836_Cavity15_B01BMD6_Fail7_Score(0.9997171).bmp,Foreign Matter,L27,train
25703ba31521310cefa7d13bb3513f5c,/data/FMD_Data_26082026/fmd_temp_images/Updated ICube Objects 20260915/Foreign Matter/20260809_053754_L27_PalletGHL0809090335_Cavity15_B01BH58_Fail7_Score(0.9979728).bmp,Foreign Matter,L27,train
258116c4a2e46ca97c07c45c054f040f,/data/FMD_Data_26082026/fmd_temp_images/Updated ICube Objects 20260915/Foreign Matter/20260907_104827_L27_PalletGHI0907141439_Cavity14_B01BMCN_Fail7_Score(0.9995489).bmp,Foreign Matter,L27,train
25863509ea1659898c193cd0c53c7a8d,/data/FMD_Data_26082026/fmd_temp_images/Updated ICube Objects 20260915/Foreign Matter/20260904_194921_L27_PalletGHS0904231520_Cavity5_B01BMCT_Fail7_Score(0.9999886).bmp,Foreign Matter,L27,train
278bd84d033afa6d40c0d37c7dc15df1,/data/FMD_Data_26082026/fmd_temp_images/Updated ICube Objects 20260915/Foreign Matter/20260907_140055_L27_PalletGHS0907172706_Cavity10_B01BMCP_Fail7_Score(0.9999928).bmp,Foreign Matter,L27,train
2944d8e7daf0665082a04041dcf96988,/data/FMD_Data_26082026/fmd_temp_images/Updated ICube Objects 20260915/Foreign Matter/20260810_065037_L27_PalletGHN0810101632_Cavity15_B01BH5B_Fail7_Score(0.9999357).bmp,Foreign Matter,L27,train
295b8ef7deeacfdcd6aa5f06f439d420,/data/FMD_Data_26082026/fmd_temp_images/Updated ICube Objects 20260915/Foreign Matter/20260909_045817_L27_PalletGHB0909082434_Cavity3_B01BMCZ_Fail7_Score(0.9999588).bmp,Foreign Matter,L27,train
2989df2a8db8b8b9e956b5b63f3b055b,/data/FMD_Data_26082026/fmd_temp_images/Updated ICube Objects 20260915/Foreign Matter/20260807_182522_L27_PalletGHQ0807215102_Cavity5_B01BHHF_Fail7_Score(0.9966291).bmp,Foreign Matter,L27,train
29ae25c78ffb13dc2865e4201f2e0099,/data/FMD_Data_26082026/fmd_temp_images/Updated ICube Objects 20260915/Foreign Matter/20260906_202632_L27_PalletGHQ0906235239_Cavity9_B01BMDC_Fail7_Score(0.9914567).bmp,Foreign Matter,L27,train
2ad9ca51a765f4cdb98751df15cf24d9,/data/FMD_Data_26082026/fmd_temp_images/Updated ICube Objects 20260915/Foreign Matter/20260806_145128_L27_PalletGHJ0806181702_Cavity13_B01BGMT_Fail7_Score(0.999872).bmp,Foreign Matter,L27,train
2b76ec4d8b4eedf1572e3e38afd7727a,/data/FMD_Data_26082026/fmd_temp_images/Updated ICube Objects 20260915/Foreign Matter/20260906_181943_L27_PalletGHU0906214550_Cavity6_B01BMDB_Fail7_Score(0.9999797)_0.9998_0.9730.bmp,Foreign Matter,L27,train
2bf3ee4111cf67f6a1608fed1340a0cd,/data/FMD_Data_26082026/fmd_temp_images/Updated ICube Objects 20260915/Foreign Matter/20260908_121734_L27_PalletGHK0908154350_Cavity12_B01BMCX_Fail7_Score(0.9999931).bmp,Foreign Matter,L27,train
2c4c09f452c961dc0e54fd9e43fc9fe9,/data/FMD_Data_26082026/fmd_temp_images/Updated ICube Objects 20260915/Foreign Matter/20260903_215608_L27_PalletGHE0904012202_Cavity7_B01BMCR_Fail7_Score(0.9998508).bmp,Foreign Matter,L27,train
2f4987807ac2ce2b328d7d10a434edc9,/data/FMD_Data_26082026/fmd_temp_images/Updated ICube Objects 20260915/Foreign Matter/20260908_193817_L27_PalletGHC0908230428_Cavity15_B01BMCX_Fail7_Score(0.9999914).bmp,Foreign Matter,L27,train
2f8fe2a66dec4741edf9f413a9d6dbcd,/data/FMD_Data_26082026/fmd_temp_images/Updated ICube Objects 20260915/Foreign Matter/20260808_034958_L27_PalletGHA0808071542_Cavity15_B01BH56_Fail7_Score(0.9935336).bmp,Foreign Matter,L27,train
2fa3945769c95736562328d3ff8f89bc,/data/FMD_Data_26082026/fmd_temp_images/Updated ICube Objects 20260915/Foreign Matter/20260908_110554_L27_PalletGHF0908143211_Cavity7_B01BMCX_Fail7_Score(0.9998093).bmp,Foreign Matter,L27,train
2faa7452916a71ddb8e167d850cfcfed,/data/FMD_Data_26082026/fmd_temp_images/Updated ICube Objects 20260915/Foreign Matter/20260904_043302_L27_PalletGHG0904075857_Cavity7_B01BMCS_Fail7_Score(0.9977409).bmp,Foreign Matter,L27,train
2fb3dcf89861c95972be15665a38a689,/data/FMD_Data_26082026/fmd_temp_images/Updated ICube Objects 20260915/Foreign Matter/20260808_161907_L27_PalletGHM0808194450_Cavity14_B01BH57_Fail7_Score(0.9998056).bmp,Foreign Matter,L27,train
2ff5cc032220e29477add77190f12ba3,/data/FMD_Data_26082026/fmd_temp_images/ICube Defects Library/Foreign Matter/20241120_004057_L27_C12_9817.bmp,Foreign Matter,L27,train
3044522bac10245e3e69231c40c9ee15,/data/FMD_Data_26082026/fmd_temp_images/Updated ICube Objects 20260915/Foreign Matter/20260902_183356_L27_PalletGHO0902215929_Cavity2_B01BKZX_Fail7_Score(0.9992658).bmp,Foreign Matter,L27,train
304955a1b41581fbb4b559831402b42e,/data/FMD_Data_26082026/fmd_temp_images/Updated ICube Objects 20260915/Foreign Matter/20260808_220614_L27_PalletGHP0809013202_Cavity14_B01BH57_Fail7_Score(1).bmp,Foreign Matter,L27,train
3079324a71465f981f590565fb8b7269,/data/FMD_Data_26082026/fmd_temp_images/Updated ICube Objects 20260915/Foreign Matter/20260904_183249_L27_PalletGHF0904215848_Cavity15_B01BMCT_Fail7_Score(0.9982095).bmp,Foreign Matter,L27,train
32f99fe3272fae1899601d07b0c143dd,/data/FMD_Data_26082026/fmd_temp_images/Updated ICube Objects 20260915/Foreign Matter/20260903_013936_L27_PalletGHA0903050518_Cavity11_B01BKZX_Fail7_Score(0.9999638)_0.9968_0.9838.bmp,Foreign Matter,L27,train
343fea4d2b88036d36f6dc696fb51a6c,/data/FMD_Data_26082026/fmd_temp_images/Updated ICube Objects 20260915/Foreign Matter/20260809_101758_L27_PalletGHF0809134344_Cavity15_B01BH58_Fail7_Score(0.9999592).bmp,Foreign Matter,L27,train
3535b68aaa2c384d8f1749d8b5a08068,/data/FMD_Data_26082026/fmd_temp_images/Updated ICube Objects 20260915/Foreign Matter/20260807_213934_L27_PalletGHL0808010515_Cavity8_B01BH56_Fail7_Score(0.9999934).bmp,Foreign Matter,L27,train
3613132723a0d60aaba43a43b330ff75,/data/FMD_Data_26082026/fmd_temp_images/Updated ICube Objects 20260915/Foreign Matter/20260905_180053_L27_PalletGHS0905212656_Cavity12_B01BM7D_Fail7_Score(0.9999757)_0.9997_0.9690.bmp,Foreign Matter,L27,train
3624f58cc6091734dfc71bcad17c0f2d,/data/FMD_Data_26082026/fmd_temp_images/Updated ICube Objects 20260915/Foreign Matter/20260903_213126_L27_PalletGHF0904005719_Cavity7_B01BMCR_Fail7_Score(0.9981779).bmp,Foreign Matter,L27,train
362f5941a2f54b94abc307000ac7feb1,/data/FMD_Data_26082026/fmd_temp_images/Updated ICube Objects 20260915/Foreign Matter/20260809_140424_L27_PalletGHO0809173008_Cavity12_B01BH58_Fail7_Score(0.9963131).bmp,Foreign Matter,L27,train
376bc847544a6cd7ff5cdc2c744022c2,/data/FMD_Data_26082026/fmd_temp_images/Updated ICube Objects 20260915/Foreign Matter/20260906_052916_L27_PalletGHT0906085516_Cavity15_B01BMD7_Fail7_Score(0.9997436).bmp,Foreign Matter,L27,train
37c29941e31d8ce3a01dee65fc2ad674,/data/FMD_Data_26082026/fmd_temp_images/Updated ICube Objects 20260915/Foreign Matter/20260907_010534_L27_PalletGHG0907043144_Cavity11_B01BMDD_Fail7_Score(0.9901661).bmp,Foreign Matter,L27,train
3875bb58f08e84f2cbb060ae848eaf4d,/data/FMD_Data_26082026/fmd_temp_images/Updated ICube Objects 20260915/Foreign Matter/20260807_203101_L27_PalletGHR0807235643_Cavity7_B01BH56_Fail7_Score(0.9883888).bmp,Foreign Matter,L27,train
3a92e34cc8c55175811357eca1843f58,/data/FMD_Data_26082026/fmd_temp_images/Updated ICube Objects 20260915/Foreign Matter/20260807_125702_L27_PalletGHT0807162243_Cavity10_B01BGMR_Fail7_Score(0.999867).bmp,Foreign Matter,L27,train
3ada4f5c865e623d6510d0f9bcb70c8e,/data/FMD_Data_26082026/fmd_temp_images/Updated ICube Objects 20260915/Foreign Matter/20260905_030502_L27_PalletGHK0905063103_Cavity15_B01BMCV_Fail7_Score(0.9998361).bmp,Foreign Matter,L27,train
3c1648395b91274598755c3efac5c93e,/data/FMD_Data_26082026/fmd_temp_images/Updated ICube Objects 20260915/Foreign Matter/20260808_174047_L27_PalletGHM0808210634_Cavity14_B01BH57_Fail7_Score(0.999998).bmp,Foreign Matter,L27,train
3d27c6ac022d3f4b7208e6ddf719a574,/data/FMD_Data_26082026/fmd_temp_images/Updated ICube Objects 20260915/Foreign Matter/20260807_134134_L27_PalletGHP0807170711_Cavity15_B01BGMR_Fail7_Score(0.986389).bmp,Foreign Matter,L27,train
3d967d00ffd68dafa8d0aaa5181577fb,/data/FMD_Data_26082026/fmd_temp_images/Updated ICube Objects 20260915/Foreign Matter/20260808_132741_L27_PalletGHE0808165325_Cavity12_B01BH56_Fail7_Score(0.99717).bmp,Foreign Matter,L27,train
3f531264407d32e9519a4900f331cc4c,/data/FMD_Data_26082026/fmd_temp_images/Updated ICube Objects 20260915/Foreign Matter/20260904_160425_L27_PalletGHS0904193022_Cavity1_B01BMCT_Fail7_Score(0.9983755).bmp,Foreign Matter,L27,train
3fba664f55106782b92cf7f4b23be399,/data/FMD_Data_26082026/fmd_temp_images/Updated ICube Objects 20260915/Foreign Matter/20260806_122456_L27_PalletGHF0806155028_Cavity4_B01BGMS_Fail7_Score(0.9927075).bmp,Foreign Matter,L27,train
4067a7222ec161322b8692419842caca,/data/FMD_Data_26082026/fmd_temp_images/Updated ICube Objects 20260915/Foreign Matter/20260904_154941_L27_PalletGHU0904191531_Cavity5_B01BMCT_Fail7_Score(0.9995424).bmp,Foreign Matter,L27,train
41796f693ecec98da8c5986b034bdde9,/data/FMD_Data_26082026/fmd_temp_images/Updated ICube Objects 20260915/Foreign Matter/20260810_171657_L27_PalletGHE0810204253_Cavity14_B01BH4Z_Fail7_Score(0.9999971).bmp,Foreign Matter,L27,train
427983c8c9ca0133dbf4d02664fcd9b2,/data/FMD_Data_26082026/fmd_temp_images/Updated ICube Objects 20260915/Foreign Matter/20260808_222319_L27_PalletGHU0809014859_Cavity14_B01BH57_Fail7_Score(0.9999946).bmp,Foreign Matter,L27,train
43c4dd7578c4d365f322675a84354442,/data/FMD_Data_26082026/fmd_temp_images/Updated ICube Objects 20260915/Foreign Matter/20260809_191711_L27_PalletGHB0809224302_Cavity13_B01BH59_Fail7_Score(0.9982529).bmp,Foreign Matter,L27,train
43d80fa4a9f74ac151d1f8d7f1ecdc8d,/data/FMD_Data_26082026/fmd_temp_images/Updated ICube Objects 20260915/Foreign Matter/20260807_172929_L27_PalletGHO0807205504_Cavity15_B01BHHF_Fail7_Score(0.9988486).bmp,Foreign Matter,L27,train
4406b82c7b64ee98e6cf8165ff5243f4,/data/FMD_Data_26082026/fmd_temp_images/Updated ICube Objects 20260915/Foreign Matter/20260807_171106_L27_PalletGHN0807203645_Cavity13_B01BHHF_Fail7_Score(0.9999932).bmp,Foreign Matter,L27,train
447acb0d577dc1b013d6f46c1b13fc11,/data/FMD_Data_26082026/fmd_temp_images/Updated ICube Objects 20260915/Foreign Matter/20260903_180620_L27_PalletGHT0903213213_Cavity15_B01BMCR_Fail7_Score(0.9996759).bmp,Foreign Matter,L27,train
44abc7954bc63b414ed082cf11ac056e,/data/FMD_Data_26082026/fmd_temp_images/Updated ICube Objects 20260915/Foreign Matter/20260809_071442_L27_PalletGHC0809104032_Cavity7_B01BH58_Fail7_Score(0.9998263).bmp,Foreign Matter,L27,train
453ab170ddd092fe28a0ffe61caad983,/data/FMD_Data_26082026/fmd_temp_images/Updated ICube Objects 20260915/Foreign Matter/20260809_121443_L27_PalletGHJ0809154026_Cavity4_B01BH58_Fail7_Score(0.9999875)_1.0000_0.9297.bmp,Foreign Matter,L27,train
454ce2e25d904ab7514db0efed997973,/data/FMD_Data_26082026/fmd_temp_images/Updated ICube Objects 20260915/Foreign Matter/20260809_041902_L27_PalletGHJ0809074359_Cavity14_B01BH58_Fail5_Score(0.9521086).bmp,Foreign Matter,L27,train
458534e26e6ae3244944c9b65a1060d5,/data/FMD_Data_26082026/fmd_temp_images/Updated ICube Objects 20260915/Foreign Matter/20260902_231105_L27_PalletGHP0903023647_Cavity10_B01BKZX_Fail7_Score(0.991873).bmp,Foreign Matter,L27,train
48989d04322dbdde392ec6a95aab2675,/data/FMD_Data_26082026/fmd_temp_images/Updated ICube Objects 20260915/Foreign Matter/20260808_150000_L27_PalletGHC0808182542_Cavity5_B01BH56_Fail7_Score(0.9999979).bmp,Foreign Matter,L27,train
48aa6d29e40ed81a320ea4ecd02a8ea1,/data/FMD_Data_26082026/fmd_temp_images/Updated ICube Objects 20260915/Foreign Matter/20260907_235601_L27_PalletGHR0908032136_Cavity14_B01BMCW_Fail7_Score(0.9999969).bmp,Foreign Matter,L27,train
48f877c45a561399bd1a3f20e2a7b57d,/data/FMD_Data_26082026/fmd_temp_images/Updated ICube Objects 20260915/Foreign Matter/20260810_115210_L27_PalletGHD0810151805_Cavity8_B01BH5B_Fail7_Score(0.9999642).bmp,Foreign Matter,L27,train
492f9d93b49c1d99b283cd856d5da46e,/data/FMD_Data_26082026/fmd_temp_images/Updated ICube Objects 20260915/Foreign Matter/20260903_165621_L27_PalletGHF0903202210_Cavity10_B01BMCR_Fail7_Score(0.9999462).bmp,Foreign Matter,L27,train
499e769c9b0d7bc15d10d3f3940bef71,/data/FMD_Data_26082026/fmd_temp_images/Updated ICube Objects 20260915/Foreign Matter/20260908_221121_L27_PalletGHH0909013737_Cavity13_B01BMCZ_Fail5_Score(0.9537286).bmp,Foreign Matter,L27,train
4e71e5104b5ab0a8a6696e0db3e21e8c,/data/FMD_Data_26082026/fmd_temp_images/Updated ICube Objects 20260915/Foreign Matter/20260907_202515_L27_PalletGHB0907235127_Cavity1_B01BMCW_Fail7_Score(0.9994408).bmp,Foreign Matter,L27,train
50a708be6da142765719ca977ee169ca,/data/FMD_Data_26082026/fmd_temp_images/Updated ICube Objects 20260915/Foreign Matter/20260907_234549_L27_PalletGHP0908031159_Cavity15_B01BMCW_Fail7_Score(0.9999879).bmp,Foreign Matter,L27,train
50e305f98ec4b961305986229a6b116a,/data/FMD_Data_26082026/fmd_temp_images/Updated ICube Objects 20260915/Foreign Matter/20260807_193029_L27_PalletGHM0807225607_Cavity5_B01BHHF_Fail7_Score(0.9999141).bmp,Foreign Matter,L27,train
51d71cd4f7417a8f4bf98c39e09503fc,/data/FMD_Data_26082026/fmd_temp_images/Updated ICube Objects 20260915/Foreign Matter/20260809_123027_L27_PalletGHL0809155618_Cavity14_B01BH58_Fail7_Score(0.9973386).bmp,Foreign Matter,L27,train
521079fb15c1366e6920929dd4871175,/data/FMD_Data_26082026/fmd_temp_images/Updated ICube Objects 20260915/Foreign Matter/20260907_211124_L27_PalletGHN0908003735_Cavity7_B01BMCW_Fail7_Score(0.9978239).bmp,Foreign Matter,L27,train
524cc0001b83cf03bbc7e16332581f6b,/data/FMD_Data_26082026/fmd_temp_images/Updated ICube Objects 20260915/Foreign Matter/20260809_013011_L27_PalletGHC0809045600_Cavity1_B01BH57_Fail7_Score(0.9956025)_0.8776_0.9847.bmp,Foreign Matter,L27,train
5339d72d6d353e04f3f35602930675a3,/data/FMD_Data_26082026/fmd_temp_images/Updated ICube Objects 20260915/Foreign Matter/20260810_093406_L27_PalletGHQ0810125952_Cavity14_B01BH5B_Fail7_Score(0.999999)_1.0000_0.3986.bmp,Foreign Matter,L27,train
5354dea2e7425c8918b0ce63a1f77636,/data/FMD_Data_26082026/fmd_temp_images/Updated ICube Objects 20260915/Foreign Matter/20260906_114944_L27_PalletGHB0906151546_Cavity15_B01BMD9_Fail7_Score(1)_0.9998_0.9823.bmp,Foreign Matter,L27,train
54e6492d7e2d97b13b8475cba0b8a864,/data/FMD_Data_26082026/fmd_temp_images/Updated ICube Objects 20260915/Foreign Matter/20260810_023544_L27_PalletGHB0810060138_Cavity1_B01BH59_Fail7_Score(0.999997)_0.9272_0.5107.bmp,Foreign Matter,L27,train
555f0b18d8e06278397cbdfeff4ddc24,/data/FMD_Data_26082026/fmd_temp_images/Updated ICube Objects 20260915/Foreign Matter/20260906_165849_L27_PalletGHM0906202456_Cavity14_B01BMDB_Fail7_Score(0.9999913).bmp,Foreign Matter,L27,train
567cd45294108af0c17562d13f6df2d9,/data/FMD_Data_26082026/fmd_temp_images/Updated ICube Objects 20260915/Foreign Matter/20260904_083603_L27_PalletGHT0904120159_Cavity13_B01BMCT_Fail7_Score(0.9999846)_0.9992_0.9783.bmp,Foreign Matter,L27,train
56c9338890eb39d89755cee5923cabf3,/data/FMD_Data_26082026/fmd_temp_images/Updated ICube Objects 20260915/Foreign Matter/20260904_052333_L27_PalletGHO0904084917_Cavity15_B01BMCS_Fail7_Score(0.9995635)_0.9995_0.9887.bmp,Foreign Matter,L27,train
56fc2b58d3b0925d0491c910ab9ac4f6,/data/FMD_Data_26082026/fmd_temp_images/Updated ICube Objects 20260915/Foreign Matter/20260810_104021_L27_PalletGHF0810140617_Cavity3_B01BH5B_Fail7_Score(0.9999577).bmp,Foreign Matter,L27,train
575a30388a069bbf3ccef422684d293f,/data/FMD_Data_26082026/fmd_temp_images/Updated ICube Objects 20260915/Foreign Matter/20260806_191744_L27_PalletGHB0806223751_Cavity11_B01BGMR_Fail3_Score(0.9226671)_0.9999_0.6267.bmp,Foreign Matter,L27,train
57ae02b7236900b4921934de4ffcaaac,/data/FMD_Data_26082026/fmd_temp_images/Updated ICube Objects 20260915/Foreign Matter/20260807_151810_L27_PalletGHA0807184352_Cavity14_B01BHHF_Fail7_Score(0.9999943).bmp,Foreign Matter,L27,train
587e59155a9ccc600854f8716f4f1e26,/data/FMD_Data_26082026/fmd_temp_images/Updated ICube Objects 20260915/Foreign Matter/20260903_061830_L27_PalletGHF0903094419_Cavity8_B01BKZX_Fail7_Score(0.9999592).bmp,Foreign Matter,L27,train
58ddd0157ba4e614f8c81309b49a8df1,/data/FMD_Data_26082026/fmd_temp_images/Updated ICube Objects 20260915/Foreign Matter/20260809_133459_L27_PalletGHR0809170051_Cavity1_B01BH58_Fail7_Score(0.9997502)_0.9997_0.9730.bmp,Foreign Matter,L27,train
59aeb4840e446ed283b328235ef2f1f3,/data/FMD_Data_26082026/fmd_temp_images/Updated ICube Objects 20260915/Foreign Matter/20260808_213455_L27_PalletGHA0809010043_Cavity12_B01BH57_Fail7_Score(0.999974).bmp,Foreign Matter,L27,train
5a02b109dd305cde2f4cbb6df76377b0,/data/FMD_Data_26082026/fmd_temp_images/Updated ICube Objects 20260915/Foreign Matter/20260809_015949_L27_PalletGHK0809052533_Cavity6_B01BH57_Fail7_Score(0.9991435).bmp,Foreign Matter,L27,train
5b95d91e87a5f85cb15cdc68d3defbf3,/data/FMD_Data_26082026/fmd_temp_images/Updated ICube Objects 20260915/Foreign Matter/20260810_070720_L27_PalletGHD0810103306_Cavity3_B01BH5B_Fail7_Score(0.9998347).bmp,Foreign Matter,L27,train
5c8dab7023773a55ac9b55f33ceb1b5c,/data/FMD_Data_26082026/fmd_temp_images/Updated ICube Objects 20260915/Foreign Matter/20260808_013226_L27_PalletGHL0808045749_Cavity6_B01BH56_Fail3_Score(0.9264037)_1.0000_0.6142.bmp,Foreign Matter,L27,train
5d6d62c5a6421c725e81ae6db2672d48,/data/FMD_Data_26082026/fmd_temp_images/Updated ICube Objects 20260915/Foreign Matter/20260904_004124_L27_PalletGHA0904040714_Cavity12_B01BMCS_Fail7_Score(0.9995816).bmp,Foreign Matter,L27,train
5e89730cc637c054f70735a34b435e06,/data/FMD_Data_26082026/fmd_temp_images/Updated ICube Objects 20260915/Foreign Matter/20241106_013008_L27_PalletGHD1106032129_Cavity8_B0178KS_Fail5_Score(0.9508881)_1.0000_0.9957.bmp,Foreign Matter,L27,train
5eb13be73ce105a2f394cc6899a464ef,/data/FMD_Data_26082026/fmd_temp_images/Updated ICube Objects 20260915/Foreign Matter/20260907_192902_L27_PalletGHE0907225514_Cavity3_B01BMCW_Fail7_Score(0.9999394).bmp,Foreign Matter,L27,train
5ee45ca6b564134ad479d6db879e2c4c,/data/FMD_Data_26082026/fmd_temp_images/Updated ICube Objects 20260915/Foreign Matter/20260905_130850_L27_PalletGHP0905163448_Cavity12_B01BMCV_Fail7_Score(0.9996161).bmp,Foreign Matter,L27,train
5f125f653344321dcc09aca5c73003f2,/data/FMD_Data_26082026/fmd_temp_images/Updated ICube Objects 20260915/Foreign Matter/20260906_233014_L27_PalletGHS0907025622_Cavity10_B01BMDD_Fail7_Score(0.9837936).bmp,Foreign Matter,L27,train
5f2a6969d620e733d0d95b52d3b0964d,/data/FMD_Data_26082026/fmd_temp_images/Updated ICube Objects 20260915/Foreign Matter/20260808_183242_L27_PalletGHL0808215827_Cavity5_B01BH57_Fail7_Score(0.9973621).bmp,Foreign Matter,L27,train
6002357db4e82d989183a98d7ead350e,/data/FMD_Data_26082026/fmd_temp_images/Updated ICube Objects 20260915/Foreign Matter/20260808_191032_L27_PalletGHQ0808223619_Cavity3_B01BH57_Fail7_Score(0.9998218).bmp,Foreign Matter,L27,train
60099c94f496fdb9ddf8c75f4966d624,/data/FMD_Data_26082026/fmd_temp_images/Updated ICube Objects 20260915/Foreign Matter/20241107_043402_L27_PalletGHJ1107062524_Cavity2_B0178KV_Fail4_Score(0.9344704)_1.0000_0.9947.bmp,Foreign Matter,L27,train
609d66e5c69c8c92857f2632a597619e,/data/FMD_Data_26082026/fmd_temp_images/Updated ICube Objects 20260915/Foreign Matter/20260907_184852_L27_PalletGHF0907221455_Cavity12_B01BMCW_Fail7_Score(0.9999413).bmp,Foreign Matter,L27,train
610fe7da37c54ceada19bdd5784e2fae,/data/FMD_Data_26082026/fmd_temp_images/Updated ICube Objects 20260915/Foreign Matter/20260810_010006_L27_PalletGHU0810042559_Cavity6_B01BH59_Fail7_Score(0.9998124).bmp,Foreign Matter,L27,train
6137a90678356e62ee22ae934bc032f4,/data/FMD_Data_26082026/fmd_temp_images/Updated ICube Objects 20260915/Foreign Matter/20260904_222621_L27_PalletGHR0905015220_Cavity6_B01BMCV_Fail3_Score(0.9292468).bmp,Foreign Matter,L27,train
6137cfcd458839ed6881694f487fb7e7,/data/FMD_Data_26082026/fmd_temp_images/Updated ICube Objects 20260915/Foreign Matter/20260807_210652_L27_PalletGHO0808003234_Cavity8_B01BH56_Fail7_Score(0.9999861).bmp,Foreign Matter,L27,train
61ecc84701dfb4c271e5fe9c28b2a0b2,/data/FMD_Data_26082026/fmd_temp_images/Updated ICube Objects 20260915/Foreign Matter/20260809_091515_L27_PalletGHS0809124106_Cavity15_B01BH58_Fail4_Score(0.936646)_0.9997_0.5397.bmp,Foreign Matter,L27,train
61f5584f43bc199bbfb2f534944e358e,/data/FMD_Data_26082026/fmd_temp_images/Updated ICube Objects 20260915/Foreign Matter/20260806_073507_L27_PalletGHG0806110036_Cavity11_B01BGMM_Fail7_Score(0.9995078).bmp,Foreign Matter,L27,train
635b692f28228ae7b77a68ab4b5715e7,/data/FMD_Data_26082026/fmd_temp_images/Updated ICube Objects 20260915/Foreign Matter/20260905_034828_L27_PalletGHI0905071429_Cavity12_B01BMCV_Fail7_Score(0.9999954).bmp,Foreign Matter,L27,train
63860b936336dda0322f070d4c7d008f,/data/FMD_Data_26082026/fmd_temp_images/Updated ICube Objects 20260915/Foreign Matter/20260808_200640_L27_PalletGHB0808233227_Cavity14_B01BH57_Fail7_Score(0.9999961).bmp,Foreign Matter,L27,train
63e186118c2e47515ab5f2d6fedb0047,/data/FMD_Data_26082026/fmd_temp_images/Updated ICube Objects 20260915/Foreign Matter/20241103_162228_L27_PalletGHQ1103181340_Cavity15_B01779P_Fail4_Score(0.9368205)_0.9993_0.9650.bmp,Foreign Matter,L27,train
65f7782cc24436fd86e2b80005026706,/data/FMD_Data_26082026/fmd_temp_images/Updated ICube Objects 20260915/Foreign Matter/20260903_185258_L27_PalletGHK0903221848_Cavity4_B01BMCR_Fail7_Score(0.9999891).bmp,Foreign Matter,L27,train
676775e2d2d969c9a485fd3820ffc059,/data/FMD_Data_26082026/fmd_temp_images/Updated ICube Objects 20260915/Foreign Matter/20260808_111311_L27_PalletGHF0808143851_Cavity15_B01BH56_Fail7_Score(0.9997985).bmp,Foreign Matter,L27,train
68d4c9d8b1f175bbe2ea02984272c14a,/data/FMD_Data_26082026/fmd_temp_images/Updated ICube Objects 20260915/Foreign Matter/20260809_070954_L27_PalletGHC0809103541_Cavity14_B01BH58_Fail7_Score(0.9999319).bmp,Foreign Matter,L27,train
6ab99cb55ce5f5b3cd956bcf0e1f970b,/data/FMD_Data_26082026/fmd_temp_images/Updated ICube Objects 20260915/Foreign Matter/20260903_063459_L27_PalletGHF0903100051_Cavity7_B01BKZX_Fail7_Score(0.9995646).bmp,Foreign Matter,L27,train
6af5a47d3283dc817d1d6570ecb0cdad,/data/FMD_Data_26082026/fmd_temp_images/Updated ICube Objects 20260915/Foreign Matter/20260906_142658_L27_PalletGHG0906175302_Cavity12_B01BMD9_Fail7_Score(0.9997504).bmp,Foreign Matter,L27,train
6b6108bd3877d5f3720f41532dc5db9f,/data/FMD_Data_26082026/fmd_temp_images/Updated ICube Objects 20260915/Foreign Matter/20260906_063033_L27_PalletGHD0906095634_Cavity15_B01BMD7_Fail7_Score(0.9999418).bmp,Foreign Matter,L27,train
6be983ace90c47d33a19d048cf477070,/data/FMD_Data_26082026/fmd_temp_images/Updated ICube Objects 20260915/Foreign Matter/20260903_193225_L27_PalletGHU0903225808_Cavity7_B01BMCR_Fail7_Score(0.9999049).bmp,Foreign Matter,L27,train
6c167076c31a9345b8a9d3f416c3adb6,/data/FMD_Data_26082026/fmd_temp_images/Updated ICube Objects 20260915/Foreign Matter/20260809_085752_L27_PalletGHE0809122244_Cavity14_B01BH58_Fail7_Score(0.9950154).bmp,Foreign Matter,L27,train
6dc51ab5574f71090449389ea0939e7f,/data/FMD_Data_26082026/fmd_temp_images/Updated ICube Objects 20260915/Foreign Matter/20260907_100929_L27_PalletGHA0907133533_Cavity10_B01BMCN_Fail7_Score(0.9950231).bmp,Foreign Matter,L27,train
6e12a839c48a3b3fa014b12abfe0cf4e,/data/FMD_Data_26082026/fmd_temp_images/Updated ICube Objects 20260915/Foreign Matter/20260904_195241_L27_PalletGHB0904231839_Cavity15_B01BMCT_Fail7_Score(0.99997).bmp,Foreign Matter,L27,train
6e198b0c3da5061615688d289e39bad2,/data/FMD_Data_26082026/fmd_temp_images/Updated ICube Objects 20260915/Foreign Matter/20260908_055052_L27_PalletGHJ0908091701_Cavity12_B01BMCW_Fail7_Score(0.9998592).bmp,Foreign Matter,L27,train
6ea3334c60dcd63f80e4838ea851e300,/data/FMD_Data_26082026/fmd_temp_images/Updated ICube Objects 20260915/Foreign Matter/20260810_080321_L27_PalletGHM0810112904_Cavity2_B01BH5B_Fail7_Score(0.9999804).bmp,Foreign Matter,L27,train
6fc67948774dc50e3ce44014e2f2f51a,/data/FMD_Data_26082026/fmd_temp_images/Updated ICube Objects 20260915/Foreign Matter/20260807_195919_L27_PalletGHG0807232446_Cavity6_B01BH56_Fail7_Score(0.9999667).bmp,Foreign Matter,L27,train
7040bfc08819d491cd6c37fee13b7192,/data/FMD_Data_26082026/fmd_temp_images/Updated ICube Objects 20260915/Foreign Matter/20260906_095349_L27_PalletGHN0906131952_Cavity5_B01BMD6_Fail7_Score(0.9997096).bmp,Foreign Matter,L27,train
7048a7a6e6c838a9b491db26152a1eca,/data/FMD_Data_26082026/fmd_temp_images/Updated ICube Objects 20260915/Foreign Matter/20260807_215544_L27_PalletGHM0808012120_Cavity15_B01BH56_Fail6_Score(0.97886).bmp,Foreign Matter,L27,train
71c23b361a7dee270245092a8c6bf37c,/data/FMD_Data_26082026/fmd_temp_images/Updated ICube Objects 20260915/Foreign Matter/20260906_205325_L27_PalletGHH0907001933_Cavity12_B01BMDC_Fail7_Score(0.9998388).bmp,Foreign Matter,L27,train
724bb067d5dea41a1bba281cd960a852,/data/FMD_Data_26082026/fmd_temp_images/Updated ICube Objects 20260915/Foreign Matter/20260903_023614_L27_PalletGHT0903054630_Cavity14_B01BKZX_Fail7_Score(0.9999996).bmp,Foreign Matter,L27,train
73218ba42b308616a5d34812fc4932fb,/data/FMD_Data_26082026/fmd_temp_images/Updated ICube Objects 20260915/Foreign Matter/20260809_133809_L27_PalletGHC0809170359_Cavity12_B01BH58_Fail6_Score(0.9809907)_0.9999_0.9301.bmp,Foreign Matter,L27,train
74e3acd6fa537eca1007a5bedcb8b67d,/data/FMD_Data_26082026/fmd_temp_images/Updated ICube Objects 20260915/Foreign Matter/20260808_125952_L27_PalletGHL0808162521_Cavity15_B01BH56_Fail7_Score(0.9998554)_0.9999_0.7713.bmp,Foreign Matter,L27,train
759f4e5088c6ce2ed18cd016ba2ee724,/data/FMD_Data_26082026/fmd_temp_images/Updated ICube Objects 20260915/Foreign Matter/20260905_092424_L27_PalletGHN0905125003_Cavity11_B01BMCV_Fail7_Score(0.9941584).bmp,Foreign Matter,L27,train
7620489b07100eb8bc6da80151f7fd99,/data/FMD_Data_26082026/fmd_temp_images/Updated ICube Objects 20260915/Foreign Matter/20260904_033838_L27_PalletGHE0904070429_Cavity4_B01BMCS_Fail7_Score(0.9993752)_0.9991_0.9727.bmp,Foreign Matter,L27,train
76e9f07d2fbb53f879517658f02f78b5,/data/FMD_Data_26082026/fmd_temp_images/Updated ICube Objects 20260915/Foreign Matter/20260807_214522_L27_PalletGHJ0808011105_Cavity13_B01BH56_Fail7_Score(0.9999232).bmp,Foreign Matter,L27,train
77ecbd79c286d4894ad78d8fb3eeabdf,/data/FMD_Data_26082026/fmd_temp_images/Updated ICube Objects 20260915/Foreign Matter/20260905_055132_L27_PalletGHR0905091732_Cavity1_B01BMCV_Fail7_Score(0.9956293).bmp,Foreign Matter,L27,train
785232d9432eba72f0b216937632499e,/data/FMD_Data_26082026/fmd_temp_images/Updated ICube Objects 20260915/Foreign Matter/20260906_074721_L27_PalletGHK0906111326_Cavity7_B01BMD7_Fail7_Score(0.9998645).bmp,Foreign Matter,L27,train
78aba8b35808c6a6987beb44c235b7bd,/data/FMD_Data_26082026/fmd_temp_images/Updated ICube Objects 20260915/Foreign Matter/20260906_184222_L27_PalletGHN0906220829_Cavity4_B01BMDC_Fail7_Score(0.9936718).bmp,Foreign Matter,L27,train
79805bdfc22d698314485ad319f5162a,/data/FMD_Data_26082026/fmd_temp_images/Updated ICube Objects 20260915/Foreign Matter/20260905_042202_L27_PalletGHF0905074757_Cavity10_B01BMCV_Fail7_Score(0.9999986).bmp,Foreign Matter,L27,train
79d31d02a4b9ab5cedcade8a694a8b97,/data/FMD_Data_26082026/fmd_temp_images/Updated ICube Objects 20260915/Foreign Matter/20260904_235751_L27_PalletGHO0905032349_Cavity1_B01BMCV_Fail7_Score(0.9999207).bmp,Foreign Matter,L27,train
7abd310a5a00a67a5bd9f94198f00695,/data/FMD_Data_26082026/fmd_temp_images/Updated ICube Objects 20260915/Foreign Matter/20260807_213402_L27_PalletGHU0808005943_Cavity3_B01BH56_Fail7_Score(0.9986913).bmp,Foreign Matter,L27,train
7acf34d826390fedc493c4a86ea409d5,/data/FMD_Data_26082026/fmd_temp_images/Updated ICube Objects 20260915/Foreign Matter/20260806_165712_L27_PalletGHK0806202247_Cavity15_B01BGMT_Fail7_Score(0.996972).bmp,Foreign Matter,L27,train
7b38248ef81a81bb41699759037f7cd7,/data/FMD_Data_26082026/fmd_temp_images/Updated ICube Objects 20260915/Foreign Matter/20260810_162517_L27_PalletGHK0810195113_Cavity12_B01BH4Z_Fail7_Score(0.9993923).bmp,Foreign Matter,L27,train
7ba6eea7bd2c0a9bb26a441154ae6a2e,/data/FMD_Data_26082026/fmd_temp_images/Updated ICube Objects 20260915/Foreign Matter/20260906_212453_L27_PalletGHO0907005103_Cavity15_B01BMDC_Fail7_Score(0.9985983)_0.9998_0.9649.bmp,Foreign Matter,L27,train
7cb2e6d6d5051eeb3399660acfadaf90,/data/FMD_Data_26082026/fmd_temp_images/Updated ICube Objects 20260915/Foreign Matter/20260904_071706_L27_PalletGHM0904104247_Cavity8_B01BMCS_Fail7_Score(0.9998271).bmp,Foreign Matter,L27,train
7ceb449fa05e2acfee9772e60a661742,/data/FMD_Data_26082026/fmd_temp_images/Updated ICube Objects 20260915/Foreign Matter/20260809_070110_L27_PalletGHR0809102658_Cavity15_B01BH58_Fail7_Score(0.9973719)_0.9986_0.9571.bmp,Foreign Matter,L27,train
7d08bfb078902758ff173043d8fdc3cc,/data/FMD_Data_26082026/fmd_temp_images/Updated ICube Objects 20260915/Foreign Matter/20260904_114645_L27_PalletGHC0904151242_Cavity15_B01BMCT_Fail7_Score(0.9999511).bmp,Foreign Matter,L27,train
7dcdd86dd81d569c268972a32f1c4916,/data/FMD_Data_26082026/fmd_temp_images/Updated ICube Objects 20260915/Foreign Matter/20260808_154317_L27_PalletGHL0808190903_Cavity12_B01BH57_Fail7_Score(0.9999295).bmp,Foreign Matter,L27,train
7e4ada0afa3f0fa99906617c27101c0d,/data/FMD_Data_26082026/fmd_temp_images/Updated ICube Objects 20260915/Foreign Matter/20260808_210305_L27_PalletGHR0809002854_Cavity2_B01BH57_Fail7_Score(0.9947962).bmp,Foreign Matter,L27,train
7ee77c05aa659942a3e57d704ae5c1d6,/data/FMD_Data_26082026/fmd_temp_images/Updated ICube Objects 20260915/Foreign Matter/20260808_135000_L27_PalletGHT0808171541_Cavity13_B01BH56_Fail7_Score(0.9959487).bmp,Foreign Matter,L27,train
7f88209a7bd06937016d7f72100d8ca3,/data/FMD_Data_26082026/fmd_temp_images/Updated ICube Objects 20260915/Foreign Matter/20260809_152034_L27_PalletGHT0809184625_Cavity13_B01BH58_Fail7_Score(0.9984199).bmp,Foreign Matter,L27,train
7ff79d15fb04c6abbedaa1c85314be9c,/data/FMD_Data_26082026/fmd_temp_images/Updated ICube Objects 20260915/Foreign Matter/20260810_065026_L27_PalletGHI0810101615_Cavity13_B01BH5B_Fail7_Score(0.999949).bmp,Foreign Matter,L27,train
811869b2ac35ad99fe66433db5941c34,/data/FMD_Data_26082026/fmd_temp_images/Updated ICube Objects 20260915/Foreign Matter/20260806_131603_L27_PalletGHQ0806164137_Cavity10_B01BGMS_Fail7_Score(0.991321).bmp,Foreign Matter,L27,train
821751f77f78611b155630b280e36736,/data/FMD_Data_26082026/fmd_temp_images/Updated ICube Objects 20260915/Foreign Matter/20260807_205223_L27_PalletGHT0808001746_Cavity13_B01BH56_Fail7_Score(0.9985604).bmp,Foreign Matter,L27,train
8241dee720099c0497c53aec52237dfc,/data/FMD_Data_26082026/fmd_temp_images/Updated ICube Objects 20260915/Foreign Matter/20260909_073904_L27_PalletGHS0909110524_Cavity15_B01BMCZ_Fail7_Score(0.998639).bmp,Foreign Matter,L27,train
82892774fb10bcf3b3eef8c19161b289,/data/FMD_Data_26082026/fmd_temp_images/Updated ICube Objects 20260915/Foreign Matter/20260809_125628_L27_PalletGHR0809162218_Cavity12_B01BH58_Fail7_Score(0.9997677).bmp,Foreign Matter,L27,train
83008ff315c232a6141af183d0e4c290,/data/FMD_Data_26082026/fmd_temp_images/Updated ICube Objects 20260915/Foreign Matter/20260908_015824_L27_PalletGHA0908052437_Cavity7_B01BMCW_Fail7_Score(0.9999996).bmp,Foreign Matter,L27,train
8480452aa7f26589fdda795635549e1d,/data/FMD_Data_26082026/fmd_temp_images/Updated ICube Objects 20260915/Foreign Matter/20260908_060428_L27_PalletGHJ0908093003_Cavity4_B01BMCW_Fail7_Score(0.9999865).bmp,Foreign Matter,L27,train
851bcf20daf9167fa87bf370093752bb,/data/FMD_Data_26082026/fmd_temp_images/Updated ICube Objects 20260915/Foreign Matter/20260809_134742_L27_PalletGHQ0809171330_Cavity1_B01BH58_Fail6_Score(0.9738064)_0.9999_0.8341.bmp,Foreign Matter,L27,train
85bde912dafb7333f8d206a19b35108e,/data/FMD_Data_26082026/fmd_temp_images/Updated ICube Objects 20260915/Foreign Matter/20260810_093342_L27_PalletGHI0810125932_Cavity14_B01BH5B_Fail3_Score(0.9279622).bmp,Foreign Matter,L27,train
867fe7c57c33b14ec6ab32dd9a32e051,/data/FMD_Data_26082026/fmd_temp_images/Updated ICube Objects 20260915/Foreign Matter/20260908_172729_L27_PalletGHU0908205346_Cavity6_B01BMCX_Fail7_Score(0.9976703).bmp,Foreign Matter,L27,train
86e02acc69373abc30e2f19287e83a30,/data/FMD_Data_26082026/fmd_temp_images/Updated ICube Objects 20260915/Foreign Matter/20260905_211556_L27_PalletGHA0906004202_Cavity2_B01BM7D_Fail7_Score(0.9985396).bmp,Foreign Matter,L27,train
87034cbaaf20baf0640a785c6daa5543,/data/FMD_Data_26082026/fmd_temp_images/Updated ICube Objects 20260915/Foreign Matter/20260905_200240_L27_PalletGHO0905232837_Cavity13_B01BM7D_Fail7_Score(0.9998433).bmp,Foreign Matter,L27,train
87f94a4dca91e965db727dc3f7f6a948,/data/FMD_Data_26082026/fmd_temp_images/Updated ICube Objects 20260915/Foreign Matter/20260808_121516_L27_PalletGHB0808154059_Cavity15_B01BH56_Fail6_Score(0.9676566)_1.0000_0.9594.bmp,Foreign Matter,L27,train
8837bc7f7a26f3ee2bb6c7eff7100dc5,/data/FMD_Data_26082026/fmd_temp_images/Updated ICube Objects 20260915/Foreign Matter/20260807_214212_L27_PalletGHE0808010754_Cavity11_B01BH56_Fail7_Score(0.999996).bmp,Foreign Matter,L27,train
88384ee9fc0b80a77ae936d70245ad6a,/data/FMD_Data_26082026/fmd_temp_images/Updated ICube Objects 20260915/Foreign Matter/20241109_222112_L27_PalletGHD1110001251_Cavity10_B0178L8_Fail7_Score(0.9876832)_1.0000_0.9617.bmp,Foreign Matter,L27,train
883bdd8f66258e6fb521a4ba87a9c153,/data/FMD_Data_26082026/fmd_temp_images/Updated ICube Objects 20260915/Foreign Matter/20260904_235020_L27_PalletGHF0905031615_Cavity4_B01BMCV_Fail7_Score(0.9994239).bmp,Foreign Matter,L27,train
88d544900ebed45ecbef1b1237816c10,/data/FMD_Data_26082026/fmd_temp_images/Updated ICube Objects 20260915/Foreign Matter/20260808_184346_L27_PalletGHP0808220812_Cavity3_B01BH57_Fail2_Score(0.9087585).bmp,Foreign Matter,L27,train
8b516bc0ae511421580a4deb08b57d69,/data/FMD_Data_26082026/fmd_temp_images/Updated ICube Objects 20260915/Foreign Matter/20260905_155211_L27_PalletGHK0905191740_Cavity13_B01BMCV_Fail7_Score(0.9999377).bmp,Foreign Matter,L27,train
8b57d50c9b52b863e73357190e2d6700,/data/FMD_Data_26082026/fmd_temp_images/Updated ICube Objects 20260915/Foreign Matter/20260904_163625_L27_PalletGHR0904200224_Cavity15_B01BMCT_Fail7_Score(0.999999).bmp,Foreign Matter,L27,train
8c29f12f1d1305b2001fdfadc41e2394,/data/FMD_Data_26082026/fmd_temp_images/Updated ICube Objects 20260915/Foreign Matter/20260810_164745_L27_PalletGHM0810201338_Cavity3_B01BH4Z_Fail7_Score(0.9999826).bmp,Foreign Matter,L27,train
8c8ba228f5bf6b4fae4779089355b333,/data/FMD_Data_26082026/fmd_temp_images/Updated ICube Objects 20260915/Foreign Matter/20260807_201949_L27_PalletGHI0807234524_Cavity1_B01BH56_Fail7_Score(0.9999905).bmp,Foreign Matter,L27,train
8cd8c29667676245faaa04cf8c90b902,/data/FMD_Data_26082026/fmd_temp_images/Updated ICube Objects 20260915/Foreign Matter/20260809_141822_L27_PalletGHQ0809174414_Cavity10_B01BH58_Fail7_Score(0.9999913).bmp,Foreign Matter,L27,train
8d3fab768ac890aa5d70b5e2346c8c49,/data/FMD_Data_26082026/fmd_temp_images/Updated ICube Objects 20260915/Foreign Matter/20260907_150659_L27_PalletGHQ0907183305_Cavity13_B01BMCQ_Fail7_Score(0.9966676).bmp,Foreign Matter,L27,train
8db87ac623003ac84e2e8250a8cf5956,/data/FMD_Data_26082026/fmd_temp_images/Updated ICube Objects 20260915/Foreign Matter/20260806_164127_L27_PalletGHR0806200704_Cavity2_B01BGMT_Fail7_Score(0.9999858).bmp,Foreign Matter,L27,train
8f9f47d95fa34cbabf0bbbf8ecd823eb,/data/FMD_Data_26082026/fmd_temp_images/Updated ICube Objects 20260915/Foreign Matter/20260904_173512_L27_PalletGHF0904210104_Cavity2_B01BMCT_Fail7_Score(0.9885538).bmp,Foreign Matter,L27,train
8fa31bae6010fbcbf320b35b8960a221,/data/FMD_Data_26082026/fmd_temp_images/Updated ICube Objects 20260915/Foreign Matter/20260908_235032_L27_PalletGHI0909031650_Cavity15_B01BMCZ_Fail7_Score(0.9999543).bmp,Foreign Matter,L27,train
91ae5112887db39a0463ac80965b00c6,/data/FMD_Data_26082026/fmd_temp_images/Updated ICube Objects 20260915/Foreign Matter/20260808_020225_L27_PalletGHK0808052810_Cavity14_B01BH56_Fail7_Score(0.9999998).bmp,Foreign Matter,L27,train
91dbdec6958a2c2c9362ae24f0911d00,/data/FMD_Data_26082026/fmd_temp_images/Updated ICube Objects 20260915/Foreign Matter/20260806_065652_L27_PalletGHM0806102226_Cavity1_B01BGMM_Fail7_Score(0.9999927).bmp,Foreign Matter,L27,train
92132ed3a252ea2d2ab1bbbfa6142bff,/data/FMD_Data_26082026/fmd_temp_images/Updated ICube Objects 20260915/Foreign Matter/20260903_073853_L27_PalletGHF0903110443_Cavity3_B01BKZX_Fail7_Score(0.9997788).bmp,Foreign Matter,L27,train
927feb9ee47849f02e929ed7e93077ff,/data/FMD_Data_26082026/fmd_temp_images/Updated ICube Objects 20260915/Foreign Matter/20260905_041001_L27_PalletGHK0905073603_Cavity6_B01BMCV_Fail7_Score(0.9998845).bmp,Foreign Matter,L27,train
92e15b71467157a2f0e09f3c2682fa5b,/data/FMD_Data_26082026/fmd_temp_images/Updated ICube Objects 20260915/Foreign Matter/20260903_094425_L27_PalletGHC0903131017_Cavity12_B01BKZX_Fail7_Score(0.9952708).bmp,Foreign Matter,L27,train
93298092c08d907a5b9f4d998578dab4,/data/FMD_Data_26082026/fmd_temp_images/Updated ICube Objects 20260915/Foreign Matter/20260808_151825_L27_PalletGHK0808184409_Cavity14_B01BH56_Fail7_Score(0.9936673)_0.7669_0.5364.bmp,Foreign Matter,L27,train
94040a7f477d8ef42edcd2d4dcdc41c1,/data/FMD_Data_26082026/fmd_temp_images/Updated ICube Objects 20260915/Foreign Matter/20260808_174716_L27_PalletGHD0808211302_Cavity13_B01BH57_Fail7_Score(0.9998045).bmp,Foreign Matter,L27,train
940813ebe582afba28bafeb55ef95d20,/data/FMD_Data_26082026/fmd_temp_images/Updated ICube Objects 20260915/Foreign Matter/20260810_075200_L27_PalletGHC0810111700_Cavity1_B01BH5B_Fail7_Score(0.9960263).bmp,Foreign Matter,L27,train
94367e77467bce6deec9c059aeda641a,/data/FMD_Data_26082026/fmd_temp_images/Updated ICube Objects 20260915/Foreign Matter/20260902_183121_L27_PalletGHB0902215708_Cavity15_B01BKZX_Fail7_Score(0.9995524).bmp,Foreign Matter,L27,train
94ddd5c48dc68076738b9eb4eb4c2a81,/data/FMD_Data_26082026/fmd_temp_images/Updated ICube Objects 20260915/Foreign Matter/20260808_073518_L27_PalletGHN0808110101_Cavity13_B01BH56_Fail7_Score(0.9997121).bmp,Foreign Matter,L27,train
95936032d6f76fa6d7ceb35c4a1fb17a,/data/FMD_Data_26082026/fmd_temp_images/Updated ICube Objects 20260915/Foreign Matter/20260902_182800_L27_PalletGHR0902215349_Cavity4_B01BKZX_Fail7_Score(0.998684)_0.9986_0.9717.bmp,Foreign Matter,L27,train
96601b453285fb5fd91aa7bd3917fd76,/data/FMD_Data_26082026/fmd_temp_images/Updated ICube Objects 20260915/Foreign Matter/20260809_140507_L27_PalletGHJ0809173051_Cavity4_B01BH58_Fail7_Score(0.9998469).bmp,Foreign Matter,L27,train
97527542ddd4210eef221e1fcb53f1e3,/data/FMD_Data_26082026/fmd_temp_images/Updated ICube Objects 20260915/Foreign Matter/20260908_031250_L27_PalletGHO0908063748_Cavity15_B01BMCW_Fail7_Score(0.9999325).bmp,Foreign Matter,L27,train
97a9b1b7b222fdf92a46b3506c08945a,/data/FMD_Data_26082026/fmd_temp_images/Updated ICube Objects 20260915/Foreign Matter/20260808_062423_L27_PalletGHP0808095001_Cavity10_B01BH56_Fail7_Score(0.9979901).bmp,Foreign Matter,L27,train
97ca18e03e8ca821ea13687beb2f9a0d,/data/FMD_Data_26082026/fmd_temp_images/Updated ICube Objects 20260915/Foreign Matter/20260808_143937_L27_PalletGHF0808180509_Cavity15_B01BH56_Fail7_Score(0.9977505).bmp,Foreign Matter,L27,train
99408414169b8e1169856e8e8351c4fe,/data/FMD_Data_26082026/fmd_temp_images/Updated ICube Objects 20260915/Foreign Matter/20260808_041224_L27_PalletGHF0808073808_Cavity3_B01BH56_Fail7_Score(0.9999332).bmp,Foreign Matter,L27,train
996dd9ec1ce9c1774e29910d6826c354,/data/FMD_Data_26082026/fmd_temp_images/Updated ICube Objects 20260915/Foreign Matter/20241104_183227_L27_PalletGHK1104202342_Cavity15_B0178KL_Fail6_Score(0.9789956)_1.0000_0.9977.bmp,Foreign Matter,L27,train
997e93c4e8df9dc3c1185e0ebd590034,/data/FMD_Data_26082026/fmd_temp_images/Updated ICube Objects 20260915/Foreign Matter/20260807_160637_L27_PalletGHB0807193218_Cavity10_B01BHHF_Fail7_Score(0.9982867).bmp,Foreign Matter,L27,train
9b2c994a67a49649b76c8293f4a78ade,/data/FMD_Data_26082026/fmd_temp_images/Updated ICube Objects 20260915/Foreign Matter/20260905_012655_L27_PalletGHK0905045254_Cavity12_B01BMCV_Fail7_Score(0.9999911).bmp,Foreign Matter,L27,train
9bcbdb9666e6f0cfaf30267f4397e584,/data/FMD_Data_26082026/fmd_temp_images/Updated ICube Objects 20260915/Foreign Matter/20260810_132458_L27_PalletGHU0810165037_Cavity15_B01BH5B_Fail7_Score(0.9997935).bmp,Foreign Matter,L27,train
9be57ccdc1acd6b43b23d05be8a1272d,/data/FMD_Data_26082026/fmd_temp_images/Updated ICube Objects 20260915/Foreign Matter/20241101_171007_L27_PalletGHU1101180112_Cavity15_B0177BB_Fail3_Score(0.9259147)_0.5933_0.9627.bmp,Foreign Matter,L27,train
9c3f8c1bb1b4bab6faa7367a10df7916,/data/FMD_Data_26082026/fmd_temp_images/Updated ICube Objects 20260915/Foreign Matter/20260809_204325_L27_PalletGHK0810000912_Cavity15_B01BH59_Fail7_Score(0.9993932).bmp,Foreign Matter,L27,train
9e6bbf8140f7cbd68723aab15a40572c,/data/FMD_Data_26082026/fmd_temp_images/Updated ICube Objects 20260915/Foreign Matter/20260904_082049_L27_PalletGHP0904114630_Cavity4_B01BMCT_Fail7_Score(0.9999791).bmp,Foreign Matter,L27,train
9fbbaba566d8a75421e9b447b964bd5d,/data/FMD_Data_26082026/fmd_temp_images/Updated ICube Objects 20260915/Foreign Matter/20260810_164513_L27_PalletGHC0810201105_Cavity8_B01BH4Z_Fail7_Score(1)_0.9999_0.7971.bmp,Foreign Matter,L27,train
a3e604e3e6f815217f307ec8ef7eb03c,/data/FMD_Data_26082026/fmd_temp_images/Updated ICube Objects 20260915/Foreign Matter/20260903_012646_L27_PalletGHA0903045232_Cavity10_B01BKZX_Fail7_Score(0.99968).bmp,Foreign Matter,L27,train
a4681657ec8e4f869c13dbc0f3c45071,/data/FMD_Data_26082026/fmd_temp_images/Updated ICube Objects 20260915/Foreign Matter/20260809_145025_L27_PalletGHE0809181615_Cavity7_B01BH58_Fail7_Score(0.9999907).bmp,Foreign Matter,L27,train
a4bc17a7c60a28c199d720010715597d,/data/FMD_Data_26082026/fmd_temp_images/Updated ICube Objects 20260915/Foreign Matter/20260904_122329_L27_PalletGHJ0904154924_Cavity7_B01BMCT_Fail7_Score(0.9999997).bmp,Foreign Matter,L27,train
a518d88b02532eda55f7cc0ef806a0cc,/data/FMD_Data_26082026/fmd_temp_images/Updated ICube Objects 20260915/Foreign Matter/20260810_142748_L27_PalletGHR0810175337_Cavity1_B01BH5B_Fail7_Score(0.9999985).bmp,Foreign Matter,L27,train
a5398c0311afe9ffe31cd1b3a1ec133c,/data/FMD_Data_26082026/fmd_temp_images/Updated ICube Objects 20260915/Foreign Matter/20260810_002504_L27_PalletGHD0810035056_Cavity12_B01BH59_Fail7_Score(0.9999983).bmp,Foreign Matter,L27,train
a6bd9477d4cb963b4d30dace8a4179f5,/data/FMD_Data_26082026/fmd_temp_images/Updated ICube Objects 20260915/Foreign Matter/20260810_125915_L27_PalletGHR0810162507_Cavity14_B01BH5B_Fail7_Score(0.9998016).bmp,Foreign Matter,L27,train
a6e61f43d2e0bbd216d74fa7cd753e43,/data/FMD_Data_26082026/fmd_temp_images/Updated ICube Objects 20260915/Foreign Matter/20260807_231250_L27_PalletGHA0808023833_Cavity10_B01BH56_Fail7_Score(0.9999964)_0.9997_0.4241.bmp,Foreign Matter,L27,train
a723e6fda9733f7b4ab6186e7b9293ff,/data/FMD_Data_26082026/fmd_temp_images/Updated ICube Objects 20260915/Foreign Matter/20260807_122344_L27_PalletGHP0807154925_Cavity15_B01BGMR_Fail7_Score(0.9999788).bmp,Foreign Matter,L27,train
a743203f7d5ffc07b08acabc75ef6106,/data/FMD_Data_26082026/fmd_temp_images/Updated ICube Objects 20260915/Foreign Matter/20260809_115747_L27_PalletGHR0809152337_Cavity10_B01BH58_Fail7_Score(0.9998686).bmp,Foreign Matter,L27,train
a81748b49b0be272f234c6b8d02cee0a,/data/FMD_Data_26082026/fmd_temp_images/Updated ICube Objects 20260915/Foreign Matter/20260908_133912_L27_PalletGHD0908170520_Cavity2_B01BMCX_Fail7_Score(0.9999937).bmp,Foreign Matter,L27,train
a86a9df7fdd67ea8507b062516641f78,/data/FMD_Data_26082026/fmd_temp_images/Updated ICube Objects 20260915/Foreign Matter/20260808_100146_L27_PalletGHL0808131644_Cavity7_B01BH56_Fail7_Score(0.9900539)_1.0000_0.4267.bmp,Foreign Matter,L27,train
a88fc20f881398e2186c1cf93242b085,/data/FMD_Data_26082026/fmd_temp_images/Updated ICube Objects 20260915/Foreign Matter/20260809_064559_L27_PalletGHE0809101140_Cavity10_B01BH58_Fail6_Score(0.9681824)_0.9975_0.7983.bmp,Foreign Matter,L27,train
a92773beafded369f2c87f250f79930d,/data/FMD_Data_26082026/fmd_temp_images/Updated ICube Objects 20260915/Foreign Matter/20260808_130357_L27_PalletGHE0808162941_Cavity14_B01BH56_Fail7_Score(0.9982054).bmp,Foreign Matter,L27,train
aa6cee3da19c60f574801eb267fed544,/data/FMD_Data_26082026/fmd_temp_images/Updated ICube Objects 20260915/Foreign Matter/20260907_131130_L27_PalletGHD0907163742_Cavity13_B01BMCP_Fail7_Score(0.9996676).bmp,Foreign Matter,L27,train
aafe12ebfbcb02cfe947aaaec3ffa0bf,/data/FMD_Data_26082026/fmd_temp_images/Updated ICube Objects 20260915/Foreign Matter/20260905_043644_L27_PalletGHR0905080242_Cavity12_B01BMCV_Fail7_Score(0.9999138).bmp,Foreign Matter,L27,train
ab5a548f1cb45126fdc3dfaa1019346f,/data/FMD_Data_26082026/fmd_temp_images/Updated ICube Objects 20260915/Foreign Matter/20260809_065025_L27_PalletGHT0809101614_Cavity11_B01BH58_Fail7_Score(0.999903).bmp,Foreign Matter,L27,train
abc50051df0a09d24521d8642100b6f7,/data/FMD_Data_26082026/fmd_temp_images/Updated ICube Objects 20260915/Foreign Matter/20260807_181900_L27_PalletGHL0807214441_Cavity4_B01BHHF_Fail7_Score(0.9999993).bmp,Foreign Matter,L27,train
ac5e12f94d07472228c62e0a9b1eae98,/data/FMD_Data_26082026/fmd_temp_images/Updated ICube Objects 20260915/Foreign Matter/20260810_131944_L27_PalletGHU0810164540_Cavity4_B01BH5B_Fail7_Score(0.9868647).bmp,Foreign Matter,L27,train
ac6202cfe8c83dc5141ca170e95ad482,/data/FMD_Data_26082026/fmd_temp_images/Updated ICube Objects 20260915/Foreign Matter/20260809_070926_L27_PalletGHN0809103511_Cavity12_B01BH58_Fail7_Score(0.9999886).bmp,Foreign Matter,L27,train
ad11b76c4aef608d45395d1995edf482,/data/FMD_Data_26082026/fmd_temp_images/Updated ICube Objects 20260915/Foreign Matter/20260809_075507_L27_PalletGHM0809112056_Cavity15_B01BH58_Fail7_Score(0.9997745).bmp,Foreign Matter,L27,train
adb6d2c7854ec117a2583b77df0fa779,/data/FMD_Data_26082026/fmd_temp_images/Updated ICube Objects 20260915/Foreign Matter/20260905_051923_L27_PalletGHQ0905084523_Cavity14_B01BMCV_Fail7_Score(0.9984645).bmp,Foreign Matter,L27,train
adc8c9c68a3c02ed8d6e17e31edfbf85,/data/FMD_Data_26082026/fmd_temp_images/Updated ICube Objects 20260915/Foreign Matter/20260809_052912_L27_PalletGHN0809085500_Cavity15_B01BH58_Fail7_Score(0.9956213)_0.9739_0.8028.bmp,Foreign Matter,L27,train
adf9eeb89221634c7a965e8a033d6677,/data/FMD_Data_26082026/fmd_temp_images/Updated ICube Objects 20260915/Foreign Matter/20260806_120024_L27_PalletGHP0806152600_Cavity14_B01BGMS_Fail7_Score(0.9997456).bmp,Foreign Matter,L27,train
aec2c6253f0e5008d4c784f6268cbdd8,/data/FMD_Data_26082026/fmd_temp_images/Updated ICube Objects 20260915/Foreign Matter/20260902_180731_L27_PalletGHL0902213314_Cavity1_B01BKZX_Fail7_Score(0.9999884)_0.9502_0.9858.bmp,Foreign Matter,L27,train
af2d842b9a3b5bfd022feb88cd4fb719,/data/FMD_Data_26082026/fmd_temp_images/Updated ICube Objects 20260915/Foreign Matter/20260809_154838_L27_PalletGHJ0809191428_Cavity10_B01BH58_Fail7_Score(0.9929181).bmp,Foreign Matter,L27,train
b05d4d4305faad7fbd706861c820edb6,/data/FMD_Data_26082026/fmd_temp_images/Updated ICube Objects 20260915/Foreign Matter/20260806_074317_L27_PalletGHG0806110848_Cavity10_B01BGMM_Fail7_Score(0.9999879)_0.9999_0.5331.bmp,Foreign Matter,L27,train
b28aace9d75e37533780141bc6d3a340,/data/FMD_Data_26082026/fmd_temp_images/Updated ICube Objects 20260915/Foreign Matter/20260905_015527_L27_PalletGHJ0905052125_Cavity12_B01BMCV_Fail6_Score(0.9670331).bmp,Foreign Matter,L27,train
b5504ddae844d18f1c1d382a4d622f0d,/data/FMD_Data_26082026/fmd_temp_images/Updated ICube Objects 20260915/Foreign Matter/20260907_181659_L27_PalletGHQ0907214307_Cavity12_B01BMCW_Fail7_Score(0.9997301).bmp,Foreign Matter,L27,train
b814aa0969f322dbcfb23c3729d74bfe,/data/FMD_Data_26082026/fmd_temp_images/Updated ICube Objects 20260915/Foreign Matter/20260808_182255_L27_PalletGHQ0808214840_Cavity15_B01BH57_Fail7_Score(0.9996986).bmp,Foreign Matter,L27,train
b83fb1a94419a2c7186fbd9698a060a1,/data/FMD_Data_26082026/fmd_temp_images/Updated ICube Objects 20260915/Foreign Matter/20260809_115108_L27_PalletGHR0809151638_Cavity15_B01BH58_Fail7_Score(0.9986475).bmp,Foreign Matter,L27,train
b86b57ebb01b9f47e7263eabeca820cc,/data/FMD_Data_26082026/fmd_temp_images/Updated ICube Objects 20260915/Foreign Matter/20260902_164656_L27_PalletGHH0902201245_Cavity11_B01BKZX_Fail7_Score(0.9951946).bmp,Foreign Matter,L27,train
b90a0fe1aad45052265a67dd7cde0fe2,/data/FMD_Data_26082026/fmd_temp_images/Updated ICube Objects 20260915/Foreign Matter/20260906_092603_L27_PalletGHU0906125208_Cavity15_B01BMD6_Fail7_Score(0.9999877).bmp,Foreign Matter,L27,train
b9a3c73bc186eb927027390e60743bd4,/data/FMD_Data_26082026/fmd_temp_images/Updated ICube Objects 20260915/Foreign Matter/20260904_131213_L27_PalletGHC0904163756_Cavity13_B01BMCT_Fail7_Score(0.9999846).bmp,Foreign Matter,L27,train
ba73bb8e77505f974db5e456130af900,/data/FMD_Data_26082026/fmd_temp_images/Updated ICube Objects 20260915/Foreign Matter/20260909_020252_L27_PalletGHF0909052909_Cavity6_B01BMCZ_Fail7_Score(0.999792).bmp,Foreign Matter,L27,train
bb251a7c457c410afadbbd07f88eaa70,/data/FMD_Data_26082026/fmd_temp_images/Updated ICube Objects 20260915/Foreign Matter/20260806_103754_L27_PalletGHI0806140322_Cavity11_B01BGMS_Fail7_Score(0.9999664).bmp,Foreign Matter,L27,train
bbe8f1dc397df9c7efb2ffaa29a76f86,/data/FMD_Data_26082026/fmd_temp_images/Updated ICube Objects 20260915/Foreign Matter/20260908_113830_L27_PalletGHF0908150445_Cavity3_B01BMCX_Fail7_Score(0.9999951).bmp,Foreign Matter,L27,train
bc6bea2851e0e1635163c5a004144028,/data/FMD_Data_26082026/fmd_temp_images/Updated ICube Objects 20260915/Foreign Matter/20260904_162632_L27_PalletGHE0904195228_Cavity14_B01BMCT_Fail7_Score(0.9999954).bmp,Foreign Matter,L27,train
bc7d86c44c7aaff603b15890830e6b60,/data/FMD_Data_26082026/fmd_temp_images/Updated ICube Objects 20260915/Foreign Matter/20260808_175735_L27_PalletGHG0808212316_Cavity9_B01BH57_Fail7_Score(0.9984546).bmp,Foreign Matter,L27,train
bdfa680197d836a2363260bd89210c5f,/data/FMD_Data_26082026/fmd_temp_images/Updated ICube Objects 20260915/Foreign Matter/20260809_082103_L27_PalletGHL0809114646_Cavity9_B01BH58_Fail7_Score(0.9999998).bmp,Foreign Matter,L27,train
be512e32bc48d4ec365c400e5b711b3e,/data/FMD_Data_26082026/fmd_temp_images/Updated ICube Objects 20260915/Foreign Matter/20260903_162942_L27_PalletGHS0903195535_Cavity14_B01BMCR_Fail7_Score(0.9983305).bmp,Foreign Matter,L27,train
bee74f12ac981307e6f029ce78baeddc,/data/FMD_Data_26082026/fmd_temp_images/Updated ICube Objects 20260915/Foreign Matter/20260904_010849_L27_PalletGHM0904043440_Cavity4_B01BMCS_Fail7_Score(0.9990934).bmp,Foreign Matter,L27,train
beeaf1f052755a217d559ce9cda3908d,/data/FMD_Data_26082026/fmd_temp_images/Updated ICube Objects 20260915/Foreign Matter/20260807_200010_L27_PalletGHE0807232548_Cavity12_B01BH56_Fail7_Score(0.9998599).bmp,Foreign Matter,L27,train
c0659ed1a8d7ee8b67edcadc5151ba37,/data/FMD_Data_26082026/fmd_temp_images/Updated ICube Objects 20260915/Foreign Matter/20260907_073704_L27_PalletGHG0907110315_Cavity14_B01BMCN_Fail7_Score(0.9999439)_0.9998_0.9550.bmp,Foreign Matter,L27,train
c1361b9f871760542672450fc4d273a4,/data/FMD_Data_26082026/fmd_temp_images/Updated ICube Objects 20260915/Foreign Matter/20260905_150312_L27_PalletGHO0905182914_Cavity2_B01BMCV_Fail7_Score(0.9999495).bmp,Foreign Matter,L27,train
c14d8942f3001dd60b538a8938e1fad3,/data/FMD_Data_26082026/fmd_temp_images/Updated ICube Objects 20260915/Foreign Matter/20260806_065318_L27_PalletGHB0806101850_Cavity5_B01BGMM_Fail4_Score(0.9368415).bmp,Foreign Matter,L27,train
c1b6b6cbd51149387f9b378e28c6ba5e,/data/FMD_Data_26082026/fmd_temp_images/Updated ICube Objects 20260915/Foreign Matter/20260809_014924_L27_PalletGHQ0809051451_Cavity10_B01BH57_Fail7_Score(0.996592).bmp,Foreign Matter,L27,train
c1e9ddd077fa4d2e8fc905d8f7bdbb5e,/data/FMD_Data_26082026/fmd_temp_images/Updated ICube Objects 20260915/Foreign Matter/20260809_032450_L27_PalletGHE0809065038_Cavity12_B01BH57_Fail7_Score(0.9999861).bmp,Foreign Matter,L27,train
c23dd75ae51f70b04b0e9fcde12a1353,/data/FMD_Data_26082026/fmd_temp_images/Updated ICube Objects 20260915/Foreign Matter/20241105_105614_L27_PalletGHK1105124459_Cavity8_B0178KP_Fail7_Score(0.9970251)_1.0000_0.9899.bmp,Foreign Matter,L27,train
c268a4358633d6d243ac8331c9ce20c9,/data/FMD_Data_26082026/fmd_temp_images/Updated ICube Objects 20260915/Foreign Matter/20260906_215903_L27_PalletGHN0907012512_Cavity12_B01BMDC_Fail7_Score(0.9868896).bmp,Foreign Matter,L27,train
c26b02c4860fd965952ac6fec0c6dea0,/data/FMD_Data_26082026/fmd_temp_images/Updated ICube Objects 20260915/Foreign Matter/20241106_104850_L27_PalletGHF1106124015_Cavity2_B0178KT_Fail5_Score(0.9619061)_0.9999_0.9590.bmp,Foreign Matter,L27,train
c3965a145d6fb4d1ba59b09a4f0c40e5,/data/FMD_Data_26082026/fmd_temp_images/Updated ICube Objects 20260915/Foreign Matter/20260905_034630_L27_PalletGHH0905071229_Cavity9_B01BMCV_Fail7_Score(0.998733).bmp,Foreign Matter,L27,train
c3ae863a4e03ee6eb7660e151f84bdf0,/data/FMD_Data_26082026/fmd_temp_images/Updated ICube Objects 20260915/Foreign Matter/20260903_214842_L27_PalletGHS0904011431_Cavity6_B01BMCR_Fail7_Score(0.9998162).bmp,Foreign Matter,L27,train
c428a38a3644c98b8f2aa77958a34c7b,/data/FMD_Data_26082026/fmd_temp_images/Updated ICube Objects 20260915/Foreign Matter/20241104_234231_L27_PalletGHG1105013351_Cavity10_B0178KN_Fail3_Score(0.9221716)_1.0000_0.9590.bmp,Foreign Matter,L27,train
c656cf40b9647c0827b36ee522df837a,/data/FMD_Data_26082026/fmd_temp_images/Updated ICube Objects 20260915/Foreign Matter/20260903_184801_L27_PalletGHM0903221354_Cavity12_B01BMCR_Fail7_Score(0.9950058).bmp,Foreign Matter,L27,train
c6eecc45bd5495dbf215f44aa3336ff5,/data/FMD_Data_26082026/fmd_temp_images/Updated ICube Objects 20260915/Foreign Matter/20260808_190653_L27_PalletGHE0808223235_Cavity14_B01BH57_Fail7_Score(0.999953).bmp,Foreign Matter,L27,train
c7e9cd4d8a804159d6ddc0ef17e3cfba,/data/FMD_Data_26082026/fmd_temp_images/Updated ICube Objects 20260915/Foreign Matter/20260908_023648_L27_PalletGHU0908060302_Cavity8_B01BMCW_Fail7_Score(0.9999818).bmp,Foreign Matter,L27,train
c7ea85e117837d5506d182da6bf2595f,/data/FMD_Data_26082026/fmd_temp_images/Updated ICube Objects 20260915/Foreign Matter/20260906_012812_L27_PalletGHJ0906045410_Cavity5_B01BMD5_Fail7_Score(0.9999888).bmp,Foreign Matter,L27,train
c7eedb47fcd8f3c9f247d70a822097b8,/data/FMD_Data_26082026/fmd_temp_images/Updated ICube Objects 20260915/Foreign Matter/20260908_023148_L27_PalletGHR0908055759_Cavity15_B01BMCW_Fail7_Score(0.9999709).bmp,Foreign Matter,L27,train
c8ef0cca11885590f7ab1293e136058b,/data/FMD_Data_26082026/fmd_temp_images/Updated ICube Objects 20260915/Foreign Matter/20260806_090433_L27_PalletGHQ0806122939_Cavity1_B01BGMM_Fail7_Score(0.9880397).bmp,Foreign Matter,L27,train
c9869424731efc75d503a26022bba1c2,/data/FMD_Data_26082026/fmd_temp_images/Updated ICube Objects 20260915/Foreign Matter/20260807_213157_L27_PalletGHT0808005740_Cavity12_B01BH56_Fail7_Score(0.9997339).bmp,Foreign Matter,L27,train
cab831a856f81478814a5a29c1e8a5d5,/data/FMD_Data_26082026/fmd_temp_images/Updated ICube Objects 20260915/Foreign Matter/20260806_074831_L27_PalletGHN0806111403_Cavity14_B01BGMM_Fail7_Score(0.9999793).bmp,Foreign Matter,L27,train
cabb607158e015432763d5ba41a4b17d,/data/FMD_Data_26082026/fmd_temp_images/Updated ICube Objects 20260915/Foreign Matter/20260810_085112_L27_PalletGHP0810121706_Cavity4_B01BH5B_Fail6_Score(0.97949).bmp,Foreign Matter,L27,train
cb4e175a74b622598e4c9c37ad594fd8,/data/FMD_Data_26082026/fmd_temp_images/Updated ICube Objects 20260915/Foreign Matter/20260904_135050_L27_PalletGHF0904171646_Cavity1_B01BMCT_Fail7_Score(0.999813).bmp,Foreign Matter,L27,train
cbe2b9974699f759f73d0f1bb4785d37,/data/FMD_Data_26082026/fmd_temp_images/Updated ICube Objects 20260915/Foreign Matter/20260808_205444_L27_PalletGHI0809002025_Cavity6_B01BH57_Fail7_Score(0.9999977).bmp,Foreign Matter,L27,train
ccaddb3c283fedee8036337c2c8c5755,/data/FMD_Data_26082026/fmd_temp_images/Updated ICube Objects 20260915/Foreign Matter/20260807_180756_L27_PalletGHR0807213337_Cavity15_B01BHHF_Fail7_Score(0.9999697).bmp,Foreign Matter,L27,train
ccb22e0b1ed2c100a9c48a2211088677,/data/FMD_Data_26082026/fmd_temp_images/ICube Defects Library/Foreign Matter/20241108_032423_L27_C11_9980.bmp,Foreign Matter,L27,train
cd353336cecbfdde6912ed7556f4c800,/data/FMD_Data_26082026/fmd_temp_images/Updated ICube Objects 20260915/Foreign Matter/20260907_231954_L27_PalletGHR0908024608_Cavity11_B01BMCW_Fail7_Score(0.9999433).bmp,Foreign Matter,L27,train
cdb1bbcc49bca8149fe6f38e88284ad2,/data/FMD_Data_26082026/fmd_temp_images/Updated ICube Objects 20260915/Foreign Matter/20260907_125510_L27_PalletGHL0907162122_Cavity12_B01BMCP_Fail7_Score(0.999504).bmp,Foreign Matter,L27,train
cdeee868742a9c09a15059b36be7826e,/data/FMD_Data_26082026/fmd_temp_images/Updated ICube Objects 20260915/Foreign Matter/20260908_075847_L27_PalletGHR0908112503_Cavity12_B01BMCX_Fail7_Score(0.9999358).bmp,Foreign Matter,L27,train
ce53f1da2ffbbf50ac89060df035583e,/data/FMD_Data_26082026/fmd_temp_images/Updated ICube Objects 20260915/Foreign Matter/20241110_082835_L27_PalletGHC1110102017_Cavity13_B0178L9_Fail4_Score(0.9362347)_1.0000_0.9634.bmp,Foreign Matter,L27,train
ce8d342207d63262913e888f96bf5b4e,/data/FMD_Data_26082026/fmd_temp_images/Updated ICube Objects 20260915/Foreign Matter/20260807_182433_L27_PalletGHU0807215015_Cavity9_B01BHHF_Fail7_Score(0.9999982)_1.0000_0.9765.bmp,Foreign Matter,L27,train
cf1d04c1d854a71711132a0f9373d385,/data/FMD_Data_26082026/fmd_temp_images/Updated ICube Objects 20260915/Foreign Matter/20260808_231453_L27_PalletGHU0809024037_Cavity7_B01BH57_Fail7_Score(0.9998551).bmp,Foreign Matter,L27,train
cf7b757f99bf6aad7b8a6cd6ca8418c1,/data/FMD_Data_26082026/fmd_temp_images/Updated ICube Objects 20260915/Foreign Matter/20260810_142044_L27_PalletGHI0810174015_Cavity12_B01BH5B_Fail7_Score(0.9996477).bmp,Foreign Matter,L27,train
d06336e96d6de52c1548011679626a5f,/data/FMD_Data_26082026/fmd_temp_images/Updated ICube Objects 20260915/Foreign Matter/20260807_151331_L27_PalletGHO0807183909_Cavity5_B01BHHF_Fail7_Score(0.9889736).bmp,Foreign Matter,L27,train
d13a685079bdfbd5f0460a92691baae3,/data/FMD_Data_26082026/fmd_temp_images/Updated ICube Objects 20260915/Foreign Matter/20260904_141658_L27_PalletGHN0904174254_Cavity14_B01BMCT_Fail7_Score(0.9999786).bmp,Foreign Matter,L27,train
d1a3bd26222064733958e22a278d2f7a,/data/FMD_Data_26082026/fmd_temp_images/Updated ICube Objects 20260915/Foreign Matter/20260809_080019_L27_PalletGHU0809112609_Cavity9_B01BH58_Fail7_Score(0.9999819).bmp,Foreign Matter,L27,train
d1aafece9192ee578dc05334395826d3,/data/FMD_Data_26082026/fmd_temp_images/Updated ICube Objects 20260915/Foreign Matter/20260807_111129_L27_PalletGHT0807143706_Cavity14_B01BGMR_Fail7_Score(1).bmp,Foreign Matter,L27,train
d277084261bfeb538a6069cf21857e49,/data/FMD_Data_26082026/fmd_temp_images/Updated ICube Objects 20260915/Foreign Matter/20260904_234510_L27_PalletGHH0905031112_Cavity15_B01BMCV_Fail7_Score(0.9971034).bmp,Foreign Matter,L27,train
d29a014cdc3d24698a12947d480206be,/data/FMD_Data_26082026/fmd_temp_images/Updated ICube Objects 20260915/Foreign Matter/20260906_190123_L27_PalletGHF0906222731_Cavity14_B01BMDC_Fail7_Score(0.9999999).bmp,Foreign Matter,L27,train
d2a9b6cc8dac1fba5973fe7cd15ef4ab,/data/FMD_Data_26082026/fmd_temp_images/Updated ICube Objects 20260915/Foreign Matter/20260809_194153_L27_PalletGHB0809230746_Cavity13_B01BH59_Fail5_Score(0.96436)_0.9835_0.5399.bmp,Foreign Matter,L27,train
d2c87a129e856121904776042abe3f1d,/data/FMD_Data_26082026/fmd_temp_images/Updated ICube Objects 20260915/Foreign Matter/20260903_040737_L27_PalletGHK0903073328_Cavity2_B01BKZX_Fail7_Score(0.9999632).bmp,Foreign Matter,L27,train
d3d7b248df36352461074d0bcf09a131,/data/FMD_Data_26082026/fmd_temp_images/Updated ICube Objects 20260915/Foreign Matter/20260809_194616_L27_PalletGHK0809231206_Cavity14_B01BH59_Fail7_Score(0.994908)_0.5619_0.9226.bmp,Foreign Matter,L27,train
d454803c565c8da462f1c5a27ca90dea,/data/FMD_Data_26082026/fmd_temp_images/Updated ICube Objects 20260915/Foreign Matter/20260904_161447_L27_PalletGHT0904194043_Cavity10_B01BMCT_Fail7_Score(0.9999731).bmp,Foreign Matter,L27,train
d47ea4b431661e7bd07090cf02fab433,/data/FMD_Data_26082026/fmd_temp_images/Updated ICube Objects 20260915/Foreign Matter/20260905_000400_L27_PalletGHI0905032956_Cavity1_B01BMCV_Fail7_Score(0.999977).bmp,Foreign Matter,L27,train
d5abb1579c80f243ed4fc96edb7e29f4,/data/FMD_Data_26082026/fmd_temp_images/Updated ICube Objects 20260915/Foreign Matter/20260907_115444_L27_PalletGHJ0907152055_Cavity14_B01BMCP_Fail7_Score(0.9952644).bmp,Foreign Matter,L27,train
d629757f6b4b395eb83a65116dea5cc4,/data/FMD_Data_26082026/fmd_temp_images/Updated ICube Objects 20260915/Foreign Matter/20260903_073106_L27_PalletGHQ0903105658_Cavity6_B01BKZX_Fail7_Score(0.999969).bmp,Foreign Matter,L27,train
d6d0871a312713437779374a2eef37c6,/data/FMD_Data_26082026/fmd_temp_images/Updated ICube Objects 20260915/Foreign Matter/20260904_202609_L27_PalletGHT0904235208_Cavity13_B01BMCT_Fail7_Score(0.9999999).bmp,Foreign Matter,L27,train
d721f16ca2ccc2512af8075eff5053e3,/data/FMD_Data_26082026/fmd_temp_images/Updated ICube Objects 20260915/Foreign Matter/20260903_101010_L27_PalletGHN0903133600_Cavity6_B01BKZX_Fail7_Score(0.9992445).bmp,Foreign Matter,L27,train
d78bef8f05dcbc325afe95223f2e752d,/data/FMD_Data_26082026/fmd_temp_images/Updated ICube Objects 20260915/Foreign Matter/20260906_121600_L27_PalletGHL0906154203_Cavity10_B01BMD9_Fail7_Score(0.9999937).bmp,Foreign Matter,L27,train
d837d57511b226318e1e8ee7e515122f,/data/FMD_Data_26082026/fmd_temp_images/Updated ICube Objects 20260915/Foreign Matter/20241113_032438_L27_PalletGHE1113074115_Cavity11_B01796X_Fail5_Score(0.9512902)_1.0000_0.9933.bmp,Foreign Matter,L27,train
d871061f2af64eb20b607db4e9c83102,/data/FMD_Data_26082026/fmd_temp_images/Updated ICube Objects 20260915/Foreign Matter/20260903_105301_L27_PalletGHN0903141853_Cavity12_B01BKZX_Fail7_Score(0.9999558).bmp,Foreign Matter,L27,train
da0ca2518b56f6f9c683b5c080b5cba8,/data/FMD_Data_26082026/fmd_temp_images/Updated ICube Objects 20260915/Foreign Matter/20260904_070210_L27_PalletGHN0904102801_Cavity12_B01BMCS_Fail7_Score(0.9997869).bmp,Foreign Matter,L27,train
da1bca69d484980fe1e5b548cbdf5904,/data/FMD_Data_26082026/fmd_temp_images/Updated ICube Objects 20260915/Foreign Matter/20260809_084647_L27_PalletGHP0809121237_Cavity14_B01BH58_Fail7_Score(0.9999933).bmp,Foreign Matter,L27,train
dbafa74305a728a4a233b034287de9cb,/data/FMD_Data_26082026/fmd_temp_images/Updated ICube Objects 20260915/Foreign Matter/20260906_091203_L27_PalletGHE0906123803_Cavity11_B01BMD6_Fail7_Score(0.9999772).bmp,Foreign Matter,L27,train
dbc3f44fc1406c1240957d278caa98b1,/data/FMD_Data_26082026/fmd_temp_images/ICube Defects Library/Foreign Matter/20241107_161214_L27_C11_9962.bmp,Foreign Matter,L27,train
ddf3aac85316eae4d6df51fabb0c67e9,/data/FMD_Data_26082026/fmd_temp_images/Updated ICube Objects 20260915/Foreign Matter/20260905_032807_L27_PalletGHL0905065406_Cavity13_B01BMCV_Fail7_Score(0.9987298).bmp,Foreign Matter,L27,train
de7955b5965130490c0267598776d97c,/data/FMD_Data_26082026/fmd_temp_images/Updated ICube Objects 20260915/Foreign Matter/20260809_092333_L27_PalletGHS0809124918_Cavity15_B01BH58_Fail7_Score(0.9999901).bmp,Foreign Matter,L27,train
deb6bc66552211797f99ac3c1383bffc,/data/FMD_Data_26082026/fmd_temp_images/Updated ICube Objects 20260915/Foreign Matter/20260905_000920_L27_PalletGHA0905033518_Cavity15_B01BMCV_Fail7_Score(0.9995216).bmp,Foreign Matter,L27,train
dfd6a8cfd2e3f4b6e714a50bb4d94425,/data/FMD_Data_26082026/fmd_temp_images/Updated ICube Objects 20260915/Foreign Matter/20260906_060901_L27_PalletGHF0906093444_Cavity6_B01BMD7_Fail7_Score(0.9998744).bmp,Foreign Matter,L27,train
e00ff9882d4d02dbb4c0ab64893a4b67,/data/FMD_Data_26082026/fmd_temp_images/Updated ICube Objects 20260915/Foreign Matter/20260810_165338_L27_PalletGHI0810201932_Cavity13_B01BH4Z_Fail7_Score(0.9852591).bmp,Foreign Matter,L27,train
e11b97b8e20139fd345d3ca40e4c5e14,/data/FMD_Data_26082026/fmd_temp_images/Updated ICube Objects 20260915/Foreign Matter/20260810_113032_L27_PalletGHR0810145627_Cavity2_B01BH5B_Fail7_Score(0.9997904)_1.0000_0.9553.bmp,Foreign Matter,L27,train
e2a93b8ac20a485d0858dbea659a4d4e,/data/FMD_Data_26082026/fmd_temp_images/Updated ICube Objects 20260915/Foreign Matter/20260808_180439_L27_PalletGHF0808213019_Cavity15_B01BH57_Fail7_Score(0.999549).bmp,Foreign Matter,L27,train
e37f3c8882d5d6d6711e34afd848ae8b,/data/FMD_Data_26082026/fmd_temp_images/Updated ICube Objects 20260915/Foreign Matter/20260808_115745_L27_PalletGHU0808152327_Cavity10_B01BH56_Fail7_Score(0.999998).bmp,Foreign Matter,L27,train
e4174aa52dcb342cd5f7c2aab1c0b36f,/data/FMD_Data_26082026/fmd_temp_images/Updated ICube Objects 20260915/Foreign Matter/20260903_180214_L27_PalletGHA0903212803_Cavity4_B01BMCR_Fail7_Score(0.9995969).bmp,Foreign Matter,L27,train
e42cab32e736c44bb610084e489ffed6,/data/FMD_Data_26082026/fmd_temp_images/Updated ICube Objects 20260915/Foreign Matter/20260904_235141_L27_PalletGHO0905031739_Cavity6_B01BMCV_Fail7_Score(0.9999847).bmp,Foreign Matter,L27,train
e499b4cbfde5cd5ccebb9c3f846e104b,/data/FMD_Data_26082026/fmd_temp_images/Updated ICube Objects 20260915/Foreign Matter/20260906_145053_L27_PalletGHJ0906181657_Cavity15_B01BMDB_Fail7_Score(0.9998727).bmp,Foreign Matter,L27,train
e527ef6e33906ad4ba8d79c38cf05ab4,/data/FMD_Data_26082026/fmd_temp_images/Updated ICube Objects 20260915/Foreign Matter/20260907_011856_L27_PalletGHA0907044505_Cavity15_B01BMDD_Fail7_Score(0.999971).bmp,Foreign Matter,L27,train
e64c6e1ccbea78586a0bf5e0f60352db,/data/FMD_Data_26082026/fmd_temp_images/Updated ICube Objects 20260915/Foreign Matter/20241110_042105_L27_PalletGHE1110061248_Cavity10_B0178LB_Fail5_Score(0.9643347)_1.0000_0.9579.bmp,Foreign Matter,L27,train
e6f6187f3d9271f32f81fb5ef19f30d1,/data/FMD_Data_26082026/fmd_temp_images/Updated ICube Objects 20260915/Foreign Matter/20260904_174236_L27_PalletGHC0904210833_Cavity14_B01BMCT_Fail7_Score(0.9997049).bmp,Foreign Matter,L27,train
e75b2e4e9bd3997208601499d7ba4050,/data/FMD_Data_26082026/fmd_temp_images/Updated ICube Objects 20260915/Foreign Matter/20260808_052328_L27_PalletGHQ0808084908_Cavity15_B01BH56_Fail7_Score(0.9951059).bmp,Foreign Matter,L27,train
e7e5c23a05520736677ed523c60f4169,/data/FMD_Data_26082026/fmd_temp_images/Updated ICube Objects 20260915/Foreign Matter/20260904_215653_L27_PalletGHN0905012252_Cavity15_B01BMCV_Fail7_Score(0.9999996).bmp,Foreign Matter,L27,train
e80713bd596be0990bde860f0176eb40,/data/FMD_Data_26082026/fmd_temp_images/Updated ICube Objects 20260915/Foreign Matter/20260905_020732_L27_PalletGHA0905053328_Cavity9_B01BMCV_Fail7_Score(0.9998572).bmp,Foreign Matter,L27,train
e838f108956530bb3744486aeeb3d160,/data/FMD_Data_26082026/fmd_temp_images/Updated ICube Objects 20260915/Foreign Matter/20260808_195745_L27_PalletGHP0808232314_Cavity15_B01BH57_Fail6_Score(0.9695786)_0.9996_0.6339.bmp,Foreign Matter,L27,train
e85e7f77ca15e9ec6373098327faf881,/data/FMD_Data_26082026/fmd_temp_images/Updated ICube Objects 20260915/Foreign Matter/20260904_002737_L27_PalletGHD0904035330_Cavity15_B01BMCR_Fail3_Score(0.9253747).bmp,Foreign Matter,L27,train
e979a70aa0d6fb0ea9f06d99df71a183,/data/FMD_Data_26082026/fmd_temp_images/Updated ICube Objects 20260915/Foreign Matter/20260903_184117_L27_PalletGHO0903220700_Cavity15_B01BMCR_Fail6_Score(0.9684798).bmp,Foreign Matter,L27,train
eaa9faa466b555db62a0d109d5279122,/data/FMD_Data_26082026/fmd_temp_images/Updated ICube Objects 20260915/Foreign Matter/20241109_194750_L27_PalletGHA1109213931_Cavity15_B0178L8_Fail7_Score(0.999678)_1.0000_0.9581.bmp,Foreign Matter,L27,train
eade4ec9cb5473ef08336ba1c451717c,/data/FMD_Data_26082026/fmd_temp_images/Updated ICube Objects 20260915/Foreign Matter/20260809_141227_L27_PalletGHL0809173813_Cavity11_B01BH58_Fail4_Score(0.9471669).bmp,Foreign Matter,L27,train
eba32da6f56b37cdd3e406c597348eb7,/data/FMD_Data_26082026/fmd_temp_images/Updated ICube Objects 20260915/Foreign Matter/20260906_193104_L27_PalletGHP0906225712_Cavity15_B01BMDC_Fail7_Score(0.9999975).bmp,Foreign Matter,L27,train
ec7e37c4c7a3ed883dc0d9de35da502c,/data/FMD_Data_26082026/fmd_temp_images/Updated ICube Objects 20260915/Foreign Matter/20260902_162945_L27_PalletGHH0902195534_Cavity12_B01BKZX_Fail7_Score(0.9999328).bmp,Foreign Matter,L27,train
ecf9d3a52d27e0ebb1df332257a59715,/data/FMD_Data_26082026/fmd_temp_images/Updated ICube Objects 20260915/Foreign Matter/20260808_213000_L27_PalletGHA0809005547_Cavity7_B01BH57_Fail7_Score(0.9999788).bmp,Foreign Matter,L27,train
ed2a0caef1852df5d66d174c41dae788,/data/FMD_Data_26082026/fmd_temp_images/Updated ICube Objects 20260915/Foreign Matter/20260806_183539_L27_PalletGHQ0806220102_Cavity14_B01BGMR_Fail7_Score(0.9983538).bmp,Foreign Matter,L27,train
ed84473d4c83270c8f79dcfc09d76415,/data/FMD_Data_26082026/fmd_temp_images/Updated ICube Objects 20260915/Foreign Matter/20260810_095037_L27_PalletGHI0810131628_Cavity2_B01BH5B_Fail7_Score(0.9999841).bmp,Foreign Matter,L27,train
ee084a9c0476a886ee6d295e35cf293e,/data/FMD_Data_26082026/fmd_temp_images/Updated ICube Objects 20260915/Foreign Matter/20260904_153943_L27_PalletGHM0904190538_Cavity13_B01BMCT_Fail7_Score(0.9982997)_0.9992_0.9837.bmp,Foreign Matter,L27,train
f0b3bb3931b45ef3440213fe4329bee1,/data/FMD_Data_26082026/fmd_temp_images/Updated ICube Objects 20260915/Foreign Matter/20260906_010654_L27_PalletGHG0906043256_Cavity11_B01BMD5_Fail7_Score(0.9998579).bmp,Foreign Matter,L27,train
f0bbba5611a8c93269dad6b5c0eecb12,/data/FMD_Data_26082026/fmd_temp_images/Updated ICube Objects 20260915/Foreign Matter/20260808_031525_L27_PalletGHT0808064108_Cavity4_B01BH56_Fail7_Score(0.9999988).bmp,Foreign Matter,L27,train
f268172446797985052010cce255f3c8,/data/FMD_Data_26082026/fmd_temp_images/Updated ICube Objects 20260915/Foreign Matter/20260808_184257_L27_PalletGHF0808220741_Cavity14_B01BH57_Fail7_Score(0.9999827)_0.9997_0.8108.bmp,Foreign Matter,L27,train
f564aca5443d8f675aa5ce7aad68d0c3,/data/FMD_Data_26082026/fmd_temp_images/Updated ICube Objects 20260915/Foreign Matter/20260906_161159_L27_PalletGHP0906193806_Cavity6_B01BMDB_Fail7_Score(0.9999833).bmp,Foreign Matter,L27,train
f5cf2f36eb708870d1c47161f1064e58,/data/FMD_Data_26082026/fmd_temp_images/Updated ICube Objects 20260915/Foreign Matter/20260904_200316_L27_PalletGHB0904232857_Cavity7_B01BMCT_Fail7_Score(0.9999529).bmp,Foreign Matter,L27,train
f60084468d21dc3bf5983fa697b960c8,/data/FMD_Data_26082026/fmd_temp_images/Updated ICube Objects 20260915/Foreign Matter/20260809_215557_L27_PalletGHK0810012116_Cavity1_B01BH59_Fail7_Score(0.9999999).bmp,Foreign Matter,L27,train
f68be183900528d8b01e98feb6ab6275,/data/FMD_Data_26082026/fmd_temp_images/Updated ICube Objects 20260915/Foreign Matter/20241114_075718_L27_PalletGHH1114121400_Cavity14_B01796T_Fail3_Score(0.9172895)_1.0000_0.9812.bmp,Foreign Matter,L27,train
f88a32deed233e0778997611186a8662,/data/FMD_Data_26082026/fmd_temp_images/Updated ICube Objects 20260915/Foreign Matter/20260907_050043_L27_PalletGHM0907082650_Cavity12_B01BMCM_Fail7_Score(0.9908913)_0.9962_0.9722.bmp,Foreign Matter,L27,train
f8f21e2b07be1e739aa58620b662b4b3,/data/FMD_Data_26082026/fmd_temp_images/Updated ICube Objects 20260915/Foreign Matter/20260810_142044_L27_PalletGHI0810174015_Cavity13_B01BH5B_Fail7_Score(0.9999914).bmp,Foreign Matter,L27,train
f9587521ea6ab11611ee35d4f47ae4d1,/data/FMD_Data_26082026/fmd_temp_images/Updated ICube Objects 20260915/Foreign Matter/20260907_041826_L27_PalletGHD0907074429_Cavity1_B01BMCM_Fail7_Score(0.9972112)_0.9993_0.9603.bmp,Foreign Matter,L27,train
f95f02fac5a0d2993125c67ce694138f,/data/FMD_Data_26082026/fmd_temp_images/Updated ICube Objects 20260915/Foreign Matter/20241104_024338_L27_PalletGHI1104043449_Cavity15_B01779N_Fail7_Score(0.9907678)_1.0000_0.9914.bmp,Foreign Matter,L27,train
f97a2950b6be029c884e3e75c5c238a7,/data/FMD_Data_26082026/fmd_temp_images/Updated ICube Objects 20260915/Foreign Matter/20260906_112910_L27_PalletGHA0906145517_Cavity14_B01BMD9_Fail7_Score(0.9999282).bmp,Foreign Matter,L27,train
f98ea0b95c81eb4346a647f23a77c3cd,/data/FMD_Data_26082026/fmd_temp_images/Updated ICube Objects 20260915/Foreign Matter/20260808_012733_L27_PalletGHR0808045317_Cavity15_B01BH56_Fail7_Score(1).bmp,Foreign Matter,L27,train
fa12faf0d01e288332a92ba453f025a9,/data/FMD_Data_26082026/fmd_temp_images/Updated ICube Objects 20260915/Foreign Matter/20260907_182024_L27_PalletGHC0907214637_Cavity4_B01BMCW_Fail7_Score(0.9983599).bmp,Foreign Matter,L27,train
fad0064219f876014409e85c962e12c0,/data/FMD_Data_26082026/fmd_temp_images/Updated ICube Objects 20260915/Foreign Matter/20260808_222651_L27_PalletGHL0809015238_Cavity8_B01BH57_Fail7_Score(0.9999236).bmp,Foreign Matter,L27,train
fb088295f0178912443f2a7081b12b5b,/data/FMD_Data_26082026/fmd_temp_images/Updated ICube Objects 20260915/Foreign Matter/20260809_081911_L27_PalletGHM0809114447_Cavity15_B01BH58_Fail7_Score(0.9999655).bmp,Foreign Matter,L27,train
fb6ab52c530a56b43ee4eaf75e0a83ee,/data/FMD_Data_26082026/fmd_temp_images/Updated ICube Objects 20260915/Foreign Matter/20260905_192537_L27_PalletGHD0905225136_Cavity6_B01BM7D_Fail7_Score(0.9999763).bmp,Foreign Matter,L27,train
fb6ded9ed23e5a6f74fce2d90ffcb328,/data/FMD_Data_26082026/fmd_temp_images/Updated ICube Objects 20260915/Foreign Matter/20260903_051352_L27_PalletGHD0903083943_Cavity8_B01BKZX_Fail7_Score(0.9989638).bmp,Foreign Matter,L27,train
fb72f58f156af50d4c159c8ef3f885f6,/data/FMD_Data_26082026/fmd_temp_images/Updated ICube Objects 20260915/Foreign Matter/20260809_075417_L27_PalletGHN0809111958_Cavity6_B01BH58_Fail7_Score(0.9950771).bmp,Foreign Matter,L27,train
fc00a9ebb3dd25c95701f478a5477a28,/data/FMD_Data_26082026/fmd_temp_images/Updated ICube Objects 20260915/Foreign Matter/20260906_201218_L27_PalletGHJ0906233749_Cavity12_B01BMDC_Fail7_Score(0.9998118).bmp,Foreign Matter,L27,train
fc26f2be807d2054378d29bc37966bba,/data/FMD_Data_26082026/fmd_temp_images/Updated ICube Objects 20260915/Foreign Matter/20260902_182145_L27_PalletGHM0902214729_Cavity9_B01BKZX_Fail7_Score(0.9999737).bmp,Foreign Matter,L27,train
fc2dd5d302d581b4d5723fb3589129e4,/data/FMD_Data_26082026/fmd_temp_images/Updated ICube Objects 20260915/Foreign Matter/20260906_210312_L27_PalletGHN0907002920_Cavity12_B01BMDC_Fail7_Score(0.9998881).bmp,Foreign Matter,L27,train
fce512637ea9723a49a53fb3b28f8265,/data/FMD_Data_26082026/fmd_temp_images/Updated ICube Objects 20260915/Foreign Matter/20260902_183514_L27_PalletGHT0902220102_Cavity15_B01BKZX_Fail7_Score(0.9999772).bmp,Foreign Matter,L27,train
fd1bd5084f3ef8beb9beffaf93ebed4c,/data/FMD_Data_26082026/fmd_temp_images/Updated ICube Objects 20260915/Foreign Matter/20260909_073717_L27_PalletGHI0909110338_Cavity15_B01BMCZ_Fail7_Score(0.9999928).bmp,Foreign Matter,L27,train
fd55c7dcc510cf5c1c79984d82592c89,/data/FMD_Data_26082026/fmd_temp_images/Updated ICube Objects 20260915/Foreign Matter/20260806_131424_L27_PalletGHE0806163959_Cavity13_B01BGMS_Fail7_Score(0.994711).bmp,Foreign Matter,L27,train
febd68d59e4eb8f8b3598cbc91637a02,/data/FMD_Data_26082026/fmd_temp_images/Updated ICube Objects 20260915/Foreign Matter/20260904_051044_L27_PalletGHI0904083639_Cavity9_B01BMCS_Fail7_Score(0.9999671).bmp,Foreign Matter,L27,train
febf71dff4556ece5dc468451823e2aa,/data/FMD_Data_26082026/fmd_temp_images/Updated ICube Objects 20260915/Foreign Matter/20260907_000241_L27_PalletGHC0907032850_Cavity13_B01BMDD_Fail7_Score(0.9998236).bmp,Foreign Matter,L27,train
ff27f5677ec7c518797eacb523e83b87,/data/FMD_Data_26082026/fmd_temp_images/Updated ICube Objects 20260915/Foreign Matter/20260806_090205_L27_PalletGHP0806122728_Cavity8_B01BGMM_Fail6_Score(0.9686857).bmp,Foreign Matter,L27,train
ff8b48b324131f31d0d26eb6f70fb898,/data/FMD_Data_26082026/fmd_temp_images/Updated ICube Objects 20260915/Foreign Matter/20260810_144836_L27_PalletGHD0810181433_Cavity13_B01BH5B_Fail7_Score(0.9999849).bmp,Foreign Matter,L27,train
2178f88e5cf286b149eecf502aef41f9,/data/FMD_Data_26082026/fmd_temp_images/Updated ICube Categorical Classes 20260915/HEMA Obstruction/20260906_220542_L27_PalletGHK0907013146_Cavity15_B01BMDC_Fail7_Score(0.999999).bmp,HEMA Obstruction,L27,test
d43e8bac8e52067f1975dd9b6817859b,/data/FMD_Data_26082026/fmd_temp_images/ICube Defects Library/HEMA Obstruction/20241117_052841_L27_C8_9842.bmp,HEMA Obstruction,L27,train
06cbe8a72b2e8aff5e1c69da8279dd9c,/data/FMD_Data_26082026/fmd_temp_images/ICube Defects Library/Lens Off Center/20241207_052457_L27_C12_9742.bmp,Lens Off Center,L27,test
45c382e1ad69676bc53988bcf18b3772,/data/FMD_Data_26082026/fmd_temp_images/Updated ICube Categorical Classes 20260915/Lens Off Center/20241103_211805_L27_C14_1_0.7719.bmp,Lens Off Center,L27,test
4679a1f906f5b78a3fc467f2425b4767,/data/FMD_Data_26082026/fmd_temp_images/ICube Defects Library/Lens Off Center/20241119_112140_L27_C2_9317.bmp,Lens Off Center,L27,test
4ebf957812009a61a644830ac3af0998,/data/FMD_Data_26082026/fmd_temp_images/ICube Defects Library/Lens Off Center/20241119_143922_L27_C14_9307.bmp,Lens Off Center,L27,test
7fba981eccb230dae2fbfd0e9bd05328,/data/FMD_Data_26082026/fmd_temp_images/ICube Defects Library/Lens Off Center/20241119_134906_L27_C14_9239.bmp,Lens Off Center,L27,test
812163d1b48e93e61c520549f50f1c1b,/data/FMD_Data_26082026/fmd_temp_images/Updated ICube Categorical Classes 20260915/Lens Off Center/20241204_175904_L27_C15_9916_0.5063.bmp,Lens Off Center,L27,test
897734cd67e98e25979bde01aa55f285,/data/FMD_Data_26082026/fmd_temp_images/ICube Defects Library/Lens Off Center/20241119_112105_L27_C8_9826.bmp,Lens Off Center,L27,test
c956cb45ceedc5f9dd9b9593d5149677,/data/FMD_Data_26082026/fmd_temp_images/Updated ICube Categorical Classes 20260915/Lens Off Center/20241103_212054_L27_C14_1_0.7419.bmp,Lens Off Center,L27,test
008be6263bd0fca7a8cff22e5cce16a8,/data/FMD_Data_26082026/fmd_temp_images/Updated ICube Categorical Classes 20260915/Lens Off Center/20241103_015515_L27_C6_9727_0.5215.bmp,Lens Off Center,L27,train
083b560439d473cac15f3c075b9489a7,/data/FMD_Data_26082026/fmd_temp_images/Updated ICube Categorical Classes 20260915/Lens Off Center/20241103_024522_L27_C15_9029_0.4560.bmp,Lens Off Center,L27,train
312fe3e6ba22ac889524b253200b8b71,/data/FMD_Data_26082026/fmd_temp_images/Updated ICube Categorical Classes 20260915/Lens Off Center/20241107_061904_L27_C6_9450_0.7314.bmp,Lens Off Center,L27,train
4b31640f7b8f5b496409af863ec3965a,/data/FMD_Data_26082026/fmd_temp_images/Updated ICube Categorical Classes 20260915/Lens Off Center/20241120_185249_L27_C2_9997_0.3987.bmp,Lens Off Center,L27,train
4e5f5666ac2b43a7696727029c4703e0,/data/FMD_Data_26082026/fmd_temp_images/Updated ICube Categorical Classes 20260915/Lens Off Center/20241212_111232_L27_C2_9571_0.5905.bmp,Lens Off Center,L27,train
56faeed6e9f9fcfd14e27535e96cfe76,/data/FMD_Data_26082026/fmd_temp_images/Updated ICube Categorical Classes 20260915/Lens Off Center/20241103_215600_L27_C10_1_0.6480.bmp,Lens Off Center,L27,train
616d07455cac4a882b2c926f6ce02381,/data/FMD_Data_26082026/fmd_temp_images/ICube Defects Library/Lens Off Center/20241104_000808_L27_C15_9021.bmp,Lens Off Center,L27,train
7c5b2e1e62f97cb73891a53a54c81731,/data/FMD_Data_26082026/fmd_temp_images/Updated ICube Categorical Classes 20260915/Lens Off Center/20241206_133210_L27_C5_9294_0.5197.bmp,Lens Off Center,L27,train
8b233b3ecc9d8e70b9658b2012c5b719,/data/FMD_Data_26082026/fmd_temp_images/ICube Defects Library/Lens Off Center/20241119_143531_L27_C15_9134.bmp,Lens Off Center,L27,train
9db464d91c21f9d2eb1cb6283bba6266,/data/FMD_Data_26082026/fmd_temp_images/ICube Defects Library/Lens Off Center/20241119_142602_L27_C11_9962.bmp,Lens Off Center,L27,train
a5c2d5a0755e2bebbd9d31deb9fa86a9,/data/FMD_Data_26082026/fmd_temp_images/ICube Defects Library/Lens Off Center/20241207_111854_L27_C1_9862.bmp,Lens Off Center,L27,train
a7987593fe7534b474bf6823ea0fd927,/data/FMD_Data_26082026/fmd_temp_images/Updated ICube Categorical Classes 20260915/Lens Off Center/20241106_112929_L27_C13_9861_0.4180.bmp,Lens Off Center,L27,train
bee060941ea5951a3ea0d3ab407095f8,/data/FMD_Data_26082026/fmd_temp_images/ICube Defects Library/Lens Off Center/20241119_112000_L27_C7_9939.bmp,Lens Off Center,L27,train
cbb0c9506e7c5de236f8959717ca90ea,/data/FMD_Data_26082026/fmd_temp_images/Updated ICube Categorical Classes 20260915/Lens Off Center/20241120_193911_L27_C1_9130_0.8433.bmp,Lens Off Center,L27,train
d73f189c9fa431e8510435c77f022369,/data/FMD_Data_26082026/fmd_temp_images/Updated ICube Categorical Classes 20260915/Lens Off Center/20241119_023342_L27_C14_9319_0.9741.bmp,Lens Off Center,L27,train
da58ce5718ab837e825bc3aa7fe74f3f,/data/FMD_Data_26082026/fmd_temp_images/Updated ICube Categorical Classes 20260915/Lens Off Center/20241119_144747_L27_C15_9793_0.6941.bmp,Lens Off Center,L27,train
dddcf1c457d4d35835f26588583dafde,/data/FMD_Data_26082026/fmd_temp_images/ICube Defects Library/Lens Off Center/20241103_235045_L27_C15_9999.bmp,Lens Off Center,L27,train
e1ee04405d22c8946d9470be56cecab8,/data/FMD_Data_26082026/fmd_temp_images/Updated ICube Categorical Classes 20260915/Lens Off Center/20241102_180130_L27_C15_9461_0.9896.bmp,Lens Off Center,L27,train
ecc11c0d2816dd376481e2d10e5e2b13,/data/FMD_Data_26082026/fmd_temp_images/ICube Defects Library/Lens Off Center/20241104_041829_L27_C8_9591.bmp,Lens Off Center,L27,train
03bf92b78f48319a09bb4ca37d9eeccc,/data/FMD_Data_26082026/fmd_temp_images/Updated ICube Categorical Classes 20260915/Low Dose/20241114_014547_L27_C10_1_0.4756.bmp,Low Dose Obstructing Region of Interest,L27,test
043c7ef01ec996d48d2ef73e5318d3b9,/data/FMD_Data_26082026/fmd_temp_images/Updated ICube Categorical Classes 20260915/Low Dose/20241208_233925_L27_C15_9544_0.8563.bmp,Low Dose Obstructing Region of Interest,L27,test
05310cf020a00199407be2f73a233f07,/data/FMD_Data_26082026/fmd_temp_images/Updated ICube Categorical Classes 20260915/Low Dose/20241110_200520_L27_C15_9461_0.7602.bmp,Low Dose Obstructing Region of Interest,L27,test
061c177e5152beebbc1710d8ca0fa321,/data/FMD_Data_26082026/fmd_temp_images/Updated ICube Categorical Classes 20260915/Low Dose/20241103_163334_L27_C10_1_0.4297.bmp,Low Dose Obstructing Region of Interest,L27,test
06e12b1927bcdbd7f7cbe6745334bcc8,/data/FMD_Data_26082026/fmd_temp_images/ICube Defects Library/Low Dose Obstructing Region of Interest/20241112_024009_L27_PalletGHQ1112043157_Cavity2_B01796S_Pass1_Score(0.005107522).bmp,Low Dose Obstructing Region of Interest,L27,test
07cc9de802120087c609a3ab98ddc388,/data/FMD_Data_26082026/fmd_temp_images/Updated ICube Categorical Classes 20260915/Low Dose/20241118_220431_L27_C2_1_0.5079.bmp,Low Dose Obstructing Region of Interest,L27,test
0821397c730ced0d8ee86cb8cdc056a4,/data/FMD_Data_26082026/fmd_temp_images/Updated ICube Categorical Classes 20260915/Low Dose/20241118_235122_L27_C6_1_0.8164.bmp,Low Dose Obstructing Region of Interest,L27,test
0c12ee6ce1b5f764168c1af27d0deacd,/data/FMD_Data_26082026/fmd_temp_images/Updated ICube Categorical Classes 20260915/Low Dose/20241114_021708_L27_C4_1_0.4132.bmp,Low Dose Obstructing Region of Interest,L27,test
0cb36cd4af01e0f5721f673cfe791a77,/data/FMD_Data_26082026/fmd_temp_images/Updated ICube Categorical Classes 20260915/Low Dose/20241104_172716_L27_C7_9620_0.5455.bmp,Low Dose Obstructing Region of Interest,L27,test
14a03dd2f98fa61c65c3cba3af4102f4,/data/FMD_Data_26082026/fmd_temp_images/Updated ICube Categorical Classes 20260915/Low Dose/20241118_214202_L27_C1_1_0.3991.bmp,Low Dose Obstructing Region of Interest,L27,test
155cb556ff041501a6d4d15998d9e25b,/data/FMD_Data_26082026/fmd_temp_images/Updated ICube Categorical Classes 20260915/Low Dose/20241104_093052_L27_C7_9909_0.7659.bmp,Low Dose Obstructing Region of Interest,L27,test
180d55609b655cfc802069320fe2f4a5,/data/FMD_Data_26082026/fmd_temp_images/Updated ICube Categorical Classes 20260915/Low Dose/20241103_214644_L27_C10_1_0.5644.bmp,Low Dose Obstructing Region of Interest,L27,test
189ec6d0241d0f3671cf016659171d88,/data/FMD_Data_26082026/fmd_temp_images/ICube Defects Library/Low Dose Obstructing Region of Interest/20241112_023950_L27_PalletGHK1112043142_Cavity11_B01796S_Pass1_Score(0.007532895).bmp,Low Dose Obstructing Region of Interest,L27,test
19236ab4e16d30fede595015e0dea658,/data/FMD_Data_26082026/fmd_temp_images/Updated ICube Categorical Classes 20260915/Low Dose/20241118_223345_L27_C4_1_0.5337.bmp,Low Dose Obstructing Region of Interest,L27,test
1b6e4f8f5134031b91d993476da15b5b,/data/FMD_Data_26082026/fmd_temp_images/Updated ICube Categorical Classes 20260915/Low Dose/20241118_204700_L27_C1_1_0.9489.bmp,Low Dose Obstructing Region of Interest,L27,test
1cad63fa0288ce27cc42e46bc1ac2bc5,/data/FMD_Data_26082026/fmd_temp_images/Updated ICube Categorical Classes 20260915/Low Dose/20241116_192709_L27_C6_9988_0.5355.bmp,Low Dose Obstructing Region of Interest,L27,test
1d27ecd6390bf5da8917d45afdbaa883,/data/FMD_Data_26082026/fmd_temp_images/Updated ICube Categorical Classes 20260915/Low Dose/20241118_231611_L27_C6_1_0.7237.bmp,Low Dose Obstructing Region of Interest,L27,test
1f17a8bb64859ad32de5f08d8fce3dac,/data/FMD_Data_26082026/fmd_temp_images/ICube Defects Library/Low Dose Obstructing Region of Interest/20241112_033903_L27_PalletGHC1112053052_Cavity5_B01796S_Pass1_Score(0.004026115).bmp,Low Dose Obstructing Region of Interest,L27,test
219be5e7ba50f1ec738c0022fd6e2411,/data/FMD_Data_26082026/fmd_temp_images/Updated ICube Categorical Classes 20260915/Low Dose/20241118_170249_L27_C2_1_0.9504.bmp,Low Dose Obstructing Region of Interest,L27,test
23a8a148956fbc7ef9580c426235cea6,/data/FMD_Data_26082026/fmd_temp_images/Updated ICube Categorical Classes 20260915/Low Dose/20241102_003305_L27_C3_9089_0.5546.bmp,Low Dose Obstructing Region of Interest,L27,test
2aa4e4f0eb18ae674652d0d23597a753,/data/FMD_Data_26082026/fmd_temp_images/Updated ICube Categorical Classes 20260915/Low Dose/20241120_183649_L27_C2_9190_0.6843.bmp,Low Dose Obstructing Region of Interest,L27,test
2c4e61ad055977d1d3c39044b8ee2484,/data/FMD_Data_26082026/fmd_temp_images/Updated ICube Categorical Classes 20260915/Low Dose/20241208_123214_L27_C3_9136_0.6962.bmp,Low Dose Obstructing Region of Interest,L27,test
2dafd3d6f0f6878dfc03368d71a19d19,/data/FMD_Data_26082026/fmd_temp_images/Updated ICube Categorical Classes 20260915/Low Dose/20241119_115644_L27_C14_9968_0.5543.bmp,Low Dose Obstructing Region of Interest,L27,test
2f4b134a62708c1bdd95734b37776c09,/data/FMD_Data_26082026/fmd_temp_images/Updated ICube Categorical Classes 20260915/Low Dose/20241213_095623_L27_C2_9365_0.5092.bmp,Low Dose Obstructing Region of Interest,L27,test
30e36a099a1004e40ff1e71fab0b5dbf,/data/FMD_Data_26082026/fmd_temp_images/Updated ICube Categorical Classes 20260915/Low Dose/20241107_044417_L27_C9_9536_0.6728.bmp,Low Dose Obstructing Region of Interest,L27,test
348e3636990b8d354e711f84ba8ca228,/data/FMD_Data_26082026/fmd_temp_images/Updated ICube Categorical Classes 20260915/Low Dose/20241111_064749_L27_C3_9984_0.9616.bmp,Low Dose Obstructing Region of Interest,L27,test
36f22b1ae68462a3cf0b99b40618b53b,/data/FMD_Data_26082026/fmd_temp_images/Updated ICube Categorical Classes 20260915/Low Dose/20241118_221029_L27_C4_1_0.8524.bmp,Low Dose Obstructing Region of Interest,L27,test
37feecf6567b8a784949c75f9dc21325,/data/FMD_Data_26082026/fmd_temp_images/Updated ICube Categorical Classes 20260915/Low Dose/20241118_215923_L27_C6_1_0.2808.bmp,Low Dose Obstructing Region of Interest,L27,test
3ae0679c6d443f1c2572a32658223c64,/data/FMD_Data_26082026/fmd_temp_images/Updated ICube Categorical Classes 20260915/Low Dose/20241103_230218_L27_C10_1_0.8350.bmp,Low Dose Obstructing Region of Interest,L27,test
3ccdc66669357b1ac829d5191b9202d0,/data/FMD_Data_26082026/fmd_temp_images/Updated ICube Categorical Classes 20260915/Low Dose/20241112_195603_L27_C8_1_0.3610.bmp,Low Dose Obstructing Region of Interest,L27,test
3d214636c7928474df0c531851a8c12b,/data/FMD_Data_26082026/fmd_temp_images/Updated ICube Categorical Classes 20260915/Low Dose/20241109_164422_L27_C15_9521_0.5205.bmp,Low Dose Obstructing Region of Interest,L27,test
40dd4113abe9f59686b0fde7aedb986e,/data/FMD_Data_26082026/fmd_temp_images/Updated ICube Categorical Classes 20260915/Low Dose/20241117_162433_L27_C4_9983_0.5855.bmp,Low Dose Obstructing Region of Interest,L27,test
40f49bea1315604ccf6b02a94223e1ae,/data/FMD_Data_26082026/fmd_temp_images/Updated ICube Categorical Classes 20260915/Low Dose/20241103_211144_L27_C14_1_0.9669.bmp,Low Dose Obstructing Region of Interest,L27,test
421680d9dc94d8b542eef3dabd5806ab,/data/FMD_Data_26082026/fmd_temp_images/Updated ICube Categorical Classes 20260915/Low Dose/20241113_232046_L27_C1_1_0.7578.bmp,Low Dose Obstructing Region of Interest,L27,test
4311d195aee784095b8631e647439dd1,/data/FMD_Data_26082026/fmd_temp_images/Updated ICube Categorical Classes 20260915/Low Dose/20241205_185003_L27_C1_9785_0.7580.bmp,Low Dose Obstructing Region of Interest,L27,test
4313c30ec201cded64f66c244bd35962,/data/FMD_Data_26082026/fmd_temp_images/Updated ICube Categorical Classes 20260915/Low Dose/20241118_231038_L27_C1_1_0.8820.bmp,Low Dose Obstructing Region of Interest,L27,test
445ded169a03dce16e911bd1b1e25fd4,/data/FMD_Data_26082026/fmd_temp_images/Updated ICube Categorical Classes 20260915/Low Dose/20241118_211545_L27_C1_1_0.9883.bmp,Low Dose Obstructing Region of Interest,L27,test
4533d4dae713cfd4c644643ead5e3086,/data/FMD_Data_26082026/fmd_temp_images/Updated ICube Categorical Classes 20260915/Low Dose/20241113_045526_L27_C1_9261_0.8079.bmp,Low Dose Obstructing Region of Interest,L27,test
4645709e17be5fac9abc7527d912f160,/data/FMD_Data_26082026/fmd_temp_images/Updated ICube Categorical Classes 20260915/Low Dose/20241213_135725_L27_C4_9364_0.5373.bmp,Low Dose Obstructing Region of Interest,L27,test
466338369927921066f7a32614d7b2aa,/data/FMD_Data_26082026/fmd_temp_images/Updated ICube Categorical Classes 20260915/Low Dose/20241213_222830_L27_C15_9605_0.9097.bmp,Low Dose Obstructing Region of Interest,L27,test
49261f31bb5164f7139d83c58d71e118,/data/FMD_Data_26082026/fmd_temp_images/Updated ICube Categorical Classes 20260915/Low Dose/20241118_231849_L27_C4_1_0.1875.bmp,Low Dose Obstructing Region of Interest,L27,test
4934711f090fbf4bc98dd9c058147b9a,/data/FMD_Data_26082026/fmd_temp_images/Updated ICube Categorical Classes 20260915/Low Dose/20241118_230107_L27_C1_1_0.9866.bmp,Low Dose Obstructing Region of Interest,L27,test
493af0d077bcd42b62b73c197b1cfd42,/data/FMD_Data_26082026/fmd_temp_images/Updated ICube Categorical Classes 20260915/Low Dose/20241118_234406_L27_C1_1_0.9284.bmp,Low Dose Obstructing Region of Interest,L27,test
4e9a013fed4b3d04ac5c4d5d62772c44,/data/FMD_Data_26082026/fmd_temp_images/Updated ICube Categorical Classes 20260915/Low Dose/20241113_043232_L27_C9_9999_0.6255.bmp,Low Dose Obstructing Region of Interest,L27,test
508a3e240ea561af1329c873f7b7d0e6,/data/FMD_Data_26082026/fmd_temp_images/Updated ICube Categorical Classes 20260915/Low Dose/20241113_030909_L27_C7_9470_0.8047.bmp,Low Dose Obstructing Region of Interest,L27,test
52e00d92c206b1b6593751314f848913,/data/FMD_Data_26082026/fmd_temp_images/ICube Defects Library/Low Dose Obstructing Region of Interest/20241112_033853_L27_PalletGHU1112053042_Cavity7_B01796S_Pass1_Score(0.007141709).bmp,Low Dose Obstructing Region of Interest,L27,test
5508e7a11152e09fb323e9c4abbe55a6,/data/FMD_Data_26082026/fmd_temp_images/Updated ICube Categorical Classes 20260915/Low Dose/20241104_143706_L27_C15_9967_0.4372.bmp,Low Dose Obstructing Region of Interest,L27,test
577531bd7c789293f333fe837fb776eb,/data/FMD_Data_26082026/fmd_temp_images/Updated ICube Categorical Classes 20260915/Low Dose/20241112_195438_L27_C14_1_0.3586.bmp,Low Dose Obstructing Region of Interest,L27,test
57caa6849c9e79496deee2658862f297,/data/FMD_Data_26082026/fmd_temp_images/Updated ICube Categorical Classes 20260915/Low Dose/20241111_060733_L27_C1_9703_0.9145.bmp,Low Dose Obstructing Region of Interest,L27,test
59dbaa036ee575202a34e6e7ea90b2ec,/data/FMD_Data_26082026/fmd_temp_images/Updated ICube Categorical Classes 20260915/Low Dose/20241114_022451_L27_C13_1_0.7805.bmp,Low Dose Obstructing Region of Interest,L27,test
5cd0de1cdb98b73f2fe989628461198d,/data/FMD_Data_26082026/fmd_temp_images/Updated ICube Categorical Classes 20260915/Low Dose/20241118_220750_L27_C12_1_0.7467.bmp,Low Dose Obstructing Region of Interest,L27,test
5f5bc95a474a9b8f3a2b4d0fcdeb4280,/data/FMD_Data_26082026/fmd_temp_images/Updated ICube Categorical Classes 20260915/Low Dose/20241104_032249_L27_C3_9401_0.5717.bmp,Low Dose Obstructing Region of Interest,L27,test
602f4920b033cdc352dabf2406a63d08,/data/FMD_Data_26082026/fmd_temp_images/Updated ICube Categorical Classes 20260915/Low Dose/20241120_192839_L27_C14_9336_0.7740.bmp,Low Dose Obstructing Region of Interest,L27,test
629fe7d3cacb3cec0f53a95dbe765bfb,/data/FMD_Data_26082026/fmd_temp_images/ICube Defects Library/Low Dose Obstructing Region of Interest/20241112_024009_L27_PalletGHQ1112043157_Cavity15_B01796S_Pass1_Score(0.006394804).bmp,Low Dose Obstructing Region of Interest,L27,test
646049a8ce77b10ec49accee79525721,/data/FMD_Data_26082026/fmd_temp_images/Updated ICube Categorical Classes 20260915/Low Dose/20241118_174807_L27_C1_1_0.8719.bmp,Low Dose Obstructing Region of Interest,L27,test
6468f7c9d3ee27c11ea7aad1133ae02c,/data/FMD_Data_26082026/fmd_temp_images/Updated ICube Categorical Classes 20260915/Low Dose/20241103_131757_L27_C8_1_0.9193.bmp,Low Dose Obstructing Region of Interest,L27,test
671e0b927536a7edd9debaea9ea75d57,/data/FMD_Data_26082026/fmd_temp_images/Updated ICube Categorical Classes 20260915/Low Dose/20241207_202843_L27_C7_9308_0.7983.bmp,Low Dose Obstructing Region of Interest,L27,test
6792a9ca86fab25ff53d20e4410c949a,/data/FMD_Data_26082026/fmd_temp_images/Updated ICube Categorical Classes 20260915/Low Dose/20241119_070042_L27_C2_9238_0.4786.bmp,Low Dose Obstructing Region of Interest,L27,test
6b5c05912d2bdad35c581bf7706c571b,/data/FMD_Data_26082026/fmd_temp_images/Updated ICube Categorical Classes 20260915/Low Dose/20241205_065636_L27_C15_9252_0.4858.bmp,Low Dose Obstructing Region of Interest,L27,test
6ccb92c46e3915bddbb27761984abaa6,/data/FMD_Data_26082026/fmd_temp_images/Updated ICube Categorical Classes 20260915/Low Dose/20241116_070712_L27_C15_9514_0.4055.bmp,Low Dose Obstructing Region of Interest,L27,test
6d59a5005a06dd1d8dad9a46779ac231,/data/FMD_Data_26082026/fmd_temp_images/Updated ICube Categorical Classes 20260915/Low Dose/20241118_233712_L27_C4_1_0.6369.bmp,Low Dose Obstructing Region of Interest,L27,test
712e7652e159a28b869f40238280ced7,/data/FMD_Data_26082026/fmd_temp_images/Updated ICube Categorical Classes 20260915/Low Dose/20241110_163640_L27_C15_9997_0.8405.bmp,Low Dose Obstructing Region of Interest,L27,test
724552d0f8f5f29dd435a701d6d6bfd9,/data/FMD_Data_26082026/fmd_temp_images/Updated ICube Categorical Classes 20260915/Low Dose/20241103_203530_L27_C10_1_0.7402.bmp,Low Dose Obstructing Region of Interest,L27,test
73d7547a613fb911e0390f2c7f84cc77,/data/FMD_Data_26082026/fmd_temp_images/Updated ICube Categorical Classes 20260915/Low Dose/20241115_222949_L27_C6_9178_0.7088.bmp,Low Dose Obstructing Region of Interest,L27,test
757f0e9a72723b3a94c1c697186b98f3,/data/FMD_Data_26082026/fmd_temp_images/Updated ICube Categorical Classes 20260915/Low Dose/20241119_001349_L27_C15_9095_0.5401.bmp,Low Dose Obstructing Region of Interest,L27,test
75fb96beb70c3b0d136d0c8bbee7fbb1,/data/FMD_Data_26082026/fmd_temp_images/Updated ICube Categorical Classes 20260915/Low Dose/20241118_233115_L27_C1_1_0.9710.bmp,Low Dose Obstructing Region of Interest,L27,test
795c265c69c20ad0e8d7c51ece5fc8ba,/data/FMD_Data_26082026/fmd_temp_images/Updated ICube Categorical Classes 20260915/Low Dose/20241118_182209_L27_C1_1_0.7216.bmp,Low Dose Obstructing Region of Interest,L27,test
7a5911987e297250cc78f5aff5420363,/data/FMD_Data_26082026/fmd_temp_images/Updated ICube Categorical Classes 20260915/Low Dose/20241109_195455_L27_C6_9806_0.6944.bmp,Low Dose Obstructing Region of Interest,L27,test
7d6689a067e81b600b1d006765fc7174,/data/FMD_Data_26082026/fmd_temp_images/Updated ICube Categorical Classes 20260915/Low Dose/20241119_193525_L27_C14_9419_0.3793.bmp,Low Dose Obstructing Region of Interest,L27,test
7df7930d98e698d75ddcb84ded856770,/data/FMD_Data_26082026/fmd_temp_images/Updated ICube Categorical Classes 20260915/Low Dose/20241114_020626_L27_C6_1_0.8520.bmp,Low Dose Obstructing Region of Interest,L27,test
803a3a75579c75dfa9a3a1dde06535eb,/data/FMD_Data_26082026/fmd_temp_images/Updated ICube Categorical Classes 20260915/Low Dose/20241103_232222_L27_C10_1_0.3881.bmp,Low Dose Obstructing Region of Interest,L27,test
83df4324dd116465103efe6e6da9e6f0,/data/FMD_Data_26082026/fmd_temp_images/Updated ICube Categorical Classes 20260915/Low Dose/20241103_215350_L27_C14_1_0.6581.bmp,Low Dose Obstructing Region of Interest,L27,test
83e2b800042a5e9559084e86922c5dd5,/data/FMD_Data_26082026/fmd_temp_images/Updated ICube Categorical Classes 20260915/Low Dose/20241119_151909_L27_C11_9665_0.5591.bmp,Low Dose Obstructing Region of Interest,L27,test
8535cdfa3514bb396d66d6e405ba7cb9,/data/FMD_Data_26082026/fmd_temp_images/Updated ICube Categorical Classes 20260915/Low Dose/20241118_204326_L27_C2_1_0.9884.bmp,Low Dose Obstructing Region of Interest,L27,test
85b3fe131a63a8a09973ea1482ac0fa7,/data/FMD_Data_26082026/fmd_temp_images/Updated ICube Categorical Classes 20260915/Low Dose/20241118_205857_L27_C1_1_0.7156.bmp,Low Dose Obstructing Region of Interest,L27,test
8693d0e70aa2109a1566cf7c4e916720,/data/FMD_Data_26082026/fmd_temp_images/Updated ICube Categorical Classes 20260915/Low Dose/20241214_034457_L27_C2_9414_0.5572.bmp,Low Dose Obstructing Region of Interest,L27,test
87fe3aac859d49ae5a9fb297d5533866,/data/FMD_Data_26082026/fmd_temp_images/Updated ICube Categorical Classes 20260915/Low Dose/20241103_121412_L27_C14_1_0.8643.bmp,Low Dose Obstructing Region of Interest,L27,test
888a80aedb3dda960459ffbb5b688921,/data/FMD_Data_26082026/fmd_temp_images/Updated ICube Categorical Classes 20260915/Low Dose/20241114_021649_L27_C1_1_0.9205.bmp,Low Dose Obstructing Region of Interest,L27,test
8a4c5e701eabc9a815714f380fe674b0,/data/FMD_Data_26082026/fmd_temp_images/Updated ICube Categorical Classes 20260915/Low Dose/20241103_235133_L27_C15_9999_0.6900.bmp,Low Dose Obstructing Region of Interest,L27,test
8c0ed7265a28ac9ebc18447ee3b95aa4,/data/FMD_Data_26082026/fmd_temp_images/Updated ICube Categorical Classes 20260915/Low Dose/20241121_070703_L27_C15_9489_0.5161.bmp,Low Dose Obstructing Region of Interest,L27,test
8df97db28b89081a868efcb6831aaafe,/data/FMD_Data_26082026/fmd_temp_images/Updated ICube Categorical Classes 20260915/Low Dose/20241118_195801_L27_C6_1_0.6339.bmp,Low Dose Obstructing Region of Interest,L27,test
904c457d6860b9857d7019fcb6fa9d24,/data/FMD_Data_26082026/fmd_temp_images/Updated ICube Categorical Classes 20260915/Low Dose/20241117_090528_L27_C15_9709_0.5417.bmp,Low Dose Obstructing Region of Interest,L27,test
914519ab3abfd708f4356fddbe34aad2,/data/FMD_Data_26082026/fmd_temp_images/Updated ICube Categorical Classes 20260915/Low Dose/20241109_152904_L27_C2_9385_0.4345.bmp,Low Dose Obstructing Region of Interest,L27,test
9721f0638bacbd51cdde38790bd678d4,/data/FMD_Data_26082026/fmd_temp_images/Updated ICube Categorical Classes 20260915/Low Dose/20241119_171633_L27_C1_9693_0.6709.bmp,Low Dose Obstructing Region of Interest,L27,test
9a501840823878c9fd5f366580d4bb27,/data/FMD_Data_26082026/fmd_temp_images/Updated ICube Categorical Classes 20260915/Low Dose/20241119_144055_L27_C6_9446_0.9006.bmp,Low Dose Obstructing Region of Interest,L27,test
9b4c6f77fc5992b218402317429fd822,/data/FMD_Data_26082026/fmd_temp_images/Updated ICube Categorical Classes 20260915/Low Dose/20241114_013919_L27_C10_1_0.2720.bmp,Low Dose Obstructing Region of Interest,L27,test
9c924fe551edc5ca53892d193005c38b,/data/FMD_Data_26082026/fmd_temp_images/Updated ICube Categorical Classes 20260915/Low Dose/20241104_011702_L27_C8_9147_0.6141.bmp,Low Dose Obstructing Region of Interest,L27,test
9ed814edb1c1a94b5e771e16cbe8dd2b,/data/FMD_Data_26082026/fmd_temp_images/Updated ICube Categorical Classes 20260915/Low Dose/20241112_050251_L27_C15_9818_0.5865.bmp,Low Dose Obstructing Region of Interest,L27,test
a3b66c7b154f1dc24bdab110ca8d6cb1,/data/FMD_Data_26082026/fmd_temp_images/Updated ICube Categorical Classes 20260915/Low Dose/20241118_231746_L27_C6_1_0.4635.bmp,Low Dose Obstructing Region of Interest,L27,test
a4d3aa2eb0fb9866c6047ce3411777e7,/data/FMD_Data_26082026/fmd_temp_images/Updated ICube Categorical Classes 20260915/Low Dose/20241103_151024_L27_C10_1_0.5590.bmp,Low Dose Obstructing Region of Interest,L27,test
a8267d49cd504611d4ff8a867550b131,/data/FMD_Data_26082026/fmd_temp_images/Updated ICube Categorical Classes 20260915/Low Dose/20241118_172529_L27_C1_1_0.4038.bmp,Low Dose Obstructing Region of Interest,L27,test
a8dde4d91b8d8c062f65994269380841,/data/FMD_Data_26082026/fmd_temp_images/ICube Defects Library/Low Dose Obstructing Region of Interest/20241112_023945_L27_PalletGHH1112043134_Cavity15_B01796S_Pass1_Score(0.03120679).bmp,Low Dose Obstructing Region of Interest,L27,test
aa58db3bc478d59924ae88ae5c58aaad,/data/FMD_Data_26082026/fmd_temp_images/Updated ICube Categorical Classes 20260915/Low Dose/20241118_201228_L27_C1_1_0.8345.bmp,Low Dose Obstructing Region of Interest,L27,test
ab47aec7a789428236279d7149a26bb0,/data/FMD_Data_26082026/fmd_temp_images/Updated ICube Categorical Classes 20260915/Low Dose/20241113_203713_L27_C1_1_0.6103.bmp,Low Dose Obstructing Region of Interest,L27,test
abaf50b6cbd491fea75b70c73e64be72,/data/FMD_Data_26082026/fmd_temp_images/Updated ICube Categorical Classes 20260915/Low Dose/20241118_133700_L27_C1_1_0.6110.bmp,Low Dose Obstructing Region of Interest,L27,test
ac4a07f5406a417a75b8ec562d1f285e,/data/FMD_Data_26082026/fmd_temp_images/Updated ICube Categorical Classes 20260915/Low Dose/20241118_181827_L27_C1_1_0.7450.bmp,Low Dose Obstructing Region of Interest,L27,test
ad6567fb72154bfd75d17c1ab71a786d,/data/FMD_Data_26082026/fmd_temp_images/Updated ICube Categorical Classes 20260915/Low Dose/20241117_024255_L27_C4_9497_0.8802.bmp,Low Dose Obstructing Region of Interest,L27,test
b19cf26fa78231fba39343c9325687eb,/data/FMD_Data_26082026/fmd_temp_images/Updated ICube Categorical Classes 20260915/Low Dose/20241118_213001_L27_C4_1_0.6349.bmp,Low Dose Obstructing Region of Interest,L27,test
b348736647c0055e4d069b004be0f107,/data/FMD_Data_26082026/fmd_temp_images/Updated ICube Categorical Classes 20260915/Low Dose/20241104_163309_L27_C13_9977_0.4003.bmp,Low Dose Obstructing Region of Interest,L27,test
b50e431b58fdc1ddef9f8cea7fb1842c,/data/FMD_Data_26082026/fmd_temp_images/Updated ICube Categorical Classes 20260915/Low Dose/20241118_214029_L27_C1_1_0.9298.bmp,Low Dose Obstructing Region of Interest,L27,test
b51b70aba6a55a5c4e80590026b5d0d3,/data/FMD_Data_26082026/fmd_temp_images/Updated ICube Categorical Classes 20260915/Low Dose/20241118_134959_L27_C1_1_0.8483.bmp,Low Dose Obstructing Region of Interest,L27,test
b593e3c2d1ee001c52117335cd9b4e14,/data/FMD_Data_26082026/fmd_temp_images/Updated ICube Categorical Classes 20260915/Low Dose/20241206_192059_L27_C2_9648_0.6089.bmp,Low Dose Obstructing Region of Interest,L27,test
b608121a1ad5b05eda2eb17d31dcc630,/data/FMD_Data_26082026/fmd_temp_images/Updated ICube Categorical Classes 20260915/Low Dose/20241118_205158_L27_C1_1_0.9585.bmp,Low Dose Obstructing Region of Interest,L27,test
b949c4adac0011c51d3e30121ad0d92b,/data/FMD_Data_26082026/fmd_temp_images/Updated ICube Categorical Classes 20260915/Low Dose/20241110_084019_L27_C3_9147_0.9522.bmp,Low Dose Obstructing Region of Interest,L27,test
be46a01b2f3569256ebaf9a8aee762b1,/data/FMD_Data_26082026/fmd_temp_images/Updated ICube Categorical Classes 20260915/Low Dose/20241121_165856_L27_C12_9865_0.4947.bmp,Low Dose Obstructing Region of Interest,L27,test
bffaabd495b35d25dfb05ba9c4fbc903,/data/FMD_Data_26082026/fmd_temp_images/Updated ICube Categorical Classes 20260915/Low Dose/20241103_215317_L27_C10_1_0.5883.bmp,Low Dose Obstructing Region of Interest,L27,test
c05ae7cb9b3d2bdb5c370c061931278b,/data/FMD_Data_26082026/fmd_temp_images/Updated ICube Categorical Classes 20260915/Low Dose/20241118_222553_L27_C4_1_0.5204.bmp,Low Dose Obstructing Region of Interest,L27,test
c11d252081f18a6297cf771bd8938ce6,/data/FMD_Data_26082026/fmd_temp_images/Updated ICube Categorical Classes 20260915/Low Dose/20241104_003415_L27_C1_9991_0.6249.bmp,Low Dose Obstructing Region of Interest,L27,test
c2691e3acfab52198e6f9988e8197dbf,/data/FMD_Data_26082026/fmd_temp_images/Updated ICube Categorical Classes 20260915/Low Dose/20241206_125017_L27_C8_9395_0.4128.bmp,Low Dose Obstructing Region of Interest,L27,test
c510946b347cbf14fccf6c41e67093d7,/data/FMD_Data_26082026/fmd_temp_images/Updated ICube Categorical Classes 20260915/Low Dose/20241118_222723_L27_C1_1_0.9873.bmp,Low Dose Obstructing Region of Interest,L27,test
c56b2e63e19cb511e47db5afef33e484,/data/FMD_Data_26082026/fmd_temp_images/Updated ICube Categorical Classes 20260915/Low Dose/20241118_214453_L27_C1_1_0.5723.bmp,Low Dose Obstructing Region of Interest,L27,test
c79ca733a1cd00396189c581e42320ab,/data/FMD_Data_26082026/fmd_temp_images/Updated ICube Categorical Classes 20260915/Low Dose/20241121_235811_L27_C15_9051_0.5008.bmp,Low Dose Obstructing Region of Interest,L27,test
c902d8c6d9a32ab7ba3e26cf2b79eed6,/data/FMD_Data_26082026/fmd_temp_images/Updated ICube Categorical Classes 20260915/Low Dose/20241103_142027_L27_C1_1_0.8453.bmp,Low Dose Obstructing Region of Interest,L27,test
ca0b1ba291a0f228d7677edffa39e30c,/data/FMD_Data_26082026/fmd_temp_images/Updated ICube Categorical Classes 20260915/Low Dose/20241118_211755_L27_C8_1_0.8469.bmp,Low Dose Obstructing Region of Interest,L27,test
ccedf806d6098ec017386de4b8ef41cc,/data/FMD_Data_26082026/fmd_temp_images/Updated ICube Categorical Classes 20260915/Low Dose/20241119_060110_L27_C13_9427_0.7627.bmp,Low Dose Obstructing Region of Interest,L27,test
d2bfa6bc31cd2408c49bbab6baad59c7,/data/FMD_Data_26082026/fmd_temp_images/Updated ICube Categorical Classes 20260915/Low Dose/20241121_181216_L27_C15_9776_0.7151.bmp,Low Dose Obstructing Region of Interest,L27,test
d4cba772b5c771328686323246499feb,/data/FMD_Data_26082026/fmd_temp_images/Updated ICube Categorical Classes 20260915/Low Dose/20241114_120517_L27_C1_9393_0.9357.bmp,Low Dose Obstructing Region of Interest,L27,test
d7d4c4820bd7918dec46e62959419e90,/data/FMD_Data_26082026/fmd_temp_images/Updated ICube Categorical Classes 20260915/Low Dose/20241103_233720_L27_C12_1_0.4750.bmp,Low Dose Obstructing Region of Interest,L27,test
daf419e47796cdf4424953851ea1c00d,/data/FMD_Data_26082026/fmd_temp_images/Updated ICube Categorical Classes 20260915/Low Dose/20241215_115737_L27_C15_9933_0.9882.bmp,Low Dose Obstructing Region of Interest,L27,test
dfde744f212871a22e7e282739e6a223,/data/FMD_Data_26082026/fmd_temp_images/ICube Defects Library/Low Dose Obstructing Region of Interest/20241118_223308_L27_C2_1.bmp,Low Dose Obstructing Region of Interest,L27,test
e1e89ef471606442bbf8adb4726af72d,/data/FMD_Data_26082026/fmd_temp_images/Updated ICube Categorical Classes 20260915/Low Dose/20241118_213938_L27_C4_1_0.9670.bmp,Low Dose Obstructing Region of Interest,L27,test
e2d2f46e7b1c7aaa0e04c53aae5ab520,/data/FMD_Data_26082026/fmd_temp_images/Updated ICube Categorical Classes 20260915/Low Dose/20241114_015102_L27_C12_1_0.5545.bmp,Low Dose Obstructing Region of Interest,L27,test
e78d54e6ec6b3b20854a2deff6ad793b,/data/FMD_Data_26082026/fmd_temp_images/Updated ICube Categorical Classes 20260915/Low Dose/20241118_204453_L27_C2_1_0.9629.bmp,Low Dose Obstructing Region of Interest,L27,test
e8d3a404602a705b70e8e5969dc01f73,/data/FMD_Data_26082026/fmd_temp_images/Updated ICube Categorical Classes 20260915/Low Dose/20241113_191910_L27_C11_9616_0.9640.bmp,Low Dose Obstructing Region of Interest,L27,test
e9a4fc957244240bbe98335a13cfda7b,/data/FMD_Data_26082026/fmd_temp_images/Updated ICube Categorical Classes 20260915/Low Dose/20241118_125703_L27_C12_9516_0.6847.bmp,Low Dose Obstructing Region of Interest,L27,test
ec270447d9929ca3d6339c0095f8b19d,/data/FMD_Data_26082026/fmd_temp_images/Updated ICube Categorical Classes 20260915/Low Dose/20241114_021526_L27_C13_1_0.6601.bmp,Low Dose Obstructing Region of Interest,L27,test
ec5c31fc0227456b4b8154784cad84bd,/data/FMD_Data_26082026/fmd_temp_images/Updated ICube Categorical Classes 20260915/Low Dose/20241114_014529_L27_C12_1_0.7377.bmp,Low Dose Obstructing Region of Interest,L27,test
f0d9325c456e941a6fc89ea881e40ae9,/data/FMD_Data_26082026/fmd_temp_images/Updated ICube Categorical Classes 20260915/Low Dose/20241118_232801_L27_C1_1_0.9978.bmp,Low Dose Obstructing Region of Interest,L27,test
f543cb0e4f347f148a324d9bceb7a342,/data/FMD_Data_26082026/fmd_temp_images/Updated ICube Categorical Classes 20260915/Low Dose/20241118_203848_L27_C2_1_0.8157.bmp,Low Dose Obstructing Region of Interest,L27,test
f6c1c6328b4016df1a56bd95e9a2a651,/data/FMD_Data_26082026/fmd_temp_images/Updated ICube Categorical Classes 20260915/Low Dose/20241120_203458_L27_C10_9568_0.4519.bmp,Low Dose Obstructing Region of Interest,L27,test
f78068011a34b5a63541bbc4d6459c1d,/data/FMD_Data_26082026/fmd_temp_images/Updated ICube Categorical Classes 20260915/Low Dose/20241118_175216_L27_C1_1_0.9788.bmp,Low Dose Obstructing Region of Interest,L27,test
f7e7a2abeeb40a0ad60011127d162883,/data/FMD_Data_26082026/fmd_temp_images/Updated ICube Categorical Classes 20260915/Low Dose/20241118_213654_L27_C1_1_0.6150.bmp,Low Dose Obstructing Region of Interest,L27,test
f9436274d44700d2978e771778dec25e,/data/FMD_Data_26082026/fmd_temp_images/Updated ICube Categorical Classes 20260915/Low Dose/20241104_141454_L27_C3_9171_0.9798.bmp,Low Dose Obstructing Region of Interest,L27,test
fa1bc97e080f39e45defcaf90b6dac74,/data/FMD_Data_26082026/fmd_temp_images/Updated ICube Categorical Classes 20260915/Low Dose/20241120_172112_L27_C13_9629_0.6955.bmp,Low Dose Obstructing Region of Interest,L27,test
fb59d747bd520ba978d7b1903226026e,/data/FMD_Data_26082026/fmd_temp_images/Updated ICube Categorical Classes 20260915/Low Dose/20241118_230826_L27_C4_1_0.5821.bmp,Low Dose Obstructing Region of Interest,L27,test
fc92ffa8101cfdc1ebc4398bd6d10088,/data/FMD_Data_26082026/fmd_temp_images/Updated ICube Categorical Classes 20260915/Low Dose/20241206_212044_L27_C13_9087_0.5184.bmp,Low Dose Obstructing Region of Interest,L27,test
fd74c9dd202c066a06bb4d7fb922ea60,/data/FMD_Data_26082026/fmd_temp_images/ICube Defects Library/Low Dose Obstructing Region of Interest/20241112_033858_L27_PalletGHA1112053047_Cavity6_B01796S_Pass1_Score(0.005597413).bmp,Low Dose Obstructing Region of Interest,L27,test
fe372b843a310da0fe8550d84d9bff0d,/data/FMD_Data_26082026/fmd_temp_images/Updated ICube Categorical Classes 20260915/Low Dose/20241111_025221_L27_C12_9881_0.5012.bmp,Low Dose Obstructing Region of Interest,L27,test
fe8b1259b179c4117c9c5ccbcd21d2ce,/data/FMD_Data_26082026/fmd_temp_images/Updated ICube Categorical Classes 20260915/Low Dose/20241118_230429_L27_C1_1_0.9826.bmp,Low Dose Obstructing Region of Interest,L27,test
00037a3f158360ab0cd3dc6486f0103c,/data/FMD_Data_26082026/fmd_temp_images/Updated ICube Categorical Classes 20260915/Low Dose/20241213_232950_L27_C2_9417_0.8308.bmp,Low Dose Obstructing Region of Interest,L27,train
005fe78c18564e20a8bdd439ba381ecb,/data/FMD_Data_26082026/fmd_temp_images/Updated ICube Categorical Classes 20260915/Low Dose/20241118_215853_L27_C1_1_0.3203.bmp,Low Dose Obstructing Region of Interest,L27,train
01b203094d253a55424528d0c52356a3,/data/FMD_Data_26082026/fmd_temp_images/ICube Defects Library/Low Dose Obstructing Region of Interest/20241118_224401_L27_C1_1.bmp,Low Dose Obstructing Region of Interest,L27,train
031d3abc30108f4551bcf55e5586bd44,/data/FMD_Data_26082026/fmd_temp_images/ICube Defects Library/Low Dose Obstructing Region of Interest/20241112_033849_L27_PalletGHS1112053037_Cavity3_B01796S_Pass1_Score(0.004475594).bmp,Low Dose Obstructing Region of Interest,L27,train
032aa17ef20c28d06a59f01515d6a99e,/data/FMD_Data_26082026/fmd_temp_images/Updated ICube Categorical Classes 20260915/Low Dose/20241113_083921_L27_C15_9304_0.8905.bmp,Low Dose Obstructing Region of Interest,L27,train
04730215e8d65464a11c8e9bf0c7d6df,/data/FMD_Data_26082026/fmd_temp_images/Updated ICube Categorical Classes 20260915/Low Dose/20241118_225247_L27_C1_1_0.9426.bmp,Low Dose Obstructing Region of Interest,L27,train
05f3315215d0ede75fc8e39ec289e5ea,/data/FMD_Data_26082026/fmd_temp_images/Updated ICube Categorical Classes 20260915/Low Dose/20241116_013328_L27_C15_9814_0.9541.bmp,Low Dose Obstructing Region of Interest,L27,train
067c6e31ce9c8cc36aef74f2cf6200c0,/data/FMD_Data_26082026/fmd_temp_images/Updated ICube Categorical Classes 20260915/Low Dose/20241111_134024_L27_C3_9998_0.9829.bmp,Low Dose Obstructing Region of Interest,L27,train
0685062d5d4530458e715cca153dc6f3,/data/FMD_Data_26082026/fmd_temp_images/Updated ICube Categorical Classes 20260915/Low Dose/20241118_215806_L27_C1_1_0.7330.bmp,Low Dose Obstructing Region of Interest,L27,train
08c9e8faa5fd7e10b88f29ca4638c534,/data/FMD_Data_26082026/fmd_temp_images/Updated ICube Categorical Classes 20260915/Low Dose/20241118_195801_L27_C1_1_0.9839.bmp,Low Dose Obstructing Region of Interest,L27,train
08e3a0eb5952eaf7f110513e195ef99f,/data/FMD_Data_26082026/fmd_temp_images/ICube Defects Library/Low Dose Obstructing Region of Interest/20241118_224959_L27_C1_1.bmp,Low Dose Obstructing Region of Interest,L27,train
0a52226ca2a2189fe0d05e416f8c17a2,/data/FMD_Data_26082026/fmd_temp_images/Updated ICube Categorical Classes 20260915/Low Dose/20241120_172633_L27_C11_9888_0.7042.bmp,Low Dose Obstructing Region of Interest,L27,train
0aedd182e17fe61853716f0603a28981,/data/FMD_Data_26082026/fmd_temp_images/Updated ICube Categorical Classes 20260915/Low Dose/20241103_233248_L27_C10_1_0.3325.bmp,Low Dose Obstructing Region of Interest,L27,train
0ddae48c38f8de58f9304a50faf0d406,/data/FMD_Data_26082026/fmd_temp_images/Updated ICube Categorical Classes 20260915/Low Dose/20241103_214612_L27_C12_1_0.5340.bmp,Low Dose Obstructing Region of Interest,L27,train
0ea27d58de70176582467baadc307b99,/data/FMD_Data_26082026/fmd_temp_images/Updated ICube Categorical Classes 20260915/Low Dose/20241118_222424_L27_C8_1_0.3235.bmp,Low Dose Obstructing Region of Interest,L27,train
0ed130986ae8c04559c1c74cad8902d5,/data/FMD_Data_26082026/fmd_temp_images/Updated ICube Categorical Classes 20260915/Low Dose/20241110_133032_L27_C2_9936_0.4334.bmp,Low Dose Obstructing Region of Interest,L27,train
0f0abfd9faecf4419d5fd8d77dbfa371,/data/FMD_Data_26082026/fmd_temp_images/Updated ICube Categorical Classes 20260915/Low Dose/20241118_135024_L27_C1_1_0.9800.bmp,Low Dose Obstructing Region of Interest,L27,train
0fa5882b13447509cfc38153fa213d46,/data/FMD_Data_26082026/fmd_temp_images/Updated ICube Categorical Classes 20260915/Low Dose/20241105_104408_L27_C15_9296_0.5623.bmp,Low Dose Obstructing Region of Interest,L27,train
1208702a6b70403add323ae232ddd607,/data/FMD_Data_26082026/fmd_temp_images/Updated ICube Categorical Classes 20260915/Low Dose/20241116_192233_L27_C15_9968_0.4220.bmp,Low Dose Obstructing Region of Interest,L27,train
12613e88f92917cc867c86b93ee7a398,/data/FMD_Data_26082026/fmd_temp_images/Updated ICube Categorical Classes 20260915/Low Dose/20241112_051546_L27_C5_9447_0.8308.bmp,Low Dose Obstructing Region of Interest,L27,train
12940b42be639e1ba23708ba679cb08e,/data/FMD_Data_26082026/fmd_temp_images/Updated ICube Categorical Classes 20260915/Low Dose/20241103_230351_L27_C10_1_0.3214.bmp,Low Dose Obstructing Region of Interest,L27,train
13583b6d86f9b34fece246d95847d0be,/data/FMD_Data_26082026/fmd_temp_images/Updated ICube Categorical Classes 20260915/Low Dose/20241111_042236_L27_C8_9463_0.6107.bmp,Low Dose Obstructing Region of Interest,L27,train
1369308d59b166f8eb34a54855366f4b,/data/FMD_Data_26082026/fmd_temp_images/Updated ICube Categorical Classes 20260915/Low Dose/20241117_205855_L27_C3_9760_0.9496.bmp,Low Dose Obstructing Region of Interest,L27,train
13e26d111d51a05821c9d0407c3b8131,/data/FMD_Data_26082026/fmd_temp_images/Updated ICube Categorical Classes 20260915/Low Dose/20241106_171407_L27_C5_9740_0.7433.bmp,Low Dose Obstructing Region of Interest,L27,train
142161f1e026d68f5b8d17cd0d2e8ca6,/data/FMD_Data_26082026/fmd_temp_images/Updated ICube Categorical Classes 20260915/Low Dose/20241103_233942_L27_C12_1_0.7226.bmp,Low Dose Obstructing Region of Interest,L27,train
145e355f32fa4afccf57eacb038c2b71,/data/FMD_Data_26082026/fmd_temp_images/Updated ICube Categorical Classes 20260915/Low Dose/20241103_111849_L27_C14_1_0.8067.bmp,Low Dose Obstructing Region of Interest,L27,train
1548966327b3fa4295310744baabf7e9,/data/FMD_Data_26082026/fmd_temp_images/Updated ICube Categorical Classes 20260915/Low Dose/20241105_154834_L27_C13_9116_0.7803.bmp,Low Dose Obstructing Region of Interest,L27,train
155406b12d3f8679978971455829befe,/data/FMD_Data_26082026/fmd_temp_images/Updated ICube Categorical Classes 20260915/Low Dose/20241109_200037_L27_C15_9176_0.6172.bmp,Low Dose Obstructing Region of Interest,L27,train
159b5ac0c47a845c363b9c3b0b8561c7,/data/FMD_Data_26082026/fmd_temp_images/Updated ICube Categorical Classes 20260915/Low Dose/20241117_173733_L27_C4_9268_0.6062.bmp,Low Dose Obstructing Region of Interest,L27,train
15eb8bc12afed870cc2a07e3d4fdf7e7,/data/FMD_Data_26082026/fmd_temp_images/Updated ICube Categorical Classes 20260915/Low Dose/20241119_033530_L27_C15_9094_0.4151.bmp,Low Dose Obstructing Region of Interest,L27,train
17013918b38efceaa49de2f2f1b78540,/data/FMD_Data_26082026/fmd_temp_images/Updated ICube Categorical Classes 20260915/Low Dose/20241117_092049_L27_C7_9069_0.6898.bmp,Low Dose Obstructing Region of Interest,L27,train
17e4bd60470c75d07fd0da1cf69fd20b,/data/FMD_Data_26082026/fmd_temp_images/Updated ICube Categorical Classes 20260915/Low Dose/20241120_163805_L27_C14_9983_0.4558.bmp,Low Dose Obstructing Region of Interest,L27,train
18f19a88c820333933acbeb9091d48dd,/data/FMD_Data_26082026/fmd_temp_images/Updated ICube Categorical Classes 20260915/Low Dose/20241118_103853_L27_C15_9534_0.6645.bmp,Low Dose Obstructing Region of Interest,L27,train
192109592404799d79a80acd146a910a,/data/FMD_Data_26082026/fmd_temp_images/Updated ICube Categorical Classes 20260915/Low Dose/20241119_004910_L27_C6_9586_0.7220.bmp,Low Dose Obstructing Region of Interest,L27,train
19dd178e5a73190c345c8ab5b1863d0d,/data/FMD_Data_26082026/fmd_temp_images/Updated ICube Categorical Classes 20260915/Low Dose/20241118_165121_L27_C1_1_0.7736.bmp,Low Dose Obstructing Region of Interest,L27,train
1a208dd2d4f96d43c596e9c3fa1886f5,/data/FMD_Data_26082026/fmd_temp_images/Updated ICube Categorical Classes 20260915/Low Dose/20241119_000014_L27_C3_9997_0.7518.bmp,Low Dose Obstructing Region of Interest,L27,train
1a9afab071f53f405f04ad8ab2027b89,/data/FMD_Data_26082026/fmd_temp_images/Updated ICube Categorical Classes 20260915/Low Dose/20241118_210409_L27_C1_1_0.6146.bmp,Low Dose Obstructing Region of Interest,L27,train
1ac03b3aa2d7ede3727c1539579590ea,/data/FMD_Data_26082026/fmd_temp_images/Updated ICube Categorical Classes 20260915/Low Dose/20241118_183259_L27_C1_1_0.4404.bmp,Low Dose Obstructing Region of Interest,L27,train
1b77103f767022ac7dd05c53d1de470a,/data/FMD_Data_26082026/fmd_temp_images/Updated ICube Categorical Classes 20260915/Low Dose/20241110_133543_L27_C14_9646_0.3524.bmp,Low Dose Obstructing Region of Interest,L27,train
1db208ebf883d5c333e38516871e088b,/data/FMD_Data_26082026/fmd_temp_images/Updated ICube Categorical Classes 20260915/Low Dose/20241106_230012_L27_C5_9940_0.7908.bmp,Low Dose Obstructing Region of Interest,L27,train
1eb74185c91b9e153297e5740c6a1bef,/data/FMD_Data_26082026/fmd_temp_images/Updated ICube Categorical Classes 20260915/Low Dose/20241114_013254_L27_C4_1_0.9121.bmp,Low Dose Obstructing Region of Interest,L27,train
21394b4f2e39e937d485b2c8262f103c,/data/FMD_Data_26082026/fmd_temp_images/Updated ICube Categorical Classes 20260915/Low Dose/20241101_183427_L27_C9_9426_0.5252.bmp,Low Dose Obstructing Region of Interest,L27,train
2153b122e0311fd541f73b45d8b4ccaa,/data/FMD_Data_26082026/fmd_temp_images/Updated ICube Categorical Classes 20260915/Low Dose/20241118_000622_L27_C12_9643_0.4670.bmp,Low Dose Obstructing Region of Interest,L27,train
231de2e0cf1c7ab90ff006855a702837,/data/FMD_Data_26082026/fmd_temp_images/Updated ICube Categorical Classes 20260915/Low Dose/20241118_125658_L27_C7_9507_0.9936.bmp,Low Dose Obstructing Region of Interest,L27,train
233b5dec7832e5e20e8a9fec3414f8df,/data/FMD_Data_26082026/fmd_temp_images/Updated ICube Categorical Classes 20260915/Low Dose/20241118_232454_L27_C2_1_0.3512.bmp,Low Dose Obstructing Region of Interest,L27,train
24c8b7165ca0425859f3386151665179,/data/FMD_Data_26082026/fmd_temp_images/Updated ICube Categorical Classes 20260915/Low Dose/20241207_151708_L27_C10_9109_0.4872.bmp,Low Dose Obstructing Region of Interest,L27,train
2640739a0dc277d5b9ada389c416f0dd,/data/FMD_Data_26082026/fmd_temp_images/Updated ICube Categorical Classes 20260915/Low Dose/20241118_222424_L27_C10_1_0.2996.bmp,Low Dose Obstructing Region of Interest,L27,train
26572436cc6fc34217cdd3e5d7d28917,/data/FMD_Data_26082026/fmd_temp_images/Updated ICube Categorical Classes 20260915/Low Dose/20241210_190909_L27_C14_9454_0.7150.bmp,Low Dose Obstructing Region of Interest,L27,train
26e8148171f53a66ab327a44c4598e50,/data/FMD_Data_26082026/fmd_temp_images/Updated ICube Categorical Classes 20260915/Low Dose/20241119_140058_L27_C13_9538_0.6574.bmp,Low Dose Obstructing Region of Interest,L27,train
275dd33368f0ce392c64656850a2ad22,/data/FMD_Data_26082026/fmd_temp_images/Updated ICube Categorical Classes 20260915/Low Dose/20241214_152220_L27_C15_9244_0.5294.bmp,Low Dose Obstructing Region of Interest,L27,train
2796afa6d5471d4eb66cd61d587edb44,/data/FMD_Data_26082026/fmd_temp_images/Updated ICube Categorical Classes 20260915/Low Dose/20241215_161311_L27_C9_9282_0.6654.bmp,Low Dose Obstructing Region of Interest,L27,train
27f0b7f74b0bafe61b72e7e3dd84bea3,/data/FMD_Data_26082026/fmd_temp_images/Updated ICube Categorical Classes 20260915/Low Dose/20241118_233804_L27_C12_1_0.4618.bmp,Low Dose Obstructing Region of Interest,L27,train
28227fe30b2233a637b624f879a44688,/data/FMD_Data_26082026/fmd_temp_images/ICube Defects Library/Low Dose Obstructing Region of Interest/20241112_023945_L27_PalletGHH1112043134_Cavity9_B01796S_Pass1_Score(0.004912436).bmp,Low Dose Obstructing Region of Interest,L27,train
282e703631642c320d0060735ef3abc2,/data/FMD_Data_26082026/fmd_temp_images/ICube Defects Library/Low Dose Obstructing Region of Interest/20241118_181832_L27_C2_1.bmp,Low Dose Obstructing Region of Interest,L27,train
284a1bd6aff93ab3f84f044d6c9929cb,/data/FMD_Data_26082026/fmd_temp_images/Updated ICube Categorical Classes 20260915/Low Dose/20241119_042328_L27_C15_9586_0.7812.bmp,Low Dose Obstructing Region of Interest,L27,train
2871e0f8344cd2278c4cc59c7fce9e0c,/data/FMD_Data_26082026/fmd_temp_images/Updated ICube Categorical Classes 20260915/Low Dose/20241118_210319_L27_C4_1_0.3794.bmp,Low Dose Obstructing Region of Interest,L27,train
29908f149d5946128bd4e604d543eeff,/data/FMD_Data_26082026/fmd_temp_images/Updated ICube Categorical Classes 20260915/Low Dose/20241214_172352_L27_C13_9395_0.9368.bmp,Low Dose Obstructing Region of Interest,L27,train
29958111d9a50f2dbfa1d6ddc40cdc1d,/data/FMD_Data_26082026/fmd_temp_images/Updated ICube Categorical Classes 20260915/Low Dose/20241104_121717_L27_C1_9929_0.7065.bmp,Low Dose Obstructing Region of Interest,L27,train
2aab45ff01fcfd1b7983fe0aa86cb7ed,/data/FMD_Data_26082026/fmd_temp_images/Updated ICube Categorical Classes 20260915/Low Dose/20241212_112204_L27_C7_9792_0.3669.bmp,Low Dose Obstructing Region of Interest,L27,train
2ab345fd6a4765e9cecfff535bb3b69e,/data/FMD_Data_26082026/fmd_temp_images/Updated ICube Categorical Classes 20260915/Low Dose/20241112_195316_L27_C7_1_0.3639.bmp,Low Dose Obstructing Region of Interest,L27,train
2b7d0b97a9f5d840d0aa386b73fbd5e0,/data/FMD_Data_26082026/fmd_temp_images/Updated ICube Categorical Classes 20260915/Low Dose/20241118_165544_L27_C4_1_0.2570.bmp,Low Dose Obstructing Region of Interest,L27,train
2c1653e447a589422fe9af7350cf4c64,/data/FMD_Data_26082026/fmd_temp_images/Updated ICube Categorical Classes 20260915/Low Dose/20241118_210825_L27_C1_1_0.9927.bmp,Low Dose Obstructing Region of Interest,L27,train
2d7ae49fe2ae530ffbe4422aa1f7fbe3,/data/FMD_Data_26082026/fmd_temp_images/Updated ICube Categorical Classes 20260915/Low Dose/20241213_142247_L27_C11_9987_0.4327.bmp,Low Dose Obstructing Region of Interest,L27,train
2db3b78417950ef1c70eb063c07b3e24,/data/FMD_Data_26082026/fmd_temp_images/Updated ICube Categorical Classes 20260915/Low Dose/20241206_062321_L27_C2_9494_0.4946.bmp,Low Dose Obstructing Region of Interest,L27,train
2e90c995f89b5f1e69e9830f3d1b2121,/data/FMD_Data_26082026/fmd_temp_images/Updated ICube Categorical Classes 20260915/Low Dose/20241118_220146_L27_C2_1_0.9574.bmp,Low Dose Obstructing Region of Interest,L27,train
2ed039a9fe6d877b151929264fc7d689,/data/FMD_Data_26082026/fmd_temp_images/Updated ICube Categorical Classes 20260915/Low Dose/20241108_211053_L27_C3_9651_0.2784.bmp,Low Dose Obstructing Region of Interest,L27,train
2f25cdbfa80497cc1771f968b1bc9623,/data/FMD_Data_26082026/fmd_temp_images/Updated ICube Categorical Classes 20260915/Low Dose/20241119_130823_L27_C10_9281_0.3873.bmp,Low Dose Obstructing Region of Interest,L27,train
2f66be7eaf0f970a31206003877e894b,/data/FMD_Data_26082026/fmd_temp_images/Updated ICube Categorical Classes 20260915/Low Dose/20241118_195653_L27_C1_1_0.9569.bmp,Low Dose Obstructing Region of Interest,L27,train
30ae5833381a087664ee312dfa44c95f,/data/FMD_Data_26082026/fmd_temp_images/Updated ICube Categorical Classes 20260915/Low Dose/20241209_034602_L27_C15_9999_0.6941.bmp,Low Dose Obstructing Region of Interest,L27,train
30fd8838cb788b70d9507fef3b5c8d49,/data/FMD_Data_26082026/fmd_temp_images/Updated ICube Categorical Classes 20260915/Low Dose/20241206_131141_L27_C1_9564_0.6635.bmp,Low Dose Obstructing Region of Interest,L27,train
32f09561ce0f3054ee3a05c896be291c,/data/FMD_Data_26082026/fmd_temp_images/Updated ICube Categorical Classes 20260915/Low Dose/20241118_234824_L27_C1_1_0.9884.bmp,Low Dose Obstructing Region of Interest,L27,train
34184f72618ecc1045aecae66586b5ee,/data/FMD_Data_26082026/fmd_temp_images/Updated ICube Categorical Classes 20260915/Low Dose/20241103_204554_L27_C10_1_0.8094.bmp,Low Dose Obstructing Region of Interest,L27,train
352fe2f4eec944285c0504ef15e26ac4,/data/FMD_Data_26082026/fmd_temp_images/Updated ICube Categorical Classes 20260915/Low Dose/20241119_013227_L27_C7_9941_0.6452.bmp,Low Dose Obstructing Region of Interest,L27,train
35b3001e473a8a052879914bf7c36fe3,/data/FMD_Data_26082026/fmd_temp_images/Updated ICube Categorical Classes 20260915/Low Dose/20241104_071025_L27_C4_9014_0.4220.bmp,Low Dose Obstructing Region of Interest,L27,train
362e37a9d5b38ae945068ec40000d1f1,/data/FMD_Data_26082026/fmd_temp_images/Updated ICube Categorical Classes 20260915/Low Dose/20241103_145151_L27_C8_1_0.4602.bmp,Low Dose Obstructing Region of Interest,L27,train
39c944d1facf8f85422c47ec4b162d3c,/data/FMD_Data_26082026/fmd_temp_images/Updated ICube Categorical Classes 20260915/Low Dose/20241117_021250_L27_C15_9298_0.9544.bmp,Low Dose Obstructing Region of Interest,L27,train
39ccb5af694e6443f134b3fe665ae84b,/data/FMD_Data_26082026/fmd_temp_images/Updated ICube Categorical Classes 20260915/Low Dose/20241120_190458_L27_C9_9971_0.3228.bmp,Low Dose Obstructing Region of Interest,L27,train
3a90c34eb3ca1c176b3a1f2836f8c3f6,/data/FMD_Data_26082026/fmd_temp_images/Updated ICube Categorical Classes 20260915/Low Dose/20241114_013536_L27_C14_1_0.9696.bmp,Low Dose Obstructing Region of Interest,L27,train
3acffdab33cd05347dddfe3b2e1aa1b5,/data/FMD_Data_26082026/fmd_temp_images/Updated ICube Categorical Classes 20260915/Low Dose/20241111_091008_L27_C10_9116_0.5902.bmp,Low Dose Obstructing Region of Interest,L27,train
3ad8f0addd84eaa301b08c043de7fcea,/data/FMD_Data_26082026/fmd_temp_images/Updated ICube Categorical Classes 20260915/Low Dose/20241103_090429_L27_C10_1_0.8598.bmp,Low Dose Obstructing Region of Interest,L27,train
3c50dbd44e61552b59cad08292da84da,/data/FMD_Data_26082026/fmd_temp_images/Updated ICube Categorical Classes 20260915/Low Dose/20241106_014440_L27_C11_9488_0.7635.bmp,Low Dose Obstructing Region of Interest,L27,train
3c8894e7103a59cab33185aad1a5095f,/data/FMD_Data_26082026/fmd_temp_images/Updated ICube Categorical Classes 20260915/Low Dose/20241119_001110_L27_C15_9999_0.4485.bmp,Low Dose Obstructing Region of Interest,L27,train
3d18e609f9cf672281bc4353d053face,/data/FMD_Data_26082026/fmd_temp_images/Updated ICube Categorical Classes 20260915/Low Dose/20241117_021521_L27_C4_9489_0.7770.bmp,Low Dose Obstructing Region of Interest,L27,train
3d218709e86925a08cca3298b0d79342,/data/FMD_Data_26082026/fmd_temp_images/Updated ICube Categorical Classes 20260915/Low Dose/20241103_214511_L27_C10_1_0.7620.bmp,Low Dose Obstructing Region of Interest,L27,train
3d6a36c6c77a59bb24aed0b9be803aca,/data/FMD_Data_26082026/fmd_temp_images/Updated ICube Categorical Classes 20260915/Low Dose/20241114_020419_L27_C14_1_0.4443.bmp,Low Dose Obstructing Region of Interest,L27,train
3ec9a31ad8ab96a1784e7279a8e599a5,/data/FMD_Data_26082026/fmd_temp_images/Updated ICube Categorical Classes 20260915/Low Dose/20241103_162727_L27_C14_1_0.8694.bmp,Low Dose Obstructing Region of Interest,L27,train
3ef805313776b62586412e932ce0b1d6,/data/FMD_Data_26082026/fmd_temp_images/Updated ICube Categorical Classes 20260915/Low Dose/20241103_163005_L27_C14_1_0.8524.bmp,Low Dose Obstructing Region of Interest,L27,train
3f1b00e881f299a663b22419ed093ace,/data/FMD_Data_26082026/fmd_temp_images/Updated ICube Categorical Classes 20260915/Low Dose/20241119_203817_L27_C15_9989_0.6852.bmp,Low Dose Obstructing Region of Interest,L27,train
3f6234c59eeda59196d0b953822c3c34,/data/FMD_Data_26082026/fmd_temp_images/Updated ICube Categorical Classes 20260915/Low Dose/20241119_021827_L27_C14_9757_0.8473.bmp,Low Dose Obstructing Region of Interest,L27,train
3f645c8171fd7cb4396395e9f5164231,/data/FMD_Data_26082026/fmd_temp_images/Updated ICube Categorical Classes 20260915/Low Dose/20241103_232804_L27_C10_1_0.5175.bmp,Low Dose Obstructing Region of Interest,L27,train
4037ffebf9bbed90d88d8fd814aedd96,/data/FMD_Data_26082026/fmd_temp_images/Updated ICube Categorical Classes 20260915/Low Dose/20241105_161011_L27_C1_9005_0.7883.bmp,Low Dose Obstructing Region of Interest,L27,train
431947edf40fb210a1daced45cdec56d,/data/FMD_Data_26082026/fmd_temp_images/Updated ICube Categorical Classes 20260915/Low Dose/20241118_222617_L27_C2_1_0.9823.bmp,Low Dose Obstructing Region of Interest,L27,train
434ac54daff50b493a555ac0bb973c41,/data/FMD_Data_26082026/fmd_temp_images/Updated ICube Categorical Classes 20260915/Low Dose/20241103_234239_L27_C1_1_0.9825.bmp,Low Dose Obstructing Region of Interest,L27,train
4405357b0cc67090dded3a693f99fae2,/data/FMD_Data_26082026/fmd_temp_images/Updated ICube Categorical Classes 20260915/Low Dose/20241118_213113_L27_C1_1_0.9748.bmp,Low Dose Obstructing Region of Interest,L27,train
443a6332b6d1bd337e516e959de3ffcb,/data/FMD_Data_26082026/fmd_temp_images/Updated ICube Categorical Classes 20260915/Low Dose/20241207_174206_L27_C2_9781_0.8163.bmp,Low Dose Obstructing Region of Interest,L27,train
45619f78a0a1fc325f2280875c8c838d,/data/FMD_Data_26082026/fmd_temp_images/Updated ICube Categorical Classes 20260915/Low Dose/20241114_015732_L27_C15_1_0.7794.bmp,Low Dose Obstructing Region of Interest,L27,train
45ae8a04818d8a9206a6a9f0845d1d9c,/data/FMD_Data_26082026/fmd_temp_images/Updated ICube Categorical Classes 20260915/Low Dose/20241120_180519_L27_C3_9410_0.9192.bmp,Low Dose Obstructing Region of Interest,L27,train
45e468500263ba224af448024a831c64,/data/FMD_Data_26082026/fmd_temp_images/Updated ICube Categorical Classes 20260915/Low Dose/20241120_161510_L27_C12_9492_0.4862.bmp,Low Dose Obstructing Region of Interest,L27,train
4634d1763b0f9dab2133fbc88d9bc942,/data/FMD_Data_26082026/fmd_temp_images/Updated ICube Categorical Classes 20260915/Low Dose/20241119_112350_L27_C5_9304_0.3750.bmp,Low Dose Obstructing Region of Interest,L27,train
46b47e9a1b26048c182cfc143b0b77b9,/data/FMD_Data_26082026/fmd_temp_images/Updated ICube Categorical Classes 20260915/Low Dose/20241209_212357_L27_C12_9030_0.5026.bmp,Low Dose Obstructing Region of Interest,L27,train
47c465c36d6954679e3c52e6863aa45c,/data/FMD_Data_26082026/fmd_temp_images/Updated ICube Categorical Classes 20260915/Low Dose/20241103_220712_L27_C14_1_0.3962.bmp,Low Dose Obstructing Region of Interest,L27,train
49f6fc279bbb050cb7e2b0dcf248576d,/data/FMD_Data_26082026/fmd_temp_images/Updated ICube Categorical Classes 20260915/Low Dose/20241105_022506_L27_C3_9786_0.9427.bmp,Low Dose Obstructing Region of Interest,L27,train
4a9dfaf817ca52d6b544448e69947f34,/data/FMD_Data_26082026/fmd_temp_images/Updated ICube Categorical Classes 20260915/Low Dose/20241104_002205_L27_C4_9800_0.7534.bmp,Low Dose Obstructing Region of Interest,L27,train
4ae130dc386accdcbf23275ebd7e994a,/data/FMD_Data_26082026/fmd_temp_images/Updated ICube Categorical Classes 20260915/Low Dose/20241116_125801_L27_C6_9273_0.9449.bmp,Low Dose Obstructing Region of Interest,L27,train
4b31bd0dea46475d37e9a51a43a23cf6,/data/FMD_Data_26082026/fmd_temp_images/Updated ICube Categorical Classes 20260915/Low Dose/20241119_084405_L27_C6_9448_0.6932.bmp,Low Dose Obstructing Region of Interest,L27,train
4b501f62d9bd05653823c6ad38def387,/data/FMD_Data_26082026/fmd_temp_images/Updated ICube Categorical Classes 20260915/Low Dose/20241114_015051_L27_C1_1_0.9885.bmp,Low Dose Obstructing Region of Interest,L27,train
4cfd40a33a284667b0a447e29f60e9ae,/data/FMD_Data_26082026/fmd_temp_images/ICube Defects Library/Low Dose Obstructing Region of Interest/20241112_023950_L27_PalletGHK1112043142_Cavity3_B01796S_Pass1_Score(0.005895436).bmp,Low Dose Obstructing Region of Interest,L27,train
4f1d54d713a9c8168655c6ca2e4d5dd2,/data/FMD_Data_26082026/fmd_temp_images/Updated ICube Categorical Classes 20260915/Low Dose/20241208_061503_L27_C4_9751_0.6614.bmp,Low Dose Obstructing Region of Interest,L27,train
4ff2482e213a5e5e1e8055b6833867d0,/data/FMD_Data_26082026/fmd_temp_images/Updated ICube Categorical Classes 20260915/Low Dose/20241121_174134_L27_C15_9760_0.5658.bmp,Low Dose Obstructing Region of Interest,L27,train
4fff04bc19b545808df03424cd82d101,/data/FMD_Data_26082026/fmd_temp_images/ICube Defects Library/Low Dose Obstructing Region of Interest/20241112_033903_L27_PalletGHC1112053052_Cavity2_B01796S_Pass1_Score(0.003620923).bmp,Low Dose Obstructing Region of Interest,L27,train
52620b71410bb59b00c86e951f3285f3,/data/FMD_Data_26082026/fmd_temp_images/Updated ICube Categorical Classes 20260915/Low Dose/20241121_174519_L27_C15_9998_0.8483.bmp,Low Dose Obstructing Region of Interest,L27,train
52f59e86e005e6d8782844707d1e65ca,/data/FMD_Data_26082026/fmd_temp_images/Updated ICube Categorical Classes 20260915/Low Dose/20241115_204509_L27_C1_9747_0.7001.bmp,Low Dose Obstructing Region of Interest,L27,train
54a8ad5faf1eae7f38060e0d5536bc6a,/data/FMD_Data_26082026/fmd_temp_images/Updated ICube Categorical Classes 20260915/Low Dose/20241118_232801_L27_C2_1_0.5444.bmp,Low Dose Obstructing Region of Interest,L27,train
557d7c9c1f04a54ef8e47ffb71661534,/data/FMD_Data_26082026/fmd_temp_images/Updated ICube Categorical Classes 20260915/Low Dose/20241114_014806_L27_C10_1_0.8790.bmp,Low Dose Obstructing Region of Interest,L27,train
55a34ceaeb80cc30f5e028c8c6a8f7ba,/data/FMD_Data_26082026/fmd_temp_images/Updated ICube Categorical Classes 20260915/Low Dose/20241103_110144_L27_C14_1_0.4752.bmp,Low Dose Obstructing Region of Interest,L27,train
560f9e7e346b266866dfcf34cd4b6f1f,/data/FMD_Data_26082026/fmd_temp_images/Updated ICube Categorical Classes 20260915/Low Dose/20241118_205910_L27_C2_1_0.9831.bmp,Low Dose Obstructing Region of Interest,L27,train
5611e26c0f0e18fa388f7e41ba50fbde,/data/FMD_Data_26082026/fmd_temp_images/Updated ICube Categorical Classes 20260915/Low Dose/20241213_162205_L27_C1_9032_0.6982.bmp,Low Dose Obstructing Region of Interest,L27,train
56295b074b981d90d50ae3891024f236,/data/FMD_Data_26082026/fmd_temp_images/Updated ICube Categorical Classes 20260915/Low Dose/20241104_055733_L27_C12_9071_0.6467.bmp,Low Dose Obstructing Region of Interest,L27,train
57e702281cda6519d81fa6b0b1b9e500,/data/FMD_Data_26082026/fmd_temp_images/ICube Defects Library/Low Dose Obstructing Region of Interest/20241112_023955_L27_PalletGHM1112043147_Cavity3_B01796S_Pass1_Score(0.009671509).bmp,Low Dose Obstructing Region of Interest,L27,train
586c215e9b59a6afd714ae967b40349f,/data/FMD_Data_26082026/fmd_temp_images/ICube Defects Library/Low Dose Obstructing Region of Interest/20241112_023945_L27_PalletGHH1112043134_Cavity11_B01796S_Pass1_Score(0.004683614).bmp,Low Dose Obstructing Region of Interest,L27,train
590290c3ad6f0048ec095c95163c2a67,/data/FMD_Data_26082026/fmd_temp_images/Updated ICube Categorical Classes 20260915/Low Dose/20241118_204917_L27_C2_1_0.9741.bmp,Low Dose Obstructing Region of Interest,L27,train
595beda0ac414de462a75c6f2dff9294,/data/FMD_Data_26082026/fmd_temp_images/Updated ICube Categorical Classes 20260915/Low Dose/20241120_173214_L27_C8_9968_0.5654.bmp,Low Dose Obstructing Region of Interest,L27,train
596a19594489f3ee7ccc2fd710625349,/data/FMD_Data_26082026/fmd_temp_images/Updated ICube Categorical Classes 20260915/Low Dose/20241117_092624_L27_C15_9803_0.9412.bmp,Low Dose Obstructing Region of Interest,L27,train
5c1e23354e51f3156a49c61471853b76,/data/FMD_Data_26082026/fmd_temp_images/Updated ICube Categorical Classes 20260915/Low Dose/20241213_072135_L27_C5_9999_0.4994.bmp,Low Dose Obstructing Region of Interest,L27,train
5ce70dc9da24d9fe8044d76eda04acf6,/data/FMD_Data_26082026/fmd_temp_images/Updated ICube Categorical Classes 20260915/Low Dose/20241104_044059_L27_C8_9567_0.5142.bmp,Low Dose Obstructing Region of Interest,L27,train
5df84a5510d2107f257aac3ac06470e0,/data/FMD_Data_26082026/fmd_temp_images/Updated ICube Categorical Classes 20260915/Low Dose/20241103_054333_L27_C10_1_0.9224.bmp,Low Dose Obstructing Region of Interest,L27,train
5f5ce2f5115be876b36572459d14cf46,/data/FMD_Data_26082026/fmd_temp_images/Updated ICube Categorical Classes 20260915/Low Dose/20241119_144321_L27_C5_9172_0.5107.bmp,Low Dose Obstructing Region of Interest,L27,train
5f8224a21de19e813a7812417d6b9102,/data/FMD_Data_26082026/fmd_temp_images/Updated ICube Categorical Classes 20260915/Low Dose/20241114_023605_L27_C8_1_0.3153.bmp,Low Dose Obstructing Region of Interest,L27,train
6001b3f11cadfcc8ea54ac1e970ee846,/data/FMD_Data_26082026/fmd_temp_images/Updated ICube Categorical Classes 20260915/Low Dose/20241120_163748_L27_C4_9764_0.8309.bmp,Low Dose Obstructing Region of Interest,L27,train
6204094a4929b89dc4ee941c42e69794,/data/FMD_Data_26082026/fmd_temp_images/Updated ICube Categorical Classes 20260915/Low Dose/20241120_160709_L27_C6_9329_0.3284.bmp,Low Dose Obstructing Region of Interest,L27,train
6238a292106fa2e5c92a8b7b0111bf37,/data/FMD_Data_26082026/fmd_temp_images/Updated ICube Categorical Classes 20260915/Low Dose/20241103_072341_L27_C10_1_0.9059.bmp,Low Dose Obstructing Region of Interest,L27,train
6243d627bec46910d90809b37485339d,/data/FMD_Data_26082026/fmd_temp_images/Updated ICube Categorical Classes 20260915/Low Dose/20241118_212500_L27_C1_1_0.9968.bmp,Low Dose Obstructing Region of Interest,L27,train
62c5c07561cbc8f47fee68d704f2bbc5,/data/FMD_Data_26082026/fmd_temp_images/Updated ICube Categorical Classes 20260915/Low Dose/20241111_121621_L27_C3_9973_0.6151.bmp,Low Dose Obstructing Region of Interest,L27,train
6448b08e65a1ea215c26fb638b651c02,/data/FMD_Data_26082026/fmd_temp_images/Updated ICube Categorical Classes 20260915/Low Dose/20241103_234013_L27_C10_1_0.5391.bmp,Low Dose Obstructing Region of Interest,L27,train
647a9549f9df9eb3f731fba442367885,/data/FMD_Data_26082026/fmd_temp_images/Updated ICube Categorical Classes 20260915/Low Dose/20241115_181603_L27_C1_9856_0.5832.bmp,Low Dose Obstructing Region of Interest,L27,train
6504e5d40d43f641ea931ae8787f6fdf,/data/FMD_Data_26082026/fmd_temp_images/Updated ICube Categorical Classes 20260915/Low Dose/20241118_211956_L27_C1_1_0.9667.bmp,Low Dose Obstructing Region of Interest,L27,train
67836ebe33098b84dd7fce0392ef4ea5,/data/FMD_Data_26082026/fmd_temp_images/Updated ICube Categorical Classes 20260915/Low Dose/20241118_192707_L27_C2_1_0.9639.bmp,Low Dose Obstructing Region of Interest,L27,train
686dadfcf7bedccdacd4681fbf83e3a5,/data/FMD_Data_26082026/fmd_temp_images/Updated ICube Categorical Classes 20260915/Low Dose/20241120_202433_L27_C15_9999_0.8574.bmp,Low Dose Obstructing Region of Interest,L27,train
688aea32b14e7fe404769ec1dce1e31c,/data/FMD_Data_26082026/fmd_temp_images/ICube Defects Library/Low Dose Obstructing Region of Interest/20241112_033853_L27_PalletGHU1112053042_Cavity14_B01796S_Pass1_Score(0.005023479).bmp,Low Dose Obstructing Region of Interest,L27,train
68ef6f5e939d1e6d2a5781dcf54815db,/data/FMD_Data_26082026/fmd_temp_images/Updated ICube Categorical Classes 20260915/Low Dose/20241118_150553_L27_C1_1_0.4536.bmp,Low Dose Obstructing Region of Interest,L27,train
698c592f8c94a9c585a2b82fe4837103,/data/FMD_Data_26082026/fmd_temp_images/Updated ICube Categorical Classes 20260915/Low Dose/20241212_081435_L27_C1_1_0.8410.bmp,Low Dose Obstructing Region of Interest,L27,train
69eb20451d836f029b13dfd39e0009b0,/data/FMD_Data_26082026/fmd_temp_images/Updated ICube Categorical Classes 20260915/Low Dose/20241113_030847_L27_C1_9774_0.4277.bmp,Low Dose Obstructing Region of Interest,L27,train
6a82083cee344768f74b0ff985ca99f1,/data/FMD_Data_26082026/fmd_temp_images/Updated ICube Categorical Classes 20260915/Low Dose/20241103_205406_L27_C10_1_0.8890.bmp,Low Dose Obstructing Region of Interest,L27,train
6aa1665960dcdf54a7f4537e6e930efe,/data/FMD_Data_26082026/fmd_temp_images/Updated ICube Categorical Classes 20260915/Low Dose/20241121_165850_L27_C15_9836_0.5452.bmp,Low Dose Obstructing Region of Interest,L27,train
6af7320b9e73b33c3897129dfaf42095,/data/FMD_Data_26082026/fmd_temp_images/Updated ICube Categorical Classes 20260915/Low Dose/20241118_204029_L27_C4_1_0.6484.bmp,Low Dose Obstructing Region of Interest,L27,train
6b8152b957d42113123529f1ef411c57,/data/FMD_Data_26082026/fmd_temp_images/Updated ICube Categorical Classes 20260915/Low Dose/20241102_131157_L27_C3_9392_0.7468.bmp,Low Dose Obstructing Region of Interest,L27,train
6c42d44c69ff9dfb6f026428feb42e93,/data/FMD_Data_26082026/fmd_temp_images/Updated ICube Categorical Classes 20260915/Low Dose/20241210_161628_L27_C6_9508_0.7606.bmp,Low Dose Obstructing Region of Interest,L27,train
6cb41e0dbb59df206f162742496f6f58,/data/FMD_Data_26082026/fmd_temp_images/Updated ICube Categorical Classes 20260915/Low Dose/20241119_015736_L27_C15_9668_0.4558.bmp,Low Dose Obstructing Region of Interest,L27,train
6d8312adcba67cc16465db513fe30d9e,/data/FMD_Data_26082026/fmd_temp_images/Updated ICube Categorical Classes 20260915/Low Dose/20241120_171139_L27_C15_9780_0.6872.bmp,Low Dose Obstructing Region of Interest,L27,train
6dc5cf5ece0f8110386cbd392d315529,/data/FMD_Data_26082026/fmd_temp_images/Updated ICube Categorical Classes 20260915/Low Dose/20241103_124920_L27_C14_1_0.9345.bmp,Low Dose Obstructing Region of Interest,L27,train
6de213140a2fbeb316e3983ccac8fef0,/data/FMD_Data_26082026/fmd_temp_images/Updated ICube Categorical Classes 20260915/Low Dose/20241109_150745_L27_C1_9978_0.5884.bmp,Low Dose Obstructing Region of Interest,L27,train
6ef61a8766f957e5ee727faeaabf210d,/data/FMD_Data_26082026/fmd_temp_images/Updated ICube Categorical Classes 20260915/Low Dose/20241103_163758_L27_C12_1_0.8777.bmp,Low Dose Obstructing Region of Interest,L27,train
705f6899246a07ef2e08cfb257727fa4,/data/FMD_Data_26082026/fmd_temp_images/Updated ICube Categorical Classes 20260915/Low Dose/20241103_215134_L27_C10_1_0.9222.bmp,Low Dose Obstructing Region of Interest,L27,train
7122ea061243cdc8397e26ce8878c79c,/data/FMD_Data_26082026/fmd_temp_images/Updated ICube Categorical Classes 20260915/Low Dose/20241118_222424_L27_C9_1_0.3402.bmp,Low Dose Obstructing Region of Interest,L27,train
7136589cc11e19f0e1381e44309c96be,/data/FMD_Data_26082026/fmd_temp_images/Updated ICube Categorical Classes 20260915/Low Dose/20241118_204431_L27_C6_1_0.2337.bmp,Low Dose Obstructing Region of Interest,L27,train
71adba13fdeba245d37a552785d42b54,/data/FMD_Data_26082026/fmd_temp_images/Updated ICube Categorical Classes 20260915/Low Dose/20241103_204814_L27_C1_1_0.3676.bmp,Low Dose Obstructing Region of Interest,L27,train
721d6113023d3355d3f58b4f2b093aeb,/data/FMD_Data_26082026/fmd_temp_images/Updated ICube Categorical Classes 20260915/Low Dose/20241119_035540_L27_C3_9637_0.3503.bmp,Low Dose Obstructing Region of Interest,L27,train
72a90cd2c67e20c28722145f61f1b509,/data/FMD_Data_26082026/fmd_temp_images/Updated ICube Categorical Classes 20260915/Low Dose/20241114_020242_L27_C5_1_0.7338.bmp,Low Dose Obstructing Region of Interest,L27,train
766cf9e6ea6aef898c2bc86c13bcc9d2,/data/FMD_Data_26082026/fmd_temp_images/Updated ICube Categorical Classes 20260915/Low Dose/20241118_192642_L27_C4_1_0.4400.bmp,Low Dose Obstructing Region of Interest,L27,train
77da63878a6c50c3e01a2b437ffa5f08,/data/FMD_Data_26082026/fmd_temp_images/Updated ICube Categorical Classes 20260915/Low Dose/20241118_212827_L27_C6_1_0.7191.bmp,Low Dose Obstructing Region of Interest,L27,train
7881b04d93cc057e3d8167b646f24660,/data/FMD_Data_26082026/fmd_temp_images/Updated ICube Categorical Classes 20260915/Low Dose/20241103_092030_L27_C8_9651_0.4146.bmp,Low Dose Obstructing Region of Interest,L27,train
788655cd219a67bfe102c047fbafaf79,/data/FMD_Data_26082026/fmd_temp_images/ICube Defects Library/Low Dose Obstructing Region of Interest/20241112_033912_L27_PalletGHH1112053105_Cavity3_B01796S_Pass1_Score(0.003548145).bmp,Low Dose Obstructing Region of Interest,L27,train
78f793c8ba9e589fd4d0346417eca1cf,/data/FMD_Data_26082026/fmd_temp_images/Updated ICube Categorical Classes 20260915/Low Dose/20241209_200648_L27_C5_9550_0.5114.bmp,Low Dose Obstructing Region of Interest,L27,train
7b37645b436c3789e9d1ea336af4deb3,/data/FMD_Data_26082026/fmd_temp_images/Updated ICube Categorical Classes 20260915/Low Dose/20241106_013817_L27_C9_9176_0.7921.bmp,Low Dose Obstructing Region of Interest,L27,train
7c572d761ffc850d82f3fe3adeca19d0,/data/FMD_Data_26082026/fmd_temp_images/Updated ICube Categorical Classes 20260915/Low Dose/20241103_232648_L27_C12_1_0.5700.bmp,Low Dose Obstructing Region of Interest,L27,train
7c665222627ed481510e4616537e2073,/data/FMD_Data_26082026/fmd_temp_images/Updated ICube Categorical Classes 20260915/Low Dose/20241118_230826_L27_C6_1_0.6729.bmp,Low Dose Obstructing Region of Interest,L27,train
7d038d0b0bb80a057f85560ba76b9e36,/data/FMD_Data_26082026/fmd_temp_images/Updated ICube Categorical Classes 20260915/Low Dose/20241118_193841_L27_C4_1_0.3524.bmp,Low Dose Obstructing Region of Interest,L27,train
7db308338b48385ffaf3c9e8f95539b1,/data/FMD_Data_26082026/fmd_temp_images/ICube Defects Library/Low Dose Obstructing Region of Interest/20241112_023945_L27_PalletGHH1112043134_Cavity8_B01796S_Pass1_Score(0.004153192).bmp,Low Dose Obstructing Region of Interest,L27,train
825f1b8647d4cf3fdeecfccb91f86f5c,/data/FMD_Data_26082026/fmd_temp_images/Updated ICube Categorical Classes 20260915/Low Dose/20241119_121221_L27_C15_9999_0.9965.bmp,Low Dose Obstructing Region of Interest,L27,train
82a71ef6d5b33e3487a7d9a9da4bcb9e,/data/FMD_Data_26082026/fmd_temp_images/Updated ICube Categorical Classes 20260915/Low Dose/20241120_182149_L27_C15_9787_0.8008.bmp,Low Dose Obstructing Region of Interest,L27,train
82d55e8b9324be5343eedf244985c8e0,/data/FMD_Data_26082026/fmd_temp_images/Updated ICube Categorical Classes 20260915/Low Dose/20241118_194223_L27_C1_1_0.8875.bmp,Low Dose Obstructing Region of Interest,L27,train
84283e8c13787a1b7cd0730e6c3233f6,/data/FMD_Data_26082026/fmd_temp_images/Updated ICube Categorical Classes 20260915/Low Dose/20241115_225647_L27_C15_9733_0.4602.bmp,Low Dose Obstructing Region of Interest,L27,train
8469035424fe6d798e74bc2cff9af936,/data/FMD_Data_26082026/fmd_temp_images/Updated ICube Categorical Classes 20260915/Low Dose/20241103_133023_L27_C1_1_0.9564.bmp,Low Dose Obstructing Region of Interest,L27,train
84dca5f92cb9ca688f8538b46e683d82,/data/FMD_Data_26082026/fmd_temp_images/Updated ICube Categorical Classes 20260915/Low Dose/20241114_192655_L27_C12_9846_0.8127.bmp,Low Dose Obstructing Region of Interest,L27,train
85afc6cecce37c7478fb7a6e89b3e7b0,/data/FMD_Data_26082026/fmd_temp_images/Updated ICube Categorical Classes 20260915/Low Dose/20241104_142724_L27_C5_9283_0.7544.bmp,Low Dose Obstructing Region of Interest,L27,train
8837cc57bb3886cc3c85c54ae027c36a,/data/FMD_Data_26082026/fmd_temp_images/Updated ICube Categorical Classes 20260915/Low Dose/20241118_225700_L27_C10_1_0.3850.bmp,Low Dose Obstructing Region of Interest,L27,train
88dfb6e0bd369e4e4d83c959c41bc6ab,/data/FMD_Data_26082026/fmd_temp_images/ICube Defects Library/Low Dose Obstructing Region of Interest/20241118_224910_L27_C1_1.bmp,Low Dose Obstructing Region of Interest,L27,train
89287c28d564957367a4498bacafc5e2,/data/FMD_Data_26082026/fmd_temp_images/Updated ICube Categorical Classes 20260915/Low Dose/20241114_023522_L27_C10_1_0.8638.bmp,Low Dose Obstructing Region of Interest,L27,train
894838f00ceb9d7c4d58e31f893c795e,/data/FMD_Data_26082026/fmd_temp_images/Updated ICube Categorical Classes 20260915/Low Dose/20241118_162323_L27_C1_1_0.8877.bmp,Low Dose Obstructing Region of Interest,L27,train
89ad6f0cdd6606ae374bd5dd5edd346f,/data/FMD_Data_26082026/fmd_temp_images/Updated ICube Categorical Classes 20260915/Low Dose/20241118_212040_L27_C1_1_0.8987.bmp,Low Dose Obstructing Region of Interest,L27,train
89af6ec9d3349fed205171a7059c8185,/data/FMD_Data_26082026/fmd_temp_images/Updated ICube Categorical Classes 20260915/Low Dose/20241119_063642_L27_C2_9694_0.7166.bmp,Low Dose Obstructing Region of Interest,L27,train
8af46414461f823ef81d231794f3f056,/data/FMD_Data_26082026/fmd_temp_images/Updated ICube Categorical Classes 20260915/Low Dose/20241210_001829_L27_C15_9950_0.9353.bmp,Low Dose Obstructing Region of Interest,L27,train
8b0769af12076b9d4b21b5de55645ac3,/data/FMD_Data_26082026/fmd_temp_images/Updated ICube Categorical Classes 20260915/Low Dose/20241104_002026_L27_C3_9789_0.3116.bmp,Low Dose Obstructing Region of Interest,L27,train
8b2772e392ff6ff7f98a1a73a459ae08,/data/FMD_Data_26082026/fmd_temp_images/Updated ICube Categorical Classes 20260915/Low Dose/20241118_225513_L27_C12_1_0.8663.bmp,Low Dose Obstructing Region of Interest,L27,train
8b3f5f925da8ad4bd50c946cd751b102,/data/FMD_Data_26082026/fmd_temp_images/ICube Defects Library/Low Dose Obstructing Region of Interest/20241112_033903_L27_PalletGHC1112053052_Cavity4_B01796S_Pass1_Score(0.006334901).bmp,Low Dose Obstructing Region of Interest,L27,train
8d47c03e3116231ef985a127a957ba3f,/data/FMD_Data_26082026/fmd_temp_images/Updated ICube Categorical Classes 20260915/Low Dose/20241120_153617_L27_C1_9136_0.9764.bmp,Low Dose Obstructing Region of Interest,L27,train
8d61423fab35b0b9cf1c89bcc1c49646,/data/FMD_Data_26082026/fmd_temp_images/Updated ICube Categorical Classes 20260915/Low Dose/20241114_022426_L27_C14_1_0.8188.bmp,Low Dose Obstructing Region of Interest,L27,train
8e56ada4538dbbaf77902fa8373ab70b,/data/FMD_Data_26082026/fmd_temp_images/Updated ICube Categorical Classes 20260915/Low Dose/20241105_120701_L27_C1_9417_0.7389.bmp,Low Dose Obstructing Region of Interest,L27,train
8ef893b523c800ca64b61cc1c84e3934,/data/FMD_Data_26082026/fmd_temp_images/Updated ICube Categorical Classes 20260915/Low Dose/20241113_030909_L27_C9_9682_0.3944.bmp,Low Dose Obstructing Region of Interest,L27,train
8f613fbf3fec876d2927928aacd03b1e,/data/FMD_Data_26082026/fmd_temp_images/Updated ICube Categorical Classes 20260915/Low Dose/20241112_031541_L27_C15_9055_0.5998.bmp,Low Dose Obstructing Region of Interest,L27,train
9049d009084b99b3febad4f3aacfda6a,/data/FMD_Data_26082026/fmd_temp_images/Updated ICube Categorical Classes 20260915/Low Dose/20241118_165213_L27_C1_1_0.9716.bmp,Low Dose Obstructing Region of Interest,L27,train
90ab563ede4106b9dbd2ec741cb3ca2c,/data/FMD_Data_26082026/fmd_temp_images/Updated ICube Categorical Classes 20260915/Low Dose/20241111_115320_L27_C13_9143_0.4619.bmp,Low Dose Obstructing Region of Interest,L27,train
9140895a70b07e4964caaea820332794,/data/FMD_Data_26082026/fmd_temp_images/Updated ICube Categorical Classes 20260915/Low Dose/20241118_192711_L27_C1_1_0.8494.bmp,Low Dose Obstructing Region of Interest,L27,train
919692dc782da2089c81d1fc36f6bcf6,/data/FMD_Data_26082026/fmd_temp_images/Updated ICube Categorical Classes 20260915/Low Dose/20241119_185528_L27_C13_9241_0.5305.bmp,Low Dose Obstructing Region of Interest,L27,train
91ae178c367e19ab3c0d943976e7ced5,/data/FMD_Data_26082026/fmd_temp_images/Updated ICube Categorical Classes 20260915/Low Dose/20241118_173034_L27_C6_1_0.7264.bmp,Low Dose Obstructing Region of Interest,L27,train
9290b2883f55934130464965cf67d06a,/data/FMD_Data_26082026/fmd_temp_images/Updated ICube Categorical Classes 20260915/Low Dose/20241122_013001_L27_C12_9009_0.4420.bmp,Low Dose Obstructing Region of Interest,L27,train
92b101cfc112cf33dc4eaae07a9221a5,/data/FMD_Data_26082026/fmd_temp_images/Updated ICube Categorical Classes 20260915/Low Dose/20241206_092641_L27_C2_9335_0.6389.bmp,Low Dose Obstructing Region of Interest,L27,train
9415245221045db99b19fb449ec24858,/data/FMD_Data_26082026/fmd_temp_images/Updated ICube Categorical Classes 20260915/Low Dose/20241207_134004_L27_C11_9497_0.3720.bmp,Low Dose Obstructing Region of Interest,L27,train
942503b93d31c2270c986745f949d521,/data/FMD_Data_26082026/fmd_temp_images/Updated ICube Categorical Classes 20260915/Low Dose/20241121_043954_L27_C15_9351_0.5840.bmp,Low Dose Obstructing Region of Interest,L27,train
947455463447536ce1dbba9198a53b1b,/data/FMD_Data_26082026/fmd_temp_images/ICube Defects Library/Low Dose Obstructing Region of Interest/20241112_033912_L27_PalletGHH1112053105_Cavity5_B01796S_Pass1_Score(0.004211009).bmp,Low Dose Obstructing Region of Interest,L27,train
96123076fed414fb481645af4a9d07a0,/data/FMD_Data_26082026/fmd_temp_images/Updated ICube Categorical Classes 20260915/Low Dose/20241118_085100_L27_C1_1_0.9920.bmp,Low Dose Obstructing Region of Interest,L27,train
98c0ee962fa03fc96e6c3ac76626bc71,/data/FMD_Data_26082026/fmd_temp_images/Updated ICube Categorical Classes 20260915/Low Dose/20241118_220647_L27_C1_1_0.7629.bmp,Low Dose Obstructing Region of Interest,L27,train
98e8530ae111375c40b6e09634baaddf,/data/FMD_Data_26082026/fmd_temp_images/Updated ICube Categorical Classes 20260915/Low Dose/20241118_205529_L27_C4_1_0.7805.bmp,Low Dose Obstructing Region of Interest,L27,train
9a3bb4dd05cc6c7ea1f727a4719af878,/data/FMD_Data_26082026/fmd_temp_images/Updated ICube Categorical Classes 20260915/Low Dose/20241119_145253_L27_C8_9984_0.8370.bmp,Low Dose Obstructing Region of Interest,L27,train
9c228e3918c4d375dab00e84302714ab,/data/FMD_Data_26082026/fmd_temp_images/Updated ICube Categorical Classes 20260915/Low Dose/20241114_184542_L27_C9_9529_0.9800.bmp,Low Dose Obstructing Region of Interest,L27,train
9d1af81aed1c45648df61c60c2ae6a6c,/data/FMD_Data_26082026/fmd_temp_images/Updated ICube Categorical Classes 20260915/Low Dose/20241103_142533_L27_C10_1_0.8809.bmp,Low Dose Obstructing Region of Interest,L27,train
9e65a95b7e564493e1bc6cd8bf894194,/data/FMD_Data_26082026/fmd_temp_images/Updated ICube Categorical Classes 20260915/Low Dose/20241103_232130_L27_C4_1_0.7072.bmp,Low Dose Obstructing Region of Interest,L27,train
9f0140be5e778189e589ebf5b5634e25,/data/FMD_Data_26082026/fmd_temp_images/Updated ICube Categorical Classes 20260915/Low Dose/20241118_102731_L27_C14_9184_0.7263.bmp,Low Dose Obstructing Region of Interest,L27,train
a523b25065f9e1ac490f4805fa8bba4e,/data/FMD_Data_26082026/fmd_temp_images/Updated ICube Categorical Classes 20260915/Low Dose/20241103_235600_L27_C15_9953_0.6359.bmp,Low Dose Obstructing Region of Interest,L27,train
a59104023f7f6a4ed72e5a0b8773fa65,/data/FMD_Data_26082026/fmd_temp_images/ICube Defects Library/Low Dose Obstructing Region of Interest/20241112_033903_L27_PalletGHC1112053052_Cavity8_B01796S_Pass1_Score(0.005388498).bmp,Low Dose Obstructing Region of Interest,L27,train
a5ba552910ceeb9fbfdee8e8396c985a,/data/FMD_Data_26082026/fmd_temp_images/Updated ICube Categorical Classes 20260915/Low Dose/20241118_215106_L27_C2_1_0.9733.bmp,Low Dose Obstructing Region of Interest,L27,train
a6c2b674767e44e77d843eb20bc02a4a,/data/FMD_Data_26082026/fmd_temp_images/Updated ICube Categorical Classes 20260915/Low Dose/20241118_201258_L27_C2_1_0.7743.bmp,Low Dose Obstructing Region of Interest,L27,train
a737b61b29f0b7238263fa7772fc8c99,/data/FMD_Data_26082026/fmd_temp_images/Updated ICube Categorical Classes 20260915/Low Dose/20241118_233023_L27_C1_1_0.5607.bmp,Low Dose Obstructing Region of Interest,L27,train
a8c1af01ef4e820557b1adaef6f58373,/data/FMD_Data_26082026/fmd_temp_images/Updated ICube Categorical Classes 20260915/Low Dose/20241120_170743_L27_C10_9645_0.7777.bmp,Low Dose Obstructing Region of Interest,L27,train
a90f340a7fc888f447994671ea493c26,/data/FMD_Data_26082026/fmd_temp_images/ICube Defects Library/Low Dose Obstructing Region of Interest/20241103_194245_L27_PalletGHF1103213358_Cavity10_B01779N_Fail7_Score(1).bmp,Low Dose Obstructing Region of Interest,L27,train
aa5eead0b34f413989e3cf75caa047f3,/data/FMD_Data_26082026/fmd_temp_images/Updated ICube Categorical Classes 20260915/Low Dose/20241114_014725_L27_C13_1_0.7392.bmp,Low Dose Obstructing Region of Interest,L27,train
aaf9ef9324a863acbd6aec81b64fb061,/data/FMD_Data_26082026/fmd_temp_images/Updated ICube Categorical Classes 20260915/Low Dose/20241118_182158_L27_C2_9034_0.3542.bmp,Low Dose Obstructing Region of Interest,L27,train
ab7d15fe59a2b648df04e6efdfdeabbf,/data/FMD_Data_26082026/fmd_temp_images/Updated ICube Categorical Classes 20260915/Low Dose/20241103_133248_L27_C10_1_0.9166.bmp,Low Dose Obstructing Region of Interest,L27,train
abb8466b232459a66f11154c252b05dd,/data/FMD_Data_26082026/fmd_temp_images/Updated ICube Categorical Classes 20260915/Low Dose/20241103_132721_L27_C14_1_0.6965.bmp,Low Dose Obstructing Region of Interest,L27,train
ac0f2e9aa192df3ad3f84276b00dfc29,/data/FMD_Data_26082026/fmd_temp_images/Updated ICube Categorical Classes 20260915/Low Dose/20241114_011534_L27_C2_1_0.8462.bmp,Low Dose Obstructing Region of Interest,L27,train
ac676974b4e5e92919951e79dba227a2,/data/FMD_Data_26082026/fmd_temp_images/Updated ICube Categorical Classes 20260915/Low Dose/20241113_225654_L27_C1_1_0.6940.bmp,Low Dose Obstructing Region of Interest,L27,train
ad558284b9299d540dba61b32f0daa60,/data/FMD_Data_26082026/fmd_temp_images/Updated ICube Categorical Classes 20260915/Low Dose/20241114_020528_L27_C7_1_0.6299.bmp,Low Dose Obstructing Region of Interest,L27,train
ae02aa6f313fefd229693bebab5a44a6,/data/FMD_Data_26082026/fmd_temp_images/Updated ICube Categorical Classes 20260915/Low Dose/20241118_230655_L27_C1_1_0.9633.bmp,Low Dose Obstructing Region of Interest,L27,train
b0bf9a5425c9367044b499f6c359203c,/data/FMD_Data_26082026/fmd_temp_images/Updated ICube Categorical Classes 20260915/Low Dose/20241120_231125_L27_C4_9774_0.4827.bmp,Low Dose Obstructing Region of Interest,L27,train
b2498344da32ff24a15dfb1e110668ed,/data/FMD_Data_26082026/fmd_temp_images/Updated ICube Categorical Classes 20260915/Low Dose/20241103_154725_L27_C14_1_0.8920.bmp,Low Dose Obstructing Region of Interest,L27,train
b2a592509e09ebc5457f32d0950e7b6a,/data/FMD_Data_26082026/fmd_temp_images/Updated ICube Categorical Classes 20260915/Low Dose/20241118_204529_L27_C4_1_0.4094.bmp,Low Dose Obstructing Region of Interest,L27,train
b2ab027405f13f78efa0416ec05c3654,/data/FMD_Data_26082026/fmd_temp_images/Updated ICube Categorical Classes 20260915/Low Dose/20241118_181042_L27_C1_1_0.7001.bmp,Low Dose Obstructing Region of Interest,L27,train
b34d1d326574b5bb55f2fdc9fd393ab1,/data/FMD_Data_26082026/fmd_temp_images/Updated ICube Categorical Classes 20260915/Low Dose/20241119_141135_L27_C1_9315_0.5392.bmp,Low Dose Obstructing Region of Interest,L27,train
b3dc0f6dbf3e604cf3559557104cd72f,/data/FMD_Data_26082026/fmd_temp_images/Updated ICube Categorical Classes 20260915/Low Dose/20241103_203004_L27_C12_1_0.4593.bmp,Low Dose Obstructing Region of Interest,L27,train
b4ca09f040a4bdf23b2b25183f7527f2,/data/FMD_Data_26082026/fmd_temp_images/Updated ICube Categorical Classes 20260915/Low Dose/20241103_234430_L27_C10_1_0.4356.bmp,Low Dose Obstructing Region of Interest,L27,train
b509d629b5edd02c0f0952e030f2209d,/data/FMD_Data_26082026/fmd_temp_images/Updated ICube Categorical Classes 20260915/Low Dose/20241118_193155_L27_C4_1_0.5172.bmp,Low Dose Obstructing Region of Interest,L27,train
b68b13a0bb24d4ce9a85bc8292a762ae,/data/FMD_Data_26082026/fmd_temp_images/ICube Defects Library/Low Dose Obstructing Region of Interest/20241112_023950_L27_PalletGHK1112043142_Cavity1_B01796S_Pass1_Score(0.005738258).bmp,Low Dose Obstructing Region of Interest,L27,train
b75245001059aeee51f5693f1f56712c,/data/FMD_Data_26082026/fmd_temp_images/Updated ICube Categorical Classes 20260915/Low Dose/20241118_195828_L27_C1_1_0.9541.bmp,Low Dose Obstructing Region of Interest,L27,train
b76335f8843efb4e9cc4c467fef5efb8,/data/FMD_Data_26082026/fmd_temp_images/Updated ICube Categorical Classes 20260915/Low Dose/20241113_030909_L27_C10_9001_0.8202.bmp,Low Dose Obstructing Region of Interest,L27,train
b8ae8b8efbbcdcea48aa357d6f429311,/data/FMD_Data_26082026/fmd_temp_images/Updated ICube Categorical Classes 20260915/Low Dose/20241118_230517_L27_C1_1_0.9897.bmp,Low Dose Obstructing Region of Interest,L27,train
b9d5d32dd8319901f58fb4090beafdfb,/data/FMD_Data_26082026/fmd_temp_images/Updated ICube Categorical Classes 20260915/Low Dose/20241118_205659_L27_C6_1_0.3332.bmp,Low Dose Obstructing Region of Interest,L27,train
bd4e9f38bf0c83cd4bf8ae16d720e814,/data/FMD_Data_26082026/fmd_temp_images/Updated ICube Categorical Classes 20260915/Low Dose/20241118_181138_L27_C12_1_0.3860.bmp,Low Dose Obstructing Region of Interest,L27,train
bd513e18b0a4842734e2bb91f5b249f3,/data/FMD_Data_26082026/fmd_temp_images/Updated ICube Categorical Classes 20260915/Low Dose/20241118_192207_L27_C2_1_0.9916.bmp,Low Dose Obstructing Region of Interest,L27,train
be7232bd21818d55c077cc680b4e86a4,/data/FMD_Data_26082026/fmd_temp_images/Updated ICube Categorical Classes 20260915/Low Dose/20241118_175051_L27_C1_1_0.8759.bmp,Low Dose Obstructing Region of Interest,L27,train
beb4c25199784752e6d70d5770143f5d,/data/FMD_Data_26082026/fmd_temp_images/Updated ICube Categorical Classes 20260915/Low Dose/20241119_151532_L27_C12_9308_0.8747.bmp,Low Dose Obstructing Region of Interest,L27,train
bedf1ebf610073b75b16b5a358f861f9,/data/FMD_Data_26082026/fmd_temp_images/Updated ICube Categorical Classes 20260915/Low Dose/20241119_000014_L27_C2_9677_0.6265.bmp,Low Dose Obstructing Region of Interest,L27,train
c09e5ab759edb973b1eeb21bc25f1713,/data/FMD_Data_26082026/fmd_temp_images/ICube Defects Library/Low Dose Obstructing Region of Interest/20241112_023945_L27_PalletGHH1112043134_Cavity12_B01796S_Pass1_Score(0.005218446).bmp,Low Dose Obstructing Region of Interest,L27,train
c10c3830d4e060343226fe690b9bd044,/data/FMD_Data_26082026/fmd_temp_images/Updated ICube Categorical Classes 20260915/Low Dose/20241118_204700_L27_C4_1_0.5590.bmp,Low Dose Obstructing Region of Interest,L27,train
c1a5a056a3b6747850c76017bfafbfa0,/data/FMD_Data_26082026/fmd_temp_images/Updated ICube Categorical Classes 20260915/Low Dose/20241103_111359_L27_C8_1_0.4825.bmp,Low Dose Obstructing Region of Interest,L27,train
c24445c806904ee343fcc2f4aff36789,/data/FMD_Data_26082026/fmd_temp_images/Updated ICube Categorical Classes 20260915/Low Dose/20241118_204802_L27_C1_1_0.3668.bmp,Low Dose Obstructing Region of Interest,L27,train
c3e059f96b8edb7addc2ec148a819a9d,/data/FMD_Data_26082026/fmd_temp_images/Updated ICube Categorical Classes 20260915/Low Dose/20241112_195316_L27_C13_1_0.2939.bmp,Low Dose Obstructing Region of Interest,L27,train
c4f450b0cb355cf27f27477f4f8e0c81,/data/FMD_Data_26082026/fmd_temp_images/Updated ICube Categorical Classes 20260915/Low Dose/20241118_222409_L27_C1_1_0.9667.bmp,Low Dose Obstructing Region of Interest,L27,train
c5198627e7b0959468fc715cd1127832,/data/FMD_Data_26082026/fmd_temp_images/ICube Defects Library/Low Dose Obstructing Region of Interest/20241112_033849_L27_PalletGHS1112053037_Cavity6_B01796S_Pass1_Score(0.005778253).bmp,Low Dose Obstructing Region of Interest,L27,train
c5714bca11e2bcf0278c9b564f963e29,/data/FMD_Data_26082026/fmd_temp_images/Updated ICube Categorical Classes 20260915/Low Dose/20241207_143852_L27_C11_9056_0.4467.bmp,Low Dose Obstructing Region of Interest,L27,train
c7353623c343154cdbe8cb507f76c503,/data/FMD_Data_26082026/fmd_temp_images/Updated ICube Categorical Classes 20260915/Low Dose/20241210_172751_L27_C5_9667_0.5268.bmp,Low Dose Obstructing Region of Interest,L27,train
c735e3bf344f2ce8baa5e0dce603b4ad,/data/FMD_Data_26082026/fmd_temp_images/Updated ICube Categorical Classes 20260915/Low Dose/20241205_223016_L27_C12_9828_0.6765.bmp,Low Dose Obstructing Region of Interest,L27,train
c7d3b347a98619779b5c56226067b20c,/data/FMD_Data_26082026/fmd_temp_images/Updated ICube Categorical Classes 20260915/Low Dose/20241118_222144_L27_C1_1_0.7035.bmp,Low Dose Obstructing Region of Interest,L27,train
c7ff56ae650b8891841a77df5584c40b,/data/FMD_Data_26082026/fmd_temp_images/Updated ICube Categorical Classes 20260915/Low Dose/20241105_235059_L27_C10_9386_0.7665.bmp,Low Dose Obstructing Region of Interest,L27,train
c8b0f953974a0166b07c921b5c65fa94,/data/FMD_Data_26082026/fmd_temp_images/Updated ICube Categorical Classes 20260915/Low Dose/20241118_205910_L27_C1_1_0.9767.bmp,Low Dose Obstructing Region of Interest,L27,train
ca63c855b2c60f39cece7d876cd3ca31,/data/FMD_Data_26082026/fmd_temp_images/Updated ICube Categorical Classes 20260915/Low Dose/20241118_215312_L27_C6_1_0.4925.bmp,Low Dose Obstructing Region of Interest,L27,train
caa2c9549e8945ef1a852a480c96672d,/data/FMD_Data_26082026/fmd_temp_images/ICube Defects Library/Low Dose Obstructing Region of Interest/20241112_033848_L27_PalletGHS1112053037_Cavity2_B01796S_Pass1_Score(0.01076651).bmp,Low Dose Obstructing Region of Interest,L27,train
cb2a90059b0f5c6b2e05e3344b599332,/data/FMD_Data_26082026/fmd_temp_images/Updated ICube Categorical Classes 20260915/Low Dose/20241103_105354_L27_C14_1_0.7962.bmp,Low Dose Obstructing Region of Interest,L27,train
cb73c6340fc05b4615c1165107850c96,/data/FMD_Data_26082026/fmd_temp_images/Updated ICube Categorical Classes 20260915/Low Dose/20241119_121023_L27_C1_9326_0.8351.bmp,Low Dose Obstructing Region of Interest,L27,train
cba0e7c469a0cb6621899f077538a358,/data/FMD_Data_26082026/fmd_temp_images/Updated ICube Categorical Classes 20260915/Low Dose/20241113_043232_L27_C13_9694_0.9410.bmp,Low Dose Obstructing Region of Interest,L27,train
cc62179a5b4b582b33016801dd61ab49,/data/FMD_Data_26082026/fmd_temp_images/Updated ICube Categorical Classes 20260915/Low Dose/20241118_230549_L27_C10_1_0.6315.bmp,Low Dose Obstructing Region of Interest,L27,train
cca7bb7c75227729c347eec6428f363a,/data/FMD_Data_26082026/fmd_temp_images/Updated ICube Categorical Classes 20260915/Low Dose/20241118_231352_L27_C1_1_0.9271.bmp,Low Dose Obstructing Region of Interest,L27,train
cf95d591166871c5f097553c2ce6281a,/data/FMD_Data_26082026/fmd_temp_images/Updated ICube Categorical Classes 20260915/Low Dose/20241114_022110_L27_C12_1_0.5850.bmp,Low Dose Obstructing Region of Interest,L27,train
cfd07d6dcd850e144f5eab1cb1f0b8f8,/data/FMD_Data_26082026/fmd_temp_images/Updated ICube Categorical Classes 20260915/Low Dose/20241103_194637_L27_C1_1_0.3106.bmp,Low Dose Obstructing Region of Interest,L27,train
d0dc63babc0ec0accc06f32ba2210a21,/data/FMD_Data_26082026/fmd_temp_images/ICube Defects Library/Low Dose Obstructing Region of Interest/20241112_033849_L27_PalletGHS1112053037_Cavity13_B01796S_Pass1_Score(0.006543934).bmp,Low Dose Obstructing Region of Interest,L27,train
d0e0e81fbcb597aa5d7c77e10885af3b,/data/FMD_Data_26082026/fmd_temp_images/Updated ICube Categorical Classes 20260915/Low Dose/20241102_161942_L27_C4_9000_0.3520.bmp,Low Dose Obstructing Region of Interest,L27,train
d0f9ddeeaf6471f3854d80381c3280d0,/data/FMD_Data_26082026/fmd_temp_images/Updated ICube Categorical Classes 20260915/Low Dose/20241118_163112_L27_C1_1_0.9912.bmp,Low Dose Obstructing Region of Interest,L27,train
d178875a085f76dc31413cb3e73bc657,/data/FMD_Data_26082026/fmd_temp_images/Updated ICube Categorical Classes 20260915/Low Dose/20241118_230826_L27_C12_1_0.4146.bmp,Low Dose Obstructing Region of Interest,L27,train
d2f197371f8d8144705a12ca1b59812f,/data/FMD_Data_26082026/fmd_temp_images/Updated ICube Categorical Classes 20260915/Low Dose/20241103_063843_L27_C4_9556_0.5558.bmp,Low Dose Obstructing Region of Interest,L27,train
d464e47ae7cd17c4f865624b4a865c0a,/data/FMD_Data_26082026/fmd_temp_images/ICube Defects Library/Low Dose Obstructing Region of Interest/20241119_053646_L27_C2_9939.bmp,Low Dose Obstructing Region of Interest,L27,train
d4c9a6b26a6c510160f37e9b6b887a50,/data/FMD_Data_26082026/fmd_temp_images/Updated ICube Categorical Classes 20260915/Low Dose/20241113_024759_L27_C1_9823_0.9454.bmp,Low Dose Obstructing Region of Interest,L27,train
d530272b6925354f109feac680bcb101,/data/FMD_Data_26082026/fmd_temp_images/Updated ICube Categorical Classes 20260915/Low Dose/20241118_075655_L27_C10_9666_0.8993.bmp,Low Dose Obstructing Region of Interest,L27,train
d73f6141e8c6e70dd393e38bb55c367e,/data/FMD_Data_26082026/fmd_temp_images/Updated ICube Categorical Classes 20260915/Low Dose/20241208_113729_L27_C12_9833_0.5323.bmp,Low Dose Obstructing Region of Interest,L27,train
d77d6b3f23aa3f6f0c4ee3b801dcf0de,/data/FMD_Data_26082026/fmd_temp_images/Updated ICube Categorical Classes 20260915/Low Dose/20241118_195152_L27_C1_1_0.7251.bmp,Low Dose Obstructing Region of Interest,L27,train
d78a8afff2d745d5498745190e719d47,/data/FMD_Data_26082026/fmd_temp_images/Updated ICube Categorical Classes 20260915/Low Dose/20241118_201354_L27_C1_1_0.9831.bmp,Low Dose Obstructing Region of Interest,L27,train
d7c2fe52510773c5f4124c421f9803c8,/data/FMD_Data_26082026/fmd_temp_images/Updated ICube Categorical Classes 20260915/Low Dose/20241118_232630_L27_C1_1_0.9957.bmp,Low Dose Obstructing Region of Interest,L27,train
da20bf6b08dfe2f40a92c7430ffcda63,/data/FMD_Data_26082026/fmd_temp_images/Updated ICube Categorical Classes 20260915/Low Dose/20241119_182931_L27_C5_9553_0.4329.bmp,Low Dose Obstructing Region of Interest,L27,train
da9a7bc8c599c1848602ca02167982c4,/data/FMD_Data_26082026/fmd_temp_images/Updated ICube Categorical Classes 20260915/Low Dose/20241115_093906_L27_C1_9556_0.9639.bmp,Low Dose Obstructing Region of Interest,L27,train
dbe6c2d6837ec6766eb486cd8de0bfb3,/data/FMD_Data_26082026/fmd_temp_images/ICube Defects Library/Low Dose Obstructing Region of Interest/20241118_223519_L27_C1_1.bmp,Low Dose Obstructing Region of Interest,L27,train
ded210c0233eb2d300f21e1e48988f1d,/data/FMD_Data_26082026/fmd_temp_images/Updated ICube Categorical Classes 20260915/Low Dose/20241206_192059_L27_C13_9218_0.9537.bmp,Low Dose Obstructing Region of Interest,L27,train
e3287a83eba78ff58ee13c7e957ac5dc,/data/FMD_Data_26082026/fmd_temp_images/Updated ICube Categorical Classes 20260915/Low Dose/20241103_212411_L27_C12_1_0.5966.bmp,Low Dose Obstructing Region of Interest,L27,train
e42d4a6221fe7ad1ed2b5ca4ca401f58,/data/FMD_Data_26082026/fmd_temp_images/Updated ICube Categorical Classes 20260915/Low Dose/20241109_163153_L27_C13_9912_0.5281.bmp,Low Dose Obstructing Region of Interest,L27,train
e42fbc869a95ac18ce648d35fddc7b51,/data/FMD_Data_26082026/fmd_temp_images/Updated ICube Categorical Classes 20260915/Low Dose/20241119_053202_L27_C2_9132_0.8164.bmp,Low Dose Obstructing Region of Interest,L27,train
e46cdd4cc7f01681256de601c78ff7e7,/data/FMD_Data_26082026/fmd_temp_images/Updated ICube Categorical Classes 20260915/Low Dose/20241107_191453_L27_C7_9462_0.9441.bmp,Low Dose Obstructing Region of Interest,L27,train
e4e01ca9d2ee54e1f589ffc281e0db11,/data/FMD_Data_26082026/fmd_temp_images/Updated ICube Categorical Classes 20260915/Low Dose/20241118_205602_L27_C2_1_0.9455.bmp,Low Dose Obstructing Region of Interest,L27,train
e5147e3c4ca7a87401d94d78f7735e70,/data/FMD_Data_26082026/fmd_temp_images/Updated ICube Categorical Classes 20260915/Low Dose/20241114_021249_L27_C3_1_0.5514.bmp,Low Dose Obstructing Region of Interest,L27,train
e5339c6a81345aaaa4247991ee445a21,/data/FMD_Data_26082026/fmd_temp_images/ICube Defects Library/Low Dose Obstructing Region of Interest/20241113_102035_L27_PalletGHI1113143710_Cavity15_B01796W_Fail2_Score(0.9019091).bmp,Low Dose Obstructing Region of Interest,L27,train
e538bed98c8fb13b302775d314591cad,/data/FMD_Data_26082026/fmd_temp_images/ICube Defects Library/Low Dose Obstructing Region of Interest/20241112_023950_L27_PalletGHK1112043142_Cavity8_B01796S_Pass1_Score(0.004564464).bmp,Low Dose Obstructing Region of Interest,L27,train
e658b22b8a3fa76d89dedd8ff2142636,/data/FMD_Data_26082026/fmd_temp_images/Updated ICube Categorical Classes 20260915/Low Dose/20241112_195438_L27_C6_1_0.2430.bmp,Low Dose Obstructing Region of Interest,L27,train
e70b70567587083f4730d41d0ef68033,/data/FMD_Data_26082026/fmd_temp_images/Updated ICube Categorical Classes 20260915/Low Dose/20241118_203525_L27_C8_1_0.6786.bmp,Low Dose Obstructing Region of Interest,L27,train
e7b9cea00e2a10ff553136153b6b7881,/data/FMD_Data_26082026/fmd_temp_images/Updated ICube Categorical Classes 20260915/Low Dose/20241119_105410_L27_C3_9108_0.5728.bmp,Low Dose Obstructing Region of Interest,L27,train
e8474524621dc379afa84cbcea6ef4ca,/data/FMD_Data_26082026/fmd_temp_images/Updated ICube Categorical Classes 20260915/Low Dose/20241118_235950_L27_C10_9552_0.8668.bmp,Low Dose Obstructing Region of Interest,L27,train
e8e8cd104a957b615e8351699dd4f4e1,/data/FMD_Data_26082026/fmd_temp_images/Updated ICube Categorical Classes 20260915/Low Dose/20241114_021632_L27_C6_1_0.4635.bmp,Low Dose Obstructing Region of Interest,L27,train
e93ded1a0518647e79babd548c8d5e2d,/data/FMD_Data_26082026/fmd_temp_images/Updated ICube Categorical Classes 20260915/Low Dose/20241118_204534_L27_C1_1_0.9322.bmp,Low Dose Obstructing Region of Interest,L27,train
e9cc13bb1243cce232604df399862464,/data/FMD_Data_26082026/fmd_temp_images/Updated ICube Categorical Classes 20260915/Low Dose/20241101_160136_L27_C11_9030_0.6928.bmp,Low Dose Obstructing Region of Interest,L27,train
eca8c1c96fba078cb3ced2a39353d8fa,/data/FMD_Data_26082026/fmd_temp_images/Updated ICube Categorical Classes 20260915/Low Dose/20241103_234036_L27_C10_1_0.5364.bmp,Low Dose Obstructing Region of Interest,L27,train
ed15bb0ec493357dc4a3b21efbabcab7,/data/FMD_Data_26082026/fmd_temp_images/Updated ICube Categorical Classes 20260915/Low Dose/20241118_204817_L27_C2_1_0.9440.bmp,Low Dose Obstructing Region of Interest,L27,train
eefd17bb223a3127930f3539084983e2,/data/FMD_Data_26082026/fmd_temp_images/Updated ICube Categorical Classes 20260915/Low Dose/20241213_072135_L27_C15_9744_0.8171.bmp,Low Dose Obstructing Region of Interest,L27,train
ef71ad2453752557ef919fbd7f0bf1c4,/data/FMD_Data_26082026/fmd_temp_images/Updated ICube Categorical Classes 20260915/Low Dose/20241119_013639_L27_C4_9124_0.5857.bmp,Low Dose Obstructing Region of Interest,L27,train
efe8ec5d1c280e57b4cd199d72abe799,/data/FMD_Data_26082026/fmd_temp_images/Updated ICube Categorical Classes 20260915/Low Dose/20241103_232816_L27_C10_1_0.5093.bmp,Low Dose Obstructing Region of Interest,L27,train
f023a7d404f3f1f4a6afe8977f0b9a99,/data/FMD_Data_26082026/fmd_temp_images/Updated ICube Categorical Classes 20260915/Low Dose/20241118_221501_L27_C1_1_0.8048.bmp,Low Dose Obstructing Region of Interest,L27,train
f04fbc23f92c1c44a1e12bfb2377beb1,/data/FMD_Data_26082026/fmd_temp_images/ICube Defects Library/Low Dose Obstructing Region of Interest/20241112_023955_L27_PalletGHM1112043147_Cavity9_B01796S_Pass1_Score(0.004436851).bmp,Low Dose Obstructing Region of Interest,L27,train
f0a3b0f96c845603bc0124b16a9508ad,/data/FMD_Data_26082026/fmd_temp_images/Updated ICube Categorical Classes 20260915/Low Dose/20241118_232922_L27_C1_1_0.2998.bmp,Low Dose Obstructing Region of Interest,L27,train
f15e54473635e4eba3fb2318154d2e10,/data/FMD_Data_26082026/fmd_temp_images/Updated ICube Categorical Classes 20260915/Low Dose/20241104_204046_L27_C14_9650_0.5448.bmp,Low Dose Obstructing Region of Interest,L27,train
f21f2bef12bd51d8368e36b783f45b5b,/data/FMD_Data_26082026/fmd_temp_images/Updated ICube Categorical Classes 20260915/Low Dose/20241118_172038_L27_C1_1_0.8765.bmp,Low Dose Obstructing Region of Interest,L27,train
f25aa737663f157034fff67c5b76f5fd,/data/FMD_Data_26082026/fmd_temp_images/Updated ICube Categorical Classes 20260915/Low Dose/20241118_232640_L27_C1_1_0.4394.bmp,Low Dose Obstructing Region of Interest,L27,train
f2ad5deb7b4d136035b6a005da0346d8,/data/FMD_Data_26082026/fmd_temp_images/Updated ICube Categorical Classes 20260915/Low Dose/20241117_012333_L27_C14_9574_0.4305.bmp,Low Dose Obstructing Region of Interest,L27,train
f39ee246aca190596638884eec4d93ea,/data/FMD_Data_26082026/fmd_temp_images/Updated ICube Categorical Classes 20260915/Low Dose/20241114_015630_L27_C8_1_0.7678.bmp,Low Dose Obstructing Region of Interest,L27,train
f47f131d2e09818e029faa6fb17bcbbe,/data/FMD_Data_26082026/fmd_temp_images/ICube Defects Library/Low Dose Obstructing Region of Interest/20241112_033849_L27_PalletGHS1112053037_Cavity5_B01796S_Pass1_Score(0.00411135).bmp,Low Dose Obstructing Region of Interest,L27,train
f5288e06f8b6c7137e2893070a94df20,/data/FMD_Data_26082026/fmd_temp_images/Updated ICube Categorical Classes 20260915/Low Dose/20241118_232538_L27_C2_1_0.9749.bmp,Low Dose Obstructing Region of Interest,L27,train
f58aab8c409edbd1e44c16db0d810971,/data/FMD_Data_26082026/fmd_temp_images/Updated ICube Categorical Classes 20260915/Low Dose/20241103_234007_L27_C14_1_0.3760.bmp,Low Dose Obstructing Region of Interest,L27,train
f7cab1c834fe2850c959042ca8124317,/data/FMD_Data_26082026/fmd_temp_images/Updated ICube Categorical Classes 20260915/Low Dose/20241118_224556_L27_C2_1_0.8716.bmp,Low Dose Obstructing Region of Interest,L27,train
f7dd1302075953afa36ecf88ca5f6cb9,/data/FMD_Data_26082026/fmd_temp_images/Updated ICube Categorical Classes 20260915/Low Dose/20241118_210728_L27_C6_1_0.2682.bmp,Low Dose Obstructing Region of Interest,L27,train
f843cba6bf00d1d29f507ef4fd06cb28,/data/FMD_Data_26082026/fmd_temp_images/Updated ICube Categorical Classes 20260915/Low Dose/20241118_233131_L27_C1_1_0.7478.bmp,Low Dose Obstructing Region of Interest,L27,train
f89cd04f9d0009ca70e44f9e19a525f1,/data/FMD_Data_26082026/fmd_temp_images/Updated ICube Categorical Classes 20260915/Low Dose/20241120_185249_L27_C15_9843_0.5052.bmp,Low Dose Obstructing Region of Interest,L27,train
fac571daa61372a695e821aa99a0cc8f,/data/FMD_Data_26082026/fmd_temp_images/Updated ICube Categorical Classes 20260915/Low Dose/20241104_065638_L27_C9_9459_0.7217.bmp,Low Dose Obstructing Region of Interest,L27,train
fafd00039f2606d7775681dfff273867,/data/FMD_Data_26082026/fmd_temp_images/Updated ICube Categorical Classes 20260915/Low Dose/20241210_092809_L27_C13_9596_0.5932.bmp,Low Dose Obstructing Region of Interest,L27,train
fb3a228f14d001b0c61c776e38c24bde,/data/FMD_Data_26082026/fmd_temp_images/Updated ICube Categorical Classes 20260915/Low Dose/20241103_232152_L27_C10_1_0.8803.bmp,Low Dose Obstructing Region of Interest,L27,train
fbaf32ac30a205204d7de53bb0c0bd6f,/data/FMD_Data_26082026/fmd_temp_images/Updated ICube Categorical Classes 20260915/Low Dose/20241110_225749_L27_C15_9236_0.5976.bmp,Low Dose Obstructing Region of Interest,L27,train
fc8a11fdddcadb1898844f7d73b8c93b,/data/FMD_Data_26082026/fmd_temp_images/Updated ICube Categorical Classes 20260915/Low Dose/20241119_145248_L27_C15_9999_0.9845.bmp,Low Dose Obstructing Region of Interest,L27,train
fcb794ce89c51478d742e1df31e74559,/data/FMD_Data_26082026/fmd_temp_images/Updated ICube Categorical Classes 20260915/Low Dose/20241116_185436_L27_C15_9725_0.9936.bmp,Low Dose Obstructing Region of Interest,L27,train
fce0b9afa5882e9ec3fc9cd3fe336d73,/data/FMD_Data_26082026/fmd_temp_images/Updated ICube Categorical Classes 20260915/Low Dose/20241214_145854_L27_C5_9070_0.3796.bmp,Low Dose Obstructing Region of Interest,L27,train
fcfd98fd28d48a03c8646d659f8f2875,/data/FMD_Data_26082026/fmd_temp_images/ICube Defects Library/Low Dose Obstructing Region of Interest/20241112_033858_L27_PalletGHA1112053047_Cavity4_B01796S_Pass1_Score(0.004500091).bmp,Low Dose Obstructing Region of Interest,L27,train
fd92f3d5f947b833d74dd920be5a760f,/data/FMD_Data_26082026/fmd_temp_images/Updated ICube Categorical Classes 20260915/Low Dose/20241207_100313_L27_C1_9415_0.9452.bmp,Low Dose Obstructing Region of Interest,L27,train
fe723073d422f5accf13b3c0c09c3858,/data/FMD_Data_26082026/fmd_temp_images/Updated ICube Categorical Classes 20260915/Low Dose/20241103_050241_L27_C8_1_0.8070.bmp,Low Dose Obstructing Region of Interest,L27,train
ff0da49e58b38e3c4c4337d0a3034152,/data/FMD_Data_26082026/fmd_temp_images/Updated ICube Categorical Classes 20260915/Low Dose/20241115_193513_L27_C1_9996_0.7085.bmp,Low Dose Obstructing Region of Interest,L27,train
098aac322c8bc2e96977e46bdcba9b9a,/data/FMD_Data_26082026/fmd_temp_images/Updated ICube Categorical Classes 20260915/Missing Lens/20241112_153448_L27_C4_1_0.3783.bmp,Missing Lens,L27,test
11e54819cd757f7abc4f7f9f88f06b07,/data/FMD_Data_26082026/fmd_temp_images/Updated ICube Categorical Classes 20260915/Missing Lens/20241112_153640_L27_C14_1_0.3337.bmp,Missing Lens,L27,test
140cc0c9cbe6f9e1e3844acd815308ae,/data/FMD_Data_26082026/fmd_temp_images/Updated ICube Categorical Classes 20260915/Missing Lens/20260904_010749_L27_PalletGHM0904043344_Cavity5_B01BMCS_Fail3_Score(0.9280781).bmp,Missing Lens,L27,test
1a006504390dce5b713ea6e0ec0816e3,/data/FMD_Data_26082026/fmd_temp_images/Updated ICube Categorical Classes 20260915/Missing Lens/20241112_153606_L27_C15_1_0.2655.bmp,Missing Lens,L27,test
1e3eb3c96022986b7baf2679b913d015,/data/FMD_Data_26082026/fmd_temp_images/Updated ICube Categorical Classes 20260915/Missing Lens/20241112_153448_L27_C10_1_0.4950.bmp,Missing Lens,L27,test
1e46c45483274d5d594de8b5e177b938,/data/FMD_Data_26082026/fmd_temp_images/Updated ICube Categorical Classes 20260915/Missing Lens/20260908_230903_L27_PalletGHS0909023345_Cavity1_B01BMCZ_Fail7_Score(1).bmp,Missing Lens,L27,test
30d6aa2e63f0e1fbecf58153b63ae3b6,/data/FMD_Data_26082026/fmd_temp_images/Updated ICube Categorical Classes 20260915/Missing Lens/20241112_153655_L27_C14_1_0.6245.bmp,Missing Lens,L27,test
464a2fdce5f8329833daa3e92c37c4ba,/data/FMD_Data_26082026/fmd_temp_images/Updated ICube Categorical Classes 20260915/Missing Lens/20241120_110229_L27_C12_9930_0.5269.bmp,Missing Lens,L27,test
4d3affdbe4a2036ace96c646cc5125d0,/data/FMD_Data_26082026/fmd_temp_images/Updated ICube Categorical Classes 20260915/Missing Lens/20260807_131303_L27_PalletGHQ0807163742_Cavity7_B01BGMR_Fail7_Score(0.9999999).bmp,Missing Lens,L27,test
546b4ac26e6d21064c28ee2cde156fbf,/data/FMD_Data_26082026/fmd_temp_images/Updated ICube Categorical Classes 20260915/Missing Lens/20241112_153655_L27_C12_1_0.3343.bmp,Missing Lens,L27,test
6e4de7f1006579b1f44ca06b27aa7ce1,/data/FMD_Data_26082026/fmd_temp_images/Updated ICube Categorical Classes 20260915/Missing Lens/20241113_083656_L27_C1_9801_0.9319.bmp,Missing Lens,L27,test
826ef5eca6d84c610e039c2881f1c96e,/data/FMD_Data_26082026/fmd_temp_images/Updated ICube Categorical Classes 20260915/Missing Lens/20241112_153655_L27_C1_1_0.4807.bmp,Missing Lens,L27,test
831d00b8de33fdf39ece6dc821e5db57,/data/FMD_Data_26082026/fmd_temp_images/Updated ICube Categorical Classes 20260915/Missing Lens/20241112_153639_L27_C6_1_0.2917.bmp,Missing Lens,L27,test
8499a4605d766d3e3aa7699f6d96b798,/data/FMD_Data_26082026/fmd_temp_images/Updated ICube Categorical Classes 20260915/Missing Lens/20241112_153448_L27_C1_1_0.3218.bmp,Missing Lens,L27,test
872ad7bb8234b7060d40197b2a0a92f4,/data/FMD_Data_26082026/fmd_temp_images/Updated ICube Categorical Classes 20260915/Missing Lens/20241112_153606_L27_C1_1_0.3670.bmp,Missing Lens,L27,test
8e2624b9347ff9616db998f074a22f8e,/data/FMD_Data_26082026/fmd_temp_images/Updated ICube Categorical Classes 20260915/Missing Lens/20241112_153448_L27_C12_1_0.2868.bmp,Missing Lens,L27,test
99264c9409dcd730092e7b44ad108022,/data/FMD_Data_26082026/fmd_temp_images/Updated ICube Categorical Classes 20260915/Missing Lens/20241112_153655_L27_C11_1_0.5672.bmp,Missing Lens,L27,test
a717f25d6db638534aff9558000c1cac,/data/FMD_Data_26082026/fmd_temp_images/Updated ICube Categorical Classes 20260915/Missing Lens/20241112_153448_L27_C7_1_0.3275.bmp,Missing Lens,L27,test
b1a1fa7aee70e85623636afc080cf63c,/data/FMD_Data_26082026/fmd_temp_images/Updated ICube Categorical Classes 20260915/Missing Lens/20241112_153655_L27_C7_1_0.3861.bmp,Missing Lens,L27,test
b1e2f9c07db2ad9800ea8c1533d9c6e0,/data/FMD_Data_26082026/fmd_temp_images/Updated ICube Categorical Classes 20260915/Missing Lens/20241112_153639_L27_C9_1_0.2926.bmp,Missing Lens,L27,test
d6a858ecf330844ef1dbac82d6de0573,/data/FMD_Data_26082026/fmd_temp_images/ICube Defects Library/Missing Lens/20241120_110221_L27_C11_9603.bmp,Missing Lens,L27,test
e4ca4d9c122954a5288d7473fc561a50,/data/FMD_Data_26082026/fmd_temp_images/Updated ICube Categorical Classes 20260915/Missing Lens/20260903_083251_L27_PalletGHM0903115817_Cavity4_B01BKZX_Fail7_Score(0.9999889).bmp,Missing Lens,L27,test
ef5f35bd68f75bc7ef25afc5f5137152,/data/FMD_Data_26082026/fmd_temp_images/Updated ICube Categorical Classes 20260915/Missing Lens/20260903_185707_L27_PalletGHQ0903222220_Cavity7_B01BMCR_Fail7_Score(0.999999).bmp,Missing Lens,L27,test
f7afc2a88b1411b96af428076ee5f0bb,/data/FMD_Data_26082026/fmd_temp_images/Updated ICube Categorical Classes 20260915/Missing Lens/20241112_153606_L27_C13_1_0.3554.bmp,Missing Lens,L27,test
02ea62f42ebd6722fd5deea3714b67cd,/data/FMD_Data_26082026/fmd_temp_images/Updated ICube Categorical Classes 20260915/Missing Lens/20260907_195518_L27_PalletGHR0907231708_Cavity3_B01BMCW_Fail7_Score(0.9987063).bmp,Missing Lens,L27,train
0377e21f27be43413b44fee28bbace75,/data/FMD_Data_26082026/fmd_temp_images/Updated ICube Categorical Classes 20260915/Missing Lens/20241112_153640_L27_C10_1_0.2416.bmp,Missing Lens,L27,train
08829d7ef689e2ea3db6dadc82715d3a,/data/FMD_Data_26082026/fmd_temp_images/Updated ICube Categorical Classes 20260915/Missing Lens/20241112_153639_L27_C1_1_0.4074.bmp,Missing Lens,L27,train
0991f4ec3ab81d76628cf8561c2a814d,/data/FMD_Data_26082026/fmd_temp_images/Updated ICube Categorical Classes 20260915/Missing Lens/20241112_153639_L27_C2_1_0.3691.bmp,Missing Lens,L27,train
124c69594d4311d4a2d725ad5cfffd74,/data/FMD_Data_26082026/fmd_temp_images/Updated ICube Categorical Classes 20260915/Missing Lens/20260907_195536_L27_PalletGHT0907231712_Cavity15_B01BMCW_Fail7_Score(0.9999999).bmp,Missing Lens,L27,train
151eecbaa40b34136ba668d20b36a18a,/data/FMD_Data_26082026/fmd_temp_images/Updated ICube Categorical Classes 20260915/Missing Lens/20260907_195519_L27_PalletGHR0907231708_Cavity9_B01BMCW_Fail7_Score(0.9998562).bmp,Missing Lens,L27,train
19a0c207b250db91ce967b50fffe10b6,/data/FMD_Data_26082026/fmd_temp_images/ICube Defects Library/Missing Lens/20241207_195208_L27_C6_9913.bmp,Missing Lens,L27,train
238132bd895c6f183a69b321279264cf,/data/FMD_Data_26082026/fmd_temp_images/Updated ICube Categorical Classes 20260915/Missing Lens/20241112_153655_L27_C8_1_0.3414.bmp,Missing Lens,L27,train
27698164dbcec9d85993cd5dc3a7c7f5,/data/FMD_Data_26082026/fmd_temp_images/Updated ICube Categorical Classes 20260915/Missing Lens/20241112_153448_L27_C13_1_0.5226.bmp,Missing Lens,L27,train
278d91a5f4ea5a169ffc2370736965ab,/data/FMD_Data_26082026/fmd_temp_images/Updated ICube Categorical Classes 20260915/Missing Lens/20260907_195518_L27_PalletGHR0907231708_Cavity2_B01BMCW_Fail7_Score(1).bmp,Missing Lens,L27,train
2e06e23bd424c4f487a7a8976df4c198,/data/FMD_Data_26082026/fmd_temp_images/Updated ICube Categorical Classes 20260915/Missing Lens/20241112_153655_L27_C3_1_0.3686.bmp,Missing Lens,L27,train
2fe26604a307327644e74411ab884ff7,/data/FMD_Data_26082026/fmd_temp_images/Updated ICube Categorical Classes 20260915/Missing Lens/20241112_153606_L27_C8_1_0.2865.bmp,Missing Lens,L27,train
353af6ecf34d8758c96cf0b708131d3c,/data/FMD_Data_26082026/fmd_temp_images/Updated ICube Categorical Classes 20260915/Missing Lens/20241111_121628_L27_C8_9060_0.9833.bmp,Missing Lens,L27,train
414a22525073ae5fa7fb8298aa862a3f,/data/FMD_Data_26082026/fmd_temp_images/Updated ICube Categorical Classes 20260915/Missing Lens/20241112_153606_L27_C11_1_0.2358.bmp,Missing Lens,L27,train
4846b5f92118332b59fd4ce340689a32,/data/FMD_Data_26082026/fmd_temp_images/ICube Defects Library/Missing Lens/20241120_110221_L27_C7_9696.bmp,Missing Lens,L27,train
5929e891e7398e6962e26e89a5b1ceca,/data/FMD_Data_26082026/fmd_temp_images/Updated ICube Categorical Classes 20260915/Missing Lens/20260809_064016_L27_PalletGHM0809100332_Cavity2_B01BH58_Fail7_Score(0.9997129).bmp,Missing Lens,L27,train
5af205cd81872e87a4259d02c0b8eef4,/data/FMD_Data_26082026/fmd_temp_images/Updated ICube Categorical Classes 20260915/Missing Lens/20260905_064714_L27_PalletGHJ0905100956_Cavity7_B01BMCV_Fail6_Score(0.9830164).bmp,Missing Lens,L27,train
66b3f8e5b90398a0625ba2e2b11d939b,/data/FMD_Data_26082026/fmd_temp_images/Updated ICube Categorical Classes 20260915/Missing Lens/20241112_153606_L27_C2_1_0.3012.bmp,Missing Lens,L27,train
6829cd5b2604eb94c4696621faf4b452,/data/FMD_Data_26082026/fmd_temp_images/Updated ICube Categorical Classes 20260915/Missing Lens/20241119_115834_L27_C3_9833_0.9982.bmp,Missing Lens,L27,train
697f1700e60282e7e58628a025894820,/data/FMD_Data_26082026/fmd_temp_images/Updated ICube Categorical Classes 20260915/Missing Lens/20241112_153655_L27_C15_1_0.4525.bmp,Missing Lens,L27,train
6aede7e8f76bed51947641b5cce12e2b,/data/FMD_Data_26082026/fmd_temp_images/Updated ICube Categorical Classes 20260915/Missing Lens/20241112_153606_L27_C6_1_0.2548.bmp,Missing Lens,L27,train
7104e1c2ae1294219bdedbed4fcc3167,/data/FMD_Data_26082026/fmd_temp_images/Updated ICube Categorical Classes 20260915/Missing Lens/20241112_153639_L27_C8_1_0.3316.bmp,Missing Lens,L27,train
72981dc58b9defceddcca9a577c85091,/data/FMD_Data_26082026/fmd_temp_images/Updated ICube Categorical Classes 20260915/Missing Lens/20241112_153655_L27_C9_1_0.3744.bmp,Missing Lens,L27,train
7704b5c7d0b78d9b374f0d79d5da10ba,/data/FMD_Data_26082026/fmd_temp_images/Updated ICube Categorical Classes 20260915/Missing Lens/20241112_153448_L27_C9_1_0.2699.bmp,Missing Lens,L27,train
78b9888235ab202dbe71f4c94c152806,/data/FMD_Data_26082026/fmd_temp_images/Updated ICube Categorical Classes 20260915/Missing Lens/20241112_153606_L27_C5_1_0.2959.bmp,Missing Lens,L27,train
81b342600bdbcd6994f9f17de1d0af41,/data/FMD_Data_26082026/fmd_temp_images/Updated ICube Categorical Classes 20260915/Missing Lens/20241112_153448_L27_C2_1_0.3118.bmp,Missing Lens,L27,train
86e4c80e8451dbd08c7e2d5eb61fdaaf,/data/FMD_Data_26082026/fmd_temp_images/Updated ICube Categorical Classes 20260915/Missing Lens/20241112_153448_L27_C3_1_0.3138.bmp,Missing Lens,L27,train
892dc485f96bc97a238260f3df5aa915,/data/FMD_Data_26082026/fmd_temp_images/Updated ICube Categorical Classes 20260915/Missing Lens/20241112_153606_L27_C4_1_0.2064.bmp,Missing Lens,L27,train
8b14909fb9f02a3d36ce2df4f39dc9c9,/data/FMD_Data_26082026/fmd_temp_images/Updated ICube Categorical Classes 20260915/Missing Lens/20241112_153655_L27_C5_1_0.2957.bmp,Missing Lens,L27,train
8bcb140e51fa65f38fef51a7760beea2,/data/FMD_Data_26082026/fmd_temp_images/Updated ICube Categorical Classes 20260915/Missing Lens/20241112_153639_L27_C7_1_0.3640.bmp,Missing Lens,L27,train
949271710154926dd52aab5177607fda,/data/FMD_Data_26082026/fmd_temp_images/Updated ICube Categorical Classes 20260915/Missing Lens/20241112_153606_L27_C14_1_0.2945.bmp,Missing Lens,L27,train
9e4aecf6022f7b0152412ab1509427d7,/data/FMD_Data_26082026/fmd_temp_images/Updated ICube Categorical Classes 20260915/Missing Lens/20241120_110229_L27_C7_9294_0.8755.bmp,Missing Lens,L27,train
a1c16e4eefa5a3befb8c9bc035422097,/data/FMD_Data_26082026/fmd_temp_images/Updated ICube Categorical Classes 20260915/Missing Lens/20260807_131303_L27_PalletGHQ0807163742_Cavity3_B01BGMR_Fail7_Score(1).bmp,Missing Lens,L27,train
a3f976de08ad239108e4a3dd3e719921,/data/FMD_Data_26082026/fmd_temp_images/Updated ICube Categorical Classes 20260915/Missing Lens/20241112_153639_L27_C4_1_0.2877.bmp,Missing Lens,L27,train
a5edb36f7e0210aff50a91d054088d7c,/data/FMD_Data_26082026/fmd_temp_images/Updated ICube Categorical Classes 20260915/Missing Lens/20241112_153640_L27_C13_1_0.3099.bmp,Missing Lens,L27,train
aa483382b3556cde420c81771ef5f13f,/data/FMD_Data_26082026/fmd_temp_images/Updated ICube Categorical Classes 20260915/Missing Lens/20260907_195519_L27_PalletGHR0907231708_Cavity14_B01BMCW_Fail7_Score(0.9999986).bmp,Missing Lens,L27,train
ac73b97c959ef84f5bfcbcb487bd99e5,/data/FMD_Data_26082026/fmd_temp_images/Updated ICube Categorical Classes 20260915/Missing Lens/20260907_064318_L27_PalletGHB0907100722_Cavity2_B01BMCM_Fail7_Score(1).bmp,Missing Lens,L27,train
b91e3551c51007617f77505770e94831,/data/FMD_Data_26082026/fmd_temp_images/Updated ICube Categorical Classes 20260915/Missing Lens/20241112_153640_L27_C12_1_0.3745.bmp,Missing Lens,L27,train
b99cd8c8d045f716b395e9f42fffcefe,/data/FMD_Data_26082026/fmd_temp_images/Updated ICube Categorical Classes 20260915/Missing Lens/20241112_153655_L27_C6_1_0.4199.bmp,Missing Lens,L27,train
bdb0c13c1e94219116098d60dc60ee26,/data/FMD_Data_26082026/fmd_temp_images/Updated ICube Categorical Classes 20260915/Missing Lens/20241112_153640_L27_C15_1_0.3741.bmp,Missing Lens,L27,train
c1640dbb29b6078a2e49e039d045182b,/data/FMD_Data_26082026/fmd_temp_images/Updated ICube Categorical Classes 20260915/Missing Lens/20241112_153655_L27_C4_1_0.3962.bmp,Missing Lens,L27,train
c2d5e17858d45bd784b2bb5335aaee91,/data/FMD_Data_26082026/fmd_temp_images/Updated ICube Categorical Classes 20260915/Missing Lens/20241112_153606_L27_C7_1_0.2643.bmp,Missing Lens,L27,train
c3bd74d79fe5c600d47c87e4b51e96d0,/data/FMD_Data_26082026/fmd_temp_images/Updated ICube Categorical Classes 20260915/Missing Lens/20260908_231107_L27_PalletGHK0909023550_Cavity10_B01BMCZ_Fail7_Score(0.9999914).bmp,Missing Lens,L27,train
c8188c3dea094bdf62eb87d6a91cd77a,/data/FMD_Data_26082026/fmd_temp_images/Updated ICube Categorical Classes 20260915/Missing Lens/20241112_153448_L27_C15_1_0.3681.bmp,Missing Lens,L27,train
ca37cf7db727fc276a9aac2ccee2ffa7,/data/FMD_Data_26082026/fmd_temp_images/Updated ICube Categorical Classes 20260915/Missing Lens/20260907_195519_L27_PalletGHR0907231708_Cavity15_B01BMCW_Fail5_Score(0.96244).bmp,Missing Lens,L27,train
ccbeb35bf9f2e84e3298722832604648,/data/FMD_Data_26082026/fmd_temp_images/Updated ICube Categorical Classes 20260915/Missing Lens/20241112_153606_L27_C9_1_0.3489.bmp,Missing Lens,L27,train
cffa86900727abadfad81a00cb640bb3,/data/FMD_Data_26082026/fmd_temp_images/Updated ICube Categorical Classes 20260915/Missing Lens/20241112_153639_L27_C3_1_0.3910.bmp,Missing Lens,L27,train
dc60698e1ace683bc098be541e2f7a51,/data/FMD_Data_26082026/fmd_temp_images/Updated ICube Categorical Classes 20260915/Missing Lens/20260907_195536_L27_PalletGHT0907231712_Cavity14_B01BMCW_Fail7_Score(0.9995254).bmp,Missing Lens,L27,train
ddd32ed05b3e92337d6f4782bf0cfc36,/data/FMD_Data_26082026/fmd_temp_images/Updated ICube Categorical Classes 20260915/Missing Lens/20241112_153448_L27_C8_1_0.6798.bmp,Missing Lens,L27,train
dedf020e347666cf76f6264525c28be3,/data/FMD_Data_26082026/fmd_temp_images/Updated ICube Categorical Classes 20260915/Missing Lens/20241112_153606_L27_C3_1_0.3189.bmp,Missing Lens,L27,train
e03b06779cff09eb56560e982ab6365a,/data/FMD_Data_26082026/fmd_temp_images/Updated ICube Categorical Classes 20260915/Missing Lens/20241104_193339_L27_C4_9871_0.9927.bmp,Missing Lens,L27,train
e455d183941985be63eed1cde6f6f71f,/data/FMD_Data_26082026/fmd_temp_images/Updated ICube Categorical Classes 20260915/Missing Lens/20241112_153606_L27_C10_1_0.3152.bmp,Missing Lens,L27,train
e711b44ff4499d8c43d4befbfe996871,/data/FMD_Data_26082026/fmd_temp_images/Updated ICube Categorical Classes 20260915/Missing Lens/20241112_153655_L27_C2_1_0.5878.bmp,Missing Lens,L27,train
e9e814411f88372b23ed3985b36e6be5,/data/FMD_Data_26082026/fmd_temp_images/Updated ICube Categorical Classes 20260915/Missing Lens/20260907_195519_L27_PalletGHR0907231708_Cavity10_B01BMCW_Fail7_Score(1).bmp,Missing Lens,L27,train
ec65f14346718c86dcf31cb253f55e24,/data/FMD_Data_26082026/fmd_temp_images/Updated ICube Categorical Classes 20260915/Missing Lens/20241112_153639_L27_C5_1_0.3000.bmp,Missing Lens,L27,train
ed22092c801e5ef789eb8396e2ca34e6,/data/FMD_Data_26082026/fmd_temp_images/Updated ICube Categorical Classes 20260915/Missing Lens/20241112_153448_L27_C5_1_0.3708.bmp,Missing Lens,L27,train
ee40015d64f8793f4fc9550223ec88d4,/data/FMD_Data_26082026/fmd_temp_images/Updated ICube Categorical Classes 20260915/Missing Lens/20241112_153655_L27_C13_1_0.4667.bmp,Missing Lens,L27,train
2927ac0e1f56df329f291ad308aa0dd8,/data/FMD_Data_26082026/fmd_temp_images/Updated ICube Categorical Classes 20260915/Missing Primary Package/20241112_153448_L27_C11_1_0.2771.bmp,Missing Primary Package,L27,test
61c1b46374367fc2054ace7e90223b89,/data/FMD_Data_26082026/fmd_temp_images/Updated ICube Categorical Classes 20260915/Missing Primary Package/20260808_115044_L27_PalletGHS0808151333_Cavity9_B01BH56_Fail6_Score(0.9700737).bmp,Missing Primary Package,L27,test
6fbd52c419d717e2ad64069ab80fe2cd,/data/FMD_Data_26082026/fmd_temp_images/Updated ICube Categorical Classes 20260915/Missing Primary Package/20260808_122632_L27_PalletGHK0808155102_Cavity13_B01BH56_Fail3_Score(0.918538).bmp,Missing Primary Package,L27,test
af14b7c87d8ac4b48038b5f1b47c2d18,/data/FMD_Data_26082026/fmd_temp_images/Updated ICube Categorical Classes 20260915/Missing Primary Package/20260909_105456_L27_PalletGHP0909141207_Cavity2_B01BMCZ_Fail2_Score(0.9039732).bmp,Missing Primary Package,L27,test
0a9760cdb5724d556b3e70a5a4e18cef,/data/FMD_Data_26082026/fmd_temp_images/Updated ICube Categorical Classes 20260915/Missing Primary Package/20260808_122632_L27_PalletGHK0808155102_Cavity1_B01BH56_Fail7_Score(0.9856931).bmp,Missing Primary Package,L27,train
64914532c447ff3e020ff0c1e13ade08,/data/FMD_Data_26082026/fmd_temp_images/Updated ICube Categorical Classes 20260915/Missing Primary Package/20260808_122632_L27_PalletGHK0808155102_Cavity2_B01BH56_Fail4_Score(0.9490459).bmp,Missing Primary Package,L27,train
91d90f57d07d692e3078022d6500d74d,/data/FMD_Data_26082026/fmd_temp_images/Updated ICube Categorical Classes 20260915/Missing Primary Package/20241112_153606_L27_C12_1_0.2851.bmp,Missing Primary Package,L27,train
a9eb66c0db6f113b6b430c1f0eebfaf6,/data/FMD_Data_26082026/fmd_temp_images/Updated ICube Categorical Classes 20260915/Missing Primary Package/20241112_153640_L27_C11_1_0.3032.bmp,Missing Primary Package,L27,train
ab1a5fbc730128249ad0da4a4c877183,/data/FMD_Data_26082026/fmd_temp_images/Updated ICube Categorical Classes 20260915/Missing Primary Package/20260808_122632_L27_PalletGHK0808155102_Cavity6_B01BH56_Fail6_Score(0.9776584).bmp,Missing Primary Package,L27,train
abb2d9e38e45237acca2a17d9fd43b17,/data/FMD_Data_26082026/fmd_temp_images/Updated ICube Categorical Classes 20260915/Missing Primary Package/20260808_122632_L27_PalletGHK0808155102_Cavity9_B01BH56_Fail6_Score(0.9685674).bmp,Missing Primary Package,L27,train
d34ef28a78230d011d9f47c3b90c2e3c,/data/FMD_Data_26082026/fmd_temp_images/Updated ICube Categorical Classes 20260915/Missing Primary Package/20241112_153448_L27_C14_1_0.2504.bmp,Missing Primary Package,L27,train
d87d38bfe4a78588e3c47944a1b29902,/data/FMD_Data_26082026/fmd_temp_images/Updated ICube Categorical Classes 20260915/Missing Primary Package/20241112_153655_L27_C10_1_0.3144.bmp,Missing Primary Package,L27,train
129c9ffb633e2dfb05df60ce5d979e6f,/data/FMD_Data_26082026/fmd_temp_images/Updated ICube Categorical Classes 20260915/Multiple Lenses/20260809_123913_L27_PalletGHM0809160502_Cavity1_B01BH58_Fail7_Score(0.9862868).bmp,Multiple Lenses,L27,test
1cb734644c7d4973a078a2ecea7bb35f,/data/FMD_Data_26082026/fmd_temp_images/Updated ICube Categorical Classes 20260915/Multiple Lenses/20260904_154027_L27_PalletGHG0904190625_Cavity12_B01BMCT_Fail7_Score(0.9995824).bmp,Multiple Lenses,L27,test
2ae19e3c5058713a540df21efb1192a1,/data/FMD_Data_26082026/fmd_temp_images/Updated ICube Categorical Classes 20260915/Multiple Lenses/20260905_043148_L27_PalletGHP0905075737_Cavity3_B01BMCV_Fail7_Score(0.9999821).bmp,Multiple Lenses,L27,test
3666214e6969d91801755f0bc17ae300,/data/FMD_Data_26082026/fmd_temp_images/Updated ICube Categorical Classes 20260915/Multiple Lenses/20260808_184134_L27_PalletGHN0808220433_Cavity15_B01BH57_Fail7_Score(0.999988).bmp,Multiple Lenses,L27,test
37a89e65259b8b4d70d73238b9899120,/data/FMD_Data_26082026/fmd_temp_images/Updated ICube Categorical Classes 20260915/Multiple Lenses/20260908_020343_L27_PalletGHH0908052958_Cavity14_B01BMCW_Fail7_Score(0.9979637).bmp,Multiple Lenses,L27,test
494ae27dfbca3a82f0226d081aa6dc5e,/data/FMD_Data_26082026/fmd_temp_images/Updated ICube Categorical Classes 20260915/Multiple Lenses/20260904_185403_L27_PalletGHH0904221857_Cavity10_B01BMCT_Fail7_Score(0.9999998).bmp,Multiple Lenses,L27,test
4d54450ee1c73e2c1eab73414c60a184,/data/FMD_Data_26082026/fmd_temp_images/Updated ICube Categorical Classes 20260915/Multiple Lenses/20260904_153943_L27_PalletGHM0904190538_Cavity7_B01BMCT_Fail7_Score(1).bmp,Multiple Lenses,L27,test
4dae4d75455e10107dca3cb84f850ef0,/data/FMD_Data_26082026/fmd_temp_images/Updated ICube Categorical Classes 20260915/Multiple Lenses/20260903_070352_L27_PalletGHR0903102944_Cavity12_B01BKZX_Fail6_Score(0.9734682).bmp,Multiple Lenses,L27,test
586564e57964ecd4a96d2b8ae4ec0c0b,/data/FMD_Data_26082026/fmd_temp_images/Updated ICube Categorical Classes 20260915/Multiple Lenses/20260907_195536_L27_PalletGHT0907231712_Cavity1_B01BMCW_Fail5_Score(0.9630391).bmp,Multiple Lenses,L27,test
5d3e6439124e9041d9e60d748ac35cc0,/data/FMD_Data_26082026/fmd_temp_images/Updated ICube Categorical Classes 20260915/Multiple Lenses/20241102_190642_L27_C1_9762_0.9471.bmp,Multiple Lenses,L27,test
6364bac9212ad992a8ad525c4d475b5b,/data/FMD_Data_26082026/fmd_temp_images/Updated ICube Categorical Classes 20260915/Multiple Lenses/20260904_135122_L27_PalletGHQ0904171716_Cavity14_B01BMCT_Fail7_Score(0.9908406).bmp,Multiple Lenses,L27,test
7a6759ccddd20a390050096ef6401058,/data/FMD_Data_26082026/fmd_temp_images/Updated ICube Categorical Classes 20260915/Multiple Lenses/20260807_131303_L27_PalletGHQ0807163742_Cavity13_B01BGMR_Fail4_Score(0.9370013).bmp,Multiple Lenses,L27,test
8c14a543606a206c36a6332f2060dc23,/data/FMD_Data_26082026/fmd_temp_images/Updated ICube Categorical Classes 20260915/Multiple Lenses/20260908_232404_L27_PalletGHA0909024843_Cavity14_B01BMCZ_Fail7_Score(0.9999996).bmp,Multiple Lenses,L27,test
911f5149a4d3718f862f884068caae14,/data/FMD_Data_26082026/fmd_temp_images/Updated ICube Categorical Classes 20260915/Multiple Lenses/20260903_161121_L27_PalletGHJ0903193656_Cavity4_B01BMCR_Fail6_Score(0.9750889).bmp,Multiple Lenses,L27,test
91264fbef0e463e53a1794d1472ff435,/data/FMD_Data_26082026/fmd_temp_images/Updated ICube Categorical Classes 20260915/Multiple Lenses/20260808_152220_L27_PalletGHL0808184756_Cavity10_B01BH56_Fail7_Score(0.9999952).bmp,Multiple Lenses,L27,test
d7b35be56e96177dbbb92bf582b616f7,/data/FMD_Data_26082026/fmd_temp_images/Updated ICube Categorical Classes 20260915/Multiple Lenses/20260908_193337_L27_PalletGHG0908225803_Cavity10_B01BMCX_Fail7_Score(0.9963773).bmp,Multiple Lenses,L27,test
01a6d956c77323f9b465962c1b1c3ad3,/data/FMD_Data_26082026/fmd_temp_images/Updated ICube Categorical Classes 20260915/Multiple Lenses/20260902_183928_L27_PalletGHS0902220426_Cavity13_B01BKZX_Fail7_Score(0.9999998).bmp,Multiple Lenses,L27,train
07b7f91aeb9bcd2d017b8cab29480b2c,/data/FMD_Data_26082026/fmd_temp_images/Updated ICube Categorical Classes 20260915/Multiple Lenses/20260908_232409_L27_PalletGHD0909024849_Cavity14_B01BMCZ_Fail6_Score(0.9713436).bmp,Multiple Lenses,L27,train
07cc74f2816eb80ae4992707d4270587,/data/FMD_Data_26082026/fmd_temp_images/Updated ICube Categorical Classes 20260915/Multiple Lenses/20260906_215928_L27_PalletGHA0907012533_Cavity15_B01BMDC_Fail7_Score(0.9999905).bmp,Multiple Lenses,L27,train
093484a31e1f95723d7c56e9fdac9d8e,/data/FMD_Data_26082026/fmd_temp_images/Updated ICube Categorical Classes 20260915/Multiple Lenses/20260809_044457_L27_PalletGHD0809081045_Cavity15_B01BH58_Fail4_Score(0.9364357).bmp,Multiple Lenses,L27,train
0fa80b223f78c00a7467cbf77c3e194c,/data/FMD_Data_26082026/fmd_temp_images/Updated ICube Categorical Classes 20260915/Multiple Lenses/20260907_195536_L27_PalletGHT0907231712_Cavity13_B01BMCW_Fail7_Score(0.9997634).bmp,Multiple Lenses,L27,train
12b634078234e5a84944ca92db7a1945,/data/FMD_Data_26082026/fmd_temp_images/Updated ICube Categorical Classes 20260915/Multiple Lenses/20260908_105150_L27_PalletGHQ0908141806_Cavity10_B01BMCX_Fail7_Score(0.9999999).bmp,Multiple Lenses,L27,train
18ec2db1174f5f6f648cbe0b6f51fadf,/data/FMD_Data_26082026/fmd_temp_images/Updated ICube Categorical Classes 20260915/Multiple Lenses/20260809_152250_L27_PalletGHS0809184822_Cavity2_B01BH58_Fail7_Score(0.9999489).bmp,Multiple Lenses,L27,train
24d0a8619880ddab6ae25e3932e6af7c,/data/FMD_Data_26082026/fmd_temp_images/Updated ICube Categorical Classes 20260915/Multiple Lenses/20260902_172158_L27_PalletGHP0902204745_Cavity15_B01BKZX_Fail7_Score(0.9996674).bmp,Multiple Lenses,L27,train
39baaab97c3dab7941e2a64036cc7d5f,/data/FMD_Data_26082026/fmd_temp_images/Updated ICube Categorical Classes 20260915/Multiple Lenses/20260908_074356_L27_PalletGHA0908111009_Cavity14_B01BMCX_Fail7_Score(0.9999977).bmp,Multiple Lenses,L27,train
3c7717a18d2a8817a58a6865dd7a8cf3,/data/FMD_Data_26082026/fmd_temp_images/Updated ICube Categorical Classes 20260915/Multiple Lenses/20260807_131303_L27_PalletGHQ0807163742_Cavity8_B01BGMR_Fail7_Score(0.9993216).bmp,Multiple Lenses,L27,train
45a17ca63b7cd2ede4e3cabfcb8e547d,/data/FMD_Data_26082026/fmd_temp_images/Updated ICube Categorical Classes 20260915/Multiple Lenses/20260807_155410_L27_PalletGHA0807191941_Cavity11_B01BHHF_Fail3_Score(0.9253595).bmp,Multiple Lenses,L27,train
50642f9221737f52b164f57bb51d42c8,/data/FMD_Data_26082026/fmd_temp_images/Updated ICube Categorical Classes 20260915/Multiple Lenses/20260904_065712_L27_PalletGHP0904102048_Cavity10_B01BMCS_Fail7_Score(0.9999998).bmp,Multiple Lenses,L27,train
58a6fd4c2f3f424b09418114a2e075c7,/data/FMD_Data_26082026/fmd_temp_images/Updated ICube Categorical Classes 20260915/Multiple Lenses/20260806_165926_L27_PalletGHP0806202503_Cavity5_B01BGMT_Fail7_Score(0.992061).bmp,Multiple Lenses,L27,train
5c22d36c42119bdf841d465bef9104f4,/data/FMD_Data_26082026/fmd_temp_images/Updated ICube Categorical Classes 20260915/Multiple Lenses/20260908_135812_L27_PalletGHR0908172417_Cavity9_B01BMCX_Fail7_Score(0.9999281).bmp,Multiple Lenses,L27,train
5f55c05ebafe454a2e660ee4efe2488a,/data/FMD_Data_26082026/fmd_temp_images/Updated ICube Categorical Classes 20260915/Multiple Lenses/20260903_140108_L27_PalletGHP0903172701_Cavity12_B01BMCR_Fail7_Score(0.9999971).bmp,Multiple Lenses,L27,train
5f57b2b51a66f48b42b9658e69b2b82a,/data/FMD_Data_26082026/fmd_temp_images/Updated ICube Categorical Classes 20260915/Multiple Lenses/20260907_195536_L27_PalletGHT0907231712_Cavity4_B01BMCW_Fail7_Score(0.9999263).bmp,Multiple Lenses,L27,train
65eb0c41312e79ec022f7906bf1bdce2,/data/FMD_Data_26082026/fmd_temp_images/Updated ICube Categorical Classes 20260915/Multiple Lenses/20260908_051035_L27_PalletGHF0908083623_Cavity5_B01BMCW_Fail7_Score(0.9999893).bmp,Multiple Lenses,L27,train
6cbce2eae40d8e479c496d9d033ebfc1,/data/FMD_Data_26082026/fmd_temp_images/Updated ICube Categorical Classes 20260915/Multiple Lenses/20241101_205645_L27_C2_9888_0.9989.bmp,Multiple Lenses,L27,train
711d52d6e28c2cd59fb2e38715ebe736,/data/FMD_Data_26082026/fmd_temp_images/Updated ICube Categorical Classes 20260915/Multiple Lenses/20241102_190642_L27_C15_9381_0.9984.bmp,Multiple Lenses,L27,train
7b0af717461642101892c6d602e050ec,/data/FMD_Data_26082026/fmd_temp_images/Updated ICube Categorical Classes 20260915/Multiple Lenses/20260807_184544_L27_PalletGHQ0807220854_Cavity12_B01BHHF_Fail7_Score(0.9918718).bmp,Multiple Lenses,L27,train
9a5efddfb370b773e3ab89309918240f,/data/FMD_Data_26082026/fmd_temp_images/Updated ICube Categorical Classes 20260915/Multiple Lenses/20260904_180054_L27_PalletGHB0904212629_Cavity13_B01BMCT_Fail7_Score(0.9897977).bmp,Multiple Lenses,L27,train
9b1c9f396e133a9b5d41e4e9a5ea9789,/data/FMD_Data_26082026/fmd_temp_images/Updated ICube Categorical Classes 20260915/Multiple Lenses/20260904_185115_L27_PalletGHT0904221340_Cavity3_B01BMCT_Fail7_Score(0.998227).bmp,Multiple Lenses,L27,train
9fa1f69d6d33a1dbc5a3ac0c715b769d,/data/FMD_Data_26082026/fmd_temp_images/Updated ICube Categorical Classes 20260915/Multiple Lenses/20260905_064714_L27_PalletGHJ0905100956_Cavity8_B01BMCV_Fail7_Score(0.9995528).bmp,Multiple Lenses,L27,train
a017d5091693550ecf39226ec9c2b53b,/data/FMD_Data_26082026/fmd_temp_images/Updated ICube Categorical Classes 20260915/Multiple Lenses/20260905_123122_L27_PalletGHT0905155718_Cavity12_B01BMCV_Fail7_Score(1).bmp,Multiple Lenses,L27,train
a4ac1376487b57abd9d76de9ada0cdae,/data/FMD_Data_26082026/fmd_temp_images/Updated ICube Categorical Classes 20260915/Multiple Lenses/20260908_023205_L27_PalletGHC0908055819_Cavity6_B01BMCW_Fail2_Score(0.9041017).bmp,Multiple Lenses,L27,train
a89a1788cdc70fa26c278b305cff0df7,/data/FMD_Data_26082026/fmd_temp_images/Updated ICube Categorical Classes 20260915/Multiple Lenses/20260905_190030_L27_PalletGHP0905222301_Cavity13_B01BM7D_Fail7_Score(0.9989693).bmp,Multiple Lenses,L27,train
bb06ec2c97144d091d796bd065925a3d,/data/FMD_Data_26082026/fmd_temp_images/Updated ICube Categorical Classes 20260915/Multiple Lenses/20260907_195536_L27_PalletGHT0907231712_Cavity7_B01BMCW_Fail5_Score(0.9599721).bmp,Multiple Lenses,L27,train
c5dd91745a04f3b5fde7d944ca8e4275,/data/FMD_Data_26082026/fmd_temp_images/Updated ICube Categorical Classes 20260915/Multiple Lenses/20260909_000942_L27_PalletGHR0909033543_Cavity3_B01BMCZ_Fail3_Score(0.9178581).bmp,Multiple Lenses,L27,train
c6e8e9614388060c231d02f9e94ff72a,/data/FMD_Data_26082026/fmd_temp_images/Updated ICube Categorical Classes 20260915/Multiple Lenses/20260904_040453_L27_PalletGHM0904073045_Cavity10_B01BMCS_Fail4_Score(0.9382356).bmp,Multiple Lenses,L27,train
ca99cc429701cbdc8a8bfdcf23d7bb43,/data/FMD_Data_26082026/fmd_temp_images/Updated ICube Categorical Classes 20260915/Multiple Lenses/20241101_120938_L27_C13_9961_0.8937.bmp,Multiple Lenses,L27,train
cd4a47c4bb7a5994fa93cc330f75318a,/data/FMD_Data_26082026/fmd_temp_images/Updated ICube Categorical Classes 20260915/Multiple Lenses/20260908_232404_L27_PalletGHA0909024843_Cavity9_B01BMCZ_Fail7_Score(0.9999991).bmp,Multiple Lenses,L27,train
cd798352df0e29d275d87147dca91ec2,/data/FMD_Data_26082026/fmd_temp_images/Updated ICube Categorical Classes 20260915/Multiple Lenses/20260905_123210_L27_PalletGHN0905155811_Cavity6_B01BMCV_Fail7_Score(0.9992994).bmp,Multiple Lenses,L27,train
e4594280eeb559d6cb01b8954e0ea607,/data/FMD_Data_26082026/fmd_temp_images/Updated ICube Categorical Classes 20260915/Multiple Lenses/20260808_184134_L27_PalletGHN0808220433_Cavity11_B01BH57_Fail7_Score(0.9997889).bmp,Multiple Lenses,L27,train
e816c65d456e7edee0893e97e157b040,/data/FMD_Data_26082026/fmd_temp_images/Updated ICube Categorical Classes 20260915/Multiple Lenses/20260904_013925_L27_PalletGHL0904050518_Cavity8_B01BMCS_Fail7_Score(0.999857).bmp,Multiple Lenses,L27,train
ec0b9a1f6b200fffd3f8280bf5b1eb1f,/data/FMD_Data_26082026/fmd_temp_images/Updated ICube Categorical Classes 20260915/Multiple Lenses/20260908_192634_L27_PalletGHT0908225117_Cavity14_B01BMCX_Fail7_Score(0.9999958).bmp,Multiple Lenses,L27,train
f0fba4e74fa900f28c0fa36c25a92393,/data/FMD_Data_26082026/fmd_temp_images/Updated ICube Categorical Classes 20260915/Multiple Lenses/20260904_075402_L27_PalletGHA0904111958_Cavity12_B01BMCT_Fail7_Score(1).bmp,Multiple Lenses,L27,train
f76e3f4faf688ef93537077d7e6a38e5,/data/FMD_Data_26082026/fmd_temp_images/Updated ICube Categorical Classes 20260915/Multiple Lenses/20260908_192634_L27_PalletGHT0908225117_Cavity11_B01BMCX_Fail7_Score(1).bmp,Multiple Lenses,L27,train
ff74aacf4394add363b56c993b0c820f,/data/FMD_Data_26082026/fmd_temp_images/Updated ICube Categorical Classes 20260915/Multiple Lenses/20260809_124716_L27_PalletGHC0809161024_Cavity12_B01BH58_Fail2_Score(0.9014789).bmp,Multiple Lenses,L27,train
34f85836a5ee0f10e83915c988c79211,/data/FMD_Data_26082026/fmd_temp_images/Updated ICube Categorical Classes 20260915/Package Misalignment/20260810_075201_L27_PalletGHC0810111700_Cavity13_B01BH5B_Fail7_Score(0.9917519).bmp,Package Misalignment,L27,test
72444b6ab15d8e87c2ac9aa7b1a3bc65,/data/FMD_Data_26082026/fmd_temp_images/Updated ICube Categorical Classes 20260915/Package Misalignment/20260810_075201_L27_PalletGHC0810111700_Cavity11_B01BH5B_Fail6_Score(0.9744412).bmp,Package Misalignment,L27,test
a5d658bcac27cc679b18a2e60c83123b,/data/FMD_Data_26082026/fmd_temp_images/Updated ICube Categorical Classes 20260915/Package Misalignment/20260905_072625_L27_PalletGHL0905105226_Cavity15_B01BMCV_Fail7_Score(0.9923444).bmp,Package Misalignment,L27,test
0a1a8fcaa363ccbdfe388c925991d579,/data/FMD_Data_26082026/fmd_temp_images/Updated ICube Categorical Classes 20260915/Package Misalignment/20260810_075201_L27_PalletGHC0810111700_Cavity14_B01BH5B_Fail7_Score(0.999936).bmp,Package Misalignment,L27,train
6e3afe8e9f3eb4e9fd9ccc1d87863795,/data/FMD_Data_26082026/fmd_temp_images/Updated ICube Categorical Classes 20260915/Package Misalignment/20241210_055853_L27_C12_9166_0.2933.bmp,Package Misalignment,L27,train
752e262cd63ac7faa3aa4cf1cab25ffa,/data/FMD_Data_26082026/fmd_temp_images/ICube Defects Library/Package Misalignment/20241208_105833_L27_C4_1.bmp,Package Misalignment,L27,train
7abc2e4b2b3ca4cee75bbbc4492e336b,/data/FMD_Data_26082026/fmd_temp_images/Updated ICube Categorical Classes 20260915/Package Misalignment/20260810_075201_L27_PalletGHC0810111700_Cavity15_B01BH5B_Fail7_Score(0.9995896).bmp,Package Misalignment,L27,train
7d99443b2a3214aa9cd1c91bd6a5d261,/data/FMD_Data_26082026/fmd_temp_images/Updated ICube Categorical Classes 20260915/Package Misalignment/20260810_075200_L27_PalletGHC0810111700_Cavity9_B01BH5B_Fail7_Score(0.996757).bmp,Package Misalignment,L27,train
81bdb4868cfef8296b1c2de1cb621f27,/data/FMD_Data_26082026/fmd_temp_images/Updated ICube Categorical Classes 20260915/Package Misalignment/20260905_072630_L27_PalletGHN0905105230_Cavity12_B01BMCV_Fail7_Score(0.9998992).bmp,Package Misalignment,L27,train
9329bf5be3d65d61e13932ddcd467f1f,/data/FMD_Data_26082026/fmd_temp_images/ICube Defects Library/Package Misalignment/20241208_105833_L27_C3_1.bmp,Package Misalignment,L27,train
acd89914fb7b487e6443321209ff600f,/data/FMD_Data_26082026/fmd_temp_images/ICube Defects Library/Package Misalignment/20241208_105833_L27_C5_1.bmp,Package Misalignment,L27,train
371e10031ef6e98917a3eb50da8f5577,/data/FMD_Data_26082026/fmd_temp_images/Updated ICube Categorical Classes 20260915/View Obstructed/20241103_102518_L27_C12_1_1.0000.bmp,View Obstructed,L27,test
8d5d2a0bc5560fd770180a38b4d99d24,/data/FMD_Data_26082026/fmd_temp_images/Updated ICube Categorical Classes 20260915/View Obstructed/20260905_210258_L27_PalletGHN0906002902_Cavity1_B01BM7D_Fail6_Score(0.970905).bmp,View Obstructed,L27,test
a1a07bbef211e8fb91325afc4577de4f,/data/FMD_Data_26082026/fmd_temp_images/Updated ICube Categorical Classes 20260915/View Obstructed/20241103_102518_L27_C11_1_1.0000.bmp,View Obstructed,L27,test
37f8c8ec37f4818c071338932391b3ee,/data/FMD_Data_26082026/fmd_temp_images/Updated ICube Categorical Classes 20260915/View Obstructed/20241119_165156_L27_C11_1_1.0000.bmp,View Obstructed,L27,train
39fecd94e1104749ab95835e35cce30e,/data/FMD_Data_26082026/fmd_temp_images/Updated ICube Categorical Classes 20260915/View Obstructed/20241103_102527_L27_C15_1_0.9998.bmp,View Obstructed,L27,train
6b45caa27a0c9f6db17eb1748ab72746,/data/FMD_Data_26082026/fmd_temp_images/Updated ICube Categorical Classes 20260915/View Obstructed/20241119_165156_L27_C12_1_1.0000.bmp,View Obstructed,L27,train
9d690425f7f319fae6aa6c14946a944f,/data/FMD_Data_26082026/fmd_temp_images/Updated ICube Categorical Classes 20260915/View Obstructed/20241119_165156_L27_C13_1_1.0000.bmp,View Obstructed,L27,train
a104a050a73aa24f2270f0151f4dfda0,/data/FMD_Data_26082026/fmd_temp_images/Updated ICube Categorical Classes 20260915/View Obstructed/20241103_102527_L27_C14_1_1.0000.bmp,View Obstructed,L27,train
ac37718bdd9b2007caa489cb22117533,/data/FMD_Data_26082026/fmd_temp_images/Updated ICube Categorical Classes 20260915/View Obstructed/20241103_102518_L27_C13_1_1.0000.bmp,View Obstructed,L27,train
af6a5f5f982cf5c1762a1232092d264d,/data/FMD_Data_26082026/fmd_temp_images/Updated ICube Categorical Classes 20260915/View Obstructed/20241119_165156_L27_C14_1_1.0000.bmp,View Obstructed,L27,train
bb347ca61b2eaee25cd0f7e394b8fa9c,/data/FMD_Data_26082026/fmd_temp_images/Updated ICube Categorical Classes 20260915/View Obstructed/20241119_165156_L27_C15_1_1.0000.bmp,View Obstructed,L27,train
