source_md5,source_path,class,line,split
021c7598157741d34b5d3266c36c6372,/data/FMD_Data_26082026/fmd_temp_images/Updated ICube Objects 20260915/Foreign Matter/20260822_154448_L26_PalletGHF0822200607_Cavity10_B01BKPV_Fail4_Score(0.9339343).bmp,Foreign Matter,L26,test
0a7f4c0731b7664fc46762e1d5484b98,/data/FMD_Data_26082026/fmd_temp_images/ICube Defects Library/Foreign Matter/20241105_060414_L26_PalletGHG1105111623_Cavity5_B0178LN_Fail4_Score(0.9410886).bmp,Foreign Matter,L26,test
16c7e2da4045ed568cdbbd09bc52d047,/data/FMD_Data_26082026/fmd_temp_images/Updated ICube Objects 20260915/Foreign Matter/20241110_200143_L26_PalletGHF1111011258_Cavity4_B0179FS_Fail7_Score(0.998971)_0.4789.bmp,Foreign Matter,L26,test
16ec7ba388f592fc9a0a07f8f1f14f14,/data/FMD_Data_26082026/fmd_temp_images/Updated ICube Objects 20260915/Foreign Matter/20260824_012743_L26_PalletGHA0824054824_Cavity12_B01BKLW_Fail6_Score(0.9690195).bmp,Foreign Matter,L26,test
1881ad6cab831b5471bdb716d9bc5c1e,/data/FMD_Data_26082026/fmd_temp_images/Updated ICube Objects 20260915/Foreign Matter/20260903_171839_L26_PalletGHG0903214015_Cavity8_B01BLMG_Fail6_Score(0.9680268)_1.0000_0.9676.bmp,Foreign Matter,L26,test
1ad2a36578d66833de402d03c20d214c,/data/FMD_Data_26082026/fmd_temp_images/Updated ICube Objects 20260915/Foreign Matter/20260903_182555_L26_PalletGHL0903224736_Cavity4_B01BLMJ_Fail5_Score(0.9624078).bmp,Foreign Matter,L26,test
238bba78c163a429f1a95b8f482610f2,/data/FMD_Data_26082026/fmd_temp_images/Updated ICube Objects 20260915/Foreign Matter/20260905_175232_L26_PalletGHQ0905221423_Cavity12_B01BMP5_Fail7_Score(0.9909168).bmp,Foreign Matter,L26,test
2cc9c8f8abb33c57e0933f25a542b646,/data/FMD_Data_26082026/fmd_temp_images/Updated ICube Objects 20260915/Foreign Matter/20260828_133402_L26_PalletGHB0828175510_Cavity6_B01BKMJ_Fail5_Score(0.9606043).bmp,Foreign Matter,L26,test
2d23ba000324d4c5e47e874e4ba43cdf,/data/FMD_Data_26082026/fmd_temp_images/ICube Defects Library/Foreign Matter/20241104_135359_L26_PalletGHH1104190414_Cavity6_B0178LL_Fail7_Score(0.998804).bmp,Foreign Matter,L26,test
2ed2d4fe1e0cf2889f443d15a3e6629a,/data/FMD_Data_26082026/fmd_temp_images/Updated ICube Objects 20260915/Foreign Matter/20260831_134649_L26_PalletGHQ0831180816_Cavity7_B01BLLV_Fail6_Score(0.981453)_0.9995_0.3296.bmp,Foreign Matter,L26,test
31db06c2d78b90b4d67e47fa12906dd4,/data/FMD_Data_26082026/fmd_temp_images/ICube Defects Library/Foreign Matter/20241104_204234_L26_PalletGHE1105015444_Cavity2_B0178LL_Fail7_Score(0.9897037).bmp,Foreign Matter,L26,test
35edae1ef913fa47fd245df39adc1459,/data/FMD_Data_26082026/fmd_temp_images/Updated ICube Objects 20260915/Foreign Matter/20260820_094856_L26_PalletGHH0820141031_Cavity12_B01BKLR_Fail7_Score(0.9886202).bmp,Foreign Matter,L26,test
37ad7ce9f9b392e67b749f65c4e8acb5,/data/FMD_Data_26082026/fmd_temp_images/Updated ICube Objects 20260915/Foreign Matter/20260906_050106_L26_PalletGHM0906092256_Cavity8_B01BMP6_Fail4_Score(0.9367545).bmp,Foreign Matter,L26,test
49f06954f3fa50bf2369c56e75376b34,/data/FMD_Data_26082026/fmd_temp_images/Updated ICube Objects 20260915/Foreign Matter/20241105_203050_L26_PalletGHI1106014306_Cavity6_B0178LR_Fail6_Score(0.9721996)_0.7052.bmp,Foreign Matter,L26,test
4a912ecf608554630f8bd12a99ee4d5e,/data/FMD_Data_26082026/fmd_temp_images/Updated ICube Objects 20260915/Foreign Matter/20260820_102530_L26_PalletGHL0820144703_Cavity15_B01BKLR_Fail6_Score(0.9788231).bmp,Foreign Matter,L26,test
4dded850082ebe02c8bf83e4e97b4aaf,/data/FMD_Data_26082026/fmd_temp_images/Updated ICube Objects 20260915/Foreign Matter/20260816_063829_L26_PalletGHH0816105942_Cavity10_B01BJQ6_Fail5_Score(0.9625002).bmp,Foreign Matter,L26,test
538d60d27eecc42eafe22ba52af80ae2,/data/FMD_Data_26082026/fmd_temp_images/Updated ICube Objects 20260915/Foreign Matter/20241106_064922_L26_PalletGHA1106120140_Cavity13_B0178LQ_Fail7_Score(0.9994218)_0.6138.bmp,Foreign Matter,L26,test
5df47cf02c9a525233fd0afc5518d334,/data/FMD_Data_26082026/fmd_temp_images/Updated ICube Objects 20260915/Foreign Matter/20260825_014823_L26_PalletGHE0825060914_Cavity10_B01BKM2_Fail4_Score(0.941406).bmp,Foreign Matter,L26,test
5e40ca7dc3a871132dd9a5a8f96840e3,/data/FMD_Data_26082026/fmd_temp_images/Updated ICube Objects 20260915/Foreign Matter/20260816_154049_L26_PalletGHR0816200158_Cavity14_B01BHZQ_Fail6_Score(0.9704676).bmp,Foreign Matter,L26,test
65ba0d8130be184dfc7cc3e714d6a2bf,/data/FMD_Data_26082026/fmd_temp_images/Updated ICube Objects 20260915/Foreign Matter/20260902_042153_L26_PalletGHU0902084318_Cavity11_B01BLM5_Fail4_Score(0.9436799).bmp,Foreign Matter,L26,test
663b8e41f4eb86ec43cf01ab335c9ae2,/data/FMD_Data_26082026/fmd_temp_images/ICube Defects Library/Foreign Matter/20241102_082407_L26_PalletGHK1102123553_Cavity13_B0177KZ_Fail7_Score(0.983468).bmp,Foreign Matter,L26,test
6735e9accf8c3516aaf662e4433734e6,/data/FMD_Data_26082026/fmd_temp_images/Updated ICube Objects 20260915/Foreign Matter/20260904_005848_L26_PalletGHU0904052029_Cavity7_B01BLMH_Fail6_Score(0.9753283).bmp,Foreign Matter,L26,test
7dee0b84a9663f839d59e8208d13dfba,/data/FMD_Data_26082026/fmd_temp_images/Updated ICube Objects 20260915/Foreign Matter/20260907_011618_L26_PalletGHQ0907053712_Cavity12_B01BMPJ_Fail7_Score(0.9834711)_0.9999_0.9828.bmp,Foreign Matter,L26,test
810077bdcb3ea145a82be60eb292ec90,/data/FMD_Data_26082026/fmd_temp_images/Updated ICube Objects 20260915/Foreign Matter/20260828_122010_L26_PalletGHO0828164026_Cavity5_B01BKMJ_Fail7_Score(0.991917).bmp,Foreign Matter,L26,test
85b1833fc95bdc8fd299b81b46f3473f,/data/FMD_Data_26082026/fmd_temp_images/Updated ICube Objects 20260915/Foreign Matter/20260906_022431_L26_PalletGHI0906064625_Cavity9_B01BMP7_Fail4_Score(0.9423347)_1.0000_0.9702.bmp,Foreign Matter,L26,test
8ee0d98b31dae608aa6f35c4592a8065,/data/FMD_Data_26082026/fmd_temp_images/Updated ICube Objects 20260915/Foreign Matter/20260818_222515_L26_PalletGHK0819024638_Cavity7_B01BJRH_Fail5_Score(0.9505917).bmp,Foreign Matter,L26,test
9bc5939575f6b3ca33986f77c8bc1459,/data/FMD_Data_26082026/fmd_temp_images/Updated ICube Objects 20260915/Foreign Matter/20260828_044929_L26_PalletGHT0828091039_Cavity10_B01BKMM_Fail2_Score(0.9061754).bmp,Foreign Matter,L26,test
9d30b17d816caec5879e6864a0af7d68,/data/FMD_Data_26082026/fmd_temp_images/Updated ICube Objects 20260915/Foreign Matter/20260823_091027_L26_PalletGHE0823133111_Cavity13_B01BKPR_Fail7_Score(0.9889486).bmp,Foreign Matter,L26,test
9d63f5d3bd9ea6560a160fa34e811028,/data/FMD_Data_26082026/fmd_temp_images/Updated ICube Objects 20260915/Foreign Matter/20260822_043757_L26_PalletGHU0822085941_Cavity8_B01BKQ0_Fail4_Score(0.9432152).bmp,Foreign Matter,L26,test
a11a732068808862230ddf7535332777,/data/FMD_Data_26082026/fmd_temp_images/Updated ICube Objects 20260915/Foreign Matter/20260825_102710_L26_PalletGHG0825144801_Cavity7_B01BKM5_Fail4_Score(0.9412702).bmp,Foreign Matter,L26,test
a1b29f0051f56ab61d5aca2d39754e55,/data/FMD_Data_26082026/fmd_temp_images/Updated ICube Objects 20260915/Foreign Matter/20260906_003056_L26_PalletGHQ0906045241_Cavity5_B01BMP7_Fail7_Score(0.9949238).bmp,Foreign Matter,L26,test
a21bb92370ad4e14417a63621a23377a,/data/FMD_Data_26082026/fmd_temp_images/Updated ICube Objects 20260915/Foreign Matter/20260815_123813_L26_PalletGHK0815165926_Cavity14_B01BH3G_Fail7_Score(0.9931293).bmp,Foreign Matter,L26,test
a2963ec17b3ed035f2fb5f9f92894a82,/data/FMD_Data_26082026/fmd_temp_images/Updated ICube Objects 20260915/Foreign Matter/20260905_200051_L26_PalletGHL0906002244_Cavity6_B01BMP5_Fail2_Score(0.9127679).bmp,Foreign Matter,L26,test
aa49d033e7502e507ed4d1c48f097050,/data/FMD_Data_26082026/fmd_temp_images/Updated ICube Objects 20260915/Foreign Matter/20260830_203959_L26_PalletGHT0831010121_Cavity8_B01BLLT_Fail6_Score(0.9780105).bmp,Foreign Matter,L26,test
aac14ce7753a5ca34dfbdf88a81390d2,/data/FMD_Data_26082026/fmd_temp_images/Updated ICube Objects 20260915/Foreign Matter/20260824_113611_L26_PalletGHK0824155706_Cavity10_B01BKM0_Fail6_Score(0.971936)_0.9999_0.9639.bmp,Foreign Matter,L26,test
b46909a5a1b3652c4d0b82dfeb561753,/data/FMD_Data_26082026/fmd_temp_images/Updated ICube Objects 20260915/Foreign Matter/20260815_103918_L26_PalletGHH0815150026_Cavity7_B01BH3G_Fail7_Score(0.9885159).bmp,Foreign Matter,L26,test
b52033c40050e458be4c13dbda44bf1d,/data/FMD_Data_26082026/fmd_temp_images/Updated ICube Objects 20260915/Foreign Matter/20260828_233701_L26_PalletGHR0829035733_Cavity14_B01BKMK_Fail6_Score(0.9801036).bmp,Foreign Matter,L26,test
b68aa01fd16cd37ff872fa31c34abfbe,/data/FMD_Data_26082026/fmd_temp_images/Updated ICube Objects 20260915/Foreign Matter/20260903_100106_L26_PalletGHP0903142243_Cavity10_B01BLMC_Fail7_Score(0.9917152).bmp,Foreign Matter,L26,test
c9b60d336c6cd21dfaea469cc36d8586,/data/FMD_Data_26082026/fmd_temp_images/Updated ICube Objects 20260915/Foreign Matter/20260907_075255_L26_PalletGHF0907121355_Cavity12_B01BMPK_Fail6_Score(0.9681536).bmp,Foreign Matter,L26,test
cf7debcc92f9177206b32961b8827595,/data/FMD_Data_26082026/fmd_temp_images/Updated ICube Objects 20260915/Foreign Matter/20260825_124501_L26_PalletGHR0825170547_Cavity8_B01BKM5_Fail7_Score(0.9982834).bmp,Foreign Matter,L26,test
d40a8f5d4614452287ae4abec3da87cf,/data/FMD_Data_26082026/fmd_temp_images/Updated ICube Objects 20260915/Foreign Matter/20260818_200757_L26_PalletGHT0819002925_Cavity2_B01BJT5_Fail5_Score(0.9637064).bmp,Foreign Matter,L26,test
e2d92e5972dbc7a67771c0b4e8e6b34c,/data/FMD_Data_26082026/fmd_temp_images/Updated ICube Objects 20260915/Foreign Matter/20260815_102619_L26_PalletGHC0815144728_Cavity9_B01BH3G_Fail7_Score(0.9996316)_0.9987_0.9911.bmp,Foreign Matter,L26,test
e33ebbabdaf6b5a56137d518a200e105,/data/FMD_Data_26082026/fmd_temp_images/Updated ICube Objects 20260915/Foreign Matter/20260820_053426_L26_PalletGHM0820095601_Cavity1_B01BKLQ_Fail7_Score(0.9940897).bmp,Foreign Matter,L26,test
e8eaee950e2be711d9fa59dd55f8af57,/data/FMD_Data_26082026/fmd_temp_images/Updated ICube Objects 20260915/Foreign Matter/20260828_181550_L26_PalletGHU0828223553_Cavity10_B01BKMJ_Fail6_Score(0.970562).bmp,Foreign Matter,L26,test
eaae9542729161ad88593846e935f6b9,/data/FMD_Data_26082026/fmd_temp_images/Updated ICube Objects 20260915/Foreign Matter/20260822_185239_L26_PalletGHI0822231317_Cavity11_B01BKPV_Fail7_Score(0.9869606).bmp,Foreign Matter,L26,test
ee4ff9bdc4b75bac7b0fc27a6357283f,/data/FMD_Data_26082026/fmd_temp_images/ICube Defects Library/Foreign Matter/20241105_061824_L26_PalletGHQ1105113025_Cavity6_B0178LN_Fail7_Score(0.9885154).bmp,Foreign Matter,L26,test
f60fcb0d342fc66e515c096907961ac7,/data/FMD_Data_26082026/fmd_temp_images/Updated ICube Objects 20260915/Foreign Matter/20260901_072230_L26_PalletGHJ0901114356_Cavity5_B01BLLZ_Fail7_Score(0.9965962).bmp,Foreign Matter,L26,test
f62d47a4273c67c72405fd55a760f121,/data/FMD_Data_26082026/fmd_temp_images/Updated ICube Objects 20260915/Foreign Matter/20260828_144337_L26_PalletGHH0828190450_Cavity10_B01BKMJ_Fail5_Score(0.963417).bmp,Foreign Matter,L26,test
feaded72d15d3d20b7eed04b378f2559,/data/FMD_Data_26082026/fmd_temp_images/Updated ICube Objects 20260915/Foreign Matter/20260820_003759_L26_PalletGHT0820045930_Cavity7_B01BKM3_Fail5_Score(0.9582599).bmp,Foreign Matter,L26,test
0116402b000f7c6daccc6561995968d3,/data/FMD_Data_26082026/fmd_temp_images/Updated ICube Objects 20260915/Foreign Matter/20241102_195916_L26_PalletGHC1103001121_Cavity6_B0177KX_Fail5_Score(0.9614936)_0.9314.bmp,Foreign Matter,L26,train
02c07e04849c7bf04ce363661daaa110,/data/FMD_Data_26082026/fmd_temp_images/Updated ICube Objects 20260915/Foreign Matter/20260829_105513_L26_PalletGHT0829151625_Cavity10_B01BLLH_Fail6_Score(0.9688128).bmp,Foreign Matter,L26,train
04700f266ad26322a67f679d3990cede,/data/FMD_Data_26082026/fmd_temp_images/Updated ICube Objects 20260915/Foreign Matter/20260905_190538_L26_PalletGHG0905232722_Cavity4_B01BMP5_Fail2_Score(0.9153372)_0.9952_0.9715.bmp,Foreign Matter,L26,train
067977a63e9161c78a54e4ae865a5270,/data/FMD_Data_26082026/fmd_temp_images/Updated ICube Objects 20260915/Foreign Matter/20241110_104327_L26_PalletGHI1110155608_Cavity5_B0179FR_Fail5_Score(0.957845)_0.6133.bmp,Foreign Matter,L26,train
0870141cbfa98e3962c58bf1a9efdc79,/data/FMD_Data_26082026/fmd_temp_images/ICube Defects Library/Foreign Matter/20241102_053717_L26_PalletGHA1102094911_Cavity11_B0177KZ_Fail4_Score(0.944276).bmp,Foreign Matter,L26,train
0b9f7c3b1746e77dccef00d425c46da1,/data/FMD_Data_26082026/fmd_temp_images/Updated ICube Objects 20260915/Foreign Matter/20260830_091313_L26_PalletGHC0830133433_Cavity13_B01BLLM_Fail6_Score(0.9780738).bmp,Foreign Matter,L26,train
11935123b029222833675a114ccb6956,/data/FMD_Data_26082026/fmd_temp_images/Updated ICube Objects 20260915/Foreign Matter/20260816_142643_L26_PalletGHU0816184754_Cavity10_B01BHZQ_Fail7_Score(0.99045).bmp,Foreign Matter,L26,train
14c461887888ee47dfea1e821192a41e,/data/FMD_Data_26082026/fmd_temp_images/ICube Defects Library/Foreign Matter/20241102_105648_L26_PalletGHE1102150846_Cavity6_B0177KZ_Fail7_Score(0.9999561).bmp,Foreign Matter,L26,train
14d573d0c9f5a11f3199a5223efc8eac,/data/FMD_Data_26082026/fmd_temp_images/Updated ICube Objects 20260915/Foreign Matter/20260815_061923_L26_PalletGHH0815104024_Cavity10_B01BH3F_Fail5_Score(0.9533844).bmp,Foreign Matter,L26,train
19e1c1eff534c2dcdc9cc30e38f29153,/data/FMD_Data_26082026/fmd_temp_images/ICube Defects Library/Foreign Matter/20241103_015241_L26_PalletGHC1103070447_Cavity14_B0177L1_Fail7_Score(0.9913883).bmp,Foreign Matter,L26,train
1ccf2299e5c32080ef22ed7e1bd004c1,/data/FMD_Data_26082026/fmd_temp_images/Updated ICube Objects 20260915/Foreign Matter/20260819_220027_L26_PalletGHH0820022152_Cavity14_B01BKM3_Fail6_Score(0.9791974).bmp,Foreign Matter,L26,train
1f0a205ed06d0f0f651b59674e85d378,/data/FMD_Data_26082026/fmd_temp_images/Updated ICube Objects 20260915/Foreign Matter/20260816_005232_L26_PalletGHA0816051341_Cavity4_B01BH3H_Fail5_Score(0.9571846).bmp,Foreign Matter,L26,train
233800de2a81d4620b9495b2b8fc2270,/data/FMD_Data_26082026/fmd_temp_images/Updated ICube Objects 20260915/Foreign Matter/20260826_234850_L26_PalletGHL0827040954_Cavity12_B01BKMC_Fail7_Score(0.9900529).bmp,Foreign Matter,L26,train
25cba380add04012007895e464814cbc,/data/FMD_Data_26082026/fmd_temp_images/Updated ICube Objects 20260915/Foreign Matter/20241107_222435_L26_PalletGHO1108033659_Cavity2_B0178LM_Fail5_Score(0.9559855)_0.8839.bmp,Foreign Matter,L26,train
277f69c66bef7b48d1f7c0a1ece14190,/data/FMD_Data_26082026/fmd_temp_images/Updated ICube Objects 20260915/Foreign Matter/20260903_163343_L26_PalletGHT0903205520_Cavity15_B01BLMG_Fail5_Score(0.9662)_0.9998_0.9638.bmp,Foreign Matter,L26,train
288099539ffb2d209523fd75cafc783f,/data/FMD_Data_26082026/fmd_temp_images/Updated ICube Objects 20260915/Foreign Matter/20260831_003828_L26_PalletGHJ0831045949_Cavity9_B01BLLQ_Fail5_Score(0.9506642).bmp,Foreign Matter,L26,train
2bb00644e335805ec8215560ecba4f39,/data/FMD_Data_26082026/fmd_temp_images/Updated ICube Objects 20260915/Foreign Matter/20260819_074350_L26_PalletGHE0819120520_Cavity1_B01BJRJ_Fail7_Score(1)_0.8441_0.7939.bmp,Foreign Matter,L26,train
2d9af2794f059200cad82ab37b0588a3,/data/FMD_Data_26082026/fmd_temp_images/Updated ICube Objects 20260915/Foreign Matter/20260901_025358_L26_PalletGHI0901071524_Cavity14_B01BLLZ_Fail2_Score(0.9019423).bmp,Foreign Matter,L26,train
2f38824cc22c51b81b1cf62edc6ba968,/data/FMD_Data_26082026/fmd_temp_images/Updated ICube Objects 20260915/Foreign Matter/20241110_044530_L26_PalletGHI1110095806_Cavity15_B017B1L_Fail6_Score(0.9712841)_0.8313.bmp,Foreign Matter,L26,train
30e2517b9a98f0b4accefc7c15b97d05,/data/FMD_Data_26082026/fmd_temp_images/ICube Defects Library/Foreign Matter/20241101_230301_L26_PalletGHT1102031454_Cavity11_B0177L0_Fail7_Score(0.9975056).bmp,Foreign Matter,L26,train
31e696981142bf44c5a0fbd473122af2,/data/FMD_Data_26082026/fmd_temp_images/Updated ICube Objects 20260915/Foreign Matter/20260816_050225_L26_PalletGHI0816092336_Cavity2_B01BJQ6_Fail6_Score(0.9730594).bmp,Foreign Matter,L26,train
32e7d90bd8e92845491d74805c70a474,/data/FMD_Data_26082026/fmd_temp_images/Updated ICube Objects 20260915/Foreign Matter/20260902_093350_L26_PalletGHS0902135527_Cavity10_B01BLM7_Fail4_Score(0.9478405).bmp,Foreign Matter,L26,train
363f0932e1ae3ad6d16d85f01d7fd139,/data/FMD_Data_26082026/fmd_temp_images/Updated ICube Objects 20260915/Foreign Matter/20260828_165857_L26_PalletGHN0828212011_Cavity2_B01BKMJ_Fail4_Score(0.9497109).bmp,Foreign Matter,L26,train
3acbdf5d96b0c90a970df55237d843b9,/data/FMD_Data_26082026/fmd_temp_images/ICube Defects Library/Foreign Matter/20241101_213442_L26_C10_9910.bmp,Foreign Matter,L26,train
3bd3e9205e9a3b47a402fd116bd7ab69,/data/FMD_Data_26082026/fmd_temp_images/Updated ICube Objects 20260915/Foreign Matter/20260830_064535_L26_PalletGHN0830110657_Cavity9_B01BLLL_Fail4_Score(0.9470733).bmp,Foreign Matter,L26,train
3e82d21e17623bedf5b2f77b0a86a4d1,/data/FMD_Data_26082026/fmd_temp_images/Updated ICube Objects 20260915/Foreign Matter/20241114_031403_L26_PalletGHF1114082620_Cavity10_B0179GD_Fail6_Score(0.9744177)_0.7879.bmp,Foreign Matter,L26,train
3e9e0a5fcecdcee0cbec7a031fe4a93a,/data/FMD_Data_26082026/fmd_temp_images/Updated ICube Objects 20260915/Foreign Matter/20260825_022833_L26_PalletGHI0825064926_Cavity11_B01BKM2_Fail7_Score(0.9839453).bmp,Foreign Matter,L26,train
3ef7a97e22df996d4a50a7d4ca8b9eca,/data/FMD_Data_26082026/fmd_temp_images/Updated ICube Objects 20260915/Foreign Matter/20260825_005503_L26_PalletGHC0825051557_Cavity2_B01BKM2_Fail4_Score(0.9380515)_0.9309_0.9869.bmp,Foreign Matter,L26,train
4005d057d6c48d073893c6c4bb4d75d1,/data/FMD_Data_26082026/fmd_temp_images/Updated ICube Objects 20260915/Foreign Matter/20260819_111927_L26_PalletGHO0819154054_Cavity15_B01BJRK_Fail7_Score(0.9999858).bmp,Foreign Matter,L26,train
41da4f5b3672a1831d89ea7638b7af6a,/data/FMD_Data_26082026/fmd_temp_images/Updated ICube Objects 20260915/Foreign Matter/20260828_025108_L26_PalletGHE0828071219_Cavity4_B01BKMM_Fail7_Score(0.9854839).bmp,Foreign Matter,L26,train
43a8c420a0d6f759c07bb8fb803eca45,/data/FMD_Data_26082026/fmd_temp_images/Updated ICube Objects 20260915/Foreign Matter/20260818_021100_L26_PalletGHD0818063219_Cavity1_B01BHZP_Fail3_Score(0.9276888).bmp,Foreign Matter,L26,train
46472b51660e10b493ead7b86d22ddce,/data/FMD_Data_26082026/fmd_temp_images/Updated ICube Objects 20260915/Foreign Matter/20260906_031015_L26_PalletGHE0906073205_Cavity6_B01BMP7_Fail6_Score(0.9800493)_1.0000_0.9831.bmp,Foreign Matter,L26,train
46bee76b6da8db540d62fb0eaeb82356,/data/FMD_Data_26082026/fmd_temp_images/ICube Defects Library/Foreign Matter/20241107_130710_L26_C9_9999.bmp,Foreign Matter,L26,train
4a6121435aa6e78709e1469d4d07d4ff,/data/FMD_Data_26082026/fmd_temp_images/Updated ICube Objects 20260915/Foreign Matter/20260823_144858_L26_PalletGHT0823190941_Cavity8_B01BKLV_Fail4_Score(0.9427171).bmp,Foreign Matter,L26,train
4e0d665d39c1b9be9439d0be319cbaa7,/data/FMD_Data_26082026/fmd_temp_images/Updated ICube Objects 20260915/Foreign Matter/20260822_151946_L26_PalletGHU0822194133_Cavity14_B01BKPV_Fail5_Score(0.962561).bmp,Foreign Matter,L26,train
504704e5a45abbfafa43f319b81f383e,/data/FMD_Data_26082026/fmd_temp_images/Updated ICube Objects 20260915/Foreign Matter/20241109_133820_L26_PalletGHN1109185053_Cavity3_B0178LT_Fail5_Score(0.9610088)_0.4443.bmp,Foreign Matter,L26,train
50e8bba1bdffd7268a249a137318a5c8,/data/FMD_Data_26082026/fmd_temp_images/Updated ICube Objects 20260915/Foreign Matter/20260906_234630_L26_PalletGHC0907040727_Cavity12_B01BMPJ_Fail6_Score(0.9824007)_0.9999_0.9794.bmp,Foreign Matter,L26,train
50ea8293e46422b564159575de660d0c,/data/FMD_Data_26082026/fmd_temp_images/Updated ICube Objects 20260915/Foreign Matter/20260824_223821_L26_PalletGHR0825025914_Cavity15_B01BKM2_Fail7_Score(0.9888176)_0.9906_0.7115.bmp,Foreign Matter,L26,train
543f3b9d3d2251e5208191daed04822c,/data/FMD_Data_26082026/fmd_temp_images/Updated ICube Objects 20260915/Foreign Matter/20260907_002620_L26_PalletGHB0907044716_Cavity10_B01BMPJ_Fail5_Score(0.9591268)_0.9995_0.9559.bmp,Foreign Matter,L26,train
552200901edda02bb8521f1508b92b23,/data/FMD_Data_26082026/fmd_temp_images/Updated ICube Objects 20260915/Foreign Matter/20260901_231610_L26_PalletGHH0902033736_Cavity7_B01BLM3_Fail6_Score(0.9671295).bmp,Foreign Matter,L26,train
55b5fd4c7613de51463c6f5d2238f374,/data/FMD_Data_26082026/fmd_temp_images/Updated ICube Objects 20260915/Foreign Matter/20260907_154115_L26_PalletGHA0907200212_Cavity5_B01BMPG_Fail7_Score(0.9962271).bmp,Foreign Matter,L26,train
5b7f3bb7fc8b85f4f9ad84a0ef45ac2c,/data/FMD_Data_26082026/fmd_temp_images/Updated ICube Objects 20260915/Foreign Matter/20260904_195701_L26_PalletGHB0905001839_Cavity5_B01BLMP_Fail2_Score(0.9085689).bmp,Foreign Matter,L26,train
5ba82a496b2d734ec582fdac082e8b5e,/data/FMD_Data_26082026/fmd_temp_images/Updated ICube Objects 20260915/Foreign Matter/20260826_215542_L26_PalletGHG0827021645_Cavity15_B01BKMC_Fail5_Score(0.951578)_0.8852_0.3379.bmp,Foreign Matter,L26,train
5c875569e5bfab0377e2dac99683d412,/data/FMD_Data_26082026/fmd_temp_images/Updated ICube Objects 20260915/Foreign Matter/20260902_151913_L26_PalletGHP0902194045_Cavity10_B01BLM8_Fail7_Score(0.9899119)_1.0000_0.9667.bmp,Foreign Matter,L26,train
5dae9f5ccfd817493a8bbb89d0f4be86,/data/FMD_Data_26082026/fmd_temp_images/Updated ICube Objects 20260915/Foreign Matter/20241108_170417_L26_PalletGHO1108221640_Cavity13_B0178LS_Fail7_Score(0.984344)_0.7460.bmp,Foreign Matter,L26,train
5f2cad3c49309d2e38af97a7c77024c4,/data/FMD_Data_26082026/fmd_temp_images/ICube Defects Library/Foreign Matter/20241103_030957_L26_PalletGHT1103082159_Cavity15_B0177L1_Fail7_Score(0.991147).bmp,Foreign Matter,L26,train
60abc9de62eb19fae9682968bc87fadd,/data/FMD_Data_26082026/fmd_temp_images/Updated ICube Objects 20260915/Foreign Matter/20260821_091342_L26_PalletGHN0821133522_Cavity14_B01BKPX_Fail7_Score(0.9929621).bmp,Foreign Matter,L26,train
6186fc43b99c4df20e2f95b395b72342,/data/FMD_Data_26082026/fmd_temp_images/ICube Defects Library/Foreign Matter/20241103_012946_L26_C7_9013.bmp,Foreign Matter,L26,train
6345de0469203814752fe36fb214abf7,/data/FMD_Data_26082026/fmd_temp_images/Updated ICube Objects 20260915/Foreign Matter/20260906_231748_L26_PalletGHL0907033845_Cavity9_B01BMPJ_Fail6_Score(0.9680835)_0.9999_0.9763.bmp,Foreign Matter,L26,train
63a2a689a43d0e69a99f09eac601316e,/data/FMD_Data_26082026/fmd_temp_images/Updated ICube Objects 20260915/Foreign Matter/20260826_064713_L26_PalletGHD0826110814_Cavity15_B01BKM8_Fail2_Score(0.9142341).bmp,Foreign Matter,L26,train
68ed5e680f1c898f5b4e733702c69850,/data/FMD_Data_26082026/fmd_temp_images/Updated ICube Objects 20260915/Foreign Matter/20241105_095318_L26_PalletGHO1105150529_Cavity1_B0178LR_Fail6_Score(0.9718728)_0.9315.bmp,Foreign Matter,L26,train
6982aecadff57e55d4f088e743787d1a,/data/FMD_Data_26082026/fmd_temp_images/Updated ICube Objects 20260915/Foreign Matter/20260826_204218_L26_PalletGHJ0827010320_Cavity14_B01BKMC_Fail6_Score(0.9790316).bmp,Foreign Matter,L26,train
6a04966489bdff744520bc5edfa264ea,/data/FMD_Data_26082026/fmd_temp_images/Updated ICube Objects 20260915/Foreign Matter/20241105_123215_L26_PalletGHK1105174427_Cavity10_B0178LR_Fail7_Score(0.9921653)_0.9589.bmp,Foreign Matter,L26,train
6ab249167f796d73338c8054fdd95857,/data/FMD_Data_26082026/fmd_temp_images/Updated ICube Objects 20260915/Foreign Matter/20260827_151043_L26_PalletGHT0827193150_Cavity5_B01BKMF_Fail6_Score(0.9697836).bmp,Foreign Matter,L26,train
6bac65b3b5038cf8e5d493198d4f1e25,/data/FMD_Data_26082026/fmd_temp_images/Updated ICube Objects 20260915/Foreign Matter/20260815_080407_L26_PalletGHA0815122517_Cavity3_B01BH3G_Fail7_Score(0.9949464).bmp,Foreign Matter,L26,train
6c57c37c44be12cc7d483bbb739105f4,/data/FMD_Data_26082026/fmd_temp_images/Updated ICube Objects 20260915/Foreign Matter/20260827_223037_L26_PalletGHU0828025140_Cavity14_B01BKMM_Fail6_Score(0.9671064).bmp,Foreign Matter,L26,train
6e90add0faf5d2e964a8b645390b46ed,/data/FMD_Data_26082026/fmd_temp_images/Updated ICube Objects 20260915/Foreign Matter/20260905_015525_L26_PalletGHN0905061704_Cavity1_B01BMP2_Fail4_Score(0.9459344).bmp,Foreign Matter,L26,train
7548e939bd0f6d4acda4b7724a13d6ab,/data/FMD_Data_26082026/fmd_temp_images/Updated ICube Objects 20260915/Foreign Matter/20241101_234622_L26_PalletGHT1102035814_Cavity5_B0177L0_Fail7_Score(0.9999447)_0.9622.bmp,Foreign Matter,L26,train
75a482f63d2f944f7510db449940fb6a,/data/FMD_Data_26082026/fmd_temp_images/Updated ICube Objects 20260915/Foreign Matter/20260818_020451_L26_PalletGHP0818062506_Cavity4_B01BHZP_Fail4_Score(0.9370997)_1.0000_0.4231.bmp,Foreign Matter,L26,train
7754bc48ea99ab944ab2d0e8817904a7,/data/FMD_Data_26082026/fmd_temp_images/Updated ICube Objects 20260915/Foreign Matter/20260902_103852_L26_PalletGHT0902150029_Cavity10_B01BLM9_Fail7_Score(0.9899059).bmp,Foreign Matter,L26,train
79d0451536cbf9f75bd3849a51fa8398,/data/FMD_Data_26082026/fmd_temp_images/Updated ICube Objects 20260915/Foreign Matter/20260904_221635_L26_PalletGHS0905023824_Cavity6_B01BLMQ_Fail7_Score(0.9876137)_0.9998_0.9741.bmp,Foreign Matter,L26,train
7dfc1e365d0f425b22a3e00a51affddb,/data/FMD_Data_26082026/fmd_temp_images/Updated ICube Objects 20260915/Foreign Matter/20260823_111241_L26_PalletGHQ0823153323_Cavity9_B01BKPR_Fail6_Score(0.971246).bmp,Foreign Matter,L26,train
7fcfa778b2576b530cf763d5fef9a7d7,/data/FMD_Data_26082026/fmd_temp_images/Updated ICube Objects 20260915/Foreign Matter/20260822_073140_L26_PalletGHD0822115322_Cavity5_B01BKPS_Fail7_Score(0.9845521).bmp,Foreign Matter,L26,train
8357c3cfbbad275b2834d5b5bd809bf3,/data/FMD_Data_26082026/fmd_temp_images/Updated ICube Objects 20260915/Foreign Matter/20260824_183615_L26_PalletGHU0824225706_Cavity3_B01BKM1_Fail3_Score(0.9210191).bmp,Foreign Matter,L26,train
837a1f5ba4b13489d5451a68db099610,/data/FMD_Data_26082026/fmd_temp_images/Updated ICube Objects 20260915/Foreign Matter/20260829_150521_L26_PalletGHR0829192640_Cavity11_B01BLLK_Fail5_Score(0.9570741).bmp,Foreign Matter,L26,train
83da1c58e9cbfeff7b62d37969e60958,/data/FMD_Data_26082026/fmd_temp_images/Updated ICube Objects 20260915/Foreign Matter/20241105_104105_L26_PalletGHI1105155319_Cavity10_B0178LR_Fail7_Score(0.9963758)_0.8796.bmp,Foreign Matter,L26,train
85faf77256ee70c68caf1fe51f2dd4f5,/data/FMD_Data_26082026/fmd_temp_images/Updated ICube Objects 20260915/Foreign Matter/20260901_090357_L26_PalletGHG0901132514_Cavity1_B01BLM0_Fail2_Score(0.9106105).bmp,Foreign Matter,L26,train
8693a7319d4f168b41163d9f673b0932,/data/FMD_Data_26082026/fmd_temp_images/Updated ICube Objects 20260915/Foreign Matter/20260816_184459_L26_PalletGHP0816230615_Cavity14_B01BHZR_Fail7_Score(0.9948252).bmp,Foreign Matter,L26,train
887f586f4d12b16b5ea8315c67592bca,/data/FMD_Data_26082026/fmd_temp_images/Updated ICube Objects 20260915/Foreign Matter/20260819_214951_L26_PalletGHG0820021116_Cavity6_B01BKM3_Fail5_Score(0.9614718).bmp,Foreign Matter,L26,train
8c6b031d228159c78547d149795b6b49,/data/FMD_Data_26082026/fmd_temp_images/Updated ICube Objects 20260915/Foreign Matter/20260906_050014_L26_PalletGHO0906092203_Cavity14_B01BMP6_Fail2_Score(0.9054579)_1.0000_0.9872.bmp,Foreign Matter,L26,train
8c897796a4523b6948986292a864e317,/data/FMD_Data_26082026/fmd_temp_images/Updated ICube Objects 20260915/Foreign Matter/20260827_035435_L26_PalletGHJ0827081541_Cavity10_B01BKMB_Fail6_Score(0.9735927).bmp,Foreign Matter,L26,train
8ff2469d3662b734a6913148b749f295,/data/FMD_Data_26082026/fmd_temp_images/Updated ICube Objects 20260915/Foreign Matter/20260816_193017_L26_PalletGHR0816235136_Cavity15_B01BHZR_Fail7_Score(0.9980441).bmp,Foreign Matter,L26,train
91dcfc47030ede61cfc1fdca03edc5f4,/data/FMD_Data_26082026/fmd_temp_images/ICube Defects Library/Foreign Matter/20241104_201004_L26_PalletGHI1105012215_Cavity10_B0178LL_Fail2_Score(0.9165137).bmp,Foreign Matter,L26,train
925ebf0b4a64c1a13772bac6e2c63b4a,/data/FMD_Data_26082026/fmd_temp_images/Updated ICube Objects 20260915/Foreign Matter/20260822_221259_L26_PalletGHQ0823023444_Cavity8_B01BKPQ_Fail7_Score(0.9977938).bmp,Foreign Matter,L26,train
93214b75c16c828916ee6665b8b40f01,/data/FMD_Data_26082026/fmd_temp_images/Updated ICube Objects 20260915/Foreign Matter/20260902_121634_L26_PalletGHD0902163807_Cavity14_B01BLM9_Fail7_Score(0.9931173).bmp,Foreign Matter,L26,train
94517539dae9bc47703df56dc71ef340,/data/FMD_Data_26082026/fmd_temp_images/Updated ICube Objects 20260915/Foreign Matter/20260903_110709_L26_PalletGHN0903152851_Cavity11_B01BLMC_Fail3_Score(0.9325163)_0.9999_0.9852.bmp,Foreign Matter,L26,train
94eda6b4ceb41f250a9f546420004815,/data/FMD_Data_26082026/fmd_temp_images/Updated ICube Objects 20260915/Foreign Matter/20260816_211904_L26_PalletGHU0817014013_Cavity4_B01BHZR_Fail7_Score(0.9841695).bmp,Foreign Matter,L26,train
9e310f0169c6848871aa9e355ac3fe67,/data/FMD_Data_26082026/fmd_temp_images/Updated ICube Objects 20260915/Foreign Matter/20260907_063454_L26_PalletGHG0907105550_Cavity1_B01BMPK_Fail4_Score(0.9434958)_0.9999_0.9810.bmp,Foreign Matter,L26,train
a7c8b626a9c2b85445600a06b0e2c5ef,/data/FMD_Data_26082026/fmd_temp_images/Updated ICube Objects 20260915/Foreign Matter/20260819_174208_L26_PalletGHT0819220332_Cavity10_B01BKM3_Fail7_Score(0.9939385).bmp,Foreign Matter,L26,train
a828b176c9763fe4c0272081e0201a8f,/data/FMD_Data_26082026/fmd_temp_images/Updated ICube Objects 20260915/Foreign Matter/20260814_170032_L26_PalletGHU0814212141_Cavity9_B01BH3D_Fail7_Score(0.9977188)_0.9999_0.8610.bmp,Foreign Matter,L26,train
b16ed780b9ec5250d9410195cdfdec8e,/data/FMD_Data_26082026/fmd_temp_images/Updated ICube Objects 20260915/Foreign Matter/20260831_143457_L26_PalletGHP0831185623_Cavity14_B01BLLW_Fail7_Score(0.9835037).bmp,Foreign Matter,L26,train
b176062f8a847ae138a298e1ffca2cd0,/data/FMD_Data_26082026/fmd_temp_images/Updated ICube Objects 20260915/Foreign Matter/20260823_114156_L26_PalletGHS0823160243_Cavity12_B01BKPR_Fail4_Score(0.9407615).bmp,Foreign Matter,L26,train
b22206ab99cf0fd66126b2ae10021164,/data/FMD_Data_26082026/fmd_temp_images/Updated ICube Objects 20260915/Foreign Matter/20260829_175857_L26_PalletGHJ0829222017_Cavity10_B01BLLK_Fail2_Score(0.9100701)_0.9998_0.2722.bmp,Foreign Matter,L26,train
b601887ef9ade49c1f8fdccf912acdab,/data/FMD_Data_26082026/fmd_temp_images/Updated ICube Objects 20260915/Foreign Matter/20260815_224055_L26_PalletGHR0816030208_Cavity10_B01BJQ7_Fail4_Score(0.9462307).bmp,Foreign Matter,L26,train
b7270d2ead281c6f45501e9f623fead0,/data/FMD_Data_26082026/fmd_temp_images/Updated ICube Objects 20260915/Foreign Matter/20260904_184317_L26_PalletGHD0904230459_Cavity8_B01BLMN_Fail7_Score(0.9907597).bmp,Foreign Matter,L26,train
b8ea2a5991f828e084f5aa3b013b3a51,/data/FMD_Data_26082026/fmd_temp_images/Updated ICube Objects 20260915/Foreign Matter/20260819_094053_L26_PalletGHH0819140205_Cavity13_B01BJRK_Fail6_Score(0.9736642).bmp,Foreign Matter,L26,train
ba4f2b377e0d2c62f7fba024306e64ac,/data/FMD_Data_26082026/fmd_temp_images/ICube Defects Library/Foreign Matter/20241107_142514_L26_C4_9861.bmp,Foreign Matter,L26,train
bd385c01ace527c1a40d1afad7d31651,/data/FMD_Data_26082026/fmd_temp_images/Updated ICube Objects 20260915/Foreign Matter/20260904_000819_L26_PalletGHG0904043002_Cavity8_B01BLMH_Fail2_Score(0.9011092)_0.9998_0.9578.bmp,Foreign Matter,L26,train
bf90b0a3c9297a53ed9940e19327ba30,/data/FMD_Data_26082026/fmd_temp_images/Updated ICube Objects 20260915/Foreign Matter/20260823_050702_L26_PalletGHB0823092851_Cavity14_B01BKPQ_Fail2_Score(0.9147895).bmp,Foreign Matter,L26,train
c1a03bc8b00564fce3f5a5b520e5a329,/data/FMD_Data_26082026/fmd_temp_images/Updated ICube Objects 20260915/Foreign Matter/20260906_124202_L26_PalletGHI0906170358_Cavity9_B01BMPB_Fail3_Score(0.9300306).bmp,Foreign Matter,L26,train
c2d722764b53a3ab0df57dfe70806085,/data/FMD_Data_26082026/fmd_temp_images/Updated ICube Objects 20260915/Foreign Matter/20260824_061131_L26_PalletGHC0824103220_Cavity5_B01BKLX_Fail6_Score(0.9818215).bmp,Foreign Matter,L26,train
c74a8c99502fd9ebb6294e2fe537213f,/data/FMD_Data_26082026/fmd_temp_images/Updated ICube Objects 20260915/Foreign Matter/20260819_142153_L26_PalletGHC0819184325_Cavity9_B01BJRK_Fail7_Score(0.9866966)_0.9984_0.3785.bmp,Foreign Matter,L26,train
c77aa31a519eee91c0bac8fc937d7b6a,/data/FMD_Data_26082026/fmd_temp_images/Updated ICube Objects 20260915/Foreign Matter/20260819_201132_L26_PalletGHB0820003256_Cavity10_B01BKM3_Fail7_Score(0.9938945).bmp,Foreign Matter,L26,train
c7b95ae780dd78f8bda1e7187b578438,/data/FMD_Data_26082026/fmd_temp_images/ICube Defects Library/Foreign Matter/20241105_083449_L26_PalletGHO1105134701_Cavity13_B0178LN_Fail2_Score(0.9084484).bmp,Foreign Matter,L26,train
c81222bcc39add5b750a8abf08186d14,/data/FMD_Data_26082026/fmd_temp_images/ICube Defects Library/Foreign Matter/20241102_091615_L26_PalletGHU1102132809_Cavity15_B0177KZ_Fail5_Score(0.9507235).bmp,Foreign Matter,L26,train
cbb0a4fee164df722c5a864588a5e4b2,/data/FMD_Data_26082026/fmd_temp_images/Updated ICube Objects 20260915/Foreign Matter/20260827_141119_L26_PalletGHN0827183221_Cavity11_B01BKMF_Fail7_Score(0.9897169).bmp,Foreign Matter,L26,train
cc9cbee6b67921ca287882d00b7b0a0d,/data/FMD_Data_26082026/fmd_temp_images/Updated ICube Objects 20260915/Foreign Matter/20260831_122051_L26_PalletGHL0831164213_Cavity12_B01BLLV_Fail5_Score(0.9616635).bmp,Foreign Matter,L26,train
cd28f41d0aa79e0342160612a5f7abf2,/data/FMD_Data_26082026/fmd_temp_images/Updated ICube Objects 20260915/Foreign Matter/20260903_123837_L26_PalletGHP0903170010_Cavity9_B01BLMF_Fail3_Score(0.9328412)_0.9890_0.9810.bmp,Foreign Matter,L26,train
cf1ccadda7d11e914f65bc990dc4be67,/data/FMD_Data_26082026/fmd_temp_images/Updated ICube Objects 20260915/Foreign Matter/20260904_115540_L26_PalletGHO0904161727_Cavity9_B01BLMM_Fail7_Score(0.9988566).bmp,Foreign Matter,L26,train
cfa2bb17d82f0aed67053d2bff6bdb16,/data/FMD_Data_26082026/fmd_temp_images/ICube Defects Library/Foreign Matter/20241104_205033_L26_PalletGHQ1105020238_Cavity10_B0178LL_Fail4_Score(0.9344984).bmp,Foreign Matter,L26,train
d271375a59f2679ea0c6ffe6990cae82,/data/FMD_Data_26082026/fmd_temp_images/Updated ICube Objects 20260915/Foreign Matter/20260823_095445_L26_PalletGHK0823141535_Cavity10_B01BKPR_Fail5_Score(0.9518694).bmp,Foreign Matter,L26,train
d4c3edf2a0882b2396d719629198d596,/data/FMD_Data_26082026/fmd_temp_images/Updated ICube Objects 20260915/Foreign Matter/20241102_032033_L26_PalletGHN1102073226_Cavity14_B0177KZ_Fail6_Score(0.976642)_0.9154.bmp,Foreign Matter,L26,train
d764266d66a6fd78e707f1afac5ff4d3,/data/FMD_Data_26082026/fmd_temp_images/Updated ICube Objects 20260915/Foreign Matter/20260816_044822_L26_PalletGHD0816090934_Cavity11_B01BJQ6_Fail6_Score(0.9723613).bmp,Foreign Matter,L26,train
d7c53cf260b3d93357e4d2960eef0a9e,/data/FMD_Data_26082026/fmd_temp_images/Updated ICube Objects 20260915/Foreign Matter/20260823_220728_L26_PalletGHC0824022818_Cavity8_B01BKLT_Fail7_Score(0.9961551).bmp,Foreign Matter,L26,train
de8b50adfab9f7dcc222e633c1e770ef,/data/FMD_Data_26082026/fmd_temp_images/Updated ICube Objects 20260915/Foreign Matter/20260901_072923_L26_PalletGHC0901115054_Cavity5_B01BLLZ_Fail3_Score(0.9314198).bmp,Foreign Matter,L26,train
e78fcb43d9292fe20f811959ffe50402,/data/FMD_Data_26082026/fmd_temp_images/ICube Defects Library/Foreign Matter/20241104_225315_L26_PalletGHH1105040517_Cavity5_B0178LL_Fail7_Score(0.9924626).bmp,Foreign Matter,L26,train
e9241293a779dfd14a2248234013d622,/data/FMD_Data_26082026/fmd_temp_images/Updated ICube Objects 20260915/Foreign Matter/20260901_125314_L26_PalletGHP0901171447_Cavity9_B01BLM6_Fail5_Score(0.9613551).bmp,Foreign Matter,L26,train
f1bece4bbcbfde983f54002142c22773,/data/FMD_Data_26082026/fmd_temp_images/Updated ICube Objects 20260915/Foreign Matter/20260903_024336_L26_PalletGHH0903070510_Cavity15_B01BLMD_Fail5_Score(0.9565333)_0.9999_0.9678.bmp,Foreign Matter,L26,train
f2440caf62691026bd1a0733eccb060e,/data/FMD_Data_26082026/fmd_temp_images/Updated ICube Objects 20260915/Foreign Matter/20260823_004125_L26_PalletGHA0823050308_Cavity5_B01BKPQ_Fail4_Score(0.9489819).bmp,Foreign Matter,L26,train
f60c3ce76bf594e9979c312d59db4e01,/data/FMD_Data_26082026/fmd_temp_images/Updated ICube Objects 20260915/Foreign Matter/20260906_132202_L26_PalletGHB0906174355_Cavity12_B01BMPC_Fail7_Score(0.9906332).bmp,Foreign Matter,L26,train
fcdfff9a165fe0023fec69209f4dd7b7,/data/FMD_Data_26082026/fmd_temp_images/Updated ICube Objects 20260915/Foreign Matter/20260903_232300_L26_PalletGHK0904034442_Cavity10_B01BLMH_Fail5_Score(0.9509574).bmp,Foreign Matter,L26,train
fd5daaf2d4710facf59b86b6223a8ea6,/data/FMD_Data_26082026/fmd_temp_images/Updated ICube Objects 20260915/Foreign Matter/20260829_094450_L26_PalletGHE0829140600_Cavity5_B01BLLH_Fail6_Score(0.974093).bmp,Foreign Matter,L26,train
ff9c454c60665f52cc7d4d92aaf2a9f7,/data/FMD_Data_26082026/fmd_temp_images/Updated ICube Objects 20260915/Foreign Matter/20260904_071209_L26_PalletGHJ0904113345_Cavity5_B01BLML_Fail2_Score(0.9046272).bmp,Foreign Matter,L26,train
c00a6c65fdbe0692e968f638778081a6,/data/FMD_Data_26082026/fmd_temp_images/Updated ICube Categorical Classes 20260915/HEMA Obstruction/20260814_172608_L26_PalletGHT0814214717_Cavity8_B01BH3D_Fail7_Score(0.9999986).bmp,HEMA Obstruction,L26,test
54fe480422a7aa63f2e24f13ffdcd516,/data/FMD_Data_26082026/fmd_temp_images/ICube Defects Library/HEMA Obstruction/20241113_060843_L26_C14_9897.bmp,HEMA Obstruction,L26,train
67160549520ea6ae5f311f5a6a9b1fe3,/data/FMD_Data_26082026/fmd_temp_images/Updated ICube Categorical Classes 20260915/Lens Off Center/20241103_183740_L26_C3_9288.bmp,Lens Off Center,L26,test
8fe73fb2d23fc4072f36d1ddcef51c95,/data/FMD_Data_26082026/fmd_temp_images/Updated ICube Categorical Classes 20260915/Lens Off Center/20241110_080727_L26_C12_9730.bmp,Lens Off Center,L26,test
218be56eec9c4426989709be3cd71c1c,/data/FMD_Data_26082026/fmd_temp_images/Updated ICube Categorical Classes 20260915/Lens Off Center/20241104_065354_L26_C11_9968.bmp,Lens Off Center,L26,train
40b7663b604b97b4b02ef35d87363474,/data/FMD_Data_26082026/fmd_temp_images/Updated ICube Categorical Classes 20260915/Lens Off Center/20241103_132321_L26_C11_9952.bmp,Lens Off Center,L26,train
43b931b3067c04379cffcfb3df932feb,/data/FMD_Data_26082026/fmd_temp_images/Updated ICube Categorical Classes 20260915/Lens Off Center/20241107_193515_L26_C1_9538.bmp,Lens Off Center,L26,train
511548b5a74d3e317cdeee5fc059b28b,/data/FMD_Data_26082026/fmd_temp_images/Updated ICube Categorical Classes 20260915/Lens Off Center/20241102_175245_L26_C11_9091.bmp,Lens Off Center,L26,train
6a63b884a8431fea9dd19ab3387d429b,/data/FMD_Data_26082026/fmd_temp_images/Updated ICube Categorical Classes 20260915/Lens Off Center/20241104_005949_L26_C2_9769.bmp,Lens Off Center,L26,train
9b0779601dda4d15f61e283bbd795e57,/data/FMD_Data_26082026/fmd_temp_images/Updated ICube Categorical Classes 20260915/Lens Off Center/20241103_165113_L26_C2_9876.bmp,Lens Off Center,L26,train
f009bc1d83c78292deeef7cdedd73e82,/data/FMD_Data_26082026/fmd_temp_images/Updated ICube Categorical Classes 20260915/Missing Lens/20241106_063610_L26_C8_9777.bmp,Missing Lens,L26,test
16de52223fc07cfd5190bc5b1587ce9a,/data/FMD_Data_26082026/fmd_temp_images/Updated ICube Categorical Classes 20260915/Missing Lens/20241111_125003_L26_C10_9999.bmp,Missing Lens,L26,train
6d786090587bbe922a575d96ef0b71a6,/data/FMD_Data_26082026/fmd_temp_images/Updated ICube Categorical Classes 20260915/Missing Lens/20241111_125003_L26_C15_1.bmp,Missing Lens,L26,train
0b8d847c7f91922bd5f35b76121c6a9c,/data/FMD_Data_26082026/fmd_temp_images/Updated ICube Categorical Classes 20260915/Missing Primary Package/20241110_180746_L26_C10_9670.bmp,Missing Primary Package,L26,test
d37542109c280fdfb22bf98fdc8daef3,/data/FMD_Data_26082026/fmd_temp_images/ICube Defects Library/Missing Primary Package/20241115_031728_L26_C11_9850.bmp,Missing Primary Package,L26,test
2130f1dadac1ce0d0d133457d9f0902f,/data/FMD_Data_26082026/fmd_temp_images/Updated ICube Categorical Classes 20260915/Missing Primary Package/20241111_084103_L26_C5_9913.bmp,Missing Primary Package,L26,train
3544f31394d6a55954fdb2ded9983758,/data/FMD_Data_26082026/fmd_temp_images/Updated ICube Categorical Classes 20260915/Missing Primary Package/20241110_195811_L26_C13_9382.bmp,Missing Primary Package,L26,train
43a686e103a6203815c827f77c3ae3c0,/data/FMD_Data_26082026/fmd_temp_images/Updated ICube Categorical Classes 20260915/Missing Primary Package/20241110_175456_L26_C3_9591.bmp,Missing Primary Package,L26,train
db3a8d0cc976f8d4cf082b2ba23f88d5,/data/FMD_Data_26082026/fmd_temp_images/ICube Defects Library/Missing Primary Package/20241115_031728_L26_C10_9515.bmp,Missing Primary Package,L26,train
f681b397979eebb25d5e8c63a8e91727,/data/FMD_Data_26082026/fmd_temp_images/Updated ICube Categorical Classes 20260915/Missing Primary Package/20241110_180741_L26_C9_9403.bmp,Missing Primary Package,L26,train
002b7b466408ef1b51dd58ca95cb9be8,/data/FMD_Data_26082026/fmd_temp_images/Updated ICube Categorical Classes 20260915/Multiple Lenses/20260908_074915_L26_PalletGHG0908121017_Cavity5_B01BMPN_Fail7_Score(0.9973232).bmp,Multiple Lenses,L26,test
004275cae625a9b826d0c4783fb2c062,/data/FMD_Data_26082026/fmd_temp_images/Updated ICube Categorical Classes 20260915/Multiple Lenses/20260815_135509_L26_PalletGHL0815181621_Cavity6_B01BHZM_Fail7_Score(0.9990788).bmp,Multiple Lenses,L26,test
0110af9d4b76d294d405cbd2e586a254,/data/FMD_Data_26082026/fmd_temp_images/Updated ICube Categorical Classes 20260915/Multiple Lenses/20260827_011126_L26_PalletGHK0827053231_Cavity10_B01BKMC_Fail7_Score(0.9993644).bmp,Multiple Lenses,L26,test
023f7fb1ab1a25927fe4319a6254a6a0,/data/FMD_Data_26082026/fmd_temp_images/Updated ICube Categorical Classes 20260915/Multiple Lenses/20260816_051932_L26_PalletGHK0816094048_Cavity11_B01BJQ6_Fail5_Score(0.9513659).bmp,Multiple Lenses,L26,test
03a865e24eeb4b05fe82ccc3ef44307a,/data/FMD_Data_26082026/fmd_temp_images/Updated ICube Categorical Classes 20260915/Multiple Lenses/20260816_165537_L26_PalletGHM0816211654_Cavity11_B01BHZR_Fail7_Score(0.9999664).bmp,Multiple Lenses,L26,test
084d6e6ea87a3ce0cf7d74aa101d7608,/data/FMD_Data_26082026/fmd_temp_images/Updated ICube Categorical Classes 20260915/Multiple Lenses/20241106_150939_L26_C9_9170.bmp,Multiple Lenses,L26,test
09dbd5f6b585eaf4a62021e4ce13bd54,/data/FMD_Data_26082026/fmd_temp_images/Updated ICube Categorical Classes 20260915/Multiple Lenses/20260820_093947_L26_PalletGHL0820140123_Cavity5_B01BKLR_Fail7_Score(0.9906223).bmp,Multiple Lenses,L26,test
0a391f92b28e32c45d1bcbd951e0c457,/data/FMD_Data_26082026/fmd_temp_images/Updated ICube Categorical Classes 20260915/Multiple Lenses/20260907_102318_L26_PalletGHH0907144415_Cavity2_B01BMPD_Fail5_Score(0.964696).bmp,Multiple Lenses,L26,test
0aa59beff9605f61dec5659cdb1ef60f,/data/FMD_Data_26082026/fmd_temp_images/Updated ICube Categorical Classes 20260915/Multiple Lenses/20260829_021048_L26_PalletGHA0829063200_Cavity12_B01BKMK_Fail7_Score(0.9879223).bmp,Multiple Lenses,L26,test
0b8bf1961d9b2cabdd62d8c2d843d1da,/data/FMD_Data_26082026/fmd_temp_images/Updated ICube Categorical Classes 20260915/Multiple Lenses/20260820_062726_L26_PalletGHQ0820104836_Cavity13_B01BKLQ_Fail7_Score(0.9932411).bmp,Multiple Lenses,L26,test
0dd6e6d1eb51b9856ea911190745b062,/data/FMD_Data_26082026/fmd_temp_images/Updated ICube Categorical Classes 20260915/Multiple Lenses/20260816_015826_L26_PalletGHT0816061939_Cavity12_B01BJQ6_Fail7_Score(0.9973922).bmp,Multiple Lenses,L26,test
0e10b6de9da9db4457fd8f0116877d5e,/data/FMD_Data_26082026/fmd_temp_images/Updated ICube Categorical Classes 20260915/Multiple Lenses/20260815_064118_L26_PalletGHS0815110229_Cavity1_B01BH3F_Fail6_Score(0.9715433).bmp,Multiple Lenses,L26,test
0e50df6991cf8c4fed5d43d70a9585a2,/data/FMD_Data_26082026/fmd_temp_images/Updated ICube Categorical Classes 20260915/Multiple Lenses/20260906_104723_L26_PalletGHB0906150916_Cavity11_B01BMPB_Fail7_Score(0.9857461).bmp,Multiple Lenses,L26,test
0e717eb8b5f77a6ca52270973c9d906d,/data/FMD_Data_26082026/fmd_temp_images/Updated ICube Categorical Classes 20260915/Multiple Lenses/20260814_234452_L26_PalletGHT0815040600_Cavity4_B01BH3F_Fail7_Score(0.9994579).bmp,Multiple Lenses,L26,test
1117e260d359a644f44df917546e7b5a,/data/FMD_Data_26082026/fmd_temp_images/Updated ICube Categorical Classes 20260915/Multiple Lenses/20241106_011458_L26_C6_9428.bmp,Multiple Lenses,L26,test
1195390a49629cbd413271ea0245c291,/data/FMD_Data_26082026/fmd_temp_images/Updated ICube Categorical Classes 20260915/Multiple Lenses/20260824_174222_L26_PalletGHS0824220154_Cavity12_B01BKM1_Fail5_Score(0.9585011).bmp,Multiple Lenses,L26,test
129f255006a42b4321f0db937c3e2135,/data/FMD_Data_26082026/fmd_temp_images/Updated ICube Categorical Classes 20260915/Multiple Lenses/20260823_063623_L26_PalletGHC0823105710_Cavity10_B01BKPR_Fail7_Score(0.9987882).bmp,Multiple Lenses,L26,test
1b1e799176e9ab6709ccff743a3dd35f,/data/FMD_Data_26082026/fmd_temp_images/ICube Defects Library/Multiple Lenses/20241103_144856_L26_PalletGHS1103200058_Cavity11_B0178LJ_Fail7_Score(0.9925956).bmp,Multiple Lenses,L26,test
1bbe884a4f26f1ba82e6289d4e5fbf37,/data/FMD_Data_26082026/fmd_temp_images/Updated ICube Categorical Classes 20260915/Multiple Lenses/20260901_223024_L26_PalletGHU0902025154_Cavity1_B01BLM3_Fail7_Score(0.9912128).bmp,Multiple Lenses,L26,test
1cf70c9926ecbda984669687b629b98f,/data/FMD_Data_26082026/fmd_temp_images/Updated ICube Categorical Classes 20260915/Multiple Lenses/20260830_055617_L26_PalletGHU0830101738_Cavity13_B01BLLL_Fail7_Score(0.9999654).bmp,Multiple Lenses,L26,test
1e8282cec08f0967c16f5788931fbe7c,/data/FMD_Data_26082026/fmd_temp_images/Updated ICube Categorical Classes 20260915/Multiple Lenses/20260816_123815_L26_PalletGHO0816165929_Cavity15_B01BHZQ_Fail6_Score(0.9759901).bmp,Multiple Lenses,L26,test
1e866ae14fecbd4d244985a61453a806,/data/FMD_Data_26082026/fmd_temp_images/ICube Defects Library/Multiple Lenses/20241103_214757_L26_PalletGHF1104030004_Cavity10_B0178LK_Fail7_Score(0.996501).bmp,Multiple Lenses,L26,test
1ee777a80e6ec0b9d26bd01d81f76761,/data/FMD_Data_26082026/fmd_temp_images/Updated ICube Categorical Classes 20260915/Multiple Lenses/20260905_062703_L26_PalletGHA0905104854_Cavity10_B01BMP1_Fail7_Score(0.9901935).bmp,Multiple Lenses,L26,test
23c50a915a27139d722562709a5bf335,/data/FMD_Data_26082026/fmd_temp_images/Updated ICube Categorical Classes 20260915/Multiple Lenses/20260824_065309_L26_PalletGHU0824111356_Cavity6_B01BKLX_Fail7_Score(0.9962119).bmp,Multiple Lenses,L26,test
27771e37bf4360f57f2a3550e5950465,/data/FMD_Data_26082026/fmd_temp_images/Updated ICube Categorical Classes 20260915/Multiple Lenses/20260816_204639_L26_PalletGHI0817010755_Cavity13_B01BHZR_Fail6_Score(0.9681537).bmp,Multiple Lenses,L26,test
2ae2aa8ca4e68a42e286b1ed1ef9798a,/data/FMD_Data_26082026/fmd_temp_images/Updated ICube Categorical Classes 20260915/Multiple Lenses/20260817_023818_L26_PalletGHU0817065933_Cavity5_B01BHZS_Fail7_Score(0.9907203).bmp,Multiple Lenses,L26,test
2bef575d869e97eaed976f7d957faffd,/data/FMD_Data_26082026/fmd_temp_images/Updated ICube Categorical Classes 20260915/Multiple Lenses/20260817_180549_L26_PalletGHN0817222615_Cavity2_B01BJQF_Fail5_Score(0.9660206).bmp,Multiple Lenses,L26,test
2c0805dc75bff44df88254108279f80a,/data/FMD_Data_26082026/fmd_temp_images/Updated ICube Categorical Classes 20260915/Multiple Lenses/20241106_005851_L26_C13_9170.bmp,Multiple Lenses,L26,test
2c4b8eaf7879d9b40b348adf105bf7a3,/data/FMD_Data_26082026/fmd_temp_images/Updated ICube Categorical Classes 20260915/Multiple Lenses/20260829_180454_L26_PalletGHR0829222609_Cavity8_B01BLLK_Fail6_Score(0.9751375).bmp,Multiple Lenses,L26,test
3023a8856aff05c57704269cb7f395ac,/data/FMD_Data_26082026/fmd_temp_images/Updated ICube Categorical Classes 20260915/Multiple Lenses/20260905_063919_L26_PalletGHQ0905110103_Cavity4_B01BMP1_Fail6_Score(0.9766627).bmp,Multiple Lenses,L26,test
33e578bba29143016bfeeecd71d2ef66,/data/FMD_Data_26082026/fmd_temp_images/Updated ICube Categorical Classes 20260915/Multiple Lenses/20260831_213355_L26_PalletGHA0901015526_Cavity10_B01BLLX_Fail7_Score(0.9995145).bmp,Multiple Lenses,L26,test
35254b7f956d3230111ebc6bb79bf072,/data/FMD_Data_26082026/fmd_temp_images/ICube Defects Library/Multiple Lenses/20241104_011617_L26_PalletGHS1104062819_Cavity8_B0178LK_Fail3_Score(0.9212639).bmp,Multiple Lenses,L26,test
363fa0e13d03a5492d0615bf46d2f424,/data/FMD_Data_26082026/fmd_temp_images/Updated ICube Categorical Classes 20260915/Multiple Lenses/20260902_225237_L26_PalletGHP0903031408_Cavity5_B01BLM8_Fail7_Score(0.9999999).bmp,Multiple Lenses,L26,test
39af261478fc49e26a0c94f964d46a16,/data/FMD_Data_26082026/fmd_temp_images/Updated ICube Categorical Classes 20260915/Multiple Lenses/20260817_180549_L26_PalletGHN0817222615_Cavity6_B01BJQF_Fail7_Score(0.9949973).bmp,Multiple Lenses,L26,test
3ee75225799b6625ceaaf4d932525c4e,/data/FMD_Data_26082026/fmd_temp_images/ICube Defects Library/Multiple Lenses/20241103_054852_L26_C4_9492.bmp,Multiple Lenses,L26,test
3f3638f6d903ac7cc7d892057c1da8bf,/data/FMD_Data_26082026/fmd_temp_images/Updated ICube Categorical Classes 20260915/Multiple Lenses/20260904_150338_L26_PalletGHC0904192521_Cavity1_B01BLMR_Fail7_Score(0.9879947).bmp,Multiple Lenses,L26,test
3f584640074f3ac2dbabd403abfc3f06,/data/FMD_Data_26082026/fmd_temp_images/Updated ICube Categorical Classes 20260915/Multiple Lenses/20260903_045422_L26_PalletGHC0903091558_Cavity3_B01BLMD_Fail6_Score(0.9832829).bmp,Multiple Lenses,L26,test
41420bb6fcf02abc047f5925ca4ac456,/data/FMD_Data_26082026/fmd_temp_images/ICube Defects Library/Multiple Lenses/20241102_001617_L26_PalletGHE1102042811_Cavity1_B0177L0_Fail6_Score(0.9735714).bmp,Multiple Lenses,L26,test
423f118e050b323e2bc9bb3e03b258a5,/data/FMD_Data_26082026/fmd_temp_images/Updated ICube Categorical Classes 20260915/Multiple Lenses/20260815_151831_L26_PalletGHO0815193936_Cavity13_B01BHZM_Fail4_Score(0.9470054).bmp,Multiple Lenses,L26,test
42d5e4f0db014f4231810eccc0a6f960,/data/FMD_Data_26082026/fmd_temp_images/Updated ICube Categorical Classes 20260915/Multiple Lenses/20260815_080545_L26_PalletGHN0815122657_Cavity7_B01BH3G_Fail7_Score(0.993251).bmp,Multiple Lenses,L26,test
44602ee948b7c87798374ae60685a8de,/data/FMD_Data_26082026/fmd_temp_images/Updated ICube Categorical Classes 20260915/Multiple Lenses/20260824_081445_L26_PalletGHP0824123535_Cavity1_B01BKLZ_Fail7_Score(0.9999989).bmp,Multiple Lenses,L26,test
4527872447f8109c41e676fbee40be43,/data/FMD_Data_26082026/fmd_temp_images/Updated ICube Categorical Classes 20260915/Multiple Lenses/20260904_031546_L26_PalletGHI0904073723_Cavity3_B01BLMK_Fail6_Score(0.9694484).bmp,Multiple Lenses,L26,test
46b59de89c59f6624f6401852f23a585,/data/FMD_Data_26082026/fmd_temp_images/ICube Defects Library/Multiple Lenses/20241104_014500_L26_PalletGHU1104065707_Cavity12_B0178LK_Fail7_Score(0.9999763).bmp,Multiple Lenses,L26,test
46e02fe7190dd502bae792d0bfa48e42,/data/FMD_Data_26082026/fmd_temp_images/Updated ICube Categorical Classes 20260915/Multiple Lenses/20260815_110529_L26_PalletGHJ0815152640_Cavity11_B01BH3G_Fail6_Score(0.9825947).bmp,Multiple Lenses,L26,test
47ca337a3b7a346f5e826ab2db45bfef,/data/FMD_Data_26082026/fmd_temp_images/Updated ICube Categorical Classes 20260915/Multiple Lenses/20260905_231104_L26_PalletGHU0906033257_Cavity8_B01BMP9_Fail7_Score(0.997067).bmp,Multiple Lenses,L26,test
48a51152098eef142139c75f0d534b13,/data/FMD_Data_26082026/fmd_temp_images/Updated ICube Categorical Classes 20260915/Multiple Lenses/20260817_190550_L26_PalletGHN0817232710_Cavity1_B01BHZV_Fail7_Score(0.9999662).bmp,Multiple Lenses,L26,test
48bb90b6a6de7b4f366b47c5c4f130c1,/data/FMD_Data_26082026/fmd_temp_images/Updated ICube Categorical Classes 20260915/Multiple Lenses/20260904_175924_L26_PalletGHT0904221915_Cavity8_B01BLMN_Fail2_Score(0.9126609).bmp,Multiple Lenses,L26,test
48d01ced0aa325060618e26810f8ef40,/data/FMD_Data_26082026/fmd_temp_images/Updated ICube Categorical Classes 20260915/Multiple Lenses/20260826_000340_L26_PalletGHB0826042436_Cavity2_B01BKM7_Fail7_Score(0.9995624).bmp,Multiple Lenses,L26,test
4a201447e44b494a8027675b074c22bb,/data/FMD_Data_26082026/fmd_temp_images/Updated ICube Categorical Classes 20260915/Multiple Lenses/20260818_001509_L26_PalletGHM0818043629_Cavity3_B01BHZV_Fail7_Score(0.9999791).bmp,Multiple Lenses,L26,test
4fe9b79af4f04195b04da2477989512e,/data/FMD_Data_26082026/fmd_temp_images/Updated ICube Categorical Classes 20260915/Multiple Lenses/20260814_130833_L26_PalletGHC0814172933_Cavity15_B01BH3C_Fail7_Score(0.99866).bmp,Multiple Lenses,L26,test
5135cd20535ec77533673cb9eaaa7b0d,/data/FMD_Data_26082026/fmd_temp_images/Updated ICube Categorical Classes 20260915/Multiple Lenses/20260814_204116_L26_PalletGHI0815010221_Cavity12_B01BH3D_Fail7_Score(0.9995327).bmp,Multiple Lenses,L26,test
5152e81ea0e690cce9d31625d6488125,/data/FMD_Data_26082026/fmd_temp_images/Updated ICube Categorical Classes 20260915/Multiple Lenses/20260817_193738_L26_PalletGHB0817235842_Cavity14_B01BHZV_Fail5_Score(0.9592926).bmp,Multiple Lenses,L26,test
5347167123a12a1b1f050763ac060e6b,/data/FMD_Data_26082026/fmd_temp_images/Updated ICube Categorical Classes 20260915/Multiple Lenses/20260831_235107_L26_PalletGHF0901041230_Cavity7_B01BLLZ_Fail7_Score(0.9918296).bmp,Multiple Lenses,L26,test
552e2a49ed6a1d1b53f0734be185d03d,/data/FMD_Data_26082026/fmd_temp_images/Updated ICube Categorical Classes 20260915/Multiple Lenses/20260907_074259_L26_PalletGHI0907120350_Cavity13_B01BMPK_Fail4_Score(0.9488254).bmp,Multiple Lenses,L26,test
563b1a6ad76506ecb0129958480d0493,/data/FMD_Data_26082026/fmd_temp_images/Updated ICube Categorical Classes 20260915/Multiple Lenses/20260827_233715_L26_PalletGHS0828035824_Cavity4_B01BKMM_Fail5_Score(0.9543543).bmp,Multiple Lenses,L26,test
563d7bca2e7d518fc35fafb24ab99c18,/data/FMD_Data_26082026/fmd_temp_images/Updated ICube Categorical Classes 20260915/Multiple Lenses/20260831_033833_L26_PalletGHB0831075951_Cavity2_B01BLLR_Fail5_Score(0.9547257).bmp,Multiple Lenses,L26,test
57adde11728f1f226e27bab2a784b139,/data/FMD_Data_26082026/fmd_temp_images/Updated ICube Categorical Classes 20260915/Multiple Lenses/20241102_095017_L26_C15_9586.bmp,Multiple Lenses,L26,test
58351f453f27ca37af7600e0acc5b593,/data/FMD_Data_26082026/fmd_temp_images/ICube Defects Library/Multiple Lenses/20241104_020456_L26_PalletGHC1104071702_Cavity10_B0178LK_Fail6_Score(0.9693298).bmp,Multiple Lenses,L26,test
58b7829a7c59f805ce8bc9649777d23d,/data/FMD_Data_26082026/fmd_temp_images/Updated ICube Categorical Classes 20260915/Multiple Lenses/20260822_121257_L26_PalletGHF0822163442_Cavity2_B01BKPT_Fail6_Score(0.9697558).bmp,Multiple Lenses,L26,test
594aebffa41769ac46985b29fabd07cb,/data/FMD_Data_26082026/fmd_temp_images/Updated ICube Categorical Classes 20260915/Multiple Lenses/20260822_001534_L26_PalletGHC0822043718_Cavity4_B01BKQ0_Fail6_Score(0.9678274).bmp,Multiple Lenses,L26,test
5f7b100b40a8bc06f743cf7e8873ad93,/data/FMD_Data_26082026/fmd_temp_images/Updated ICube Categorical Classes 20260915/Multiple Lenses/20260816_064258_L26_PalletGHA0816110411_Cavity9_B01BJQ6_Fail5_Score(0.9659948).bmp,Multiple Lenses,L26,test
610acb11951a8ef78f0ff850af061b2c,/data/FMD_Data_26082026/fmd_temp_images/Updated ICube Categorical Classes 20260915/Multiple Lenses/20260903_075428_L26_PalletGHJ0903121601_Cavity1_B01BLMB_Fail6_Score(0.9707043).bmp,Multiple Lenses,L26,test
6189b681e7ed9122b6a032215941b3a2,/data/FMD_Data_26082026/fmd_temp_images/ICube Defects Library/Multiple Lenses/20241103_101238_L26_C8_9999.bmp,Multiple Lenses,L26,test
627b43d59cc3e3dc74524fda347048b9,/data/FMD_Data_26082026/fmd_temp_images/Updated ICube Categorical Classes 20260915/Multiple Lenses/20260822_195249_L26_PalletGHJ0823001433_Cavity13_B01BKPV_Fail7_Score(0.9990623).bmp,Multiple Lenses,L26,test
6397668c578cb934e6aea410d7270eff,/data/FMD_Data_26082026/fmd_temp_images/Updated ICube Categorical Classes 20260915/Multiple Lenses/20260901_181018_L26_PalletGHA0901223042_Cavity2_B01BLM2_Fail7_Score(0.9921748).bmp,Multiple Lenses,L26,test
648f76b43e18b2833d90e6754d6491de,/data/FMD_Data_26082026/fmd_temp_images/Updated ICube Categorical Classes 20260915/Multiple Lenses/20241108_033057_L26_C9_1.bmp,Multiple Lenses,L26,test
6543be44ab507989fee054776fa33ce6,/data/FMD_Data_26082026/fmd_temp_images/Updated ICube Categorical Classes 20260915/Multiple Lenses/20260906_103344_L26_PalletGHL0906145533_Cavity2_B01BMPB_Fail7_Score(0.9999976).bmp,Multiple Lenses,L26,test
659b8818dbbba0901c3ba584c1cb9a8f,/data/FMD_Data_26082026/fmd_temp_images/Updated ICube Categorical Classes 20260915/Multiple Lenses/20260826_215157_L26_PalletGHB0827021256_Cavity2_B01BKMC_Fail7_Score(0.9983239).bmp,Multiple Lenses,L26,test
6622be61796332e7552864125f802e56,/data/FMD_Data_26082026/fmd_temp_images/ICube Defects Library/Multiple Lenses/20241103_174819_L26_C4_9998.bmp,Multiple Lenses,L26,test
6751e36d76714d8259c1ccdad426af05,/data/FMD_Data_26082026/fmd_temp_images/Updated ICube Categorical Classes 20260915/Multiple Lenses/20260903_011705_L26_PalletGHC0903053838_Cavity5_B01BLM8_Fail7_Score(0.9999835).bmp,Multiple Lenses,L26,test
680d50a5c8820e47379f7ca11e3f962f,/data/FMD_Data_26082026/fmd_temp_images/Updated ICube Categorical Classes 20260915/Multiple Lenses/20260820_104022_L26_PalletGHC0820150153_Cavity15_B01BKLR_Fail7_Score(0.9991977).bmp,Multiple Lenses,L26,test
68dfbc1cb43a69f9142a187669e3cfbe,/data/FMD_Data_26082026/fmd_temp_images/Updated ICube Categorical Classes 20260915/Multiple Lenses/20260901_180425_L26_PalletGHU0901222553_Cavity13_B01BLM2_Fail7_Score(0.9854074).bmp,Multiple Lenses,L26,test
6979aadbcf603c3473c35f72e1dcbde1,/data/FMD_Data_26082026/fmd_temp_images/Updated ICube Categorical Classes 20260915/Multiple Lenses/20260824_064733_L26_PalletGHD0824110822_Cavity9_B01BKLX_Fail4_Score(0.9337969).bmp,Multiple Lenses,L26,test
69853dad2d94bda89ff1d65d15063970,/data/FMD_Data_26082026/fmd_temp_images/Updated ICube Categorical Classes 20260915/Multiple Lenses/20241106_004151_L26_C6_9981.bmp,Multiple Lenses,L26,test
6a8ec738a093171f96457aac8130a528,/data/FMD_Data_26082026/fmd_temp_images/Updated ICube Categorical Classes 20260915/Multiple Lenses/20260830_151513_L26_PalletGHT0830193632_Cavity11_B01BLLN_Fail6_Score(0.9743192).bmp,Multiple Lenses,L26,test
6cb27ba2874e4dfd778cbd6d2f200928,/data/FMD_Data_26082026/fmd_temp_images/Updated ICube Categorical Classes 20260915/Multiple Lenses/20260817_050704_L26_PalletGHS0817092822_Cavity11_B01BHZS_Fail7_Score(0.9957998).bmp,Multiple Lenses,L26,test
6d06bbf24012916367805f912e918a85,/data/FMD_Data_26082026/fmd_temp_images/Updated ICube Categorical Classes 20260915/Multiple Lenses/20260815_022449_L26_PalletGHQ0815064558_Cavity3_B01BH3F_Fail7_Score(0.9999944).bmp,Multiple Lenses,L26,test
6de5130157960f6794153cdd65f91c9f,/data/FMD_Data_26082026/fmd_temp_images/Updated ICube Categorical Classes 20260915/Multiple Lenses/20260816_014250_L26_PalletGHK0816060401_Cavity9_B01BH3H_Fail7_Score(0.9987763).bmp,Multiple Lenses,L26,test
6ee61f4a8c6782b2cd97c4c52339bbb5,/data/FMD_Data_26082026/fmd_temp_images/Updated ICube Categorical Classes 20260915/Multiple Lenses/20241108_042815_L26_C9_9971.bmp,Multiple Lenses,L26,test
6f79e8621090d809c9b4377394726dba,/data/FMD_Data_26082026/fmd_temp_images/Updated ICube Categorical Classes 20260915/Multiple Lenses/20241106_013126_L26_C10_9181.bmp,Multiple Lenses,L26,test
6f832498e99a15fbacfc44522a615872,/data/FMD_Data_26082026/fmd_temp_images/Updated ICube Categorical Classes 20260915/Multiple Lenses/20260824_080939_L26_PalletGHK0824123023_Cavity5_B01BKLZ_Fail7_Score(0.9999309).bmp,Multiple Lenses,L26,test
6fd29183d0ddd534ce0a07fd982d6fdd,/data/FMD_Data_26082026/fmd_temp_images/Updated ICube Categorical Classes 20260915/Multiple Lenses/20260814_234601_L26_PalletGHB0815040712_Cavity2_B01BH3F_Fail3_Score(0.9319062).bmp,Multiple Lenses,L26,test
7078991950a894facfe66afbeae61113,/data/FMD_Data_26082026/fmd_temp_images/Updated ICube Categorical Classes 20260915/Multiple Lenses/20260815_180528_L26_PalletGHJ0815222637_Cavity8_B01BJQ7_Fail2_Score(0.9065874).bmp,Multiple Lenses,L26,test
7129ac6fc9d7b19c0a014b51018b9e43,/data/FMD_Data_26082026/fmd_temp_images/Updated ICube Categorical Classes 20260915/Multiple Lenses/20260828_041350_L26_PalletGHM0828083502_Cavity10_B01BKMM_Fail7_Score(0.998669).bmp,Multiple Lenses,L26,test
7188c87549e77378d9797149d90c6b49,/data/FMD_Data_26082026/fmd_temp_images/Updated ICube Categorical Classes 20260915/Multiple Lenses/20260819_100240_L26_PalletGHO0819142407_Cavity7_B01BJRK_Fail6_Score(0.9788343).bmp,Multiple Lenses,L26,test
7215c95c661b883b4c8fde04ef19b576,/data/FMD_Data_26082026/fmd_temp_images/Updated ICube Categorical Classes 20260915/Multiple Lenses/20260901_181018_L26_PalletGHA0901223042_Cavity8_B01BLM2_Fail7_Score(0.9940194).bmp,Multiple Lenses,L26,test
73fb45aa13c59de5a1a39c2785522a27,/data/FMD_Data_26082026/fmd_temp_images/Updated ICube Categorical Classes 20260915/Multiple Lenses/20260817_180549_L26_PalletGHN0817222615_Cavity4_B01BJQF_Fail7_Score(0.999562).bmp,Multiple Lenses,L26,test
74ee07dc207dae41991d631d168f06f4,/data/FMD_Data_26082026/fmd_temp_images/Updated ICube Categorical Classes 20260915/Multiple Lenses/20260901_172450_L26_PalletGHN0901214617_Cavity7_B01BLM1_Fail7_Score(0.9995048).bmp,Multiple Lenses,L26,test
74f195e7d9d8a85c841dfde94b6bbde8,/data/FMD_Data_26082026/fmd_temp_images/Updated ICube Categorical Classes 20260915/Multiple Lenses/20260814_215929_L26_PalletGHO0815022040_Cavity11_B01BH3F_Fail7_Score(0.9971682).bmp,Multiple Lenses,L26,test
75d3ee1f288543ee1af8d569f182e645,/data/FMD_Data_26082026/fmd_temp_images/Updated ICube Categorical Classes 20260915/Multiple Lenses/20260818_002030_L26_PalletGHI0818044145_Cavity1_B01BHZV_Fail7_Score(0.9842365).bmp,Multiple Lenses,L26,test
76282ceed50b0031ba9fafcb0bb9af76,/data/FMD_Data_26082026/fmd_temp_images/Updated ICube Categorical Classes 20260915/Multiple Lenses/20260825_023051_L26_PalletGHT0825065132_Cavity8_B01BKM2_Fail7_Score(1).bmp,Multiple Lenses,L26,test
7818bc6b1df856363d83019e1655b525,/data/FMD_Data_26082026/fmd_temp_images/Updated ICube Categorical Classes 20260915/Multiple Lenses/20260905_013333_L26_PalletGHN0905055519_Cavity15_B01BMP2_Fail7_Score(0.9987264).bmp,Multiple Lenses,L26,test
78b1778038a04c818b7d3a2f0d660ccf,/data/FMD_Data_26082026/fmd_temp_images/Updated ICube Categorical Classes 20260915/Multiple Lenses/20260904_175924_L26_PalletGHT0904221915_Cavity12_B01BLMN_Fail3_Score(0.920491).bmp,Multiple Lenses,L26,test
79da7b151230e5266c7e339d57ace375,/data/FMD_Data_26082026/fmd_temp_images/Updated ICube Categorical Classes 20260915/Multiple Lenses/20260903_010430_L26_PalletGHI0903052611_Cavity3_B01BLM8_Fail7_Score(0.9865888).bmp,Multiple Lenses,L26,test
7a4c9970833eadfa08dae257558e23e2,/data/FMD_Data_26082026/fmd_temp_images/Updated ICube Categorical Classes 20260915/Multiple Lenses/20260902_230159_L26_PalletGHG0903032242_Cavity14_B01BLM8_Fail7_Score(0.9997959).bmp,Multiple Lenses,L26,test
7b2c55d73fecc1cf7a86613893b5757b,/data/FMD_Data_26082026/fmd_temp_images/Updated ICube Categorical Classes 20260915/Multiple Lenses/20260906_225217_L26_PalletGHT0907031312_Cavity8_B01BMPJ_Fail7_Score(0.9878316).bmp,Multiple Lenses,L26,test
7b6455025de9a2f5ac1673292fb2f89f,/data/FMD_Data_26082026/fmd_temp_images/Updated ICube Categorical Classes 20260915/Multiple Lenses/20260831_105906_L26_PalletGHS0831152033_Cavity2_B01BLLV_Fail5_Score(0.9505296).bmp,Multiple Lenses,L26,test
7b8d894e9c1c93c8fb37bd1041a91897,/data/FMD_Data_26082026/fmd_temp_images/Updated ICube Categorical Classes 20260915/Multiple Lenses/20260903_063705_L26_PalletGHF0903105840_Cavity4_B01BLMB_Fail7_Score(0.9996161).bmp,Multiple Lenses,L26,test
7c4463f1bd41375c5102b6dd8866ceaf,/data/FMD_Data_26082026/fmd_temp_images/Updated ICube Categorical Classes 20260915/Multiple Lenses/20241106_004151_L26_C8_9977.bmp,Multiple Lenses,L26,test
7e26f11eab9877da7770add9825a14be,/data/FMD_Data_26082026/fmd_temp_images/Updated ICube Categorical Classes 20260915/Multiple Lenses/20260822_125204_L26_PalletGHO0822171347_Cavity11_B01BKPT_Fail6_Score(0.9742947).bmp,Multiple Lenses,L26,test
7ef65ee75a4af3e627598572f09d6e5f,/data/FMD_Data_26082026/fmd_temp_images/ICube Defects Library/Multiple Lenses/20241103_054721_L26_C2_9351.bmp,Multiple Lenses,L26,test
7feed2e2c14173447bc5c5bb1b2bf704,/data/FMD_Data_26082026/fmd_temp_images/Updated ICube Categorical Classes 20260915/Multiple Lenses/20260825_093027_L26_PalletGHQ0825135027_Cavity13_B01BKM5_Fail7_Score(0.9999874).bmp,Multiple Lenses,L26,test
804078414cdfc4c03fc4aa3e0f9a2b38,/data/FMD_Data_26082026/fmd_temp_images/Updated ICube Categorical Classes 20260915/Multiple Lenses/20260816_163314_L26_PalletGHC0816205425_Cavity10_B01BHZR_Fail3_Score(0.9309167).bmp,Multiple Lenses,L26,test
81363a6bec35ac7b39d7aa1d56045e46,/data/FMD_Data_26082026/fmd_temp_images/Updated ICube Categorical Classes 20260915/Multiple Lenses/20260817_140217_L26_PalletGHR0817182335_Cavity10_B01BJQF_Fail6_Score(0.9729633).bmp,Multiple Lenses,L26,test
815d1e3f07d79c024082b27d2d884354,/data/FMD_Data_26082026/fmd_temp_images/Updated ICube Categorical Classes 20260915/Multiple Lenses/20260831_023341_L26_PalletGHS0831065506_Cavity11_B01BLLQ_Fail7_Score(1).bmp,Multiple Lenses,L26,test
81a8817d7a3f5de03d9980e9bc169fab,/data/FMD_Data_26082026/fmd_temp_images/Updated ICube Categorical Classes 20260915/Multiple Lenses/20260815_142101_L26_PalletGHJ0815184213_Cavity3_B01BHZM_Fail7_Score(0.9999998).bmp,Multiple Lenses,L26,test
826ae72df90fbc87b76f6c225d11372c,/data/FMD_Data_26082026/fmd_temp_images/Updated ICube Categorical Classes 20260915/Multiple Lenses/20260823_010007_L26_PalletGHG0823052154_Cavity15_B01BKPQ_Fail7_Score(0.9999501).bmp,Multiple Lenses,L26,test
852839c0e60e1292b7239a4287e62873,/data/FMD_Data_26082026/fmd_temp_images/Updated ICube Categorical Classes 20260915/Multiple Lenses/20260814_153251_L26_PalletGHQ0814195357_Cavity11_B01BH3D_Fail4_Score(0.9468066).bmp,Multiple Lenses,L26,test
8537b507ed5faabbaad5feaf78ab07e7,/data/FMD_Data_26082026/fmd_temp_images/Updated ICube Categorical Classes 20260915/Multiple Lenses/20260815_160905_L26_PalletGHH0815203019_Cavity14_B01BH3J_Fail7_Score(0.9841031).bmp,Multiple Lenses,L26,test
862edf8c35355ae6601d6c9f8e6b4ab9,/data/FMD_Data_26082026/fmd_temp_images/Updated ICube Categorical Classes 20260915/Multiple Lenses/20260828_100004_L26_PalletGHT0828142113_Cavity8_B01BKMH_Fail7_Score(0.9993946).bmp,Multiple Lenses,L26,test
87408898540253090b5cc16904fe3066,/data/FMD_Data_26082026/fmd_temp_images/Updated ICube Categorical Classes 20260915/Multiple Lenses/20260826_004746_L26_PalletGHQ0826050847_Cavity14_B01BKM7_Fail7_Score(0.9999933).bmp,Multiple Lenses,L26,test
8855a0c203508e0b0c8538d8dd331878,/data/FMD_Data_26082026/fmd_temp_images/Updated ICube Categorical Classes 20260915/Multiple Lenses/20241105_040800_L26_C9_9585.bmp,Multiple Lenses,L26,test
8902ba1ebe9579c499a744791f0842b7,/data/FMD_Data_26082026/fmd_temp_images/Updated ICube Categorical Classes 20260915/Multiple Lenses/20260821_050214_L26_PalletGHR0821092353_Cavity5_B01BKPX_Fail4_Score(0.9418604).bmp,Multiple Lenses,L26,test
89744678d5965dd8ad0ff96551ee0fe9,/data/FMD_Data_26082026/fmd_temp_images/Updated ICube Categorical Classes 20260915/Multiple Lenses/20260903_224427_L26_PalletGHI0904030604_Cavity13_B01BLMJ_Fail7_Score(0.9929792).bmp,Multiple Lenses,L26,test
8a34751f6da6fb0ca74a2ea9fb7b362e,/data/FMD_Data_26082026/fmd_temp_images/Updated ICube Categorical Classes 20260915/Multiple Lenses/20260901_052054_L26_PalletGHG0901094224_Cavity5_B01BLLZ_Fail7_Score(0.9999999).bmp,Multiple Lenses,L26,test
8c12c362e19a0bd94ef1cb34f6904e8f,/data/FMD_Data_26082026/fmd_temp_images/Updated ICube Categorical Classes 20260915/Multiple Lenses/20260825_200919_L26_PalletGHQ0826003019_Cavity3_B01BKM6_Fail6_Score(0.976624).bmp,Multiple Lenses,L26,test
8c88305025efebf93e51d49525682b37,/data/FMD_Data_26082026/fmd_temp_images/Updated ICube Categorical Classes 20260915/Multiple Lenses/20260824_094238_L26_PalletGHP0824140327_Cavity13_B01BKLZ_Fail7_Score(0.9880784).bmp,Multiple Lenses,L26,test
90fb3d736a857342601d3fea726f393c,/data/FMD_Data_26082026/fmd_temp_images/Updated ICube Categorical Classes 20260915/Multiple Lenses/20260906_181031_L26_PalletGHM0906223018_Cavity4_B01BMPC_Fail7_Score(0.9924445).bmp,Multiple Lenses,L26,test
919357361c28a2b8e7814958d8974bdf,/data/FMD_Data_26082026/fmd_temp_images/Updated ICube Categorical Classes 20260915/Multiple Lenses/20260828_133348_L26_PalletGHQ0828175455_Cavity5_B01BKMJ_Fail7_Score(0.9834719).bmp,Multiple Lenses,L26,test
92038e9fa5ae5fa3ca5d3a7410fe2a8f,/data/FMD_Data_26082026/fmd_temp_images/Updated ICube Categorical Classes 20260915/Multiple Lenses/20260903_074439_L26_PalletGHB0903120618_Cavity3_B01BLMB_Fail7_Score(0.9917626).bmp,Multiple Lenses,L26,test
9280876c48a6fd8a7460438d789385f9,/data/FMD_Data_26082026/fmd_temp_images/Updated ICube Categorical Classes 20260915/Multiple Lenses/20260816_081208_L26_PalletGHE0816123321_Cavity7_B01BJQ6_Fail7_Score(0.9998325).bmp,Multiple Lenses,L26,test
95920efd955babf0cd75d55f22029d15,/data/FMD_Data_26082026/fmd_temp_images/Updated ICube Categorical Classes 20260915/Multiple Lenses/20260901_201906_L26_PalletGHF0902004038_Cavity2_B01BLM2_Fail7_Score(0.9841511).bmp,Multiple Lenses,L26,test
95b2253e32c95dc0dc52bd6a26faa636,/data/FMD_Data_26082026/fmd_temp_images/Updated ICube Categorical Classes 20260915/Multiple Lenses/20260825_210206_L26_PalletGHH0826012302_Cavity1_B01BKM6_Fail2_Score(0.9150246).bmp,Multiple Lenses,L26,test
970c772a3ec0ec7c9d9076fd2cd91c42,/data/FMD_Data_26082026/fmd_temp_images/Updated ICube Categorical Classes 20260915/Multiple Lenses/20260903_125922_L26_PalletGHT0903172046_Cavity12_B01BLMF_Fail7_Score(1).bmp,Multiple Lenses,L26,test
9797a6f04fcdd7e8c55d1889a38afc1e,/data/FMD_Data_26082026/fmd_temp_images/Updated ICube Categorical Classes 20260915/Multiple Lenses/20260826_030216_L26_PalletGHS0826072318_Cavity2_B01BKM7_Fail7_Score(0.9993916).bmp,Multiple Lenses,L26,test
99187cebbf72c3a4f15d464479b637cb,/data/FMD_Data_26082026/fmd_temp_images/Updated ICube Categorical Classes 20260915/Multiple Lenses/20241107_225813_L26_C12_9999.bmp,Multiple Lenses,L26,test
9a393da5430e8cc1ddd20d79289986c2,/data/FMD_Data_26082026/fmd_temp_images/Updated ICube Categorical Classes 20260915/Multiple Lenses/20260901_181018_L26_PalletGHA0901223042_Cavity4_B01BLM2_Fail6_Score(0.9692255).bmp,Multiple Lenses,L26,test
9b400a10f8b3be5725676bb40648b68c,/data/FMD_Data_26082026/fmd_temp_images/Updated ICube Categorical Classes 20260915/Multiple Lenses/20260902_094656_L26_PalletGHR0902140832_Cavity4_B01BLM7_Fail7_Score(0.990595).bmp,Multiple Lenses,L26,test
9b49d768a1ede62602d1256066a7a705,/data/FMD_Data_26082026/fmd_temp_images/Updated ICube Categorical Classes 20260915/Multiple Lenses/20260821_204404_L26_PalletGHR0822010545_Cavity12_B01BKPZ_Fail2_Score(0.9122032).bmp,Multiple Lenses,L26,test
9c6cd14c326d2a12d09ab338c63648fc,/data/FMD_Data_26082026/fmd_temp_images/Updated ICube Categorical Classes 20260915/Multiple Lenses/20260903_050639_L26_PalletGHQ0903092812_Cavity1_B01BLMD_Fail3_Score(0.9323238).bmp,Multiple Lenses,L26,test
9d0f471b24c4df85d7d063d8302770ff,/data/FMD_Data_26082026/fmd_temp_images/Updated ICube Categorical Classes 20260915/Multiple Lenses/20260825_173626_L26_PalletGHK0825215724_Cavity3_B01BKM6_Fail7_Score(0.999656).bmp,Multiple Lenses,L26,test
9f4e452876a1653e1a17aea2c34623d0,/data/FMD_Data_26082026/fmd_temp_images/Updated ICube Categorical Classes 20260915/Multiple Lenses/20241106_063616_L26_C11_9999.bmp,Multiple Lenses,L26,test
a1861be937c712bfed699f7b171613ff,/data/FMD_Data_26082026/fmd_temp_images/Updated ICube Categorical Classes 20260915/Multiple Lenses/20260902_154436_L26_PalletGHU0902200608_Cavity9_B01BLM8_Fail7_Score(0.9961838).bmp,Multiple Lenses,L26,test
a1e74cc7d52d0464429e8bf6e7fbd470,/data/FMD_Data_26082026/fmd_temp_images/Updated ICube Categorical Classes 20260915/Multiple Lenses/20260826_024705_L26_PalletGHS0826070648_Cavity2_B01BKM7_Fail6_Score(0.9701925).bmp,Multiple Lenses,L26,test
a2180c24559d0a87d992b52f01f7fc90,/data/FMD_Data_26082026/fmd_temp_images/Updated ICube Categorical Classes 20260915/Multiple Lenses/20260820_135123_L26_PalletGHN0820181258_Cavity9_B01BKLR_Fail7_Score(0.9999834).bmp,Multiple Lenses,L26,test
a2b4201407377cfc2a9e731b8ef7c564,/data/FMD_Data_26082026/fmd_temp_images/Updated ICube Categorical Classes 20260915/Multiple Lenses/20260903_134222_L26_PalletGHQ0903180359_Cavity15_B01BLMF_Fail6_Score(0.9792476).bmp,Multiple Lenses,L26,test
a2e3dfbff01b048c47899a45d962a04b,/data/FMD_Data_26082026/fmd_temp_images/ICube Defects Library/Multiple Lenses/20241103_191031_L26_C8_9791.bmp,Multiple Lenses,L26,test
a3bff1a1566ff4a7497958f9442f1e4e,/data/FMD_Data_26082026/fmd_temp_images/Updated ICube Categorical Classes 20260915/Multiple Lenses/20260825_133910_L26_PalletGHM0825180003_Cavity3_B01BKM5_Fail7_Score(0.998978).bmp,Multiple Lenses,L26,test
a4f66ecb2b5339ce766cba4158dbd854,/data/FMD_Data_26082026/fmd_temp_images/Updated ICube Categorical Classes 20260915/Multiple Lenses/20260823_001320_L26_PalletGHA0823043506_Cavity6_B01BKPQ_Fail7_Score(0.9897763).bmp,Multiple Lenses,L26,test
a5ce97e3ae8bfbdbcaa8934a29c13f8b,/data/FMD_Data_26082026/fmd_temp_images/Updated ICube Categorical Classes 20260915/Multiple Lenses/20260825_212729_L26_PalletGHC0826014809_Cavity6_B01BKM6_Fail7_Score(0.9945098).bmp,Multiple Lenses,L26,test
a89a9f0ce45f4ae6b2657eab5c35e72f,/data/FMD_Data_26082026/fmd_temp_images/Updated ICube Categorical Classes 20260915/Multiple Lenses/20260831_112620_L26_PalletGHJ0831154745_Cavity7_B01BLLV_Fail2_Score(0.9036674).bmp,Multiple Lenses,L26,test
a95727dcd41fe0793f7952919d7e6eb2,/data/FMD_Data_26082026/fmd_temp_images/Updated ICube Categorical Classes 20260915/Multiple Lenses/20260830_002222_L26_PalletGHP0830044342_Cavity2_B01BLLK_Fail6_Score(0.9792093).bmp,Multiple Lenses,L26,test
aa2d3e5eb3e3ac84ebf92f15e464a4f9,/data/FMD_Data_26082026/fmd_temp_images/Updated ICube Categorical Classes 20260915/Multiple Lenses/20260830_232732_L26_PalletGHQ0831034849_Cavity1_B01BLLP_Fail7_Score(0.9999881).bmp,Multiple Lenses,L26,test
aaa935d7482c89904a4f0bd385e4837c,/data/FMD_Data_26082026/fmd_temp_images/ICube Defects Library/Multiple Lenses/20241103_080643_L26_C7_9864.bmp,Multiple Lenses,L26,test
ab4d887d5ed40600468e7e5eb0202407,/data/FMD_Data_26082026/fmd_temp_images/Updated ICube Categorical Classes 20260915/Multiple Lenses/20260818_170255_L26_PalletGHR0818212421_Cavity12_B01BJT5_Fail7_Score(0.9940469).bmp,Multiple Lenses,L26,test
ac22f7e83f2807d44f98842da0cd4e44,/data/FMD_Data_26082026/fmd_temp_images/Updated ICube Categorical Classes 20260915/Multiple Lenses/20260815_050326_L26_PalletGHC0815092434_Cavity2_B01BH3F_Fail7_Score(0.9932676).bmp,Multiple Lenses,L26,test
ad73124b8d7ca2b746b14f2a05be2cd4,/data/FMD_Data_26082026/fmd_temp_images/Updated ICube Categorical Classes 20260915/Multiple Lenses/20260831_055435_L26_PalletGHM0831101602_Cavity14_B01BLLR_Fail7_Score(0.9999608).bmp,Multiple Lenses,L26,test
adf53d7eaaabed9dbd85239ebec87875,/data/FMD_Data_26082026/fmd_temp_images/Updated ICube Categorical Classes 20260915/Multiple Lenses/20260820_030840_L26_PalletGHB0820073013_Cavity5_B01BKLQ_Fail7_Score(0.9999992).bmp,Multiple Lenses,L26,test
b04c609efbb338b5f033515e5638194e,/data/FMD_Data_26082026/fmd_temp_images/Updated ICube Categorical Classes 20260915/Multiple Lenses/20260816_192054_L26_PalletGHB0816234211_Cavity8_B01BHZR_Fail6_Score(0.9816802).bmp,Multiple Lenses,L26,test
b0f3c76e6ecfd24f607bed2f3c0b1f86,/data/FMD_Data_26082026/fmd_temp_images/Updated ICube Categorical Classes 20260915/Multiple Lenses/20260906_072625_L26_PalletGHI0906114817_Cavity2_B01BMP8_Fail7_Score(0.9900317).bmp,Multiple Lenses,L26,test
b113f6e21793aac82fbd8106c2a74dab,/data/FMD_Data_26082026/fmd_temp_images/Updated ICube Categorical Classes 20260915/Multiple Lenses/20260905_191529_L26_PalletGHK0905233715_Cavity2_B01BMP5_Fail6_Score(0.979113).bmp,Multiple Lenses,L26,test
b341b0e0fa6b34adee929a5e5f37c73e,/data/FMD_Data_26082026/fmd_temp_images/Updated ICube Categorical Classes 20260915/Multiple Lenses/20260826_180945_L26_PalletGHO0826222921_Cavity14_B01BKMC_Fail6_Score(0.9674864).bmp,Multiple Lenses,L26,test
b62fabc8cd4c11f6e036663f2f1e3cbd,/data/FMD_Data_26082026/fmd_temp_images/Updated ICube Categorical Classes 20260915/Multiple Lenses/20260827_171224_L26_PalletGHT0827213328_Cavity13_B01BKMF_Fail5_Score(0.9542015).bmp,Multiple Lenses,L26,test
b65b9b4cb5982a6ba1d9828d4f0ee5fb,/data/FMD_Data_26082026/fmd_temp_images/Updated ICube Categorical Classes 20260915/Multiple Lenses/20260820_061751_L26_PalletGHM0820103924_Cavity6_B01BKLQ_Fail6_Score(0.9830984).bmp,Multiple Lenses,L26,test
b9c2d662f885f715a5858a4cbdb8a0ad,/data/FMD_Data_26082026/fmd_temp_images/Updated ICube Categorical Classes 20260915/Multiple Lenses/20260822_121505_L26_PalletGHS0822163643_Cavity12_B01BKPT_Fail7_Score(0.9999764).bmp,Multiple Lenses,L26,test
bc23f3369b0b502971234bd547218a93,/data/FMD_Data_26082026/fmd_temp_images/Updated ICube Categorical Classes 20260915/Multiple Lenses/20260824_072707_L26_PalletGHL0824114755_Cavity5_B01BKLX_Fail7_Score(0.9970355).bmp,Multiple Lenses,L26,test
bf83002e96140dc26100d8c69c7c09ae,/data/FMD_Data_26082026/fmd_temp_images/Updated ICube Categorical Classes 20260915/Multiple Lenses/20260828_080215_L26_PalletGHG0828122325_Cavity8_B01BKMH_Fail7_Score(0.9999986).bmp,Multiple Lenses,L26,test
bfe8e8327f7f94b52e4a01b828d5999c,/data/FMD_Data_26082026/fmd_temp_images/Updated ICube Categorical Classes 20260915/Multiple Lenses/20260815_083423_L26_PalletGHM0815125530_Cavity7_B01BH3G_Fail6_Score(0.973498).bmp,Multiple Lenses,L26,test
c07bbd51c9902571bf86b8023d7d6915,/data/FMD_Data_26082026/fmd_temp_images/Updated ICube Categorical Classes 20260915/Multiple Lenses/20260816_041310_L26_PalletGHS0816083423_Cavity4_B01BJQ6_Fail7_Score(0.9994939).bmp,Multiple Lenses,L26,test
c1e71b93b945decf4293cb08654e7f00,/data/FMD_Data_26082026/fmd_temp_images/Updated ICube Categorical Classes 20260915/Multiple Lenses/20260829_173942_L26_PalletGHJ0829215951_Cavity4_B01BLLK_Fail7_Score(0.9979316).bmp,Multiple Lenses,L26,test
c200b57c976fd2fcb221fc362b9a465d,/data/FMD_Data_26082026/fmd_temp_images/Updated ICube Categorical Classes 20260915/Multiple Lenses/20260815_065515_L26_PalletGHO0815111619_Cavity8_B01BH3F_Fail7_Score(0.9998149).bmp,Multiple Lenses,L26,test
c4cdc2b65c79fc8b59f3c8624a4368b1,/data/FMD_Data_26082026/fmd_temp_images/Updated ICube Categorical Classes 20260915/Multiple Lenses/20260826_042904_L26_PalletGHT0826084953_Cavity8_B01BKM8_Fail6_Score(0.9748557).bmp,Multiple Lenses,L26,test
c5b2aebbfbb3736701834b3063272e91,/data/FMD_Data_26082026/fmd_temp_images/Updated ICube Categorical Classes 20260915/Multiple Lenses/20260816_094425_L26_PalletGHI0816140543_Cavity4_B01BJQ6_Fail7_Score(0.9959943).bmp,Multiple Lenses,L26,test
c680d98ead5d558579d1d9dce9da63ea,/data/FMD_Data_26082026/fmd_temp_images/ICube Defects Library/Multiple Lenses/20241103_163813_L26_PalletGHJ1103215012_Cavity5_B0178LJ_Fail7_Score(0.9930094).bmp,Multiple Lenses,L26,test
c740713f9b8edf7be7226883fa58813e,/data/FMD_Data_26082026/fmd_temp_images/Updated ICube Categorical Classes 20260915/Multiple Lenses/20260906_121342_L26_PalletGHS0906163531_Cavity3_B01BMPB_Fail7_Score(0.999952).bmp,Multiple Lenses,L26,test
c771624564b5268b8e9d777c9297bd5e,/data/FMD_Data_26082026/fmd_temp_images/Updated ICube Categorical Classes 20260915/Multiple Lenses/20260817_180549_L26_PalletGHN0817222615_Cavity14_B01BJQF_Fail7_Score(0.9991921).bmp,Multiple Lenses,L26,test
c85a5e8ebd62cc83c3a92b53976c9c79,/data/FMD_Data_26082026/fmd_temp_images/Updated ICube Categorical Classes 20260915/Multiple Lenses/20241106_182215_L26_C6_9821.bmp,Multiple Lenses,L26,test
c984d9bc403bbc048ea8954859460d08,/data/FMD_Data_26082026/fmd_temp_images/ICube Defects Library/Multiple Lenses/20241102_095208_L26_C3_9992.bmp,Multiple Lenses,L26,test
cb77749e08c49f715419c8740aa55698,/data/FMD_Data_26082026/fmd_temp_images/Updated ICube Categorical Classes 20260915/Multiple Lenses/20260826_214457_L26_PalletGHO0827020602_Cavity15_B01BKMC_Fail7_Score(0.9999979).bmp,Multiple Lenses,L26,test
ccbf5ba0da11d7068fa6537958fc5617,/data/FMD_Data_26082026/fmd_temp_images/Updated ICube Categorical Classes 20260915/Multiple Lenses/20260817_085920_L26_PalletGHU0817132033_Cavity10_B01BJQF_Fail7_Score(0.9886208).bmp,Multiple Lenses,L26,test
cd138332f942b42be0d97a76512475c9,/data/FMD_Data_26082026/fmd_temp_images/Updated ICube Categorical Classes 20260915/Multiple Lenses/20260825_004021_L26_PalletGHJ0825050117_Cavity14_B01BKM2_Fail5_Score(0.9609818).bmp,Multiple Lenses,L26,test
ce46c84e513117c3c0bc328cd97e8f1b,/data/FMD_Data_26082026/fmd_temp_images/Updated ICube Categorical Classes 20260915/Multiple Lenses/20260819_082506_L26_PalletGHQ0819124635_Cavity4_B01BJRJ_Fail7_Score(0.9999814).bmp,Multiple Lenses,L26,test
ce61ad5679722405155863fc99c1dede,/data/FMD_Data_26082026/fmd_temp_images/Updated ICube Categorical Classes 20260915/Multiple Lenses/20260828_105008_L26_PalletGHR0828151114_Cavity1_B01BKMH_Fail7_Score(0.9999648).bmp,Multiple Lenses,L26,test
d1ca28d454cc7ac1437221d5e92e89ec,/data/FMD_Data_26082026/fmd_temp_images/Updated ICube Categorical Classes 20260915/Multiple Lenses/20260826_022648_L26_PalletGHD0826064746_Cavity14_B01BKM7_Fail7_Score(0.9884834).bmp,Multiple Lenses,L26,test
d1dd949d7510459113585ff2cbf324bd,/data/FMD_Data_26082026/fmd_temp_images/Updated ICube Categorical Classes 20260915/Multiple Lenses/20260825_162711_L26_PalletGHL0825204806_Cavity12_B01BKM5_Fail7_Score(0.9966881).bmp,Multiple Lenses,L26,test
d54888189637c740233d3ed56f9ae83b,/data/FMD_Data_26082026/fmd_temp_images/Updated ICube Categorical Classes 20260915/Multiple Lenses/20260819_211257_L26_PalletGHD0820013412_Cavity4_B01BKM3_Fail6_Score(0.967342).bmp,Multiple Lenses,L26,test
d7c61a429fda848e07d22a27fd48cb24,/data/FMD_Data_26082026/fmd_temp_images/ICube Defects Library/Multiple Lenses/20241103_224414_L26_PalletGHE1104035619_Cavity5_B0178LK_Fail7_Score(0.9955946).bmp,Multiple Lenses,L26,test
d838b37158f5038c298b4d6847b92984,/data/FMD_Data_26082026/fmd_temp_images/Updated ICube Categorical Classes 20260915/Multiple Lenses/20260901_201213_L26_PalletGHF0902003341_Cavity13_B01BLM2_Fail7_Score(0.9975418).bmp,Multiple Lenses,L26,test
d98d4909f84c3ff7947ae219b52b5d87,/data/FMD_Data_26082026/fmd_temp_images/Updated ICube Categorical Classes 20260915/Multiple Lenses/20260823_113620_L26_PalletGHC0823155707_Cavity4_B01BKPR_Fail7_Score(0.9872878).bmp,Multiple Lenses,L26,test
db8109b433a84761b220899a58d62727,/data/FMD_Data_26082026/fmd_temp_images/Updated ICube Categorical Classes 20260915/Multiple Lenses/20241108_005549_L26_C9_9999.bmp,Multiple Lenses,L26,test
dc5d184c15c19c28aea0e378c207835e,/data/FMD_Data_26082026/fmd_temp_images/Updated ICube Categorical Classes 20260915/Multiple Lenses/20260814_171214_L26_PalletGHK0814213322_Cavity4_B01BH3D_Fail6_Score(0.9751461).bmp,Multiple Lenses,L26,test
dc9ae80f85f618ad7029a71d5716569b,/data/FMD_Data_26082026/fmd_temp_images/Updated ICube Categorical Classes 20260915/Multiple Lenses/20260905_021744_L26_PalletGHD0905063932_Cavity3_B01BMP2_Fail7_Score(0.9938433).bmp,Multiple Lenses,L26,test
df0f171bc6acf870801e20ab585b24f7,/data/FMD_Data_26082026/fmd_temp_images/Updated ICube Categorical Classes 20260915/Multiple Lenses/20260906_000532_L26_PalletGHB0906042720_Cavity3_B01BMP7_Fail5_Score(0.9547249).bmp,Multiple Lenses,L26,test
e48ae99cd4796410cab7fed448fe74d8,/data/FMD_Data_26082026/fmd_temp_images/Updated ICube Categorical Classes 20260915/Multiple Lenses/20260827_181412_L26_PalletGHP0827223408_Cavity6_B01BKMF_Fail6_Score(0.9781858).bmp,Multiple Lenses,L26,test
e4d4257a20a88eeac3ac6eab40465eb4,/data/FMD_Data_26082026/fmd_temp_images/Updated ICube Categorical Classes 20260915/Multiple Lenses/20260905_055710_L26_PalletGHB0905101858_Cavity11_B01BMP1_Fail7_Score(0.9952918).bmp,Multiple Lenses,L26,test
e4e8c17e9e764aa8f1ff8385acf50fce,/data/FMD_Data_26082026/fmd_temp_images/Updated ICube Categorical Classes 20260915/Multiple Lenses/20260907_021425_L26_PalletGHK0907063517_Cavity7_B01BMPJ_Fail3_Score(0.9281219).bmp,Multiple Lenses,L26,test
e57aa3c9a61c7bfba45270c14a6c6fd8,/data/FMD_Data_26082026/fmd_temp_images/Updated ICube Categorical Classes 20260915/Multiple Lenses/20260820_115147_L26_PalletGHQ0820161320_Cavity8_B01BKLR_Fail7_Score(0.9992496).bmp,Multiple Lenses,L26,test
e590b4da8b41b9390451039a6754efb4,/data/FMD_Data_26082026/fmd_temp_images/Updated ICube Categorical Classes 20260915/Multiple Lenses/20241108_050018_L26_C1_9956.bmp,Multiple Lenses,L26,test
e61d95db04caa6be5c011fcb10673703,/data/FMD_Data_26082026/fmd_temp_images/Updated ICube Categorical Classes 20260915/Multiple Lenses/20260822_183735_L26_PalletGHB0822225809_Cavity14_B01BKPV_Fail5_Score(0.9541906).bmp,Multiple Lenses,L26,test
e717f16bbbbcad348842d1a0c522d326,/data/FMD_Data_26082026/fmd_temp_images/Updated ICube Categorical Classes 20260915/Multiple Lenses/20260821_180707_L26_PalletGHI0821222730_Cavity4_B01BKPZ_Fail6_Score(0.9754149).bmp,Multiple Lenses,L26,test
eb583d0e076f69b01aba9213c9b1e606,/data/FMD_Data_26082026/fmd_temp_images/Updated ICube Categorical Classes 20260915/Multiple Lenses/20260831_100855_L26_PalletGHP0831143022_Cavity10_B01BLLV_Fail6_Score(0.979239).bmp,Multiple Lenses,L26,test
ee02e6acbb4cfb232e1ab91e7b4bd0da,/data/FMD_Data_26082026/fmd_temp_images/Updated ICube Categorical Classes 20260915/Multiple Lenses/20260817_094135_L26_PalletGHQ0817140237_Cavity10_B01BJQF_Fail7_Score(0.9998481).bmp,Multiple Lenses,L26,test
ef8c8747f68c86101e8c98c9c87e1551,/data/FMD_Data_26082026/fmd_temp_images/Updated ICube Categorical Classes 20260915/Multiple Lenses/20260901_002619_L26_PalletGHP0901044750_Cavity6_B01BLLZ_Fail7_Score(0.9916927).bmp,Multiple Lenses,L26,test
f06fb60ab6034cf1ae18c9f78d222103,/data/FMD_Data_26082026/fmd_temp_images/Updated ICube Categorical Classes 20260915/Multiple Lenses/20260905_071542_L26_PalletGHQ0905113730_Cavity8_B01BMP1_Fail7_Score(0.9910496).bmp,Multiple Lenses,L26,test
f097c9a1e7361d5945ad5085dd0ffb73,/data/FMD_Data_26082026/fmd_temp_images/Updated ICube Categorical Classes 20260915/Multiple Lenses/20260826_152053_L26_PalletGHN0826194158_Cavity1_B01BKM9_Fail6_Score(0.974976).bmp,Multiple Lenses,L26,test
f605a7520bc56e2db95ee9215b447c98,/data/FMD_Data_26082026/fmd_temp_images/Updated ICube Categorical Classes 20260915/Multiple Lenses/20260906_105703_L26_PalletGHC0906151859_Cavity4_B01BMPB_Fail7_Score(0.9860557).bmp,Multiple Lenses,L26,test
f61da4b9689df0097fab2f5912770126,/data/FMD_Data_26082026/fmd_temp_images/Updated ICube Categorical Classes 20260915/Multiple Lenses/20260906_165314_L26_PalletGHP0906211407_Cavity14_B01BMPC_Fail7_Score(1).bmp,Multiple Lenses,L26,test
f71adf51cdd02d8a28a0a845b47f0f6a,/data/FMD_Data_26082026/fmd_temp_images/Updated ICube Categorical Classes 20260915/Multiple Lenses/20260814_142415_L26_PalletGHJ0814184518_Cavity7_B01BH3D_Fail7_Score(0.9938007).bmp,Multiple Lenses,L26,test
f9724621917dea355aa24a1a3ac59179,/data/FMD_Data_26082026/fmd_temp_images/Updated ICube Categorical Classes 20260915/Multiple Lenses/20260822_201842_L26_PalletGHD0823004028_Cavity3_B01BKPV_Fail6_Score(0.9668201).bmp,Multiple Lenses,L26,test
fd694c2e20125a746e2cb4f1387f40a2,/data/FMD_Data_26082026/fmd_temp_images/Updated ICube Categorical Classes 20260915/Multiple Lenses/20260826_192109_L26_PalletGHT0826234214_Cavity14_B01BKMC_Fail7_Score(0.9902428).bmp,Multiple Lenses,L26,test
fdd37d25854168b00e5282c57ceeeda2,/data/FMD_Data_26082026/fmd_temp_images/Updated ICube Categorical Classes 20260915/Multiple Lenses/20260818_202647_L26_PalletGHM0819004753_Cavity3_B01BJT5_Fail7_Score(0.9974259).bmp,Multiple Lenses,L26,test
fde3ad634ac58de404d9811d1c3969fd,/data/FMD_Data_26082026/fmd_temp_images/Updated ICube Categorical Classes 20260915/Multiple Lenses/20260825_194845_L26_PalletGHH0826000941_Cavity11_B01BKM6_Fail7_Score(0.9990023).bmp,Multiple Lenses,L26,test
00b687b62f26af5bcc93ac679b5aa0eb,/data/FMD_Data_26082026/fmd_temp_images/Updated ICube Categorical Classes 20260915/Multiple Lenses/20241106_054624_L26_C2_9947.bmp,Multiple Lenses,L26,train
01d6c6e0931813577f1f4f35bb70747d,/data/FMD_Data_26082026/fmd_temp_images/Updated ICube Categorical Classes 20260915/Multiple Lenses/20260816_233003_L26_PalletGHF0817035123_Cavity13_B01BHZR_Fail3_Score(0.9225845).bmp,Multiple Lenses,L26,train
02df3c802931074486f933be2aabdb8f,/data/FMD_Data_26082026/fmd_temp_images/Updated ICube Categorical Classes 20260915/Multiple Lenses/20260815_050342_L26_PalletGHJ0815092454_Cavity15_B01BH3F_Fail6_Score(0.9783475).bmp,Multiple Lenses,L26,train
0346569a4bb60183370ba4faa5d0abbe,/data/FMD_Data_26082026/fmd_temp_images/Updated ICube Categorical Classes 20260915/Multiple Lenses/20260903_012442_L26_PalletGHA0903054616_Cavity6_B01BLM8_Fail6_Score(0.9762893).bmp,Multiple Lenses,L26,train
038154fade2d6c1a14fabd4995c1e430,/data/FMD_Data_26082026/fmd_temp_images/Updated ICube Categorical Classes 20260915/Multiple Lenses/20260825_144448_L26_PalletGHD0825190544_Cavity9_B01BKM5_Fail6_Score(0.9831086).bmp,Multiple Lenses,L26,train
039bade5a500d536c6efbe4e181575c5,/data/FMD_Data_26082026/fmd_temp_images/Updated ICube Categorical Classes 20260915/Multiple Lenses/20260906_053518_L26_PalletGHI0906095710_Cavity3_B01BMP6_Fail7_Score(0.999942).bmp,Multiple Lenses,L26,train
03dc4cc02d9e0e10b7becf3bed680230,/data/FMD_Data_26082026/fmd_temp_images/Updated ICube Categorical Classes 20260915/Multiple Lenses/20260820_012220_L26_PalletGHC0820054353_Cavity6_B01BKM3_Fail7_Score(0.9952385).bmp,Multiple Lenses,L26,train
048d9eeb4b1dac138e7e3799e5e70649,/data/FMD_Data_26082026/fmd_temp_images/Updated ICube Categorical Classes 20260915/Multiple Lenses/20260901_021855_L26_PalletGHK0901064023_Cavity15_B01BLLZ_Fail3_Score(0.9199886).bmp,Multiple Lenses,L26,train
049a2f67b8aa0881cf1d7e9a090a49ce,/data/FMD_Data_26082026/fmd_temp_images/Updated ICube Categorical Classes 20260915/Multiple Lenses/20260824_145322_L26_PalletGHL0824191418_Cavity5_B01BKM0_Fail4_Score(0.9413041).bmp,Multiple Lenses,L26,train
053dfb983bbdb71efbd3e92d3567b089,/data/FMD_Data_26082026/fmd_temp_images/Updated ICube Categorical Classes 20260915/Multiple Lenses/20260823_072420_L26_PalletGHC0823114504_Cavity1_B01BKPR_Fail3_Score(0.921002).bmp,Multiple Lenses,L26,train
05efd4e8b77ff31568328bb8f1151e0d,/data/FMD_Data_26082026/fmd_temp_images/Updated ICube Categorical Classes 20260915/Multiple Lenses/20241102_211237_L26_C15_9950.bmp,Multiple Lenses,L26,train
0668b0e2a3fa2aa5e3eb6520e6215b69,/data/FMD_Data_26082026/fmd_temp_images/Updated ICube Categorical Classes 20260915/Multiple Lenses/20260820_003907_L26_PalletGHC0820050041_Cavity10_B01BKM3_Fail7_Score(0.9922973).bmp,Multiple Lenses,L26,train
067ec08618b5fdb65607acbb7a85f6d7,/data/FMD_Data_26082026/fmd_temp_images/Updated ICube Categorical Classes 20260915/Multiple Lenses/20260905_163451_L26_PalletGHI0905205640_Cavity12_B01BMP4_Fail5_Score(0.9541254).bmp,Multiple Lenses,L26,train
06e29d3976c871cc6786b9f7d6d556b5,/data/FMD_Data_26082026/fmd_temp_images/Updated ICube Categorical Classes 20260915/Multiple Lenses/20260822_042149_L26_PalletGHR0822084329_Cavity2_B01BKQ0_Fail5_Score(0.9657556).bmp,Multiple Lenses,L26,train
0792eb4e3782170c3ebeaf8d161af721,/data/FMD_Data_26082026/fmd_temp_images/Updated ICube Categorical Classes 20260915/Multiple Lenses/20260817_055317_L26_PalletGHN0817101438_Cavity1_B01BHZS_Fail5_Score(0.9602903).bmp,Multiple Lenses,L26,train
07a84bb0c46177779a76e08d40ecd8c0,/data/FMD_Data_26082026/fmd_temp_images/Updated ICube Categorical Classes 20260915/Multiple Lenses/20260827_030837_L26_PalletGHS0827072943_Cavity10_B01BKMB_Fail7_Score(0.9912522).bmp,Multiple Lenses,L26,train
080a35b8ae231532eb7b0cc1a1c32292,/data/FMD_Data_26082026/fmd_temp_images/Updated ICube Categorical Classes 20260915/Multiple Lenses/20260815_041925_L26_PalletGHA0815084026_Cavity4_B01BH3F_Fail5_Score(0.9558483).bmp,Multiple Lenses,L26,train
082f2df7598cfd874a3ece2dad3adfce,/data/FMD_Data_26082026/fmd_temp_images/Updated ICube Categorical Classes 20260915/Multiple Lenses/20260822_105007_L26_PalletGHI0822151153_Cavity2_B01BKPS_Fail7_Score(0.9944676).bmp,Multiple Lenses,L26,train
083f97aa6e7ade09142f45f2cb934475,/data/FMD_Data_26082026/fmd_temp_images/Updated ICube Categorical Classes 20260915/Multiple Lenses/20260901_223228_L26_PalletGHD0902025358_Cavity9_B01BLM3_Fail7_Score(0.9977357).bmp,Multiple Lenses,L26,train
09e7993e7a7f02bfbaf8ba5a40bae5a0,/data/FMD_Data_26082026/fmd_temp_images/ICube Defects Library/Multiple Lenses/20241104_034712_L26_PalletGHP1104085918_Cavity7_B0178LK_Fail5_Score(0.9511138).bmp,Multiple Lenses,L26,train
0a1ce949b86b8ec0b46d4d5fbd7171c7,/data/FMD_Data_26082026/fmd_temp_images/Updated ICube Categorical Classes 20260915/Multiple Lenses/20260830_064722_L26_PalletGHH0830110841_Cavity5_B01BLLL_Fail5_Score(0.9617823).bmp,Multiple Lenses,L26,train
0a4502c871a6765851315e0692b3df0f,/data/FMD_Data_26082026/fmd_temp_images/Updated ICube Categorical Classes 20260915/Multiple Lenses/20260816_044501_L26_PalletGHT0816090617_Cavity3_B01BJQ6_Fail7_Score(0.9982527).bmp,Multiple Lenses,L26,train
0a672c062e71fce6c5a6f10fddbfe08f,/data/FMD_Data_26082026/fmd_temp_images/Updated ICube Categorical Classes 20260915/Multiple Lenses/20260903_151456_L26_PalletGHR0903193633_Cavity13_B01BLMG_Fail7_Score(0.9999177).bmp,Multiple Lenses,L26,train
0c7a9fce772eaa0b23252451b9e6c9cb,/data/FMD_Data_26082026/fmd_temp_images/Updated ICube Categorical Classes 20260915/Multiple Lenses/20260906_075734_L26_PalletGHU0906121929_Cavity15_B01BMP8_Fail7_Score(0.9993605).bmp,Multiple Lenses,L26,train
0cb6cac0676cc0a75bad6206b1c77516,/data/FMD_Data_26082026/fmd_temp_images/Updated ICube Categorical Classes 20260915/Multiple Lenses/20260830_030850_L26_PalletGHL0830073002_Cavity4_B01BLLL_Fail7_Score(0.999967).bmp,Multiple Lenses,L26,train
0d0587f068b01a73a104344252507830,/data/FMD_Data_26082026/fmd_temp_images/Updated ICube Categorical Classes 20260915/Multiple Lenses/20260818_152850_L26_PalletGHA0818195014_Cavity10_B01BJT5_Fail7_Score(0.9969645).bmp,Multiple Lenses,L26,train
0d5a78f6ccaa441eccb1eb6111015697,/data/FMD_Data_26082026/fmd_temp_images/Updated ICube Categorical Classes 20260915/Multiple Lenses/20260901_223345_L26_PalletGHK0902025518_Cavity5_B01BLM3_Fail7_Score(0.9999588).bmp,Multiple Lenses,L26,train
0d5af0a90046d96be70dace0bbcdf4bb,/data/FMD_Data_26082026/fmd_temp_images/Updated ICube Categorical Classes 20260915/Multiple Lenses/20260908_073943_L26_PalletGHE0908120047_Cavity11_B01BMPN_Fail7_Score(0.9975888).bmp,Multiple Lenses,L26,train
0dd2345b6f2d55c59e9fac55b7beae75,/data/FMD_Data_26082026/fmd_temp_images/Updated ICube Categorical Classes 20260915/Multiple Lenses/20260901_181018_L26_PalletGHA0901223042_Cavity6_B01BLM2_Fail7_Score(0.9993778).bmp,Multiple Lenses,L26,train
1054332b11235ef7f5d4b66bd52177f3,/data/FMD_Data_26082026/fmd_temp_images/Updated ICube Categorical Classes 20260915/Multiple Lenses/20260814_150739_L26_PalletGHE0814192840_Cavity3_B01BH3D_Fail7_Score(0.9944268).bmp,Multiple Lenses,L26,train
106dd20104a31caf3851e445f0145ef8,/data/FMD_Data_26082026/fmd_temp_images/Updated ICube Categorical Classes 20260915/Multiple Lenses/20241108_021712_L26_C12_9686.bmp,Multiple Lenses,L26,train
1126ca74d3b12119c6f1b8ea50c46511,/data/FMD_Data_26082026/fmd_temp_images/Updated ICube Categorical Classes 20260915/Multiple Lenses/20260827_223501_L26_PalletGHJ0828025607_Cavity10_B01BKMM_Fail7_Score(0.9872771).bmp,Multiple Lenses,L26,train
11e86861a42d67b9af31c3539716be18,/data/FMD_Data_26082026/fmd_temp_images/Updated ICube Categorical Classes 20260915/Multiple Lenses/20260825_015053_L26_PalletGHR0825061150_Cavity8_B01BKM2_Fail7_Score(0.9906183).bmp,Multiple Lenses,L26,train
1210e723aaa6a1e0626526351e9f1ab2,/data/FMD_Data_26082026/fmd_temp_images/Updated ICube Categorical Classes 20260915/Multiple Lenses/20260815_010806_L26_PalletGHM0815052917_Cavity7_B01BH3F_Fail7_Score(0.9970838).bmp,Multiple Lenses,L26,train
126e9a5434ad4903c5a2f4e03a989348,/data/FMD_Data_26082026/fmd_temp_images/Updated ICube Categorical Classes 20260915/Multiple Lenses/20260905_054504_L26_PalletGHB0905100651_Cavity5_B01BMP1_Fail7_Score(0.9993967).bmp,Multiple Lenses,L26,train
1370bca0c46b5914f0b81fd97548256d,/data/FMD_Data_26082026/fmd_temp_images/Updated ICube Categorical Classes 20260915/Multiple Lenses/20260823_101433_L26_PalletGHH0823143519_Cavity15_B01BKPR_Fail7_Score(0.9927611).bmp,Multiple Lenses,L26,train
139aa3939bb1a8d95ea704c17e6e1d7e,/data/FMD_Data_26082026/fmd_temp_images/Updated ICube Categorical Classes 20260915/Multiple Lenses/20260816_064122_L26_PalletGHH0816110232_Cavity11_B01BJQ6_Fail5_Score(0.9651623).bmp,Multiple Lenses,L26,train
13e7f1716656cbc425815c24052d1d8d,/data/FMD_Data_26082026/fmd_temp_images/Updated ICube Categorical Classes 20260915/Multiple Lenses/20260817_141420_L26_PalletGHI0817183540_Cavity2_B01BJQF_Fail7_Score(0.9999999).bmp,Multiple Lenses,L26,train
14b1ad7bb13f331178208fc2122a30f9,/data/FMD_Data_26082026/fmd_temp_images/Updated ICube Categorical Classes 20260915/Multiple Lenses/20260830_193002_L26_PalletGHA0830235115_Cavity15_B01BLLT_Fail3_Score(0.9292071).bmp,Multiple Lenses,L26,train
14da3d7a4cdb341709f926530a001464,/data/FMD_Data_26082026/fmd_temp_images/Updated ICube Categorical Classes 20260915/Multiple Lenses/20241111_215656_L26_C8_9977.bmp,Multiple Lenses,L26,train
1517a3a587bfc67eee797211b9c0bbe2,/data/FMD_Data_26082026/fmd_temp_images/Updated ICube Categorical Classes 20260915/Multiple Lenses/20260824_104852_L26_PalletGHG0824150943_Cavity12_B01BKM0_Fail7_Score(0.9918448).bmp,Multiple Lenses,L26,train
15c0a6c4ba5cbe8e7a80dc75b5e8b755,/data/FMD_Data_26082026/fmd_temp_images/Updated ICube Categorical Classes 20260915/Multiple Lenses/20260826_223214_L26_PalletGHT0827025321_Cavity9_B01BKMC_Fail7_Score(0.998179).bmp,Multiple Lenses,L26,train
163ca5d84fc8231bf1c3ff84a99beb71,/data/FMD_Data_26082026/fmd_temp_images/Updated ICube Categorical Classes 20260915/Multiple Lenses/20260816_062226_L26_PalletGHS0816104343_Cavity7_B01BJQ6_Fail7_Score(0.9888724).bmp,Multiple Lenses,L26,train
16bcdb8a0bdfe66ce0c48b6682feda4b,/data/FMD_Data_26082026/fmd_temp_images/Updated ICube Categorical Classes 20260915/Multiple Lenses/20241107_060722_L26_C3_9913.bmp,Multiple Lenses,L26,train
16d81a708d59d83924626af03fd2f11e,/data/FMD_Data_26082026/fmd_temp_images/Updated ICube Categorical Classes 20260915/Multiple Lenses/20260819_112617_L26_PalletGHD0819154743_Cavity5_B01BJRK_Fail7_Score(0.9999998).bmp,Multiple Lenses,L26,train
18255838ec76621de13e925ce68945f6,/data/FMD_Data_26082026/fmd_temp_images/Updated ICube Categorical Classes 20260915/Multiple Lenses/20260823_100345_L26_PalletGHL0823142430_Cavity15_B01BKPR_Fail7_Score(0.9999806).bmp,Multiple Lenses,L26,train
18b1770d7c8aac3a846c5d992701ee8f,/data/FMD_Data_26082026/fmd_temp_images/Updated ICube Categorical Classes 20260915/Multiple Lenses/20260907_203451_L26_PalletGHL0908005547_Cavity6_B01BMPL_Fail7_Score(0.9903256).bmp,Multiple Lenses,L26,train
190cec48918997f8ec8777e888c08731,/data/FMD_Data_26082026/fmd_temp_images/Updated ICube Categorical Classes 20260915/Multiple Lenses/20260907_123954_L26_PalletGHI0907170048_Cavity14_B01BMPF_Fail7_Score(0.9948417).bmp,Multiple Lenses,L26,train
1969a160bd0e8dcce132ca1417734e4c,/data/FMD_Data_26082026/fmd_temp_images/Updated ICube Categorical Classes 20260915/Multiple Lenses/20260816_005604_L26_PalletGHS0816051718_Cavity7_B01BH3H_Fail7_Score(0.9999205).bmp,Multiple Lenses,L26,train
1a06da7f990c25cb6c834a1fefb933e4,/data/FMD_Data_26082026/fmd_temp_images/ICube Defects Library/Multiple Lenses/20241103_175149_L26_C4_9455.bmp,Multiple Lenses,L26,train
1a44b022e1991e402719d0b169608fad,/data/FMD_Data_26082026/fmd_temp_images/Updated ICube Categorical Classes 20260915/Multiple Lenses/20260820_015445_L26_PalletGHB0820061614_Cavity3_B01BKM3_Fail7_Score(0.9998338).bmp,Multiple Lenses,L26,train
1abdfda65ff6c939cc5d0047dcc5354d,/data/FMD_Data_26082026/fmd_temp_images/Updated ICube Categorical Classes 20260915/Multiple Lenses/20260905_180928_L26_PalletGHB0905223017_Cavity6_B01BMP5_Fail2_Score(0.9111607).bmp,Multiple Lenses,L26,train
1b05cc498eb7e9401497e2f7b4ed935b,/data/FMD_Data_26082026/fmd_temp_images/Updated ICube Categorical Classes 20260915/Multiple Lenses/20260901_190629_L26_PalletGHU0901232803_Cavity6_B01BLM2_Fail7_Score(0.9983535).bmp,Multiple Lenses,L26,train
1bce5c714b3038429a4d55df5e103c48,/data/FMD_Data_26082026/fmd_temp_images/Updated ICube Categorical Classes 20260915/Multiple Lenses/20260826_212503_L26_PalletGHQ0827014606_Cavity11_B01BKMC_Fail6_Score(0.9761521).bmp,Multiple Lenses,L26,train
1bdd8c7cc0aa6b6657b8d40fe6c8411e,/data/FMD_Data_26082026/fmd_temp_images/Updated ICube Categorical Classes 20260915/Multiple Lenses/20260904_112015_L26_PalletGHS0904154157_Cavity6_B01BLMM_Fail7_Score(0.9941977).bmp,Multiple Lenses,L26,train
1d9a74a48ecf26205902962cfdaf3239,/data/FMD_Data_26082026/fmd_temp_images/ICube Defects Library/Multiple Lenses/20241103_094254_L26_C14_9683.bmp,Multiple Lenses,L26,train
1decccbc5f2ae41c9eb858eff4e33160,/data/FMD_Data_26082026/fmd_temp_images/Updated ICube Categorical Classes 20260915/Multiple Lenses/20260905_134837_L26_PalletGHF0905181021_Cavity4_B01BMP0_Fail3_Score(0.9264247).bmp,Multiple Lenses,L26,train
1f4314b4332be825df9888097e628f93,/data/FMD_Data_26082026/fmd_temp_images/Updated ICube Categorical Classes 20260915/Multiple Lenses/20260906_163126_L26_PalletGHR0906205320_Cavity8_B01BMPC_Fail7_Score(0.9999977).bmp,Multiple Lenses,L26,train
1f83da7ba59fcf76848dc54aeac95069,/data/FMD_Data_26082026/fmd_temp_images/Updated ICube Categorical Classes 20260915/Multiple Lenses/20260830_185928_L26_PalletGHR0830232054_Cavity6_B01BLLT_Fail3_Score(0.9309125).bmp,Multiple Lenses,L26,train
2046a181a53b6eceae1354579107a6d4,/data/FMD_Data_26082026/fmd_temp_images/Updated ICube Categorical Classes 20260915/Multiple Lenses/20241104_112809_L26_C9_9999.bmp,Multiple Lenses,L26,train
2102b21e3f747895145cdd1e2b82b01a,/data/FMD_Data_26082026/fmd_temp_images/Updated ICube Categorical Classes 20260915/Multiple Lenses/20260831_201801_L26_PalletGHN0901003927_Cavity12_B01BLLX_Fail4_Score(0.9472483).bmp,Multiple Lenses,L26,train
22378694f459e587f8983c1ec4f9e387,/data/FMD_Data_26082026/fmd_temp_images/Updated ICube Categorical Classes 20260915/Multiple Lenses/20260907_165614_L26_PalletGHJ0907211708_Cavity5_B01BMPG_Fail7_Score(0.9865007).bmp,Multiple Lenses,L26,train
23b38a86f139c9e8cf686288b3acb54c,/data/FMD_Data_26082026/fmd_temp_images/Updated ICube Categorical Classes 20260915/Multiple Lenses/20241106_054553_L26_C4_9884.bmp,Multiple Lenses,L26,train
24d73b1c1ba9e040b0a7be5a126e5edd,/data/FMD_Data_26082026/fmd_temp_images/Updated ICube Categorical Classes 20260915/Multiple Lenses/20260821_135711_L26_PalletGHJ0821181846_Cavity9_B01BKSZ_Fail7_Score(0.999997).bmp,Multiple Lenses,L26,train
24e950ac185fac30327d93dc0dfcc0b0,/data/FMD_Data_26082026/fmd_temp_images/Updated ICube Categorical Classes 20260915/Multiple Lenses/20260818_025854_L26_PalletGHE0818072016_Cavity1_B01BHZP_Fail7_Score(0.9999998).bmp,Multiple Lenses,L26,train
2522aa1b0685523f8f39a789dac59be2,/data/FMD_Data_26082026/fmd_temp_images/Updated ICube Categorical Classes 20260915/Multiple Lenses/20260814_221456_L26_PalletGHH0815023606_Cavity3_B01BH3F_Fail4_Score(0.9386799).bmp,Multiple Lenses,L26,train
257c6556fb48de17c00fda70241c438e,/data/FMD_Data_26082026/fmd_temp_images/Updated ICube Categorical Classes 20260915/Multiple Lenses/20260903_045901_L26_PalletGHP0903092037_Cavity15_B01BLMD_Fail7_Score(0.9988809).bmp,Multiple Lenses,L26,train
25e2bfceb51695a74656cd6cf61cb2e2,/data/FMD_Data_26082026/fmd_temp_images/Updated ICube Categorical Classes 20260915/Multiple Lenses/20260816_214336_L26_PalletGHS0817020455_Cavity12_B01BHZR_Fail7_Score(0.999915).bmp,Multiple Lenses,L26,train
263cb17ab6bba28cd6daeb355284c4d2,/data/FMD_Data_26082026/fmd_temp_images/Updated ICube Categorical Classes 20260915/Multiple Lenses/20260903_122807_L26_PalletGHD0903164946_Cavity11_B01BLMF_Fail6_Score(0.9671604).bmp,Multiple Lenses,L26,train
26bee050e8a21b7365c566162fc35ce3,/data/FMD_Data_26082026/fmd_temp_images/ICube Defects Library/Multiple Lenses/20241103_124339_L26_PalletGHE1103175541_Cavity3_B0178LJ_Fail2_Score(0.9097206).bmp,Multiple Lenses,L26,train
2725b18870918238a94dcb84f2778a07,/data/FMD_Data_26082026/fmd_temp_images/Updated ICube Categorical Classes 20260915/Multiple Lenses/20260816_085821_L26_PalletGHE0816131854_Cavity1_B01BJQ6_Fail5_Score(0.9599988).bmp,Multiple Lenses,L26,train
27ddfbc8c1e664e71da71fd776cc38b7,/data/FMD_Data_26082026/fmd_temp_images/Updated ICube Categorical Classes 20260915/Multiple Lenses/20260904_084340_L26_PalletGHM0904130526_Cavity3_B01BLML_Fail7_Score(0.993515).bmp,Multiple Lenses,L26,train
27ff2c9ec515c4995a107e26a50b989e,/data/FMD_Data_26082026/fmd_temp_images/Updated ICube Categorical Classes 20260915/Multiple Lenses/20260906_220907_L26_PalletGHF0907023001_Cavity14_B01BMPJ_Fail7_Score(0.9999995).bmp,Multiple Lenses,L26,train
28741cdb7784feba3af4bc18900414e1,/data/FMD_Data_26082026/fmd_temp_images/Updated ICube Categorical Classes 20260915/Multiple Lenses/20260824_151909_L26_PalletGHQ0824194005_Cavity14_B01BKM0_Fail7_Score(0.99984).bmp,Multiple Lenses,L26,train
287f2608d704bb0c60621ce5e7fa8d85,/data/FMD_Data_26082026/fmd_temp_images/Updated ICube Categorical Classes 20260915/Multiple Lenses/20260820_054850_L26_PalletGHG0820101015_Cavity6_B01BKLQ_Fail7_Score(0.9998465).bmp,Multiple Lenses,L26,train
28cd799a341004d074ebe0fd8343e537,/data/FMD_Data_26082026/fmd_temp_images/Updated ICube Categorical Classes 20260915/Multiple Lenses/20260815_131545_L26_PalletGHD0815173656_Cavity13_B01BH3G_Fail7_Score(0.9993374).bmp,Multiple Lenses,L26,train
2a2f758a14bdafd55d1e34410d150683,/data/FMD_Data_26082026/fmd_temp_images/Updated ICube Categorical Classes 20260915/Multiple Lenses/20260816_075050_L26_PalletGHO0816121204_Cavity5_B01BJQ6_Fail5_Score(0.9522334).bmp,Multiple Lenses,L26,train
2a38cdd2b75dcbf89c9e08856dcac025,/data/FMD_Data_26082026/fmd_temp_images/Updated ICube Categorical Classes 20260915/Multiple Lenses/20260906_031046_L26_PalletGHO0906073232_Cavity10_B01BMP7_Fail7_Score(0.9945974).bmp,Multiple Lenses,L26,train
2a960af6f6d0c930d126e26ede39fa08,/data/FMD_Data_26082026/fmd_temp_images/Updated ICube Categorical Classes 20260915/Multiple Lenses/20260824_234651_L26_PalletGHE0825040748_Cavity2_B01BKM2_Fail7_Score(1).bmp,Multiple Lenses,L26,train
2aad4fe1d7120761986e32ac44b1cde9,/data/FMD_Data_26082026/fmd_temp_images/Updated ICube Categorical Classes 20260915/Multiple Lenses/20260823_043321_L26_PalletGHQ0823085505_Cavity11_B01BKPQ_Fail6_Score(0.9689655).bmp,Multiple Lenses,L26,train
2b3911b9b07a4dd51312f9990dc34802,/data/FMD_Data_26082026/fmd_temp_images/Updated ICube Categorical Classes 20260915/Multiple Lenses/20260906_220434_L26_PalletGHH0907022532_Cavity15_B01BMPJ_Fail7_Score(0.985559).bmp,Multiple Lenses,L26,train
2b3d4410ec40f76a6b982d5724c76722,/data/FMD_Data_26082026/fmd_temp_images/Updated ICube Categorical Classes 20260915/Multiple Lenses/20260817_180549_L26_PalletGHN0817222615_Cavity8_B01BJQF_Fail7_Score(0.9846106).bmp,Multiple Lenses,L26,train
2b64cd0c0876f5d0f2c425c22f90a844,/data/FMD_Data_26082026/fmd_temp_images/Updated ICube Categorical Classes 20260915/Multiple Lenses/20260829_142817_L26_PalletGHG0829184928_Cavity13_B01BLLJ_Fail6_Score(0.9820833).bmp,Multiple Lenses,L26,train
2cd26c7c6b1a336f2c0cd4b55efed4c4,/data/FMD_Data_26082026/fmd_temp_images/Updated ICube Categorical Classes 20260915/Multiple Lenses/20260817_093508_L26_PalletGHU0817135624_Cavity12_B01BJQF_Fail5_Score(0.957986).bmp,Multiple Lenses,L26,train
2da56f289b3b6621b696c4495df04433,/data/FMD_Data_26082026/fmd_temp_images/Updated ICube Categorical Classes 20260915/Multiple Lenses/20260827_055709_L26_PalletGHK0827101814_Cavity6_B01BLP9_Fail5_Score(0.9521903).bmp,Multiple Lenses,L26,train
2e1c6dff2ecf7cca9a3e5e13dbb5dc3a,/data/FMD_Data_26082026/fmd_temp_images/Updated ICube Categorical Classes 20260915/Multiple Lenses/20260814_230951_L26_PalletGHD0815033058_Cavity4_B01BH3F_Fail7_Score(0.9958997).bmp,Multiple Lenses,L26,train
2ee89155f2765ccd663aa0225bf1775b,/data/FMD_Data_26082026/fmd_temp_images/Updated ICube Categorical Classes 20260915/Multiple Lenses/20260816_094253_L26_PalletGHU0816140410_Cavity2_B01BJQ6_Fail7_Score(0.9979513).bmp,Multiple Lenses,L26,train
2f5682acf1476a2bf07523d7005b3410,/data/FMD_Data_26082026/fmd_temp_images/Updated ICube Categorical Classes 20260915/Multiple Lenses/20260906_230052_L26_PalletGHB0907032146_Cavity11_B01BMPJ_Fail7_Score(0.9999959).bmp,Multiple Lenses,L26,train
2fd231d6d051119c62b7722e76c9ac54,/data/FMD_Data_26082026/fmd_temp_images/Updated ICube Categorical Classes 20260915/Multiple Lenses/20260902_065309_L26_PalletGHC0902111441_Cavity1_B01BLM5_Fail7_Score(0.9998673).bmp,Multiple Lenses,L26,train
3101a7a6732c06a66660f412861afb73,/data/FMD_Data_26082026/fmd_temp_images/ICube Defects Library/Multiple Lenses/20241103_173037_L26_C7_9937.bmp,Multiple Lenses,L26,train
32b6e2cbbf14e7795b602180a639007e,/data/FMD_Data_26082026/fmd_temp_images/Updated ICube Categorical Classes 20260915/Multiple Lenses/20260908_054831_L26_PalletGHL0908100933_Cavity15_B01BMPN_Fail6_Score(0.9795006).bmp,Multiple Lenses,L26,train
33794db78689733e0a20e6d1782ce857,/data/FMD_Data_26082026/fmd_temp_images/Updated ICube Categorical Classes 20260915/Multiple Lenses/20260830_033428_L26_PalletGHJ0830075538_Cavity9_B01BLLL_Fail6_Score(0.9678037).bmp,Multiple Lenses,L26,train
33a507d43cd4fe1990046f0036d9122f,/data/FMD_Data_26082026/fmd_temp_images/Updated ICube Categorical Classes 20260915/Multiple Lenses/20260908_031912_L26_PalletGHN0908074016_Cavity5_B01BMPM_Fail7_Score(0.9962967).bmp,Multiple Lenses,L26,train
33ba2d09d9442cb371272b07e20e77d6,/data/FMD_Data_26082026/fmd_temp_images/Updated ICube Categorical Classes 20260915/Multiple Lenses/20260825_094302_L26_PalletGHB0825140400_Cavity9_B01BKM5_Fail3_Score(0.9205313).bmp,Multiple Lenses,L26,train
35085cb9c554555ecde947aed800fe15,/data/FMD_Data_26082026/fmd_temp_images/Updated ICube Categorical Classes 20260915/Multiple Lenses/20260818_234209_L26_PalletGHB0819040338_Cavity1_B01BJRH_Fail6_Score(0.9769977).bmp,Multiple Lenses,L26,train
351d1386adfcf5ecdd349dcd666ffb78,/data/FMD_Data_26082026/fmd_temp_images/Updated ICube Categorical Classes 20260915/Multiple Lenses/20260904_213920_L26_PalletGHA0905020056_Cavity6_B01BLMQ_Fail5_Score(0.9520132).bmp,Multiple Lenses,L26,train
355c9c16dcb001f74918b756b87720f5,/data/FMD_Data_26082026/fmd_temp_images/Updated ICube Categorical Classes 20260915/Multiple Lenses/20260829_054100_L26_PalletGHI0829100217_Cavity6_B01BKML_Fail6_Score(0.9714829).bmp,Multiple Lenses,L26,train
361c222e17365bbd5508fdcbe559f2a6,/data/FMD_Data_26082026/fmd_temp_images/Updated ICube Categorical Classes 20260915/Multiple Lenses/20260815_011349_L26_PalletGHP0815053459_Cavity10_B01BH3F_Fail5_Score(0.9635971).bmp,Multiple Lenses,L26,train
3652418b0c4a7e0354376345fa6bc181,/data/FMD_Data_26082026/fmd_temp_images/Updated ICube Categorical Classes 20260915/Multiple Lenses/20260824_053010_L26_PalletGHG0824095057_Cavity13_B01BKLX_Fail5_Score(0.9509448).bmp,Multiple Lenses,L26,train
370853c60c966c2580edf91201cfd6aa,/data/FMD_Data_26082026/fmd_temp_images/Updated ICube Categorical Classes 20260915/Multiple Lenses/20260905_212119_L26_PalletGHA0906014308_Cavity7_B01BMP9_Fail7_Score(0.9999998).bmp,Multiple Lenses,L26,train
37e9af258021e31e2b1260384cc6042e,/data/FMD_Data_26082026/fmd_temp_images/Updated ICube Categorical Classes 20260915/Multiple Lenses/20260825_074745_L26_PalletGHD0825120843_Cavity14_B01BKM5_Fail3_Score(0.9260499).bmp,Multiple Lenses,L26,train
37ec1042b9bbccad17fba5d66220cc4d,/data/FMD_Data_26082026/fmd_temp_images/ICube Defects Library/Multiple Lenses/20241104_064932_L26_PalletGHS1104120138_Cavity10_B0178LK_Fail7_Score(0.9846655).bmp,Multiple Lenses,L26,train
39a633da8bad01318a731f5412dc3fe4,/data/FMD_Data_26082026/fmd_temp_images/Updated ICube Categorical Classes 20260915/Multiple Lenses/20260828_183720_L26_PalletGHL0828225828_Cavity3_B01BKMJ_Fail7_Score(0.9970535).bmp,Multiple Lenses,L26,train
3a235b1798e98f3e1eac8d99c949bb76,/data/FMD_Data_26082026/fmd_temp_images/Updated ICube Categorical Classes 20260915/Multiple Lenses/20260906_224446_L26_PalletGHQ0907030540_Cavity2_B01BMPJ_Fail7_Score(0.9970551).bmp,Multiple Lenses,L26,train
3a673b7b2638160dfb49b4687161b78a,/data/FMD_Data_26082026/fmd_temp_images/Updated ICube Categorical Classes 20260915/Multiple Lenses/20260904_175924_L26_PalletGHT0904221915_Cavity2_B01BLMN_Fail4_Score(0.9376876).bmp,Multiple Lenses,L26,train
3a9cedb5b8c7b9a0fbb4baaaf0aa84f0,/data/FMD_Data_26082026/fmd_temp_images/Updated ICube Categorical Classes 20260915/Multiple Lenses/20260819_101415_L26_PalletGHI0819143542_Cavity1_B01BJRK_Fail7_Score(0.9999996).bmp,Multiple Lenses,L26,train
3bc35d6be3273df4df91d5197d71d088,/data/FMD_Data_26082026/fmd_temp_images/Updated ICube Categorical Classes 20260915/Multiple Lenses/20260823_005418_L26_PalletGHQ0823051604_Cavity4_B01BKPQ_Fail7_Score(0.9924663).bmp,Multiple Lenses,L26,train
3bde71187647ce3137d1567bc9b3518f,/data/FMD_Data_26082026/fmd_temp_images/Updated ICube Categorical Classes 20260915/Multiple Lenses/20260902_231532_L26_PalletGHO0903033706_Cavity1_B01BLM8_Fail7_Score(0.9999995).bmp,Multiple Lenses,L26,train
3cbf50e03347a8a83522d1821aacc9d0,/data/FMD_Data_26082026/fmd_temp_images/Updated ICube Categorical Classes 20260915/Multiple Lenses/20260815_020841_L26_PalletGHU0815062950_Cavity14_B01BH3F_Fail7_Score(0.9984738).bmp,Multiple Lenses,L26,train
3d11c3afa1856c0280996543aa87d3c0,/data/FMD_Data_26082026/fmd_temp_images/Updated ICube Categorical Classes 20260915/Multiple Lenses/20260903_163923_L26_PalletGHQ0903210102_Cavity13_B01BLMG_Fail7_Score(0.9900978).bmp,Multiple Lenses,L26,train
3d54da455b69c4caafd3b5d554f30d67,/data/FMD_Data_26082026/fmd_temp_images/Updated ICube Categorical Classes 20260915/Multiple Lenses/20260820_230827_L26_PalletGHL0821033002_Cavity4_B01BKPW_Fail6_Score(0.9790286).bmp,Multiple Lenses,L26,train
3d5bf564775e00fbc03b32741b4269c5,/data/FMD_Data_26082026/fmd_temp_images/Updated ICube Categorical Classes 20260915/Multiple Lenses/20260816_171157_L26_PalletGHI0816213313_Cavity1_B01BHZR_Fail6_Score(0.9672781).bmp,Multiple Lenses,L26,train
3dbe807c25661d482ff0aec6a83f87d5,/data/FMD_Data_26082026/fmd_temp_images/Updated ICube Categorical Classes 20260915/Multiple Lenses/20260821_195559_L26_PalletGHG0822001739_Cavity11_B01BKPZ_Fail7_Score(0.9996961).bmp,Multiple Lenses,L26,train
3e204f1eaf0b4f5efa04aa3f5de108e0,/data/FMD_Data_26082026/fmd_temp_images/Updated ICube Categorical Classes 20260915/Multiple Lenses/20260902_054450_L26_PalletGHQ0902100526_Cavity2_B01BLM5_Fail5_Score(0.9547512).bmp,Multiple Lenses,L26,train
3e5a8cb3998510f3d22eb45f7f4331b8,/data/FMD_Data_26082026/fmd_temp_images/Updated ICube Categorical Classes 20260915/Multiple Lenses/20260816_123922_L26_PalletGHR0816170037_Cavity11_B01BHZQ_Fail6_Score(0.9798189).bmp,Multiple Lenses,L26,train
3e69d7db7d92564d1a9c761ab7fa3d9d,/data/FMD_Data_26082026/fmd_temp_images/Updated ICube Categorical Classes 20260915/Multiple Lenses/20260823_155038_L26_PalletGHI0823201129_Cavity14_B01BKLV_Fail5_Score(0.9625646).bmp,Multiple Lenses,L26,train
40439cf43c7ca9657d00201f1de15f61,/data/FMD_Data_26082026/fmd_temp_images/Updated ICube Categorical Classes 20260915/Multiple Lenses/20241104_163049_L26_C5_9841.bmp,Multiple Lenses,L26,train
405911bd251dcd0cdc93db1666141ecf,/data/FMD_Data_26082026/fmd_temp_images/Updated ICube Categorical Classes 20260915/Multiple Lenses/20260826_222603_L26_PalletGHL0827024707_Cavity6_B01BKMC_Fail5_Score(0.957673).bmp,Multiple Lenses,L26,train
40d29fd5e5e2a3c203b1befd56c0e446,/data/FMD_Data_26082026/fmd_temp_images/Updated ICube Categorical Classes 20260915/Multiple Lenses/20260824_162643_L26_PalletGHL0824204730_Cavity14_B01BKM1_Fail7_Score(0.9995139).bmp,Multiple Lenses,L26,train
40d2aeef9ef4baa91b831c3bd4418290,/data/FMD_Data_26082026/fmd_temp_images/Updated ICube Categorical Classes 20260915/Multiple Lenses/20260824_161753_L26_PalletGHI0824203843_Cavity2_B01BKM1_Fail7_Score(0.9892256).bmp,Multiple Lenses,L26,train
40f0d886dc9b882074276c7dcf775dee,/data/FMD_Data_26082026/fmd_temp_images/Updated ICube Categorical Classes 20260915/Multiple Lenses/20260819_021033_L26_PalletGHG0819063155_Cavity13_B01BJRJ_Fail7_Score(0.9903896).bmp,Multiple Lenses,L26,train
41b901eaa348e3194aa4f2060784622d,/data/FMD_Data_26082026/fmd_temp_images/Updated ICube Categorical Classes 20260915/Multiple Lenses/20260904_204620_L26_PalletGHM0905010801_Cavity4_B01BLMP_Fail4_Score(0.940793).bmp,Multiple Lenses,L26,train
41cdd384c09a489862dc15605f026b22,/data/FMD_Data_26082026/fmd_temp_images/Updated ICube Categorical Classes 20260915/Multiple Lenses/20260815_155010_L26_PalletGHA0815201116_Cavity1_B01BH3J_Fail3_Score(0.930972).bmp,Multiple Lenses,L26,train
420974958de63d8201c98f511fcd3b59,/data/FMD_Data_26082026/fmd_temp_images/Updated ICube Categorical Classes 20260915/Multiple Lenses/20260816_074034_L26_PalletGHP0816120151_Cavity13_B01BJQ6_Fail6_Score(0.9676988).bmp,Multiple Lenses,L26,train
43708534a08eb397f44ce050cc40b4cd,/data/FMD_Data_26082026/fmd_temp_images/Updated ICube Categorical Classes 20260915/Multiple Lenses/20241107_203759_L26_C11_9768.bmp,Multiple Lenses,L26,train
43e5e836031f4dff06ce2e163dfefdd1,/data/FMD_Data_26082026/fmd_temp_images/Updated ICube Categorical Classes 20260915/Multiple Lenses/20260817_115641_L26_PalletGHG0817161755_Cavity6_B01BJQF_Fail7_Score(0.999333).bmp,Multiple Lenses,L26,train
44b70ea22150577381af6f7901eaa44e,/data/FMD_Data_26082026/fmd_temp_images/Updated ICube Categorical Classes 20260915/Multiple Lenses/20260815_003222_L26_PalletGHG0815045319_Cavity13_B01BH3F_Fail7_Score(0.9992284).bmp,Multiple Lenses,L26,train
44f645b3e78b4e3ca2f326652f258dee,/data/FMD_Data_26082026/fmd_temp_images/Updated ICube Categorical Classes 20260915/Multiple Lenses/20241104_142751_L26_C8_9999.bmp,Multiple Lenses,L26,train
46463657518f21049265308f9a43ab48,/data/FMD_Data_26082026/fmd_temp_images/Updated ICube Categorical Classes 20260915/Multiple Lenses/20260823_072420_L26_PalletGHC0823114504_Cavity9_B01BKPR_Fail7_Score(0.9999639).bmp,Multiple Lenses,L26,train
46df173d3eb74cac69fb8f680527ea16,/data/FMD_Data_26082026/fmd_temp_images/Updated ICube Categorical Classes 20260915/Multiple Lenses/20260817_231839_L26_PalletGHM0818034000_Cavity9_B01BHZV_Fail7_Score(0.9999985).bmp,Multiple Lenses,L26,train
47066f3067971875d102bdc6b07bb14e,/data/FMD_Data_26082026/fmd_temp_images/Updated ICube Categorical Classes 20260915/Multiple Lenses/20260818_141311_L26_PalletGHF0818183253_Cavity12_B01BJT5_Fail6_Score(0.9739211).bmp,Multiple Lenses,L26,train
47544b88565a4a0ae3549afcdd8dcb74,/data/FMD_Data_26082026/fmd_temp_images/Updated ICube Categorical Classes 20260915/Multiple Lenses/20260822_090203_L26_PalletGHJ0822132348_Cavity14_B01BKPS_Fail4_Score(0.9427586).bmp,Multiple Lenses,L26,train
47948c8ce6c3bbc729b2da8d1e2a7cc0,/data/FMD_Data_26082026/fmd_temp_images/Updated ICube Categorical Classes 20260915/Multiple Lenses/20260903_163041_L26_PalletGHS0903205218_Cavity3_B01BLMG_Fail7_Score(0.9978593).bmp,Multiple Lenses,L26,train
47a8f56b474ab1ac2e07d09ce0e85468,/data/FMD_Data_26082026/fmd_temp_images/Updated ICube Categorical Classes 20260915/Multiple Lenses/20260817_120138_L26_PalletGHG0817162301_Cavity2_B01BJQF_Fail6_Score(0.9808099).bmp,Multiple Lenses,L26,train
487b99dc107368fab1a4f629c89a8f08,/data/FMD_Data_26082026/fmd_temp_images/Updated ICube Categorical Classes 20260915/Multiple Lenses/20260815_113056_L26_PalletGHS0815155205_Cavity4_B01BH3G_Fail7_Score(0.9999521).bmp,Multiple Lenses,L26,train
4a37a995b79144486751c67a6e5594ff,/data/FMD_Data_26082026/fmd_temp_images/Updated ICube Categorical Classes 20260915/Multiple Lenses/20241104_123642_L26_C6_9996.bmp,Multiple Lenses,L26,train
4ad15c0875333ffd4039fd4b1efe76ba,/data/FMD_Data_26082026/fmd_temp_images/Updated ICube Categorical Classes 20260915/Multiple Lenses/20260820_054636_L26_PalletGHB0820100804_Cavity4_B01BKLQ_Fail7_Score(0.9998459).bmp,Multiple Lenses,L26,train
4b195e81851d4ef086993baedafde584,/data/FMD_Data_26082026/fmd_temp_images/Updated ICube Categorical Classes 20260915/Multiple Lenses/20260821_105211_L26_PalletGHL0821151343_Cavity9_B01BKPX_Fail7_Score(0.9956838).bmp,Multiple Lenses,L26,train
4b301b781bf553ff1061e45948eeff53,/data/FMD_Data_26082026/fmd_temp_images/Updated ICube Categorical Classes 20260915/Multiple Lenses/20260818_222914_L26_PalletGHK0819025038_Cavity8_B01BJRH_Fail6_Score(0.9729377).bmp,Multiple Lenses,L26,train
4c0cc97e06380239401c330a418ed2a6,/data/FMD_Data_26082026/fmd_temp_images/Updated ICube Categorical Classes 20260915/Multiple Lenses/20260815_090853_L26_PalletGHE0815133005_Cavity2_B01BH3G_Fail5_Score(0.9539632).bmp,Multiple Lenses,L26,train
4cc73ae6b064aa2b0ef4bca74f186c72,/data/FMD_Data_26082026/fmd_temp_images/Updated ICube Categorical Classes 20260915/Multiple Lenses/20260816_075536_L26_PalletGHH0816121635_Cavity2_B01BJQ6_Fail7_Score(0.9998149).bmp,Multiple Lenses,L26,train
4d0977e591962813b4888463a406ae12,/data/FMD_Data_26082026/fmd_temp_images/Updated ICube Categorical Classes 20260915/Multiple Lenses/20260822_030501_L26_PalletGHD0822072640_Cavity3_B01BKQ0_Fail7_Score(0.9997337).bmp,Multiple Lenses,L26,train
4f77e1df8fbb81192abf9c59fe0c8de1,/data/FMD_Data_26082026/fmd_temp_images/Updated ICube Categorical Classes 20260915/Multiple Lenses/20260816_000123_L26_PalletGHO0816042235_Cavity9_B01BH3H_Fail7_Score(0.9999608).bmp,Multiple Lenses,L26,train
4f872bfcc90c0d8df0628a45fea5d79f,/data/FMD_Data_26082026/fmd_temp_images/Updated ICube Categorical Classes 20260915/Multiple Lenses/20260816_203005_L26_PalletGHC0817005122_Cavity13_B01BHZR_Fail3_Score(0.9261332).bmp,Multiple Lenses,L26,train
4fa75b8acd3c74b6444aa6784e122bfc,/data/FMD_Data_26082026/fmd_temp_images/Updated ICube Categorical Classes 20260915/Multiple Lenses/20260831_080456_L26_PalletGHR0831122623_Cavity10_B01BLLS_Fail7_Score(0.9965022).bmp,Multiple Lenses,L26,train
4ffc41597a9c465a3a3ae1d901908827,/data/FMD_Data_26082026/fmd_temp_images/Updated ICube Categorical Classes 20260915/Multiple Lenses/20260819_190819_L26_PalletGHJ0819232952_Cavity10_B01BKM3_Fail6_Score(0.9725274).bmp,Multiple Lenses,L26,train
52d7694051c393b69bf338c57b9a3c61,/data/FMD_Data_26082026/fmd_temp_images/Updated ICube Categorical Classes 20260915/Multiple Lenses/20260907_190239_L26_PalletGHP0907232337_Cavity15_B01BMPL_Fail7_Score(0.9994739).bmp,Multiple Lenses,L26,train
543c5c68d71bbe95e7ca2636813423e5,/data/FMD_Data_26082026/fmd_temp_images/Updated ICube Categorical Classes 20260915/Multiple Lenses/20260902_071444_L26_PalletGHK0902113612_Cavity13_B01BLM7_Fail7_Score(0.9999526).bmp,Multiple Lenses,L26,train
55d873608c30d9c94e68682e36548faf,/data/FMD_Data_26082026/fmd_temp_images/ICube Defects Library/Multiple Lenses/20241103_063807_L26_C13_9731.bmp,Multiple Lenses,L26,train
56f08a69aed84405593f28b80c63db6d,/data/FMD_Data_26082026/fmd_temp_images/Updated ICube Categorical Classes 20260915/Multiple Lenses/20260816_122721_L26_PalletGHJ0816164828_Cavity9_B01BHZQ_Fail7_Score(0.9927497).bmp,Multiple Lenses,L26,train
5735a684d32feb7bac49b0ab2540aded,/data/FMD_Data_26082026/fmd_temp_images/ICube Defects Library/Multiple Lenses/20241103_055007_L26_C2_9971.bmp,Multiple Lenses,L26,train
575a613e51b8fc5a80b1c17985eef5de,/data/FMD_Data_26082026/fmd_temp_images/Updated ICube Categorical Classes 20260915/Multiple Lenses/20260830_103709_L26_PalletGHB0830145825_Cavity3_B01BLLM_Fail7_Score(0.9920125).bmp,Multiple Lenses,L26,train
57b45c9e9fa70eca44a9c44ab7d1f6ae,/data/FMD_Data_26082026/fmd_temp_images/Updated ICube Categorical Classes 20260915/Multiple Lenses/20241106_005348_L26_C2_9292.bmp,Multiple Lenses,L26,train
57b86e93f717fef76ae29524f78586e0,/data/FMD_Data_26082026/fmd_temp_images/Updated ICube Categorical Classes 20260915/Multiple Lenses/20260818_141311_L26_PalletGHF0818183253_Cavity3_B01BJT5_Fail7_Score(0.9999971).bmp,Multiple Lenses,L26,train
57cc82c6bc877bcbaf31f1b5c8b6f388,/data/FMD_Data_26082026/fmd_temp_images/ICube Defects Library/Multiple Lenses/20241108_181257_L26_C7_9999.bmp,Multiple Lenses,L26,train
58ab395b245a53dd8ad06e842c615917,/data/FMD_Data_26082026/fmd_temp_images/Updated ICube Categorical Classes 20260915/Multiple Lenses/20260825_204431_L26_PalletGHH0826010523_Cavity9_B01BKM6_Fail7_Score(0.9979273).bmp,Multiple Lenses,L26,train
58abe6f8b1f63c078e6bfe29b2ec74cd,/data/FMD_Data_26082026/fmd_temp_images/Updated ICube Categorical Classes 20260915/Multiple Lenses/20260827_093026_L26_PalletGHP0827135133_Cavity15_B01BLP9_Fail5_Score(0.952321).bmp,Multiple Lenses,L26,train
58d3b5cbed2530a8a7da267c3c399ee7,/data/FMD_Data_26082026/fmd_temp_images/Updated ICube Categorical Classes 20260915/Multiple Lenses/20260816_112205_L26_PalletGHE0816154322_Cavity2_B01BHZQ_Fail4_Score(0.938724).bmp,Multiple Lenses,L26,train
5920f96a82cba9605b8a789aeda1ee0a,/data/FMD_Data_26082026/fmd_temp_images/Updated ICube Categorical Classes 20260915/Multiple Lenses/20260819_170436_L26_PalletGHI0819212602_Cavity6_B01BKM3_Fail7_Score(0.9860275).bmp,Multiple Lenses,L26,train
5b5f41a77f24189679f123151b49f3fe,/data/FMD_Data_26082026/fmd_temp_images/Updated ICube Categorical Classes 20260915/Multiple Lenses/20260905_004449_L26_PalletGHN0905050636_Cavity2_B01BMP2_Fail7_Score(0.985315).bmp,Multiple Lenses,L26,train
5df74e9f7bd6f51a049bbbef6043145c,/data/FMD_Data_26082026/fmd_temp_images/Updated ICube Categorical Classes 20260915/Multiple Lenses/20241106_175135_L26_C14_9836.bmp,Multiple Lenses,L26,train
5e23ad2e278e3c62fc46a21f10725cd4,/data/FMD_Data_26082026/fmd_temp_images/Updated ICube Categorical Classes 20260915/Multiple Lenses/20260821_050424_L26_PalletGHB0821092601_Cavity3_B01BKPX_Fail6_Score(0.9785724).bmp,Multiple Lenses,L26,train
5e75caa0747d753d42bee0669aadd20a,/data/FMD_Data_26082026/fmd_temp_images/Updated ICube Categorical Classes 20260915/Multiple Lenses/20260816_100622_L26_PalletGHT0816142737_Cavity8_B01BHZQ_Fail7_Score(0.9986858).bmp,Multiple Lenses,L26,train
5e7a790cd5f21d47b0887e19b4dd69eb,/data/FMD_Data_26082026/fmd_temp_images/ICube Defects Library/Multiple Lenses/20241103_112046_L26_C5_9340.bmp,Multiple Lenses,L26,train
604a145cc6985bd3be41e475c1d09424,/data/FMD_Data_26082026/fmd_temp_images/Updated ICube Categorical Classes 20260915/Multiple Lenses/20260822_044205_L26_PalletGHG0822090351_Cavity6_B01BKPS_Fail5_Score(0.9538196).bmp,Multiple Lenses,L26,train
60b6644bc9ace6a64bed5b5a34609c12,/data/FMD_Data_26082026/fmd_temp_images/Updated ICube Categorical Classes 20260915/Multiple Lenses/20260823_054845_L26_PalletGHK0823100812_Cavity2_B01BKPQ_Fail5_Score(0.9661961).bmp,Multiple Lenses,L26,train
61af1d7677d566c7229c6b4ff3d80ea8,/data/FMD_Data_26082026/fmd_temp_images/Updated ICube Categorical Classes 20260915/Multiple Lenses/20260831_090439_L26_PalletGHN0831132601_Cavity1_B01BLLS_Fail7_Score(0.9954391).bmp,Multiple Lenses,L26,train
63253420a4d9c31a9e1af9480162e1a3,/data/FMD_Data_26082026/fmd_temp_images/Updated ICube Categorical Classes 20260915/Multiple Lenses/20260830_160043_L26_PalletGHD0830202207_Cavity8_B01BLLN_Fail6_Score(0.9823269).bmp,Multiple Lenses,L26,train
636e1697ca2f6661635f5274d329e776,/data/FMD_Data_26082026/fmd_temp_images/ICube Defects Library/Multiple Lenses/20241102_175144_L26_C14_9999.bmp,Multiple Lenses,L26,train
639b5255fa71db0e793a9bd0f52a0e15,/data/FMD_Data_26082026/fmd_temp_images/Updated ICube Categorical Classes 20260915/Multiple Lenses/20260907_092131_L26_PalletGHQ0907134230_Cavity15_B01BMPD_Fail7_Score(0.9999888).bmp,Multiple Lenses,L26,train
64034a70a1bf4e97e3bd93a148f4b153,/data/FMD_Data_26082026/fmd_temp_images/ICube Defects Library/Multiple Lenses/20241103_175149_L26_C10_9999.bmp,Multiple Lenses,L26,train
642a69835c50ddd9d2d1889fa70ea564,/data/FMD_Data_26082026/fmd_temp_images/Updated ICube Categorical Classes 20260915/Multiple Lenses/20260820_173948_L26_PalletGHD0820215947_Cavity4_B01BKLS_Fail7_Score(0.9986239).bmp,Multiple Lenses,L26,train
64686747fa66a5ee083163b7f66328a8,/data/FMD_Data_26082026/fmd_temp_images/Updated ICube Categorical Classes 20260915/Multiple Lenses/20260817_233528_L26_PalletGHD0818035648_Cavity3_B01BHZV_Fail3_Score(0.9317398).bmp,Multiple Lenses,L26,train
64a9a6dfa3975afd35ff34fe4ddb28b5,/data/FMD_Data_26082026/fmd_temp_images/Updated ICube Categorical Classes 20260915/Multiple Lenses/20241107_202704_L26_C10_9866.bmp,Multiple Lenses,L26,train
657d2d33a224c13eada55f0738bdf015,/data/FMD_Data_26082026/fmd_temp_images/Updated ICube Categorical Classes 20260915/Multiple Lenses/20260819_174137_L26_PalletGHL0819220214_Cavity12_B01BKM3_Fail7_Score(0.9975932).bmp,Multiple Lenses,L26,train
65d5153126ba61830382a286ef276093,/data/FMD_Data_26082026/fmd_temp_images/Updated ICube Categorical Classes 20260915/Multiple Lenses/20260823_224409_L26_PalletGHE0824030459_Cavity6_B01BKLT_Fail6_Score(0.9802641).bmp,Multiple Lenses,L26,train
6699225d3ba5f18f04ebe9365740e6e3,/data/FMD_Data_26082026/fmd_temp_images/Updated ICube Categorical Classes 20260915/Multiple Lenses/20260904_162111_L26_PalletGHM0904204251_Cavity9_B01BLMN_Fail7_Score(0.9931617).bmp,Multiple Lenses,L26,train
66a34888eeb694903a6af90f9301d69a,/data/FMD_Data_26082026/fmd_temp_images/Updated ICube Categorical Classes 20260915/Multiple Lenses/20260822_150858_L26_PalletGHM0822193040_Cavity15_B01BKPV_Fail7_Score(0.9933768).bmp,Multiple Lenses,L26,train
67261218a585568f16f98ec9722926c4,/data/FMD_Data_26082026/fmd_temp_images/Updated ICube Categorical Classes 20260915/Multiple Lenses/20260906_081836_L26_PalletGHD0906124026_Cavity10_B01BMP8_Fail7_Score(0.9991995).bmp,Multiple Lenses,L26,train
6736c9ff9ef379167e066573be8e5494,/data/FMD_Data_26082026/fmd_temp_images/Updated ICube Categorical Classes 20260915/Multiple Lenses/20260830_224423_L26_PalletGHG0831030545_Cavity6_B01BLLP_Fail7_Score(0.9833961).bmp,Multiple Lenses,L26,train
686cb93c10ca847822e10aaaefa6f743,/data/FMD_Data_26082026/fmd_temp_images/Updated ICube Categorical Classes 20260915/Multiple Lenses/20260831_075228_L26_PalletGHA0831121349_Cavity8_B01BLLS_Fail3_Score(0.9321907).bmp,Multiple Lenses,L26,train
68dcc4a93185eb593242f4db8c1c0fd3,/data/FMD_Data_26082026/fmd_temp_images/Updated ICube Categorical Classes 20260915/Multiple Lenses/20260831_031844_L26_PalletGHK0831073959_Cavity15_B01BLLQ_Fail7_Score(0.9999381).bmp,Multiple Lenses,L26,train
6999a5091f1e103c665ac413281dc766,/data/FMD_Data_26082026/fmd_temp_images/ICube Defects Library/Multiple Lenses/20241104_033838_L26_PalletGHD1104085046_Cavity15_B0178LK_Fail6_Score(0.9769745).bmp,Multiple Lenses,L26,train
69b279ebcc7b315d06554701aa3ad338,/data/FMD_Data_26082026/fmd_temp_images/Updated ICube Categorical Classes 20260915/Multiple Lenses/20260831_151518_L26_PalletGHT0831193534_Cavity10_B01BLLW_Fail2_Score(0.9078834).bmp,Multiple Lenses,L26,train
69e504234358d90e2cbc772f652b533c,/data/FMD_Data_26082026/fmd_temp_images/Updated ICube Categorical Classes 20260915/Multiple Lenses/20241108_012054_L26_C5_9722.bmp,Multiple Lenses,L26,train
6a04de825cb635c0e5522ee0329c790e,/data/FMD_Data_26082026/fmd_temp_images/Updated ICube Categorical Classes 20260915/Multiple Lenses/20241107_180500_L26_C10_9999.bmp,Multiple Lenses,L26,train
6b0c8fb219eb72eda7c1526418d8fb70,/data/FMD_Data_26082026/fmd_temp_images/Updated ICube Categorical Classes 20260915/Multiple Lenses/20260831_044914_L26_PalletGHA0831091036_Cavity6_B01BLLR_Fail6_Score(0.9819908).bmp,Multiple Lenses,L26,train
6baf1cf5e363ea34d97927c2e5a44cec,/data/FMD_Data_26082026/fmd_temp_images/Updated ICube Categorical Classes 20260915/Multiple Lenses/20260821_114121_L26_PalletGHL0821160258_Cavity11_B01BKPX_Fail6_Score(0.9789457).bmp,Multiple Lenses,L26,train
6c11d1a0449920fd088bf4b0cc56e9bd,/data/FMD_Data_26082026/fmd_temp_images/Updated ICube Categorical Classes 20260915/Multiple Lenses/20260816_034112_L26_PalletGHD0816080221_Cavity4_B01BJQ6_Fail6_Score(0.9738601).bmp,Multiple Lenses,L26,train
6c629ab7bf06c114341feaa10fd2bc7b,/data/FMD_Data_26082026/fmd_temp_images/Updated ICube Categorical Classes 20260915/Multiple Lenses/20260906_181031_L26_PalletGHM0906223018_Cavity10_B01BMPC_Fail7_Score(0.9999365).bmp,Multiple Lenses,L26,train
6cbdd49542d5e77a26dcc97dea39634b,/data/FMD_Data_26082026/fmd_temp_images/Updated ICube Categorical Classes 20260915/Multiple Lenses/20260819_150202_L26_PalletGHE0819192329_Cavity13_B01BJRK_Fail7_Score(0.9988409).bmp,Multiple Lenses,L26,train
6d25431370f39e7b996ed07e11f9c8d7,/data/FMD_Data_26082026/fmd_temp_images/Updated ICube Categorical Classes 20260915/Multiple Lenses/20260907_002912_L26_PalletGHA0907045007_Cavity3_B01BMPJ_Fail6_Score(0.9796517).bmp,Multiple Lenses,L26,train
6d6ec96d5650e4eae99e8866ee7fe175,/data/FMD_Data_26082026/fmd_temp_images/ICube Defects Library/Multiple Lenses/20241104_053431_L26_PalletGHF1104104530_Cavity12_B0178LK_Fail7_Score(0.9875696).bmp,Multiple Lenses,L26,train
6d91a125d1635a6a2ddcea702b3d687e,/data/FMD_Data_26082026/fmd_temp_images/Updated ICube Categorical Classes 20260915/Multiple Lenses/20260829_044437_L26_PalletGHF0829090553_Cavity12_B01BKML_Fail2_Score(0.9150923).bmp,Multiple Lenses,L26,train
6ec4f8d7f59ccebf11b1bcb0ffd4d0c9,/data/FMD_Data_26082026/fmd_temp_images/Updated ICube Categorical Classes 20260915/Multiple Lenses/20260826_180945_L26_PalletGHO0826222921_Cavity2_B01BKMC_Fail7_Score(0.9890687).bmp,Multiple Lenses,L26,train
6f502536c36970fba9e4eff821d1c175,/data/FMD_Data_26082026/fmd_temp_images/Updated ICube Categorical Classes 20260915/Multiple Lenses/20260830_191914_L26_PalletGHJ0830234034_Cavity6_B01BLLT_Fail7_Score(0.999896).bmp,Multiple Lenses,L26,train
6f63246d25ad49e0354ee95c60330e85,/data/FMD_Data_26082026/fmd_temp_images/Updated ICube Categorical Classes 20260915/Multiple Lenses/20260903_192641_L26_PalletGHC0903234825_Cavity14_B01BLMJ_Fail6_Score(0.9667904).bmp,Multiple Lenses,L26,train
6feb0b70d3da8a87a072a1166523dbf9,/data/FMD_Data_26082026/fmd_temp_images/Updated ICube Categorical Classes 20260915/Multiple Lenses/20260818_143020_L26_PalletGHU0818185141_Cavity7_B01BJT5_Fail7_Score(0.9976797).bmp,Multiple Lenses,L26,train
6ff8b7c839375b5abca7a2325b0ade89,/data/FMD_Data_26082026/fmd_temp_images/Updated ICube Categorical Classes 20260915/Multiple Lenses/20260825_070225_L26_PalletGHE0825112318_Cavity8_B01BKM4_Fail7_Score(0.9997342).bmp,Multiple Lenses,L26,train
710f403aae5615a3dfff207736162681,/data/FMD_Data_26082026/fmd_temp_images/Updated ICube Categorical Classes 20260915/Multiple Lenses/20260906_165433_L26_PalletGHD0906211530_Cavity2_B01BMPC_Fail6_Score(0.9819174).bmp,Multiple Lenses,L26,train
718628031542d41b07853726b0ff1152,/data/FMD_Data_26082026/fmd_temp_images/Updated ICube Categorical Classes 20260915/Multiple Lenses/20260829_034701_L26_PalletGHB0829080820_Cavity10_B01BKML_Fail7_Score(1).bmp,Multiple Lenses,L26,train
718958b459ef76ffaa9b7018f16ccd4c,/data/FMD_Data_26082026/fmd_temp_images/Updated ICube Categorical Classes 20260915/Multiple Lenses/20241106_163801_L26_C14_9621.bmp,Multiple Lenses,L26,train
71b79cca4251bec65f4115cdf0ba1412,/data/FMD_Data_26082026/fmd_temp_images/Updated ICube Categorical Classes 20260915/Multiple Lenses/20260816_155929_L26_PalletGHT0816202043_Cavity1_B01BHZQ_Fail2_Score(0.9139533).bmp,Multiple Lenses,L26,train
71d8832f801d1836d79e466ef453384e,/data/FMD_Data_26082026/fmd_temp_images/ICube Defects Library/Multiple Lenses/20241103_172048_L26_C3_1.bmp,Multiple Lenses,L26,train
72091eccaa3c5b89668db03aec16e0f5,/data/FMD_Data_26082026/fmd_temp_images/Updated ICube Categorical Classes 20260915/Multiple Lenses/20260829_074343_L26_PalletGHG0829120453_Cavity1_B01BKML_Fail7_Score(0.9922397).bmp,Multiple Lenses,L26,train
73d52a758faeac61506023f075bc5444,/data/FMD_Data_26082026/fmd_temp_images/Updated ICube Categorical Classes 20260915/Multiple Lenses/20260905_014319_L26_PalletGHU0905060509_Cavity8_B01BMP2_Fail7_Score(0.9994732).bmp,Multiple Lenses,L26,train
7519f120be451658d1feaeff37739df8,/data/FMD_Data_26082026/fmd_temp_images/Updated ICube Categorical Classes 20260915/Multiple Lenses/20260907_105327_L26_PalletGHM0907151426_Cavity11_B01BMPD_Fail7_Score(0.9974644).bmp,Multiple Lenses,L26,train
7574424f8ed275947362ca91332e688f,/data/FMD_Data_26082026/fmd_temp_images/Updated ICube Categorical Classes 20260915/Multiple Lenses/20260824_121329_L26_PalletGHT0824163420_Cavity11_B01BKM0_Fail7_Score(0.9985279).bmp,Multiple Lenses,L26,train
759f126364543e65b572d015f29e29e8,/data/FMD_Data_26082026/fmd_temp_images/Updated ICube Categorical Classes 20260915/Multiple Lenses/20260816_174422_L26_PalletGHH0816220319_Cavity4_B01BHZR_Fail7_Score(0.9969973).bmp,Multiple Lenses,L26,train
75a8ccb1eab42d536afb92d7dc9b1240,/data/FMD_Data_26082026/fmd_temp_images/Updated ICube Categorical Classes 20260915/Multiple Lenses/20260902_130146_L26_PalletGHT0902172316_Cavity12_B01BLM9_Fail7_Score(0.9983702).bmp,Multiple Lenses,L26,train
76063750b6e807ac93c3a2f5abcdcffd,/data/FMD_Data_26082026/fmd_temp_images/Updated ICube Categorical Classes 20260915/Multiple Lenses/20260820_222645_L26_PalletGHC0821024817_Cavity3_B01BKPW_Fail7_Score(0.9992718).bmp,Multiple Lenses,L26,train
760c7d13ed2886dd40726287d31e47b1,/data/FMD_Data_26082026/fmd_temp_images/Updated ICube Categorical Classes 20260915/Multiple Lenses/20260831_163438_L26_PalletGHB0831205604_Cavity6_B01BLLW_Fail2_Score(0.9040096).bmp,Multiple Lenses,L26,train
7630bfc8d0958ca093bd1c29c6128a9a,/data/FMD_Data_26082026/fmd_temp_images/Updated ICube Categorical Classes 20260915/Multiple Lenses/20260901_145307_L26_PalletGHH0901191435_Cavity2_B01BLM1_Fail7_Score(0.9998978).bmp,Multiple Lenses,L26,train
76a8d8e67793e2b770a4348d16c00865,/data/FMD_Data_26082026/fmd_temp_images/Updated ICube Categorical Classes 20260915/Multiple Lenses/20241105_045021_L26_C8_9230.bmp,Multiple Lenses,L26,train
7740a35aa5dd160ae2012ea9187fe08d,/data/FMD_Data_26082026/fmd_temp_images/Updated ICube Categorical Classes 20260915/Multiple Lenses/20260830_134408_L26_PalletGHB0830180531_Cavity6_B01BLLN_Fail7_Score(0.9989022).bmp,Multiple Lenses,L26,train
7741b7f515b1931d9f117bad6bb0cd6c,/data/FMD_Data_26082026/fmd_temp_images/ICube Defects Library/Multiple Lenses/20241103_095621_L26_C2_9999.bmp,Multiple Lenses,L26,train
78c0f2be02f1d8c5731663f2b09c6a69,/data/FMD_Data_26082026/fmd_temp_images/Updated ICube Categorical Classes 20260915/Multiple Lenses/20260827_164249_L26_PalletGHS0827210335_Cavity6_B01BKMF_Fail7_Score(0.9973493).bmp,Multiple Lenses,L26,train
78ef823d96b0603477d967547006a344,/data/FMD_Data_26082026/fmd_temp_images/Updated ICube Categorical Classes 20260915/Multiple Lenses/20260830_183243_L26_PalletGHD0830225402_Cavity14_B01BLLT_Fail7_Score(0.9884388).bmp,Multiple Lenses,L26,train
7ab567812b82192c551966fab136c5f2,/data/FMD_Data_26082026/fmd_temp_images/Updated ICube Categorical Classes 20260915/Multiple Lenses/20260908_075639_L26_PalletGHU0908121742_Cavity14_B01BMPN_Fail6_Score(0.9673517).bmp,Multiple Lenses,L26,train
7abcc7380d71874361405377417b9b18,/data/FMD_Data_26082026/fmd_temp_images/Updated ICube Categorical Classes 20260915/Multiple Lenses/20260826_132329_L26_PalletGHF0826174434_Cavity14_B01BKM9_Fail5_Score(0.953706).bmp,Multiple Lenses,L26,train
7bb34012af512238a7f6e6dbb71aa9ad,/data/FMD_Data_26082026/fmd_temp_images/Updated ICube Categorical Classes 20260915/Multiple Lenses/20260818_222714_L26_PalletGHH0819024839_Cavity9_B01BJRH_Fail7_Score(0.9999709).bmp,Multiple Lenses,L26,train
7bcbe2db98f8269a010ed02efbb919cd,/data/FMD_Data_26082026/fmd_temp_images/Updated ICube Categorical Classes 20260915/Multiple Lenses/20260823_115933_L26_PalletGHF0823162017_Cavity11_B01BKPR_Fail7_Score(0.9962355).bmp,Multiple Lenses,L26,train
7c393fdec646c998c170af02eadc44f1,/data/FMD_Data_26082026/fmd_temp_images/Updated ICube Categorical Classes 20260915/Multiple Lenses/20260821_072219_L26_PalletGHM0821114357_Cavity1_B01BKPX_Fail6_Score(0.968959).bmp,Multiple Lenses,L26,train
7c744fc2137a9673d1f8cbea4b1d32ba,/data/FMD_Data_26082026/fmd_temp_images/Updated ICube Categorical Classes 20260915/Multiple Lenses/20260825_205212_L26_PalletGHR0826011253_Cavity13_B01BKM6_Fail7_Score(0.9994757).bmp,Multiple Lenses,L26,train
7dcae124810622db6551f20a99820fb9,/data/FMD_Data_26082026/fmd_temp_images/Updated ICube Categorical Classes 20260915/Multiple Lenses/20260827_001858_L26_PalletGHA0827044001_Cavity6_B01BKMC_Fail3_Score(0.928829).bmp,Multiple Lenses,L26,train
7e6433c9286644aa08777a18e3a7ca9d,/data/FMD_Data_26082026/fmd_temp_images/Updated ICube Categorical Classes 20260915/Multiple Lenses/20260820_151536_L26_PalletGHE0820193712_Cavity13_B01BKLS_Fail6_Score(0.9698458).bmp,Multiple Lenses,L26,train
7e7d4bd57461e4a87476f88643fe4893,/data/FMD_Data_26082026/fmd_temp_images/Updated ICube Categorical Classes 20260915/Multiple Lenses/20260827_163304_L26_PalletGHH0827205413_Cavity2_B01BKMF_Fail6_Score(0.9767907).bmp,Multiple Lenses,L26,train
7e85bba9ba86a2634d08a6cd93346d96,/data/FMD_Data_26082026/fmd_temp_images/Updated ICube Categorical Classes 20260915/Multiple Lenses/20260818_180732_L26_PalletGHU0818222802_Cavity6_B01BJT5_Fail7_Score(0.997296).bmp,Multiple Lenses,L26,train
7eb772f6d6b2e95d103919df37d933cd,/data/FMD_Data_26082026/fmd_temp_images/Updated ICube Categorical Classes 20260915/Multiple Lenses/20260814_150410_L26_PalletGHN0814192511_Cavity6_B01BH3D_Fail5_Score(0.9589416).bmp,Multiple Lenses,L26,train
7f1bec311f0c1d94d045cf7822522c91,/data/FMD_Data_26082026/fmd_temp_images/Updated ICube Categorical Classes 20260915/Multiple Lenses/20260814_184513_L26_PalletGHM0814230617_Cavity11_B01BH3D_Fail7_Score(0.9999929).bmp,Multiple Lenses,L26,train
7f5d768f3f7678ba87c19590c674aefb,/data/FMD_Data_26082026/fmd_temp_images/ICube Defects Library/Multiple Lenses/20241102_101918_L26_C14_9999.bmp,Multiple Lenses,L26,train
7fa5315fd969d0583895724bf1d0e28e,/data/FMD_Data_26082026/fmd_temp_images/Updated ICube Categorical Classes 20260915/Multiple Lenses/20260823_181413_L26_PalletGHS0823223403_Cavity6_B01BKLV_Fail7_Score(0.9852971).bmp,Multiple Lenses,L26,train
7fd9d6c1c9e902c7d59630c2a86dce4d,/data/FMD_Data_26082026/fmd_temp_images/Updated ICube Categorical Classes 20260915/Multiple Lenses/20260827_114152_L26_PalletGHG0827160258_Cavity5_B01BLP9_Fail6_Score(0.9738953).bmp,Multiple Lenses,L26,train
7ffe84c068c7babe4690beaa75ba2ca0,/data/FMD_Data_26082026/fmd_temp_images/ICube Defects Library/Multiple Lenses/20241103_090127_L26_C14_9847.bmp,Multiple Lenses,L26,train
8122f0e1cc9f26284a31583e0017d02a,/data/FMD_Data_26082026/fmd_temp_images/Updated ICube Categorical Classes 20260915/Multiple Lenses/20260905_180928_L26_PalletGHB0905223017_Cavity8_B01BMP5_Fail3_Score(0.9263396).bmp,Multiple Lenses,L26,train
81d09faa545b11c25f0e60d32f416207,/data/FMD_Data_26082026/fmd_temp_images/ICube Defects Library/Multiple Lenses/20241103_002519_L26_C8_9944.bmp,Multiple Lenses,L26,train
81e358fdca1b149b9ed4bd077cfe3e46,/data/FMD_Data_26082026/fmd_temp_images/ICube Defects Library/Multiple Lenses/20241103_091321_L26_C6_9915.bmp,Multiple Lenses,L26,train
8298c7b2e5a9d2a960002b53907a2562,/data/FMD_Data_26082026/fmd_temp_images/Updated ICube Categorical Classes 20260915/Multiple Lenses/20260901_050330_L26_PalletGHM0901092503_Cavity6_B01BLLZ_Fail7_Score(0.9999997).bmp,Multiple Lenses,L26,train
82eaf32bec92e1c39d136efaa5d617ef,/data/FMD_Data_26082026/fmd_temp_images/Updated ICube Categorical Classes 20260915/Multiple Lenses/20260823_213100_L26_PalletGHP0824015145_Cavity14_B01BKLT_Fail7_Score(0.9980304).bmp,Multiple Lenses,L26,train
8350a6c02a834d007b93332b6ab1f000,/data/FMD_Data_26082026/fmd_temp_images/Updated ICube Categorical Classes 20260915/Multiple Lenses/20260901_230652_L26_PalletGHC0902032826_Cavity12_B01BLM3_Fail7_Score(0.9999437).bmp,Multiple Lenses,L26,train
83711ecf2d3e6c0ccf9f6b184451f668,/data/FMD_Data_26082026/fmd_temp_images/Updated ICube Categorical Classes 20260915/Multiple Lenses/20260820_200212_L26_PalletGHI0821002344_Cavity5_B01BKLS_Fail7_Score(0.9959274).bmp,Multiple Lenses,L26,train
83d4da90b430703ed3250a3172fdb770,/data/FMD_Data_26082026/fmd_temp_images/Updated ICube Categorical Classes 20260915/Multiple Lenses/20260819_055622_L26_PalletGHR0819101747_Cavity6_B01BJRJ_Fail7_Score(0.9983388).bmp,Multiple Lenses,L26,train
8401e97a006d781158dd8a62e480ff34,/data/FMD_Data_26082026/fmd_temp_images/Updated ICube Categorical Classes 20260915/Multiple Lenses/20260906_053014_L26_PalletGHH0906095204_Cavity4_B01BMP6_Fail7_Score(0.9999688).bmp,Multiple Lenses,L26,train
84031d8ee5138673de0f328b8208a3b8,/data/FMD_Data_26082026/fmd_temp_images/Updated ICube Categorical Classes 20260915/Multiple Lenses/20260817_093229_L26_PalletGHG0817135348_Cavity9_B01BJQF_Fail7_Score(0.9999999).bmp,Multiple Lenses,L26,train
8472f04a8aef9a118aa8f920feb36e45,/data/FMD_Data_26082026/fmd_temp_images/Updated ICube Categorical Classes 20260915/Multiple Lenses/20260817_115317_L26_PalletGHQ0817161436_Cavity1_B01BJQF_Fail7_Score(1).bmp,Multiple Lenses,L26,train
84f3763ac698fa11be953cb8286d3699,/data/FMD_Data_26082026/fmd_temp_images/Updated ICube Categorical Classes 20260915/Multiple Lenses/20241104_104701_L26_C10_9985.bmp,Multiple Lenses,L26,train
852bbe92c7e345c88b71ae51cdb4f01e,/data/FMD_Data_26082026/fmd_temp_images/Updated ICube Categorical Classes 20260915/Multiple Lenses/20260901_220811_L26_PalletGHB0902022946_Cavity14_B01BLM3_Fail4_Score(0.9440573).bmp,Multiple Lenses,L26,train
86b2164e73e698506542416017924914,/data/FMD_Data_26082026/fmd_temp_images/Updated ICube Categorical Classes 20260915/Multiple Lenses/20260816_051025_L26_PalletGHS0816093141_Cavity4_B01BJQ6_Fail7_Score(0.9851556).bmp,Multiple Lenses,L26,train
88c7ae8b2db32c1eee2d486422def9ae,/data/FMD_Data_26082026/fmd_temp_images/Updated ICube Categorical Classes 20260915/Multiple Lenses/20260825_210533_L26_PalletGHR0826012627_Cavity2_B01BKM6_Fail7_Score(0.9847651).bmp,Multiple Lenses,L26,train
89911f54186b393e394204093c4f5730,/data/FMD_Data_26082026/fmd_temp_images/Updated ICube Categorical Classes 20260915/Multiple Lenses/20241107_060722_L26_C15_9317.bmp,Multiple Lenses,L26,train
89e1c63d563f9999cd1053715964932f,/data/FMD_Data_26082026/fmd_temp_images/Updated ICube Categorical Classes 20260915/Multiple Lenses/20260815_142654_L26_PalletGHF0815184807_Cavity9_B01BHZM_Fail7_Score(0.9912838).bmp,Multiple Lenses,L26,train
8a29c5c507f8faad9dcbdc039ea7b70c,/data/FMD_Data_26082026/fmd_temp_images/Updated ICube Categorical Classes 20260915/Multiple Lenses/20260817_094135_L26_PalletGHQ0817140237_Cavity13_B01BJQF_Fail5_Score(0.9602941).bmp,Multiple Lenses,L26,train
8a4c3ce71c89c935a020bd8736735973,/data/FMD_Data_26082026/fmd_temp_images/Updated ICube Categorical Classes 20260915/Multiple Lenses/20260906_065131_L26_PalletGHG0906111318_Cavity6_B01BMP8_Fail6_Score(0.9740337).bmp,Multiple Lenses,L26,train
8a95f15c80e3e953adb70b3a8495bd55,/data/FMD_Data_26082026/fmd_temp_images/ICube Defects Library/Multiple Lenses/20241103_081847_L26_C3_9079.bmp,Multiple Lenses,L26,train
8b0ea24a9ae11452a27b4ed7ce8abe0e,/data/FMD_Data_26082026/fmd_temp_images/Updated ICube Categorical Classes 20260915/Multiple Lenses/20260816_133157_L26_PalletGHF0816175309_Cavity5_B01BHZQ_Fail7_Score(0.9999838).bmp,Multiple Lenses,L26,train
8b367ac6c4ce22b1cbba1ab40d34e5aa,/data/FMD_Data_26082026/fmd_temp_images/Updated ICube Categorical Classes 20260915/Multiple Lenses/20260822_111924_L26_PalletGHE0822154105_Cavity6_B01BKPT_Fail7_Score(0.987929).bmp,Multiple Lenses,L26,train
8bb7edee029b6636a8d70dfe826c3445,/data/FMD_Data_26082026/fmd_temp_images/Updated ICube Categorical Classes 20260915/Multiple Lenses/20260814_155934_L26_PalletGHD0814202040_Cavity11_B01BH3D_Fail6_Score(0.9815215).bmp,Multiple Lenses,L26,train
8c97247b33c234ecaf4667ae596c28bb,/data/FMD_Data_26082026/fmd_temp_images/Updated ICube Categorical Classes 20260915/Multiple Lenses/20260824_190149_L26_PalletGHT0824232236_Cavity2_B01BKM1_Fail7_Score(0.9994952).bmp,Multiple Lenses,L26,train
8ca43b8300e2247de735c2ad9d15f18e,/data/FMD_Data_26082026/fmd_temp_images/Updated ICube Categorical Classes 20260915/Multiple Lenses/20260816_104601_L26_PalletGHB0816150718_Cavity13_B01BHZQ_Fail7_Score(0.9999834).bmp,Multiple Lenses,L26,train
8cd109a7da5fd8ceee338b4796c3b453,/data/FMD_Data_26082026/fmd_temp_images/Updated ICube Categorical Classes 20260915/Multiple Lenses/20260907_183641_L26_PalletGHT0907225734_Cavity8_B01BMPL_Fail7_Score(0.9988987).bmp,Multiple Lenses,L26,train
8d2ae09c582833171a8c1a4cad7721ba,/data/FMD_Data_26082026/fmd_temp_images/Updated ICube Categorical Classes 20260915/Multiple Lenses/20241107_221801_L26_C7_9999.bmp,Multiple Lenses,L26,train
8da72e8b6f0610e6dbee3d6cf71e506b,/data/FMD_Data_26082026/fmd_temp_images/Updated ICube Categorical Classes 20260915/Multiple Lenses/20260829_164215_L26_PalletGHE0829210329_Cavity12_B01BLLK_Fail6_Score(0.9687129).bmp,Multiple Lenses,L26,train
8dcad7b097eba6c6f7986873a904e5d6,/data/FMD_Data_26082026/fmd_temp_images/Updated ICube Categorical Classes 20260915/Multiple Lenses/20260901_200323_L26_PalletGHH0902002454_Cavity4_B01BLM2_Fail7_Score(0.9998495).bmp,Multiple Lenses,L26,train
8dcf1640ee6f18dd71df59a69cd71d67,/data/FMD_Data_26082026/fmd_temp_images/Updated ICube Categorical Classes 20260915/Multiple Lenses/20260819_192826_L26_PalletGHH0819234955_Cavity6_B01BKM3_Fail7_Score(0.9990651).bmp,Multiple Lenses,L26,train
8de7d51e7f06ef76be97460a9acb4c64,/data/FMD_Data_26082026/fmd_temp_images/Updated ICube Categorical Classes 20260915/Multiple Lenses/20241107_222627_L26_C6_9848.bmp,Multiple Lenses,L26,train
8e2521cac94ba5ea3aaa2ff9c4affdf2,/data/FMD_Data_26082026/fmd_temp_images/Updated ICube Categorical Classes 20260915/Multiple Lenses/20260816_092642_L26_PalletGHB0816134756_Cavity14_B01BJQ6_Fail7_Score(0.9866673).bmp,Multiple Lenses,L26,train
8e430d89851e126a5a98ff60e630fb78,/data/FMD_Data_26082026/fmd_temp_images/Updated ICube Categorical Classes 20260915/Multiple Lenses/20260815_075704_L26_PalletGHF0815121813_Cavity10_B01BH3G_Fail3_Score(0.9220068).bmp,Multiple Lenses,L26,train
8f3abff192d64a2d41feaccc6962aca4,/data/FMD_Data_26082026/fmd_temp_images/Updated ICube Categorical Classes 20260915/Multiple Lenses/20260823_111202_L26_PalletGHC0823153234_Cavity8_B01BKPR_Fail7_Score(0.9989979).bmp,Multiple Lenses,L26,train
900609e69b857b9e543d57e2842cc78c,/data/FMD_Data_26082026/fmd_temp_images/Updated ICube Categorical Classes 20260915/Multiple Lenses/20260825_140756_L26_PalletGHL0825182855_Cavity2_B01BKM5_Fail4_Score(0.9355575).bmp,Multiple Lenses,L26,train
90a3e67d2bf654a4465a4b71c8a8a75e,/data/FMD_Data_26082026/fmd_temp_images/Updated ICube Categorical Classes 20260915/Multiple Lenses/20260827_163509_L26_PalletGHK0827205619_Cavity5_B01BKMF_Fail7_Score(0.9973677).bmp,Multiple Lenses,L26,train
90e5a45257f16f58eec68182e16e5bf9,/data/FMD_Data_26082026/fmd_temp_images/Updated ICube Categorical Classes 20260915/Multiple Lenses/20260831_040026_L26_PalletGHK0831082141_Cavity11_B01BLLR_Fail5_Score(0.9580069).bmp,Multiple Lenses,L26,train
917df1200814012316528537c0cecb48,/data/FMD_Data_26082026/fmd_temp_images/Updated ICube Categorical Classes 20260915/Multiple Lenses/20260825_160540_L26_PalletGHU0825202638_Cavity6_B01BKM5_Fail7_Score(0.9986965).bmp,Multiple Lenses,L26,train
918eb4c6ebab462a685fd89603d5a9ee,/data/FMD_Data_26082026/fmd_temp_images/Updated ICube Categorical Classes 20260915/Multiple Lenses/20260818_235506_L26_PalletGHN0819041626_Cavity12_B01BJRH_Fail7_Score(0.9999923).bmp,Multiple Lenses,L26,train
91fd426a0752656444ed99cfda891076,/data/FMD_Data_26082026/fmd_temp_images/Updated ICube Categorical Classes 20260915/Multiple Lenses/20260906_112010_L26_PalletGHD0906154205_Cavity7_B01BMPB_Fail7_Score(0.9998962).bmp,Multiple Lenses,L26,train
92982ae05ce8a52ef529bb9a2d1fd63d,/data/FMD_Data_26082026/fmd_temp_images/Updated ICube Categorical Classes 20260915/Multiple Lenses/20241104_114026_L26_C7_9104.bmp,Multiple Lenses,L26,train
92e04b98d6d3f829b1abd0a107f033c7,/data/FMD_Data_26082026/fmd_temp_images/ICube Defects Library/Multiple Lenses/20241103_075031_L26_C11_9953.bmp,Multiple Lenses,L26,train
93462bc4c031ab7596e18af736a60c91,/data/FMD_Data_26082026/fmd_temp_images/Updated ICube Categorical Classes 20260915/Multiple Lenses/20241104_082731_L26_C8_9998.bmp,Multiple Lenses,L26,train
934e87e22b8a8ee65fb44f10cd4179ea,/data/FMD_Data_26082026/fmd_temp_images/Updated ICube Categorical Classes 20260915/Multiple Lenses/20241104_185323_L26_C15_9735.bmp,Multiple Lenses,L26,train
937cb8d09241e27e7a9cc0aa2a61824f,/data/FMD_Data_26082026/fmd_temp_images/Updated ICube Categorical Classes 20260915/Multiple Lenses/20260904_085137_L26_PalletGHO0904131316_Cavity11_B01BLML_Fail6_Score(0.9766111).bmp,Multiple Lenses,L26,train
939bc1b573599fccae80899afea6c83c,/data/FMD_Data_26082026/fmd_temp_images/Updated ICube Categorical Classes 20260915/Multiple Lenses/20260816_180127_L26_PalletGHE0816222245_Cavity15_B01BHZR_Fail7_Score(0.9961705).bmp,Multiple Lenses,L26,train
93ddd2ece63a8c5f26baa4e3459392dc,/data/FMD_Data_26082026/fmd_temp_images/Updated ICube Categorical Classes 20260915/Multiple Lenses/20260817_172003_L26_PalletGHR0817214124_Cavity2_B01BJQF_Fail7_Score(0.9999334).bmp,Multiple Lenses,L26,train
93f5f87dc093775343e366463dc1d169,/data/FMD_Data_26082026/fmd_temp_images/ICube Defects Library/Multiple Lenses/20241103_072102_L26_C11_9979.bmp,Multiple Lenses,L26,train
947e1220bf415e3d4b584a2b46ec2d74,/data/FMD_Data_26082026/fmd_temp_images/Updated ICube Categorical Classes 20260915/Multiple Lenses/20260901_224345_L26_PalletGHD0902030510_Cavity6_B01BLM3_Fail6_Score(0.9706617).bmp,Multiple Lenses,L26,train
949f9f33a015a5f10f0869b5415cb16f,/data/FMD_Data_26082026/fmd_temp_images/Updated ICube Categorical Classes 20260915/Multiple Lenses/20260827_003838_L26_PalletGHE0827045940_Cavity9_B01BKMC_Fail5_Score(0.9534122).bmp,Multiple Lenses,L26,train
94d77995c004733a941683a41085d88a,/data/FMD_Data_26082026/fmd_temp_images/Updated ICube Categorical Classes 20260915/Multiple Lenses/20260831_181338_L26_PalletGHO0831223147_Cavity2_B01BLLX_Fail4_Score(0.9354462).bmp,Multiple Lenses,L26,train
9555e21319ef853424e41b9ea6bdb0c0,/data/FMD_Data_26082026/fmd_temp_images/Updated ICube Categorical Classes 20260915/Multiple Lenses/20260814_185725_L26_PalletGHT0814231831_Cavity15_B01BH3D_Fail6_Score(0.9683207).bmp,Multiple Lenses,L26,train
955650e7d61bf03eba94c2985476cdf3,/data/FMD_Data_26082026/fmd_temp_images/Updated ICube Categorical Classes 20260915/Multiple Lenses/20260830_230549_L26_PalletGHH0831032705_Cavity2_B01BLLP_Fail7_Score(0.9995094).bmp,Multiple Lenses,L26,train
96025a38adddaa790cbb0cd1f5e8e59b,/data/FMD_Data_26082026/fmd_temp_images/Updated ICube Categorical Classes 20260915/Multiple Lenses/20260829_135437_L26_PalletGHD0829181554_Cavity14_B01BLLJ_Fail7_Score(0.9998667).bmp,Multiple Lenses,L26,train
96384a6b7a13f37a1f2b92148f6cf011,/data/FMD_Data_26082026/fmd_temp_images/Updated ICube Categorical Classes 20260915/Multiple Lenses/20260816_174550_L26_PalletGHO0816220709_Cavity11_B01BHZR_Fail7_Score(0.999911).bmp,Multiple Lenses,L26,train
9740ddab41eb748e34375a3bcbbe5617,/data/FMD_Data_26082026/fmd_temp_images/Updated ICube Categorical Classes 20260915/Multiple Lenses/20260826_175424_L26_PalletGHH0826221523_Cavity5_B01BKMC_Fail2_Score(0.9088038).bmp,Multiple Lenses,L26,train
9787fb9f115fc887877608302dcdeb16,/data/FMD_Data_26082026/fmd_temp_images/Updated ICube Categorical Classes 20260915/Multiple Lenses/20260906_073736_L26_PalletGHN0906115928_Cavity5_B01BMP8_Fail7_Score(0.9994684).bmp,Multiple Lenses,L26,train
9922bc460466c38dda1836938a8b5d42,/data/FMD_Data_26082026/fmd_temp_images/ICube Defects Library/Multiple Lenses/20241103_093102_L26_C8_9145.bmp,Multiple Lenses,L26,train
9a3d82b25dbf32b4943f13ba08e55eb0,/data/FMD_Data_26082026/fmd_temp_images/Updated ICube Categorical Classes 20260915/Multiple Lenses/20260815_050351_L26_PalletGHL0815092500_Cavity7_B01BH3F_Fail7_Score(1).bmp,Multiple Lenses,L26,train
9aaf09bbe7e8ace373c8eb2f2f3ffb90,/data/FMD_Data_26082026/fmd_temp_images/Updated ICube Categorical Classes 20260915/Multiple Lenses/20241107_192030_L26_C11_1.bmp,Multiple Lenses,L26,train
9b60ec0ccc034c2b522c855c6f3d2017,/data/FMD_Data_26082026/fmd_temp_images/Updated ICube Categorical Classes 20260915/Multiple Lenses/20260817_100513_L26_PalletGHU0817142633_Cavity15_B01BJQF_Fail7_Score(0.9967493).bmp,Multiple Lenses,L26,train
9cf09f16a6c12741a54d361cb28d1a1b,/data/FMD_Data_26082026/fmd_temp_images/Updated ICube Categorical Classes 20260915/Multiple Lenses/20260814_230745_L26_PalletGHE0815032855_Cavity10_B01BH3F_Fail6_Score(0.97766).bmp,Multiple Lenses,L26,train
9e1b149b6c6f2cdfe960426e20f722c9,/data/FMD_Data_26082026/fmd_temp_images/Updated ICube Categorical Classes 20260915/Multiple Lenses/20260814_180337_L26_PalletGHO0814222446_Cavity10_B01BH3D_Fail2_Score(0.9093927).bmp,Multiple Lenses,L26,train
9e73e17fea4707ca6e7e858d7df8f315,/data/FMD_Data_26082026/fmd_temp_images/ICube Defects Library/Multiple Lenses/20241103_120346_L26_C1_9999.bmp,Multiple Lenses,L26,train
9ec1c408b17c0e860353d97430d702b9,/data/FMD_Data_26082026/fmd_temp_images/Updated ICube Categorical Classes 20260915/Multiple Lenses/20260821_220055_L26_PalletGHL0822022234_Cavity10_B01BKPZ_Fail2_Score(0.9107239).bmp,Multiple Lenses,L26,train
9ff424bdbc4785891ee34b40a95ef5ce,/data/FMD_Data_26082026/fmd_temp_images/Updated ICube Categorical Classes 20260915/Multiple Lenses/20260820_204325_L26_PalletGHS0821010503_Cavity14_B01BKPW_Fail5_Score(0.9527558).bmp,Multiple Lenses,L26,train
a000e2060fa753f391255b243979fece,/data/FMD_Data_26082026/fmd_temp_images/Updated ICube Categorical Classes 20260915/Multiple Lenses/20260901_221341_L26_PalletGHL0902023507_Cavity12_B01BLM3_Fail7_Score(0.9979087).bmp,Multiple Lenses,L26,train
a01d5a9d0e0501c4ecc468ff2e790fa9,/data/FMD_Data_26082026/fmd_temp_images/Updated ICube Categorical Classes 20260915/Multiple Lenses/20260821_181114_L26_PalletGHD0821223256_Cavity8_B01BKPZ_Fail6_Score(0.9797671).bmp,Multiple Lenses,L26,train
a05aec6bcef7d76c546210f8bba2d927,/data/FMD_Data_26082026/fmd_temp_images/Updated ICube Categorical Classes 20260915/Multiple Lenses/20260816_124427_L26_PalletGHT0816170542_Cavity13_B01BHZQ_Fail7_Score(0.9991597).bmp,Multiple Lenses,L26,train
a1ff2b0be87e527d41e3b277cd013001,/data/FMD_Data_26082026/fmd_temp_images/Updated ICube Categorical Classes 20260915/Multiple Lenses/20260903_131305_L26_PalletGHM0903173447_Cavity3_B01BLMF_Fail7_Score(0.998847).bmp,Multiple Lenses,L26,train
a29a84448753a37194c03da82a6261de,/data/FMD_Data_26082026/fmd_temp_images/ICube Defects Library/Multiple Lenses/20241102_054634_L26_C11_9999.bmp,Multiple Lenses,L26,train
a34d944e9823647fd7bbe1644379c689,/data/FMD_Data_26082026/fmd_temp_images/Updated ICube Categorical Classes 20260915/Multiple Lenses/20260821_215607_L26_PalletGHA0822021746_Cavity15_B01BKPZ_Fail5_Score(0.9547125).bmp,Multiple Lenses,L26,train
a3acf98cd73f675e9ef944c928fec41f,/data/FMD_Data_26082026/fmd_temp_images/Updated ICube Categorical Classes 20260915/Multiple Lenses/20260830_081202_L26_PalletGHR0830123303_Cavity4_B01BLLL_Fail7_Score(0.9871534).bmp,Multiple Lenses,L26,train
a4b639cd3712c90ac5541c79b6ba4689,/data/FMD_Data_26082026/fmd_temp_images/Updated ICube Categorical Classes 20260915/Multiple Lenses/20260828_194529_L26_PalletGHD0829000643_Cavity9_B01BKMK_Fail5_Score(0.9516233).bmp,Multiple Lenses,L26,train
a52ff55d39cb04d74b567e70a2f78c65,/data/FMD_Data_26082026/fmd_temp_images/Updated ICube Categorical Classes 20260915/Multiple Lenses/20260823_071234_L26_PalletGHM0823113320_Cavity9_B01BKPR_Fail7_Score(0.9989784).bmp,Multiple Lenses,L26,train
a5b47786857370fe9ff6c13f5b76947b,/data/FMD_Data_26082026/fmd_temp_images/ICube Defects Library/Multiple Lenses/20241102_055824_L26_C15_9998.bmp,Multiple Lenses,L26,train
a5be39e7b7c827b2f4115f41769bd67d,/data/FMD_Data_26082026/fmd_temp_images/Updated ICube Categorical Classes 20260915/Multiple Lenses/20260815_091020_L26_PalletGHI0815133125_Cavity14_B01BH3G_Fail7_Score(0.998599).bmp,Multiple Lenses,L26,train
a70a639669a958c612220ffbd667b6e2,/data/FMD_Data_26082026/fmd_temp_images/Updated ICube Categorical Classes 20260915/Multiple Lenses/20260820_173639_L26_PalletGHK0820215813_Cavity6_B01BKLS_Fail2_Score(0.901929).bmp,Multiple Lenses,L26,train
a992cacb54d34d8edc024f833aa37f0a,/data/FMD_Data_26082026/fmd_temp_images/Updated ICube Categorical Classes 20260915/Multiple Lenses/20260815_193828_L26_PalletGHI0815235940_Cavity3_B01BJQ7_Fail7_Score(0.9871814).bmp,Multiple Lenses,L26,train
a9bf35d4bccdeca5c2dcce34ae79ce35,/data/FMD_Data_26082026/fmd_temp_images/Updated ICube Categorical Classes 20260915/Multiple Lenses/20260828_185232_L26_PalletGHP0828231346_Cavity1_B01BKMJ_Fail5_Score(0.9559529).bmp,Multiple Lenses,L26,train
aac0a8cb5fd593228fadf1e4d3b2d2dc,/data/FMD_Data_26082026/fmd_temp_images/Updated ICube Categorical Classes 20260915/Multiple Lenses/20260817_105128_L26_PalletGHG0817151247_Cavity3_B01BJQF_Fail7_Score(0.9998807).bmp,Multiple Lenses,L26,train
ab1603322635b59b630b48f4127df1ac,/data/FMD_Data_26082026/fmd_temp_images/Updated ICube Categorical Classes 20260915/Multiple Lenses/20241106_010458_L26_C6_9631.bmp,Multiple Lenses,L26,train
abf2c370e722a26b0b5625044b94418d,/data/FMD_Data_26082026/fmd_temp_images/Updated ICube Categorical Classes 20260915/Multiple Lenses/20260818_042450_L26_PalletGHJ0818084611_Cavity13_B01BHZP_Fail7_Score(0.9988242).bmp,Multiple Lenses,L26,train
ac1d74b2463e676a9ed84d4760136385,/data/FMD_Data_26082026/fmd_temp_images/Updated ICube Categorical Classes 20260915/Multiple Lenses/20260907_061209_L26_PalletGHU0907103126_Cavity12_B01BMPK_Fail7_Score(0.9973939).bmp,Multiple Lenses,L26,train
ac25ac81a95275eba882f8f3b37b6aac,/data/FMD_Data_26082026/fmd_temp_images/Updated ICube Categorical Classes 20260915/Multiple Lenses/20260824_070011_L26_PalletGHF0824112106_Cavity8_B01BKLX_Fail7_Score(0.9907248).bmp,Multiple Lenses,L26,train
ac90c85150041814877fabf9e4288a9e,/data/FMD_Data_26082026/fmd_temp_images/Updated ICube Categorical Classes 20260915/Multiple Lenses/20260818_231830_L26_PalletGHM0819033951_Cavity5_B01BJRH_Fail7_Score(0.999986).bmp,Multiple Lenses,L26,train
ae47a21f846cfe84811a358997942505,/data/FMD_Data_26082026/fmd_temp_images/ICube Defects Library/Multiple Lenses/20241103_170834_L26_C5_9912.bmp,Multiple Lenses,L26,train
ae8d7bc597e75fd8bd5b16448b38577c,/data/FMD_Data_26082026/fmd_temp_images/Updated ICube Categorical Classes 20260915/Multiple Lenses/20260818_023141_L26_PalletGHM0818065306_Cavity8_B01BHZP_Fail7_Score(0.9976529).bmp,Multiple Lenses,L26,train
af3ba03a568f2daadd0b6e9bfb5f5b3d,/data/FMD_Data_26082026/fmd_temp_images/Updated ICube Categorical Classes 20260915/Multiple Lenses/20260816_074835_L26_PalletGHK0816120951_Cavity13_B01BJQ6_Fail7_Score(0.9968625).bmp,Multiple Lenses,L26,train
b07c063e8b7d8324e093947d943d3c60,/data/FMD_Data_26082026/fmd_temp_images/Updated ICube Categorical Classes 20260915/Multiple Lenses/20260831_042834_L26_PalletGHO0831084950_Cavity6_B01BLLR_Fail7_Score(0.9991055).bmp,Multiple Lenses,L26,train
b08841f6253341a3c2505ec2efee3d4d,/data/FMD_Data_26082026/fmd_temp_images/Updated ICube Categorical Classes 20260915/Multiple Lenses/20260906_040104_L26_PalletGHD0906082258_Cavity1_B01BMP6_Fail7_Score(0.986456).bmp,Multiple Lenses,L26,train
b0993f651a6bbc889e14955fed318c9e,/data/FMD_Data_26082026/fmd_temp_images/ICube Defects Library/Multiple Lenses/20241103_150753_L26_PalletGHH1103201943_Cavity3_B0178LJ_Fail6_Score(0.978788).bmp,Multiple Lenses,L26,train
b1e32c6d9badaf53357efc392aaa6abd,/data/FMD_Data_26082026/fmd_temp_images/Updated ICube Categorical Classes 20260915/Multiple Lenses/20241106_005851_L26_C10_9999.bmp,Multiple Lenses,L26,train
b22d8645c729f2eba28ebfabe23cc27e,/data/FMD_Data_26082026/fmd_temp_images/Updated ICube Categorical Classes 20260915/Multiple Lenses/20260816_110852_L26_PalletGHR0816153004_Cavity7_B01BHZQ_Fail7_Score(0.9997436).bmp,Multiple Lenses,L26,train
b30bddbf1f1271368f5c8b45d9de1171,/data/FMD_Data_26082026/fmd_temp_images/ICube Defects Library/Multiple Lenses/20241103_200142_L26_C12_9619.bmp,Multiple Lenses,L26,train
b312233c4321151e862a86c1f42ebb08,/data/FMD_Data_26082026/fmd_temp_images/Updated ICube Categorical Classes 20260915/Multiple Lenses/20260824_200241_L26_PalletGHK0825002332_Cavity11_B01BKM1_Fail5_Score(0.9569245).bmp,Multiple Lenses,L26,train
b490c12d7f1952d12ac99fc607f327e1,/data/FMD_Data_26082026/fmd_temp_images/Updated ICube Categorical Classes 20260915/Multiple Lenses/20260904_092218_L26_PalletGHR0904134408_Cavity8_B01BLMM_Fail7_Score(0.9966038).bmp,Multiple Lenses,L26,train
b5faa77f8c4a4e8fc3fd5143d87e428b,/data/FMD_Data_26082026/fmd_temp_images/Updated ICube Categorical Classes 20260915/Multiple Lenses/20260827_130359_L26_PalletGHE0827172457_Cavity4_B01BLP9_Fail7_Score(0.9867096).bmp,Multiple Lenses,L26,train
b640d2906a7f18130164249cdaf6a51a,/data/FMD_Data_26082026/fmd_temp_images/Updated ICube Categorical Classes 20260915/Multiple Lenses/20260822_120451_L26_PalletGHE0822162634_Cavity11_B01BKPT_Fail5_Score(0.9640966).bmp,Multiple Lenses,L26,train
b6fa9794da80037c14e92bcc8bedde59,/data/FMD_Data_26082026/fmd_temp_images/Updated ICube Categorical Classes 20260915/Multiple Lenses/20260816_080514_L26_PalletGHB0816122627_Cavity4_B01BJQ6_Fail7_Score(0.9945405).bmp,Multiple Lenses,L26,train
b72b3c134e27dd4ad57339428e661a37,/data/FMD_Data_26082026/fmd_temp_images/Updated ICube Categorical Classes 20260915/Multiple Lenses/20260816_001148_L26_PalletGHG0816043250_Cavity5_B01BH3H_Fail7_Score(0.9996822).bmp,Multiple Lenses,L26,train
b7b3f760628820ce2cfd47c310a86e4d,/data/FMD_Data_26082026/fmd_temp_images/Updated ICube Categorical Classes 20260915/Multiple Lenses/20260822_053018_L26_PalletGHT0822095155_Cavity8_B01BKPS_Fail7_Score(0.9867488).bmp,Multiple Lenses,L26,train
b7eae181f02cb795aca1269426d5c473,/data/FMD_Data_26082026/fmd_temp_images/Updated ICube Categorical Classes 20260915/Multiple Lenses/20241107_180500_L26_C3_9986.bmp,Multiple Lenses,L26,train
b85fd81c3a877e69176cd4b095331a03,/data/FMD_Data_26082026/fmd_temp_images/Updated ICube Categorical Classes 20260915/Multiple Lenses/20260905_211824_L26_PalletGHC0906014017_Cavity6_B01BMP9_Fail7_Score(0.9898092).bmp,Multiple Lenses,L26,train
b87542f13662509e30733263ffb54071,/data/FMD_Data_26082026/fmd_temp_images/Updated ICube Categorical Classes 20260915/Multiple Lenses/20260829_015122_L26_PalletGHK0829061235_Cavity4_B01BKMK_Fail3_Score(0.9276505).bmp,Multiple Lenses,L26,train
b8b392ac4b0787e369515680e05582db,/data/FMD_Data_26082026/fmd_temp_images/Updated ICube Categorical Classes 20260915/Multiple Lenses/20260815_170414_L26_PalletGHS0815212522_Cavity13_B01BH3J_Fail6_Score(0.9742078).bmp,Multiple Lenses,L26,train
b8ed471af021de1a4353fffe08c66607,/data/FMD_Data_26082026/fmd_temp_images/Updated ICube Categorical Classes 20260915/Multiple Lenses/20260818_022355_L26_PalletGHA0818064513_Cavity11_B01BHZP_Fail7_Score(0.9991452).bmp,Multiple Lenses,L26,train
b9b49083684ddc76e4798aec66c539df,/data/FMD_Data_26082026/fmd_temp_images/Updated ICube Categorical Classes 20260915/Multiple Lenses/20260826_043744_L26_PalletGHP0826085839_Cavity2_B01BKM8_Fail7_Score(0.9995949).bmp,Multiple Lenses,L26,train
b9d3f845c3b63750b9063127927e4dd6,/data/FMD_Data_26082026/fmd_temp_images/Updated ICube Categorical Classes 20260915/Multiple Lenses/20260904_022524_L26_PalletGHF0904064708_Cavity6_B01BLMH_Fail7_Score(0.9989358).bmp,Multiple Lenses,L26,train
b9fc7dec9c7ccd8197bb8663d2297245,/data/FMD_Data_26082026/fmd_temp_images/Updated ICube Categorical Classes 20260915/Multiple Lenses/20241104_175020_L26_C10_9942.bmp,Multiple Lenses,L26,train
ba10fef68b009c43a58ab2cd5c51a35d,/data/FMD_Data_26082026/fmd_temp_images/Updated ICube Categorical Classes 20260915/Multiple Lenses/20260906_174312_L26_PalletGHB0906220302_Cavity2_B01BMPC_Fail7_Score(0.9988871).bmp,Multiple Lenses,L26,train
ba7be741128d6c86b5a32242ff78cfd3,/data/FMD_Data_26082026/fmd_temp_images/Updated ICube Categorical Classes 20260915/Multiple Lenses/20260820_063216_L26_PalletGHO0820105350_Cavity13_B01BKLQ_Fail7_Score(0.9943643).bmp,Multiple Lenses,L26,train
bac188cca09c3f0750d56adc136642ec,/data/FMD_Data_26082026/fmd_temp_images/Updated ICube Categorical Classes 20260915/Multiple Lenses/20260826_225024_L26_PalletGHT0827031129_Cavity13_B01BKMC_Fail7_Score(0.995373).bmp,Multiple Lenses,L26,train
bacb5a48f6fa37224f389e0734892a3f,/data/FMD_Data_26082026/fmd_temp_images/Updated ICube Categorical Classes 20260915/Multiple Lenses/20260816_033828_L26_PalletGHJ0816075942_Cavity6_B01BJQ6_Fail6_Score(0.9832193).bmp,Multiple Lenses,L26,train
baff1bf2077285073e83be3bd857136b,/data/FMD_Data_26082026/fmd_temp_images/Updated ICube Categorical Classes 20260915/Multiple Lenses/20241107_225925_L26_C3_9999.bmp,Multiple Lenses,L26,train
bb665043a124f7ceba35a5072f4d725e,/data/FMD_Data_26082026/fmd_temp_images/Updated ICube Categorical Classes 20260915/Multiple Lenses/20241104_155329_L26_C1_9919.bmp,Multiple Lenses,L26,train
bc1560a7e7e30629279ebb2551ca351a,/data/FMD_Data_26082026/fmd_temp_images/Updated ICube Categorical Classes 20260915/Multiple Lenses/20260822_113539_L26_PalletGHQ0822155720_Cavity11_B01BKPT_Fail7_Score(0.9997909).bmp,Multiple Lenses,L26,train
bcf549fc3c23aab6204ec960c1756360,/data/FMD_Data_26082026/fmd_temp_images/Updated ICube Categorical Classes 20260915/Multiple Lenses/20260816_025546_L26_PalletGHE0816071657_Cavity11_B01BJQ6_Fail7_Score(0.998307).bmp,Multiple Lenses,L26,train
bd38f934388f8064ddaa095d818f3ef4,/data/FMD_Data_26082026/fmd_temp_images/Updated ICube Categorical Classes 20260915/Multiple Lenses/20260817_011323_L26_PalletGHK0817053443_Cavity11_B01BHZR_Fail7_Score(1).bmp,Multiple Lenses,L26,train
bd91bbba56a04651282bc0059d39a614,/data/FMD_Data_26082026/fmd_temp_images/Updated ICube Categorical Classes 20260915/Multiple Lenses/20260825_112917_L26_PalletGHG0825155016_Cavity7_B01BKM5_Fail7_Score(0.9994304).bmp,Multiple Lenses,L26,train
bdf38788a983a96f2f46999d1815276f,/data/FMD_Data_26082026/fmd_temp_images/ICube Defects Library/Multiple Lenses/20241106_011458_L26_C13_9999.bmp,Multiple Lenses,L26,train
be333f0f1a804552920e0368133c04ea,/data/FMD_Data_26082026/fmd_temp_images/Updated ICube Categorical Classes 20260915/Multiple Lenses/20260906_034004_L26_PalletGHG0906080158_Cavity3_B01BMP6_Fail7_Score(0.999646).bmp,Multiple Lenses,L26,train
bec9cdc07c535f382299b75168c56564,/data/FMD_Data_26082026/fmd_temp_images/Updated ICube Categorical Classes 20260915/Multiple Lenses/20260817_094026_L26_PalletGHU0817140148_Cavity13_B01BJQF_Fail7_Score(0.9989157).bmp,Multiple Lenses,L26,train
bee0411e76169086d75c51cc838b1856,/data/FMD_Data_26082026/fmd_temp_images/Updated ICube Categorical Classes 20260915/Multiple Lenses/20260831_102808_L26_PalletGHE0831144936_Cavity7_B01BLLV_Fail7_Score(0.993678).bmp,Multiple Lenses,L26,train
bf63daa209d9b5cb70efdb46dbfecf32,/data/FMD_Data_26082026/fmd_temp_images/Updated ICube Categorical Classes 20260915/Multiple Lenses/20260902_063407_L26_PalletGHC0902105537_Cavity14_B01BLM5_Fail7_Score(0.9884384).bmp,Multiple Lenses,L26,train
c473c265d7e33739a0bb6d08dbd52c10,/data/FMD_Data_26082026/fmd_temp_images/Updated ICube Categorical Classes 20260915/Multiple Lenses/20260816_005107_L26_PalletGHJ0816051205_Cavity2_B01BH3H_Fail7_Score(0.9951895).bmp,Multiple Lenses,L26,train
c4f4c9a64f898df8ea1299a41d0628ea,/data/FMD_Data_26082026/fmd_temp_images/Updated ICube Categorical Classes 20260915/Multiple Lenses/20260901_161448_L26_PalletGHM0901203620_Cavity10_B01BLM1_Fail7_Score(0.9989809).bmp,Multiple Lenses,L26,train
c5d2e5521cef48b63c2e18d5f6426e5c,/data/FMD_Data_26082026/fmd_temp_images/Updated ICube Categorical Classes 20260915/Multiple Lenses/20260831_073145_L26_PalletGHF0831115308_Cavity11_B01BLLS_Fail7_Score(0.9999833).bmp,Multiple Lenses,L26,train
c610d3fd31ea7d660d185679d99f0dca,/data/FMD_Data_26082026/fmd_temp_images/Updated ICube Categorical Classes 20260915/Multiple Lenses/20260901_181018_L26_PalletGHA0901223042_Cavity10_B01BLM2_Fail7_Score(0.9996899).bmp,Multiple Lenses,L26,train
c67ea25fe99013227f4d3e5fed888f6d,/data/FMD_Data_26082026/fmd_temp_images/ICube Defects Library/Multiple Lenses/20241102_200510_L26_C4_9801.bmp,Multiple Lenses,L26,train
c6e1f7b7450a83027c088f24b33a27f8,/data/FMD_Data_26082026/fmd_temp_images/Updated ICube Categorical Classes 20260915/Multiple Lenses/20260831_061721_L26_PalletGHL0831103848_Cavity2_B01BLLS_Fail7_Score(0.989353).bmp,Multiple Lenses,L26,train
c71658f0fe72a9d68fde663b56c5818a,/data/FMD_Data_26082026/fmd_temp_images/Updated ICube Categorical Classes 20260915/Multiple Lenses/20260827_001455_L26_PalletGHR0827043555_Cavity13_B01BKMC_Fail3_Score(0.9226398).bmp,Multiple Lenses,L26,train
c75d1ffffd10fa8574e9498a7a0c7ed6,/data/FMD_Data_26082026/fmd_temp_images/Updated ICube Categorical Classes 20260915/Multiple Lenses/20260821_195330_L26_PalletGHO0822001508_Cavity3_B01BKPZ_Fail5_Score(0.9652385).bmp,Multiple Lenses,L26,train
c7c57c90ec4e5201b12ed56405c021df,/data/FMD_Data_26082026/fmd_temp_images/ICube Defects Library/Multiple Lenses/20241102_054634_L26_C12_1.bmp,Multiple Lenses,L26,train
c82b21111947e48d464b5ae72298ca05,/data/FMD_Data_26082026/fmd_temp_images/Updated ICube Categorical Classes 20260915/Multiple Lenses/20260829_120344_L26_PalletGHS0829162458_Cavity15_B01BLLJ_Fail2_Score(0.9062108).bmp,Multiple Lenses,L26,train
c854d61fb90ad37e4872a1961d01f6ff,/data/FMD_Data_26082026/fmd_temp_images/Updated ICube Categorical Classes 20260915/Multiple Lenses/20260820_082412_L26_PalletGHK0820124551_Cavity3_B01BKLR_Fail7_Score(0.9997144).bmp,Multiple Lenses,L26,train
c870c6304f1c03d57f9f44a4f946afef,/data/FMD_Data_26082026/fmd_temp_images/Updated ICube Categorical Classes 20260915/Multiple Lenses/20260903_130529_L26_PalletGHA0903172712_Cavity7_B01BLMF_Fail7_Score(0.99534).bmp,Multiple Lenses,L26,train
ca4618afb36024f24920e9d370bb9e19,/data/FMD_Data_26082026/fmd_temp_images/Updated ICube Categorical Classes 20260915/Multiple Lenses/20260827_023646_L26_PalletGHH0827065750_Cavity2_B01BKMB_Fail6_Score(0.9714075).bmp,Multiple Lenses,L26,train
cb72894037821d43771fda47930470fb,/data/FMD_Data_26082026/fmd_temp_images/Updated ICube Categorical Classes 20260915/Multiple Lenses/20260906_222458_L26_PalletGHT0907024552_Cavity5_B01BMPJ_Fail7_Score(0.9962283).bmp,Multiple Lenses,L26,train
cba28ef5c64ce62c86b44447077c28ac,/data/FMD_Data_26082026/fmd_temp_images/ICube Defects Library/Multiple Lenses/20241103_204418_L26_C13_9656.bmp,Multiple Lenses,L26,train
cbd93ee3349672ce6ed69b841d25df5f,/data/FMD_Data_26082026/fmd_temp_images/Updated ICube Categorical Classes 20260915/Multiple Lenses/20241108_024123_L26_C4_9999.bmp,Multiple Lenses,L26,train
cbed6acfc853265103578c8835a600c4,/data/FMD_Data_26082026/fmd_temp_images/Updated ICube Categorical Classes 20260915/Multiple Lenses/20260818_043541_L26_PalletGHE0818085705_Cavity1_B01BHZP_Fail7_Score(0.9963441).bmp,Multiple Lenses,L26,train
cc1a6b5ab48fb53dd54fb1d7700183b4,/data/FMD_Data_26082026/fmd_temp_images/Updated ICube Categorical Classes 20260915/Multiple Lenses/20260817_002851_L26_PalletGHD0817045005_Cavity13_B01BHZR_Fail7_Score(0.9924818).bmp,Multiple Lenses,L26,train
cc397fc062b60bbecd65718c9cbea1b2,/data/FMD_Data_26082026/fmd_temp_images/Updated ICube Categorical Classes 20260915/Multiple Lenses/20260816_065638_L26_PalletGHF0816111748_Cavity11_B01BJQ6_Fail3_Score(0.9323903).bmp,Multiple Lenses,L26,train
cc861c659a2f6abdbbdae7494f50b153,/data/FMD_Data_26082026/fmd_temp_images/Updated ICube Categorical Classes 20260915/Multiple Lenses/20241106_005851_L26_C2_9961.bmp,Multiple Lenses,L26,train
cd4438bc2c6ad23aa07c826dbfce40c5,/data/FMD_Data_26082026/fmd_temp_images/ICube Defects Library/Multiple Lenses/20241103_205211_L26_C5_9999.bmp,Multiple Lenses,L26,train
ce95c6a945bc1bad73b818122aca919b,/data/FMD_Data_26082026/fmd_temp_images/Updated ICube Categorical Classes 20260915/Multiple Lenses/20260815_041548_L26_PalletGHQ0815083657_Cavity2_B01BH3F_Fail7_Score(0.9980432).bmp,Multiple Lenses,L26,train
cf667e74bf43c588f857777b002ae8f9,/data/FMD_Data_26082026/fmd_temp_images/Updated ICube Categorical Classes 20260915/Multiple Lenses/20260830_165847_L26_PalletGHI0830211959_Cavity8_B01BLLT_Fail4_Score(0.9377502).bmp,Multiple Lenses,L26,train
cf877a77db005489aa25da862fb12179,/data/FMD_Data_26082026/fmd_temp_images/Updated ICube Categorical Classes 20260915/Multiple Lenses/20260906_110015_L26_PalletGHI0906152209_Cavity5_B01BMPB_Fail7_Score(0.9998307).bmp,Multiple Lenses,L26,train
cfd51c69407c2935ca41c0fe155d35a9,/data/FMD_Data_26082026/fmd_temp_images/Updated ICube Categorical Classes 20260915/Multiple Lenses/20260907_074335_L26_PalletGHB0907120428_Cavity11_B01BMPK_Fail6_Score(0.9803275).bmp,Multiple Lenses,L26,train
cfe01a4dca66f540668013505f5af73b,/data/FMD_Data_26082026/fmd_temp_images/Updated ICube Categorical Classes 20260915/Multiple Lenses/20260907_000342_L26_PalletGHS0907042437_Cavity4_B01BMPJ_Fail6_Score(0.9768993).bmp,Multiple Lenses,L26,train
d0e3e49b1428db5396b3dd7d9113ba8a,/data/FMD_Data_26082026/fmd_temp_images/Updated ICube Categorical Classes 20260915/Multiple Lenses/20260816_130048_L26_PalletGHF0816172206_Cavity14_B01BHZQ_Fail4_Score(0.935971).bmp,Multiple Lenses,L26,train
d1336a522cb1908acfc86a0b15c88b36,/data/FMD_Data_26082026/fmd_temp_images/ICube Defects Library/Multiple Lenses/20241103_100307_L26_C1_9911.bmp,Multiple Lenses,L26,train
d204646bf45a57c25bae19ca3284ad60,/data/FMD_Data_26082026/fmd_temp_images/Updated ICube Categorical Classes 20260915/Multiple Lenses/20260826_181614_L26_PalletGHS0826223712_Cavity4_B01BKMC_Fail7_Score(0.9996727).bmp,Multiple Lenses,L26,train
d291e2c2a52fd4075422e6d05a7508b6,/data/FMD_Data_26082026/fmd_temp_images/ICube Defects Library/Multiple Lenses/20241103_080119_L26_C2_9171.bmp,Multiple Lenses,L26,train
d3c9a00d3ac22dc6767d6e8fa10590ee,/data/FMD_Data_26082026/fmd_temp_images/Updated ICube Categorical Classes 20260915/Multiple Lenses/20260902_224421_L26_PalletGHD0903030556_Cavity1_B01BLM8_Fail7_Score(0.9999996).bmp,Multiple Lenses,L26,train
d3ca488aa8a3d3f48f330e6ba81d68c8,/data/FMD_Data_26082026/fmd_temp_images/Updated ICube Categorical Classes 20260915/Multiple Lenses/20260817_115503_L26_PalletGHM0817161619_Cavity3_B01BJQF_Fail2_Score(0.906397).bmp,Multiple Lenses,L26,train
d4846aeb4ad2554006c045d4fef31ddb,/data/FMD_Data_26082026/fmd_temp_images/Updated ICube Categorical Classes 20260915/Multiple Lenses/20260816_051903_L26_PalletGHA0816094019_Cavity11_B01BJQ6_Fail6_Score(0.9808224).bmp,Multiple Lenses,L26,train
d6cc52de6bca55f6cf63e8b6b7d146cd,/data/FMD_Data_26082026/fmd_temp_images/Updated ICube Categorical Classes 20260915/Multiple Lenses/20260908_081215_L26_PalletGHU0908123318_Cavity6_B01BMPN_Fail7_Score(0.9971473).bmp,Multiple Lenses,L26,train
d72454d53f22aeb62df5bf50d813af26,/data/FMD_Data_26082026/fmd_temp_images/Updated ICube Categorical Classes 20260915/Multiple Lenses/20260901_131819_L26_PalletGHH0901173951_Cavity1_B01BLM6_Fail5_Score(0.9514765).bmp,Multiple Lenses,L26,train
d73e89d8f0a3d2b6f2eae80b5c0720b4,/data/FMD_Data_26082026/fmd_temp_images/Updated ICube Categorical Classes 20260915/Multiple Lenses/20260823_211844_L26_PalletGHE0824013934_Cavity6_B01BKLT_Fail7_Score(0.9895252).bmp,Multiple Lenses,L26,train
d8191d922187730b4a8b64b13992bb4a,/data/FMD_Data_26082026/fmd_temp_images/Updated ICube Categorical Classes 20260915/Multiple Lenses/20260816_190953_L26_PalletGHA0816233104_Cavity13_B01BHZR_Fail7_Score(0.9892318).bmp,Multiple Lenses,L26,train
d95c89dea6caf1845e9ba8d738261139,/data/FMD_Data_26082026/fmd_temp_images/Updated ICube Categorical Classes 20260915/Multiple Lenses/20260825_075300_L26_PalletGHJ0825121354_Cavity4_B01BKM5_Fail3_Score(0.9266518).bmp,Multiple Lenses,L26,train
d9d4bbf5f82012da9c148666757c6f7c,/data/FMD_Data_26082026/fmd_temp_images/Updated ICube Categorical Classes 20260915/Multiple Lenses/20260817_045859_L26_PalletGHL0817092014_Cavity10_B01BHZS_Fail7_Score(0.9868869).bmp,Multiple Lenses,L26,train
da71c72acea0dce1af78c19ff76a3c72,/data/FMD_Data_26082026/fmd_temp_images/Updated ICube Categorical Classes 20260915/Multiple Lenses/20260901_161740_L26_PalletGHL0901203911_Cavity3_B01BLM1_Fail4_Score(0.940605).bmp,Multiple Lenses,L26,train
dab9edff9b6a3da491bfe6901169da81,/data/FMD_Data_26082026/fmd_temp_images/ICube Defects Library/Multiple Lenses/20241103_194416_L26_C8_9893.bmp,Multiple Lenses,L26,train
dacc4a9e3d158bb0e88921fb700025c6,/data/FMD_Data_26082026/fmd_temp_images/Updated ICube Categorical Classes 20260915/Multiple Lenses/20260820_033311_L26_PalletGHN0820075441_Cavity10_B01BKLQ_Fail7_Score(0.9999824).bmp,Multiple Lenses,L26,train
daefe8df04233c470cd6ecb7d86ad241,/data/FMD_Data_26082026/fmd_temp_images/Updated ICube Categorical Classes 20260915/Multiple Lenses/20241106_010458_L26_C2_9430.bmp,Multiple Lenses,L26,train
db20fed3e952bb624736018a224a2f63,/data/FMD_Data_26082026/fmd_temp_images/Updated ICube Categorical Classes 20260915/Multiple Lenses/20260820_062601_L26_PalletGHT0820104736_Cavity8_B01BKLQ_Fail7_Score(0.9999341).bmp,Multiple Lenses,L26,train
dbae787f10b7e8c8a8a56ae45c27aba0,/data/FMD_Data_26082026/fmd_temp_images/Updated ICube Categorical Classes 20260915/Multiple Lenses/20260827_060101_L26_PalletGHO0827102202_Cavity15_B01BLP9_Fail7_Score(0.9902906).bmp,Multiple Lenses,L26,train
dc1340ae3e98e4612eb46a911826ad97,/data/FMD_Data_26082026/fmd_temp_images/Updated ICube Categorical Classes 20260915/Multiple Lenses/20260906_085102_L26_PalletGHS0906131251_Cavity3_B01BMP8_Fail7_Score(0.9999753).bmp,Multiple Lenses,L26,train
dc2bcd7839468bbcfbee6298aac3e3b4,/data/FMD_Data_26082026/fmd_temp_images/Updated ICube Categorical Classes 20260915/Multiple Lenses/20260901_075939_L26_PalletGHQ0901122111_Cavity12_B01BLLZ_Fail7_Score(0.9998618).bmp,Multiple Lenses,L26,train
dc70fc14fedb9629ac821dc97a1715a2,/data/FMD_Data_26082026/fmd_temp_images/Updated ICube Categorical Classes 20260915/Multiple Lenses/20260823_181413_L26_PalletGHS0823223403_Cavity4_B01BKLV_Fail6_Score(0.9734008).bmp,Multiple Lenses,L26,train
dc8059941c03ae92d6a7fcf3a19fdb54,/data/FMD_Data_26082026/fmd_temp_images/Updated ICube Categorical Classes 20260915/Multiple Lenses/20241106_063616_L26_C4_1.bmp,Multiple Lenses,L26,train
dc9905497ccc00b8c1e180cb6e83191f,/data/FMD_Data_26082026/fmd_temp_images/Updated ICube Categorical Classes 20260915/Multiple Lenses/20260826_075916_L26_PalletGHT0826122018_Cavity6_B01BKM9_Fail5_Score(0.9614945).bmp,Multiple Lenses,L26,train
dd270f23306e72c7a24c71b2aa81a76a,/data/FMD_Data_26082026/fmd_temp_images/Updated ICube Categorical Classes 20260915/Multiple Lenses/20241106_010458_L26_C10_9977.bmp,Multiple Lenses,L26,train
de2d7d488ad51942a29af12065755870,/data/FMD_Data_26082026/fmd_temp_images/Updated ICube Categorical Classes 20260915/Multiple Lenses/20260817_095147_L26_PalletGHD0817141308_Cavity15_B01BJQF_Fail4_Score(0.9490224).bmp,Multiple Lenses,L26,train
de5d6a4f31db8a727a0b562e0bfb0a75,/data/FMD_Data_26082026/fmd_temp_images/Updated ICube Categorical Classes 20260915/Multiple Lenses/20260825_070858_L26_PalletGHC0825112956_Cavity11_B01BKM4_Fail7_Score(0.9950625).bmp,Multiple Lenses,L26,train
df822dc07ff75f7c0c1d73ff9d06cc4c,/data/FMD_Data_26082026/fmd_temp_images/Updated ICube Categorical Classes 20260915/Multiple Lenses/20260823_111826_L26_PalletGHS0823153912_Cavity10_B01BKPR_Fail7_Score(0.9989731).bmp,Multiple Lenses,L26,train
dfce99da921b42cb0bb0412bee36e3c7,/data/FMD_Data_26082026/fmd_temp_images/Updated ICube Categorical Classes 20260915/Multiple Lenses/20260825_142949_L26_PalletGHN0825185045_Cavity5_B01BKM5_Fail7_Score(0.9961197).bmp,Multiple Lenses,L26,train
e05ba1fb5426bcdd81434972bc0cb13e,/data/FMD_Data_26082026/fmd_temp_images/Updated ICube Categorical Classes 20260915/Multiple Lenses/20260815_183145_L26_PalletGHU0815225251_Cavity3_B01BJQ7_Fail7_Score(0.9999982).bmp,Multiple Lenses,L26,train
e060552bac7f6dda01a3151cd71ba009,/data/FMD_Data_26082026/fmd_temp_images/ICube Defects Library/Multiple Lenses/20241101_174952_L26_C5_9999.bmp,Multiple Lenses,L26,train
e1c9847434c85c48e285ffb7c6eee4b7,/data/FMD_Data_26082026/fmd_temp_images/Updated ICube Categorical Classes 20260915/Multiple Lenses/20260824_101813_L26_PalletGHI0824143902_Cavity12_B01BKLZ_Fail7_Score(0.9994591).bmp,Multiple Lenses,L26,train
e217f2763e07ff8ec6d1aee1db179da7,/data/FMD_Data_26082026/fmd_temp_images/Updated ICube Categorical Classes 20260915/Multiple Lenses/20260814_174634_L26_PalletGHN0814220604_Cavity13_B01BH3D_Fail7_Score(0.9999985).bmp,Multiple Lenses,L26,train
e2580ec71de8957636242bbd757d6135,/data/FMD_Data_26082026/fmd_temp_images/Updated ICube Categorical Classes 20260915/Multiple Lenses/20260902_230159_L26_PalletGHG0903032242_Cavity4_B01BLM8_Fail7_Score(0.9999483).bmp,Multiple Lenses,L26,train
e2952b19b3a6ad80852685051b9b4321,/data/FMD_Data_26082026/fmd_temp_images/Updated ICube Categorical Classes 20260915/Multiple Lenses/20260829_184240_L26_PalletGHO0829230351_Cavity8_B01BLLK_Fail7_Score(0.9890621).bmp,Multiple Lenses,L26,train
e29ea81931e374db815084c25e1d78c2,/data/FMD_Data_26082026/fmd_temp_images/Updated ICube Categorical Classes 20260915/Multiple Lenses/20260815_184731_L26_PalletGHH0815230844_Cavity7_B01BJQ7_Fail7_Score(0.9999128).bmp,Multiple Lenses,L26,train
e3924867d8d8697fcd7e03a36cc0ba61,/data/FMD_Data_26082026/fmd_temp_images/Updated ICube Categorical Classes 20260915/Multiple Lenses/20260902_144323_L26_PalletGHC0902190453_Cavity15_B01BLM8_Fail6_Score(0.9709378).bmp,Multiple Lenses,L26,train
e397ba0d316f5b4a637af5396bbda046,/data/FMD_Data_26082026/fmd_temp_images/Updated ICube Categorical Classes 20260915/Multiple Lenses/20260815_163932_L26_PalletGHS0815210038_Cavity5_B01BH3J_Fail7_Score(0.9995766).bmp,Multiple Lenses,L26,train
e3c1ec32c421ec7af30412040c265d80,/data/FMD_Data_26082026/fmd_temp_images/Updated ICube Categorical Classes 20260915/Multiple Lenses/20260907_110745_L26_PalletGHB0907152841_Cavity9_B01BMPD_Fail2_Score(0.9149193).bmp,Multiple Lenses,L26,train
e3e615e9105f7daba6965f1ab9cad235,/data/FMD_Data_26082026/fmd_temp_images/Updated ICube Categorical Classes 20260915/Multiple Lenses/20260823_181413_L26_PalletGHS0823223403_Cavity8_B01BKLV_Fail7_Score(0.9953104).bmp,Multiple Lenses,L26,train
e471af178848c98bb70c45b6890d697b,/data/FMD_Data_26082026/fmd_temp_images/Updated ICube Categorical Classes 20260915/Multiple Lenses/20260825_125003_L26_PalletGHP0825171059_Cavity9_B01BKM5_Fail7_Score(0.9848767).bmp,Multiple Lenses,L26,train
e7500a92d6cc164ca5de6e1e408eeb93,/data/FMD_Data_26082026/fmd_temp_images/Updated ICube Categorical Classes 20260915/Multiple Lenses/20260901_181018_L26_PalletGHA0901223042_Cavity14_B01BLM2_Fail7_Score(0.9996518).bmp,Multiple Lenses,L26,train
e84bd8f077ec5237ddd765054ccf39b2,/data/FMD_Data_26082026/fmd_temp_images/Updated ICube Categorical Classes 20260915/Multiple Lenses/20260821_180707_L26_PalletGHI0821222730_Cavity14_B01BKPZ_Fail5_Score(0.9618955).bmp,Multiple Lenses,L26,train
e84c6aa7106d58dd57ad35ec3ac3024d,/data/FMD_Data_26082026/fmd_temp_images/Updated ICube Categorical Classes 20260915/Multiple Lenses/20241106_013126_L26_C7_9835.bmp,Multiple Lenses,L26,train
e99d93b8e1babb55f9e0ec4fe391f219,/data/FMD_Data_26082026/fmd_temp_images/Updated ICube Categorical Classes 20260915/Multiple Lenses/20260815_152921_L26_PalletGHA0815195034_Cavity8_B01BHZM_Fail7_Score(0.988924).bmp,Multiple Lenses,L26,train
e9c1ec6723c22998fbc19ef15039e8c0,/data/FMD_Data_26082026/fmd_temp_images/Updated ICube Categorical Classes 20260915/Multiple Lenses/20260824_090821_L26_PalletGHK0824132907_Cavity2_B01BKLZ_Fail7_Score(0.9964952).bmp,Multiple Lenses,L26,train
e9e9b0218b48902c1b4593e500fb29f3,/data/FMD_Data_26082026/fmd_temp_images/Updated ICube Categorical Classes 20260915/Multiple Lenses/20260820_072148_L26_PalletGHE0820114152_Cavity2_B01BKLQ_Fail6_Score(0.9823853).bmp,Multiple Lenses,L26,train
ea3691576f6c79d7cb255e9a128347b2,/data/FMD_Data_26082026/fmd_temp_images/Updated ICube Categorical Classes 20260915/Multiple Lenses/20260816_091122_L26_PalletGHC0816133238_Cavity2_B01BJQ6_Fail7_Score(1).bmp,Multiple Lenses,L26,train
eae736c1cc81cf8d830af64f9be85ae7,/data/FMD_Data_26082026/fmd_temp_images/Updated ICube Categorical Classes 20260915/Multiple Lenses/20260903_062954_L26_PalletGHQ0903105130_Cavity14_B01BLMB_Fail7_Score(0.999839).bmp,Multiple Lenses,L26,train
eb2712bd5f3098289911dda644eaf853,/data/FMD_Data_26082026/fmd_temp_images/Updated ICube Categorical Classes 20260915/Multiple Lenses/20260826_180945_L26_PalletGHO0826222921_Cavity4_B01BKMC_Fail3_Score(0.9183614).bmp,Multiple Lenses,L26,train
ecae7c8d7c558bbe217c4d002a08f74f,/data/FMD_Data_26082026/fmd_temp_images/Updated ICube Categorical Classes 20260915/Multiple Lenses/20260816_224531_L26_PalletGHR0817030641_Cavity10_B01BHZR_Fail5_Score(0.9557412).bmp,Multiple Lenses,L26,train
ecba5f91a2d70d2927b10ab381d21ba2,/data/FMD_Data_26082026/fmd_temp_images/Updated ICube Categorical Classes 20260915/Multiple Lenses/20260818_005631_L26_PalletGHQ0818051750_Cavity14_B01BHZV_Fail6_Score(0.9829984).bmp,Multiple Lenses,L26,train
edc811f49ba770fc4272bb0b64d3a87b,/data/FMD_Data_26082026/fmd_temp_images/Updated ICube Categorical Classes 20260915/Multiple Lenses/20260829_145822_L26_PalletGHO0829191934_Cavity8_B01BLLK_Fail7_Score(0.9933319).bmp,Multiple Lenses,L26,train
ee216cc7af240a19a6bbe53759e06c3c,/data/FMD_Data_26082026/fmd_temp_images/Updated ICube Categorical Classes 20260915/Multiple Lenses/20260815_142851_L26_PalletGHD0815185000_Cavity15_B01BHZM_Fail7_Score(0.999052).bmp,Multiple Lenses,L26,train
ef1b60248eb3b530cfeaa9ad212a8520,/data/FMD_Data_26082026/fmd_temp_images/Updated ICube Categorical Classes 20260915/Multiple Lenses/20260831_151518_L26_PalletGHT0831193534_Cavity2_B01BLLW_Fail7_Score(0.9982633).bmp,Multiple Lenses,L26,train
ef33c4794d2045fc98761eb7ca7f350d,/data/FMD_Data_26082026/fmd_temp_images/Updated ICube Categorical Classes 20260915/Multiple Lenses/20260907_113144_L26_PalletGHM0907155243_Cavity14_B01BMPD_Fail6_Score(0.9818247).bmp,Multiple Lenses,L26,train
f09b1838737b6d84f8057eb1220428e2,/data/FMD_Data_26082026/fmd_temp_images/Updated ICube Categorical Classes 20260915/Multiple Lenses/20260822_204043_L26_PalletGHM0823010226_Cavity10_B01BKPV_Fail7_Score(1).bmp,Multiple Lenses,L26,train
f0e7035e8c428d07358807b397f4fe4d,/data/FMD_Data_26082026/fmd_temp_images/Updated ICube Categorical Classes 20260915/Multiple Lenses/20260905_154422_L26_PalletGHI0905200544_Cavity13_B01BMP4_Fail7_Score(0.9926111).bmp,Multiple Lenses,L26,train
f10deff56c800300839e7cf396cb8356,/data/FMD_Data_26082026/fmd_temp_images/Updated ICube Categorical Classes 20260915/Multiple Lenses/20260907_151529_L26_PalletGHF0907193631_Cavity2_B01BMPG_Fail7_Score(0.999732).bmp,Multiple Lenses,L26,train
f1ac3330c8f261bc4ba31a3a9344d554,/data/FMD_Data_26082026/fmd_temp_images/Updated ICube Categorical Classes 20260915/Multiple Lenses/20260907_061209_L26_PalletGHU0907103126_Cavity5_B01BMPK_Fail7_Score(0.9996685).bmp,Multiple Lenses,L26,train
f1d1aec116b6b5e8287aa9c34e380139,/data/FMD_Data_26082026/fmd_temp_images/Updated ICube Categorical Classes 20260915/Multiple Lenses/20260904_200214_L26_PalletGHL0905002354_Cavity13_B01BLMP_Fail6_Score(0.9759279).bmp,Multiple Lenses,L26,train
f320cabff9c9449fca2c7c03df2c807e,/data/FMD_Data_26082026/fmd_temp_images/Updated ICube Categorical Classes 20260915/Multiple Lenses/20260816_072929_L26_PalletGHE0816115043_Cavity8_B01BJQ6_Fail7_Score(0.9985782).bmp,Multiple Lenses,L26,train
f44bfe02bbefd549e8b86c6e5ef37371,/data/FMD_Data_26082026/fmd_temp_images/Updated ICube Categorical Classes 20260915/Multiple Lenses/20260830_200704_L26_PalletGHU0831002821_Cavity3_B01BLLT_Fail6_Score(0.9742289).bmp,Multiple Lenses,L26,train
f4bca988dcbee694d98144f230af7848,/data/FMD_Data_26082026/fmd_temp_images/Updated ICube Categorical Classes 20260915/Multiple Lenses/20260820_163402_L26_PalletGHK0820205523_Cavity7_B01BKLS_Fail7_Score(0.999096).bmp,Multiple Lenses,L26,train
f503c7b5393cfb99a2eff93d7e074a3c,/data/FMD_Data_26082026/fmd_temp_images/Updated ICube Categorical Classes 20260915/Multiple Lenses/20260830_080941_L26_PalletGHA0830123102_Cavity2_B01BLLL_Fail7_Score(0.9995788).bmp,Multiple Lenses,L26,train
f532539e48948676ec985ecfe7c5bf09,/data/FMD_Data_26082026/fmd_temp_images/Updated ICube Categorical Classes 20260915/Multiple Lenses/20260901_095303_L26_PalletGHP0901141425_Cavity11_B01BLM0_Fail7_Score(0.9845845).bmp,Multiple Lenses,L26,train
f5a8f9cdea848bcffbe03236c7900a13,/data/FMD_Data_26082026/fmd_temp_images/Updated ICube Categorical Classes 20260915/Multiple Lenses/20260906_120631_L26_PalletGHM0906162821_Cavity2_B01BMPB_Fail7_Score(0.9995473).bmp,Multiple Lenses,L26,train
f688bc7845fae3588426c8c91eaf5550,/data/FMD_Data_26082026/fmd_temp_images/ICube Defects Library/Multiple Lenses/20241103_140229_L26_C2_9999.bmp,Multiple Lenses,L26,train
f750f8b280a480569f23ce6540fc668c,/data/FMD_Data_26082026/fmd_temp_images/Updated ICube Categorical Classes 20260915/Multiple Lenses/20260823_110910_L26_PalletGHQ0823152957_Cavity4_B01BKPR_Fail7_Score(1).bmp,Multiple Lenses,L26,train
f84365da58ee93410cd9c84ac46174ca,/data/FMD_Data_26082026/fmd_temp_images/Updated ICube Categorical Classes 20260915/Multiple Lenses/20260831_052237_L26_PalletGHI0831094403_Cavity7_B01BLLR_Fail7_Score(0.9986831).bmp,Multiple Lenses,L26,train
f870fd8090fcf174ea9e798feeb7a552,/data/FMD_Data_26082026/fmd_temp_images/Updated ICube Categorical Classes 20260915/Multiple Lenses/20260831_093417_L26_PalletGHE0831135545_Cavity15_B01BLLV_Fail7_Score(0.9999769).bmp,Multiple Lenses,L26,train
f88c3d4db2a611e35e46c03076136bb0,/data/FMD_Data_26082026/fmd_temp_images/Updated ICube Categorical Classes 20260915/Multiple Lenses/20260815_094507_L26_PalletGHN0815140618_Cavity3_B01BH3G_Fail3_Score(0.9211311).bmp,Multiple Lenses,L26,train
f8a9282027d06dd3042e93ac402185e2,/data/FMD_Data_26082026/fmd_temp_images/Updated ICube Categorical Classes 20260915/Multiple Lenses/20260814_214718_L26_PalletGHP0815020819_Cavity13_B01BH3F_Fail6_Score(0.9793761).bmp,Multiple Lenses,L26,train
f975cf1b9367a80b241b60d25be45091,/data/FMD_Data_26082026/fmd_temp_images/Updated ICube Categorical Classes 20260915/Multiple Lenses/20260815_131948_L26_PalletGHU0815174101_Cavity1_B01BH3G_Fail7_Score(0.9970008).bmp,Multiple Lenses,L26,train
f9d13e6cb979b6704c53e73a91b6e661,/data/FMD_Data_26082026/fmd_temp_images/Updated ICube Categorical Classes 20260915/Multiple Lenses/20260824_161759_L26_PalletGHK0824203848_Cavity12_B01BKM1_Fail6_Score(0.9697363).bmp,Multiple Lenses,L26,train
fa0fc82b77145f6d9db3930c8a939f1b,/data/FMD_Data_26082026/fmd_temp_images/Updated ICube Categorical Classes 20260915/Multiple Lenses/20260816_120659_L26_PalletGHR0816162757_Cavity7_B01BHZQ_Fail7_Score(0.9962348).bmp,Multiple Lenses,L26,train
fab9369bae8b7c375de26e4fd14cae9b,/data/FMD_Data_26082026/fmd_temp_images/Updated ICube Categorical Classes 20260915/Multiple Lenses/20241106_175135_L26_C9_9824.bmp,Multiple Lenses,L26,train
fb9190a2578c4d6de6ff8ee9560ccabb,/data/FMD_Data_26082026/fmd_temp_images/Updated ICube Categorical Classes 20260915/Multiple Lenses/20260905_132629_L26_PalletGHC0905174815_Cavity11_B01BMP0_Fail6_Score(0.9723362).bmp,Multiple Lenses,L26,train
fbcfa869f917c0f01a2d1d4461b9ebc6,/data/FMD_Data_26082026/fmd_temp_images/Updated ICube Categorical Classes 20260915/Multiple Lenses/20260830_222207_L26_PalletGHS0831024328_Cavity14_B01BLLP_Fail7_Score(0.9870595).bmp,Multiple Lenses,L26,train
fc6882404dc7606fa20d426f154f31cb,/data/FMD_Data_26082026/fmd_temp_images/Updated ICube Categorical Classes 20260915/Multiple Lenses/20260826_082923_L26_PalletGHM0826125026_Cavity10_B01BKM9_Fail7_Score(0.9999963).bmp,Multiple Lenses,L26,train
fd01289e00da00288a036fdc62f4076f,/data/FMD_Data_26082026/fmd_temp_images/Updated ICube Categorical Classes 20260915/Multiple Lenses/20260825_125431_L26_PalletGHF0825171525_Cavity9_B01BKM5_Fail6_Score(0.9832892).bmp,Multiple Lenses,L26,train
fd1d054c0d6b4a6135d304db7f50a267,/data/FMD_Data_26082026/fmd_temp_images/Updated ICube Categorical Classes 20260915/Multiple Lenses/20260816_122411_L26_PalletGHH0816164526_Cavity11_B01BHZQ_Fail6_Score(0.9743387).bmp,Multiple Lenses,L26,train
fe0b17ca95e3f41a7138c4fc184d33fd,/data/FMD_Data_26082026/fmd_temp_images/Updated ICube Categorical Classes 20260915/Multiple Lenses/20260817_000343_L26_PalletGHO0817042500_Cavity8_B01BHZR_Fail5_Score(0.9521019).bmp,Multiple Lenses,L26,train
fe991fed308cee429321c213e59f64a3,/data/FMD_Data_26082026/fmd_temp_images/Updated ICube Categorical Classes 20260915/Multiple Lenses/20260819_074826_L26_PalletGHH0819120807_Cavity14_B01BJRJ_Fail7_Score(0.9998335).bmp,Multiple Lenses,L26,train
ff39c07cddc16d2cf88f9e01cab7cc06,/data/FMD_Data_26082026/fmd_temp_images/Updated ICube Categorical Classes 20260915/Multiple Lenses/20260828_220151_L26_PalletGHS0829022304_Cavity12_B01BKMK_Fail7_Score(0.9995292).bmp,Multiple Lenses,L26,train
ffc44e495165545b15032507882af638,/data/FMD_Data_26082026/fmd_temp_images/Updated ICube Categorical Classes 20260915/Multiple Lenses/20260816_111415_L26_PalletGHF0816153526_Cavity8_B01BHZQ_Fail7_Score(0.9990683).bmp,Multiple Lenses,L26,train
ffdae4258a6c0c7aaeb9d33c4b272291,/data/FMD_Data_26082026/fmd_temp_images/Updated ICube Categorical Classes 20260915/Multiple Lenses/20260817_121621_L26_PalletGHR0817163739_Cavity5_B01BJQF_Fail7_Score(0.9969678).bmp,Multiple Lenses,L26,train
