source_md5,source_path,class,line,split
00ced18eb743c0edf0f2ebdd57c99077,/data/FMD_Data_26082026/fmd_temp_images/Updated ICube Objects 20260915/Foreign Matter/20260903_160417_L27_PalletGHO0903193004_Cavity15_B01BMCR_Fail7_Score(0.9993839).bmp,Foreign Matter,L27,test
015682c5a2b33bece7ec5290d1f29b0a,/data/FMD_Data_26082026/fmd_temp_images/Updated ICube Objects 20260915/Foreign Matter/20260909_070954_L27_PalletGHE0909103613_Cavity15_B01BMCZ_Fail7_Score(0.9999997).bmp,Foreign Matter,L27,test
031ddc056c6317a5ac157720538ece52,/data/FMD_Data_26082026/fmd_temp_images/Updated ICube Objects 20260915/Foreign Matter/20260905_154927_L27_PalletGHL0905191529_Cavity12_B01BMCV_Fail7_Score(0.9963806).bmp,Foreign Matter,L27,test
07af1f06f25f4bf236e9be2699780963,/data/FMD_Data_26082026/fmd_temp_images/Updated ICube Objects 20260915/Foreign Matter/20260807_184814_L27_PalletGHU0807221350_Cavity15_B01BHHF_Fail7_Score(0.9997461).bmp,Foreign Matter,L27,test
07eacfdfb82770db712392f3b2655407,/data/FMD_Data_26082026/fmd_temp_images/Updated ICube Objects 20260915/Foreign Matter/20260809_162602_L27_PalletGHA0809195153_Cavity15_B01BH58_Fail4_Score(0.9465737).bmp,Foreign Matter,L27,test
0b0bd96523a7005819ca88c83b3bec41,/data/FMD_Data_26082026/fmd_temp_images/Updated ICube Objects 20260915/Foreign Matter/20260905_165310_L27_PalletGHH0905201850_Cavity15_B01BMCV_Fail7_Score(0.9999778).bmp,Foreign Matter,L27,test
0b95769a79d1a6c2f302489a3055b570,/data/FMD_Data_26082026/fmd_temp_images/Updated ICube Objects 20260915/Foreign Matter/20260908_155903_L27_PalletGHA0908192517_Cavity10_B01BMCX_Fail7_Score(0.9999998).bmp,Foreign Matter,L27,test
0d0042daba74cc52f42b3faccbc9ff9e,/data/FMD_Data_26082026/fmd_temp_images/Updated ICube Objects 20260915/Foreign Matter/20260907_221430_L27_PalletGHI0908014042_Cavity15_B01BMCW_Fail7_Score(0.9996764).bmp,Foreign Matter,L27,test
0d4e8e83d3840a0eaec45402c967e9de,/data/FMD_Data_26082026/fmd_temp_images/Updated ICube Objects 20260915/Foreign Matter/20260809_064837_L27_PalletGHU0809101422_Cavity11_B01BH58_Fail4_Score(0.9418491)_1.0000_0.4961.bmp,Foreign Matter,L27,test
0e2a55ff15c2e2d439a36f984ae2c7b7,/data/FMD_Data_26082026/fmd_temp_images/Updated ICube Objects 20260915/Foreign Matter/20260905_141653_L27_PalletGHO0905174252_Cavity15_B01BMCV_Fail7_Score(0.9903784).bmp,Foreign Matter,L27,test
0f937b4a864b02403631d3e2c24a3b33,/data/FMD_Data_26082026/fmd_temp_images/Updated ICube Objects 20260915/Foreign Matter/20260906_194752_L27_PalletGHN0906231400_Cavity11_B01BMDC_Fail7_Score(0.9998426).bmp,Foreign Matter,L27,test
0fe64b17ba88b6a88b3a771361f0080d,/data/FMD_Data_26082026/fmd_temp_images/Updated ICube Objects 20260915/Foreign Matter/20260904_024116_L27_PalletGHG0904060710_Cavity15_B01BMCS_Fail7_Score(0.9999971).bmp,Foreign Matter,L27,test
0fe9aa4e4be75d89125b04f05bdcfa83,/data/FMD_Data_26082026/fmd_temp_images/Updated ICube Objects 20260915/Foreign Matter/20260808_201320_L27_PalletGHR0808233908_Cavity4_B01BH57_Fail7_Score(0.9994324)_1.0000_0.6157.bmp,Foreign Matter,L27,test
113b87d9e8506a27d57907ce0d39a864,/data/FMD_Data_26082026/fmd_temp_images/Updated ICube Objects 20260915/Foreign Matter/20260810_111223_L27_PalletGHE0810143815_Cavity12_B01BH5B_Fail7_Score(0.9979715).bmp,Foreign Matter,L27,test
1225e5d1bc59f226469a858142b22624,/data/FMD_Data_26082026/fmd_temp_images/Updated ICube Objects 20260915/Foreign Matter/20260903_055616_L27_PalletGHJ0903092203_Cavity15_B01BKZX_Fail4_Score(0.9424945)_0.9985_0.9536.bmp,Foreign Matter,L27,test
127e5746f4e240065bd97bf003daa517,/data/FMD_Data_26082026/fmd_temp_images/Updated ICube Objects 20260915/Foreign Matter/20260903_225834_L27_PalletGHL0904022424_Cavity10_B01BMCR_Fail3_Score(0.9184099).bmp,Foreign Matter,L27,test
1680287176750d9ef88f18eea269aeac,/data/FMD_Data_26082026/fmd_temp_images/Updated ICube Objects 20260915/Foreign Matter/20260807_212431_L27_PalletGHL0808005002_Cavity14_B01BH56_Fail7_Score(0.9999998).bmp,Foreign Matter,L27,test
16bac7f3613c042f7e2da29bda129618,/data/FMD_Data_26082026/fmd_temp_images/Updated ICube Objects 20260915/Foreign Matter/20260903_100116_L27_PalletGHC0903132703_Cavity11_B01BKZX_Fail7_Score(0.9999615).bmp,Foreign Matter,L27,test
16bb7ead395fc34c2d867c66fc25d5dd,/data/FMD_Data_26082026/fmd_temp_images/Updated ICube Objects 20260915/Foreign Matter/20260906_211743_L27_PalletGHA0907004349_Cavity2_B01BMDC_Fail7_Score(0.9999976).bmp,Foreign Matter,L27,test
1735eae1367a92572332caca4685c70c,/data/FMD_Data_26082026/fmd_temp_images/Updated ICube Objects 20260915/Foreign Matter/20260808_130625_L27_PalletGHG0808163209_Cavity15_B01BH56_Fail7_Score(0.9976444).bmp,Foreign Matter,L27,test
197cb6179ed70c0b5a99f71e724a85ef,/data/FMD_Data_26082026/fmd_temp_images/Updated ICube Objects 20260915/Foreign Matter/20260906_083502_L27_PalletGHR0906120107_Cavity15_B01BMD6_Fail7_Score(0.9999232)_0.9999_0.9779.bmp,Foreign Matter,L27,test
1aac39d46f5ae506df4e97bf9306a063,/data/FMD_Data_26082026/fmd_temp_images/Updated ICube Objects 20260915/Foreign Matter/20260808_004115_L27_PalletGHR0808040657_Cavity8_B01BH56_Fail7_Score(0.9998632)_0.9968_0.9216.bmp,Foreign Matter,L27,test
1ad0977d6d8ddfb08766155006d5ffff,/data/FMD_Data_26082026/fmd_temp_images/Updated ICube Objects 20260915/Foreign Matter/20260904_150431_L27_PalletGHK0904183027_Cavity5_B01BMCT_Fail7_Score(0.9999761).bmp,Foreign Matter,L27,test
1fb26a089ec81998866404814be837b1,/data/FMD_Data_26082026/fmd_temp_images/Updated ICube Objects 20260915/Foreign Matter/20260807_212358_L27_PalletGHD0808004940_Cavity14_B01BH56_Fail7_Score(0.9974515).bmp,Foreign Matter,L27,test
212a47508ef2759e6aa1d6ef22f63415,/data/FMD_Data_26082026/fmd_temp_images/Updated ICube Objects 20260915/Foreign Matter/20260904_191957_L27_PalletGHQ0904224554_Cavity1_B01BMCT_Fail7_Score(0.9999108).bmp,Foreign Matter,L27,test
2153404739a82f8643a6b82ea472c5a9,/data/FMD_Data_26082026/fmd_temp_images/Updated ICube Objects 20260915/Foreign Matter/20260903_155822_L27_PalletGHC0903192404_Cavity14_B01BMCR_Fail7_Score(0.9997662)_0.9992_0.9873.bmp,Foreign Matter,L27,test
2434e4cd1405e39ae5f6c54cfab64877,/data/FMD_Data_26082026/fmd_temp_images/Updated ICube Objects 20260915/Foreign Matter/20260902_135802_L27_PalletGHP0902172341_Cavity6_B01BKZW_Fail7_Score(0.9999049).bmp,Foreign Matter,L27,test
2470f402dddeee28d02584000c590c69,/data/FMD_Data_26082026/fmd_temp_images/Updated ICube Objects 20260915/Foreign Matter/20260808_025157_L27_PalletGHD0808061736_Cavity13_B01BH56_Fail7_Score(0.9970469).bmp,Foreign Matter,L27,test
25dd00af485438b1d7694f43dd9f065d,/data/FMD_Data_26082026/fmd_temp_images/Updated ICube Objects 20260915/Foreign Matter/20260906_155653_L27_PalletGHF0906192254_Cavity8_B01BMDB_Fail7_Score(0.9992746)_0.9984_0.9598.bmp,Foreign Matter,L27,test
26963011398850034ed72dc90884596f,/data/FMD_Data_26082026/fmd_temp_images/Updated ICube Objects 20260915/Foreign Matter/20260808_000423_L27_PalletGHU0808033006_Cavity1_B01BH56_Fail7_Score(0.9999828).bmp,Foreign Matter,L27,test
28946130e7eeb97d4b99ffa8a859e19b,/data/FMD_Data_26082026/fmd_temp_images/Updated ICube Objects 20260915/Foreign Matter/20241110_163640_L27_PalletGHB1110182825_Cavity14_B0178LC_Fail7_Score(0.9998441)_0.9999_0.9903.bmp,Foreign Matter,L27,test
2b08b5948d823a3071c5d478efe30f53,/data/FMD_Data_26082026/fmd_temp_images/Updated ICube Objects 20260915/Foreign Matter/20260908_014259_L27_PalletGHD0908050912_Cavity15_B01BMCW_Fail7_Score(0.9999922).bmp,Foreign Matter,L27,test
2e263c68aa8ddf0e427e001d5c7f790e,/data/FMD_Data_26082026/fmd_temp_images/Updated ICube Objects 20260915/Foreign Matter/20260907_181023_L27_PalletGHG0907213637_Cavity7_B01BMCW_Fail7_Score(0.9999676).bmp,Foreign Matter,L27,test
2ef6472da2bf5cbe721b2890c22964c2,/data/FMD_Data_26082026/fmd_temp_images/Updated ICube Objects 20260915/Foreign Matter/20260808_044202_L27_PalletGHP0808080739_Cavity15_B01BH56_Fail6_Score(0.9714777).bmp,Foreign Matter,L27,test
323640e7665115e51854b4a315215f60,/data/FMD_Data_26082026/fmd_temp_images/Updated ICube Objects 20260915/Foreign Matter/20260809_104353_L27_PalletGHF0809140942_Cavity3_B01BH58_Fail7_Score(0.9990656).bmp,Foreign Matter,L27,test
32c210772fdf0c0a5bab84f3d8fc00a6,/data/FMD_Data_26082026/fmd_temp_images/Updated ICube Objects 20260915/Foreign Matter/20260808_185319_L27_PalletGHS0808221905_Cavity11_B01BH57_Fail7_Score(0.9999932)_1.0000_0.4104.bmp,Foreign Matter,L27,test
3304a98188014656869c26d5ac1a85be,/data/FMD_Data_26082026/fmd_temp_images/Updated ICube Objects 20260915/Foreign Matter/20241102_185625_L27_PalletGHK1102194724_Cavity15_B01779V_Fail7_Score(0.9909526)_0.9999_0.9544.bmp,Foreign Matter,L27,test
342fe910b1b8b1f6afc7792152a32fda,/data/FMD_Data_26082026/fmd_temp_images/Updated ICube Objects 20260915/Foreign Matter/20260906_192614_L27_PalletGHA0906225218_Cavity6_B01BMDC_Fail7_Score(0.9999917).bmp,Foreign Matter,L27,test
34d45884eedc4b8e90e4ba13aa5fdc50,/data/FMD_Data_26082026/fmd_temp_images/Updated ICube Objects 20260915/Foreign Matter/20260809_131737_L27_PalletGHN0809164327_Cavity12_B01BH58_Fail4_Score(0.945796)_0.9998_0.8513.bmp,Foreign Matter,L27,test
350465668491d76f63f15bceb3283542,/data/FMD_Data_26082026/fmd_temp_images/Updated ICube Objects 20260915/Foreign Matter/20260810_102749_L27_PalletGHI0810135339_Cavity11_B01BH5B_Fail7_Score(0.9997931).bmp,Foreign Matter,L27,test
355aff8616397a140ffcd10727d60223,/data/FMD_Data_26082026/fmd_temp_images/Updated ICube Objects 20260915/Foreign Matter/20260809_061450_L27_PalletGHP0809094038_Cavity11_B01BH58_Fail7_Score(0.993735)_0.9980_0.6261.bmp,Foreign Matter,L27,test
37439cc9a6e846ba4e1da379017d06a0,/data/FMD_Data_26082026/fmd_temp_images/Updated ICube Objects 20260915/Foreign Matter/20260904_184151_L27_PalletGHR0904220704_Cavity4_B01BMCT_Fail7_Score(0.9999472).bmp,Foreign Matter,L27,test
386efc897bf6a1d61ccf12257f63463b,/data/FMD_Data_26082026/fmd_temp_images/Updated ICube Objects 20260915/Foreign Matter/20260903_162351_L27_PalletGHO0903194944_Cavity1_B01BMCR_Fail7_Score(0.9999822).bmp,Foreign Matter,L27,test
38a97ea99e2eb3ee5e237bb9b85809d4,/data/FMD_Data_26082026/fmd_temp_images/Updated ICube Objects 20260915/Foreign Matter/20260809_194859_L27_PalletGHH0809231452_Cavity13_B01BH59_Fail7_Score(0.9993503).bmp,Foreign Matter,L27,test
38f44e1b7796a655979cb5766b840225,/data/FMD_Data_26082026/fmd_temp_images/Updated ICube Objects 20260915/Foreign Matter/20260905_015648_L27_PalletGHR0905052248_Cavity13_B01BMCV_Fail7_Score(0.9996249).bmp,Foreign Matter,L27,test
3a2dc5d1c0e0d2575a868195d115679b,/data/FMD_Data_26082026/fmd_temp_images/Updated ICube Objects 20260915/Foreign Matter/20260808_215636_L27_PalletGHA0809012224_Cavity10_B01BH57_Fail4_Score(0.9423904).bmp,Foreign Matter,L27,test
3b01837ad6798e950fb4567f8240449f,/data/FMD_Data_26082026/fmd_temp_images/Updated ICube Objects 20260915/Foreign Matter/20260906_151807_L27_PalletGHS0906184414_Cavity10_B01BMDB_Fail7_Score(1).bmp,Foreign Matter,L27,test
3e3a72488ce554c99a0c2ee9c7e17be2,/data/FMD_Data_26082026/fmd_temp_images/Updated ICube Objects 20260915/Foreign Matter/20260904_233556_L27_PalletGHC0905030153_Cavity15_B01BMCV_Fail7_Score(0.9939501)_0.9995_0.9541.bmp,Foreign Matter,L27,test
43cee74a7159af47be86f8edc871c60a,/data/FMD_Data_26082026/fmd_temp_images/Updated ICube Objects 20260915/Foreign Matter/20241110_160906_L27_PalletGHS1110180003_Cavity13_B0178LC_Fail7_Score(0.9959893)_1.0000_0.9957.bmp,Foreign Matter,L27,test
447fce41c0e9e3a4f31a12dc4766fd87,/data/FMD_Data_26082026/fmd_temp_images/Updated ICube Objects 20260915/Foreign Matter/20241105_095054_L27_PalletGHN1105114158_Cavity11_B0178KP_Fail6_Score(0.9826413)_1.0000_0.9764.bmp,Foreign Matter,L27,test
47c17cf8edf312ae44831e3db8a3a769,/data/FMD_Data_26082026/fmd_temp_images/Updated ICube Objects 20260915/Foreign Matter/20260807_142455_L27_PalletGHK0807175032_Cavity15_B01BHHF_Fail7_Score(0.9999812).bmp,Foreign Matter,L27,test
49460ae2eaea58db240482e1c602eaff,/data/FMD_Data_26082026/fmd_temp_images/Updated ICube Objects 20260915/Foreign Matter/20260809_082909_L27_PalletGHR0809115457_Cavity12_B01BH58_Fail7_Score(0.9996753).bmp,Foreign Matter,L27,test
516d40f582d1f8cd0775f66c75bdbac6,/data/FMD_Data_26082026/fmd_temp_images/Updated ICube Objects 20260915/Foreign Matter/20260902_153020_L27_PalletGHN0902185608_Cavity1_B01BKZW_Fail7_Score(0.9995217).bmp,Foreign Matter,L27,test
526e17648fe1594c31695677fd802278,/data/FMD_Data_26082026/fmd_temp_images/Updated ICube Objects 20260915/Foreign Matter/20260906_191523_L27_PalletGHP0906224126_Cavity15_B01BMDC_Fail7_Score(0.9999973).bmp,Foreign Matter,L27,test
5547b128231e4bdd9323733ef4caf380,/data/FMD_Data_26082026/fmd_temp_images/Updated ICube Objects 20260915/Foreign Matter/20260810_113545_L27_PalletGHF0810150136_Cavity4_B01BH5B_Fail7_Score(0.9999646).bmp,Foreign Matter,L27,test
56fb8bd6f72f64efaffc4cf74a0bdf40,/data/FMD_Data_26082026/fmd_temp_images/Updated ICube Objects 20260915/Foreign Matter/20260907_073320_L27_PalletGHR0907105930_Cavity12_B01BMCN_Fail7_Score(0.9999411).bmp,Foreign Matter,L27,test
5a27c6deac148c2893af1022b20e38c3,/data/FMD_Data_26082026/fmd_temp_images/Updated ICube Objects 20260915/Foreign Matter/20260809_110338_L27_PalletGHI0809142927_Cavity13_B01BH58_Fail7_Score(0.9965608).bmp,Foreign Matter,L27,test
5b2e69567ea98d3c51d7f684efdb681c,/data/FMD_Data_26082026/fmd_temp_images/Updated ICube Objects 20260915/Foreign Matter/20260807_154957_L27_PalletGHA0807191538_Cavity13_B01BHHF_Fail7_Score(0.9999996).bmp,Foreign Matter,L27,test
5fb44bcc661412a3ed4cdcc6fc63e17c,/data/FMD_Data_26082026/fmd_temp_images/Updated ICube Objects 20260915/Foreign Matter/20260906_194529_L27_PalletGHD0906231133_Cavity6_B01BMDC_Fail7_Score(0.9985567).bmp,Foreign Matter,L27,test
6015629143c93035553ed63c4488ad6e,/data/FMD_Data_26082026/fmd_temp_images/Updated ICube Objects 20260915/Foreign Matter/20260905_112010_L27_PalletGHG0905144611_Cavity15_B01BMCV_Fail7_Score(0.9999996).bmp,Foreign Matter,L27,test
61972776d8dadea0200c2e001a728a4e,/data/FMD_Data_26082026/fmd_temp_images/Updated ICube Objects 20260915/Foreign Matter/20260810_131135_L27_PalletGHI0810163730_Cavity13_B01BH5B_Fail7_Score(0.9999151).bmp,Foreign Matter,L27,test
636362e6cf60552f325698cde062880f,/data/FMD_Data_26082026/fmd_temp_images/Updated ICube Objects 20260915/Foreign Matter/20260905_220316_L27_PalletGHQ0906012914_Cavity15_B01BM7D_Fail7_Score(0.9999157).bmp,Foreign Matter,L27,test
63b1431d4776d9063ac2c331f2373f9e,/data/FMD_Data_26082026/fmd_temp_images/Updated ICube Objects 20260915/Foreign Matter/20260903_145130_L27_PalletGHB0903181713_Cavity15_B01BMCR_Fail7_Score(0.9999816).bmp,Foreign Matter,L27,test
63db40f90b20641271df6ab31d8f37cb,/data/FMD_Data_26082026/fmd_temp_images/Updated ICube Objects 20260915/Foreign Matter/20260808_110340_L27_PalletGHF0808142923_Cavity15_B01BH56_Fail7_Score(0.9927381)_1.0000_0.7821.bmp,Foreign Matter,L27,test
641e5abb9f68879fd2dd19071919e307,/data/FMD_Data_26082026/fmd_temp_images/Updated ICube Objects 20260915/Foreign Matter/20260806_071010_L27_PalletGHC0806103537_Cavity14_B01BGMM_Fail7_Score(0.9999089).bmp,Foreign Matter,L27,test
669260446a78550c1b550f0c419ea8d7,/data/FMD_Data_26082026/fmd_temp_images/Updated ICube Objects 20260915/Foreign Matter/20260904_015240_L27_PalletGHT0904051834_Cavity1_B01BMCS_Fail7_Score(0.9999976).bmp,Foreign Matter,L27,test
6b67731c086f92d23c4ee9cb476ebb7e,/data/FMD_Data_26082026/fmd_temp_images/Updated ICube Objects 20260915/Foreign Matter/20260808_110042_L27_PalletGHP0808142523_Cavity13_B01BH56_Fail7_Score(0.9998475)_1.0000_0.9716.bmp,Foreign Matter,L27,test
6dd0455639f0b4f5073fedb891ad55a2,/data/FMD_Data_26082026/fmd_temp_images/Updated ICube Objects 20260915/Foreign Matter/20260909_021233_L27_PalletGHM0909053848_Cavity4_B01BMCZ_Fail7_Score(0.9999965).bmp,Foreign Matter,L27,test
6f57d1b70f1f6499cd3f2260f244dfdb,/data/FMD_Data_26082026/fmd_temp_images/Updated ICube Objects 20260915/Foreign Matter/20260904_003323_L27_PalletGHF0904035914_Cavity15_B01BMCR_Fail7_Score(0.9999071)_0.9872_0.9714.bmp,Foreign Matter,L27,test
6fda0ef93738fd1d72e3952295e7762f,/data/FMD_Data_26082026/fmd_temp_images/Updated ICube Objects 20260915/Foreign Matter/20260904_214040_L27_PalletGHC0905010634_Cavity15_B01BMCT_Fail4_Score(0.9368309).bmp,Foreign Matter,L27,test
70fc961812e29d2414ab17a0e8c47dbe,/data/FMD_Data_26082026/fmd_temp_images/Updated ICube Objects 20260915/Foreign Matter/20260904_094316_L27_PalletGHF0904130911_Cavity5_B01BMCT_Fail7_Score(0.9999843).bmp,Foreign Matter,L27,test
721ff6bccc5e7516bcc50a0a664bee24,/data/FMD_Data_26082026/fmd_temp_images/Updated ICube Objects 20260915/Foreign Matter/20260808_154031_L27_PalletGHR0808190618_Cavity15_B01BH57_Fail6_Score(0.9803262).bmp,Foreign Matter,L27,test
724497a4f5399583f37f8c4df5bfaf2d,/data/FMD_Data_26082026/fmd_temp_images/Updated ICube Objects 20260915/Foreign Matter/20260807_183329_L27_PalletGHR0807215910_Cavity1_B01BHHF_Fail7_Score(0.9999834).bmp,Foreign Matter,L27,test
7509c0d221178a1fc2acc249434ec78f,/data/FMD_Data_26082026/fmd_temp_images/Updated ICube Objects 20260915/Foreign Matter/20241113_043222_L27_PalletGHF1113084654_Cavity1_B01796X_Fail4_Score(0.9452471)_0.9999_0.9532.bmp,Foreign Matter,L27,test
766456de28691475c8e74fd2e8fd4f88,/data/FMD_Data_26082026/fmd_temp_images/Updated ICube Objects 20260915/Foreign Matter/20260906_193034_L27_PalletGHE0906225640_Cavity10_B01BMDC_Fail7_Score(0.9997735).bmp,Foreign Matter,L27,test
77fecfb239a49b852f3356b1751018fa,/data/FMD_Data_26082026/fmd_temp_images/Updated ICube Objects 20260915/Foreign Matter/20241110_175340_L27_PalletGHL1110194526_Cavity15_B0178LD_Fail3_Score(0.930781)_1.0000_0.9972.bmp,Foreign Matter,L27,test
78d777f6df45abe01100f9755326cdce,/data/FMD_Data_26082026/fmd_temp_images/Updated ICube Objects 20260915/Foreign Matter/20260808_165140_L27_PalletGHS0808201721_Cavity8_B01BH57_Fail7_Score(0.9999905).bmp,Foreign Matter,L27,test
78f8aa18401ed9725bc13df62ee0e804,/data/FMD_Data_26082026/fmd_temp_images/Updated ICube Objects 20260915/Foreign Matter/20260904_195443_L27_PalletGHU0904232036_Cavity9_B01BMCT_Fail7_Score(0.9999512).bmp,Foreign Matter,L27,test
79a911b758b84e6f11f7c4875faf6e09,/data/FMD_Data_26082026/fmd_temp_images/Updated ICube Objects 20260915/Foreign Matter/20260907_210603_L27_PalletGHE0908003216_Cavity11_B01BMCW_Fail7_Score(0.9999965).bmp,Foreign Matter,L27,test
79cdcabdc016591d347a6e4c47b1a964,/data/FMD_Data_26082026/fmd_temp_images/Updated ICube Objects 20260915/Foreign Matter/20260906_192445_L27_PalletGHM0906225050_Cavity12_B01BMDC_Fail7_Score(0.9991112).bmp,Foreign Matter,L27,test
80a5b141ff15e442cbb1d060d50498cf,/data/FMD_Data_26082026/fmd_temp_images/Updated ICube Objects 20260915/Foreign Matter/20260806_070903_L27_PalletGHA0806103433_Cavity5_B01BGMM_Fail7_Score(0.9997159).bmp,Foreign Matter,L27,test
8100b13e1c3cd0cf640796a1be02b411,/data/FMD_Data_26082026/fmd_temp_images/Updated ICube Objects 20260915/Foreign Matter/20260906_094831_L27_PalletGHT0906131432_Cavity4_B01BMD6_Fail7_Score(0.9983482).bmp,Foreign Matter,L27,test
82f776212b4ce73415cc51439dece03f,/data/FMD_Data_26082026/fmd_temp_images/Updated ICube Objects 20260915/Foreign Matter/20260810_143913_L27_PalletGHC0810180502_Cavity11_B01BH5B_Fail7_Score(0.9999999).bmp,Foreign Matter,L27,test
830645fc24a4ab53d8eb92e1c3767531,/data/FMD_Data_26082026/fmd_temp_images/Updated ICube Objects 20260915/Foreign Matter/20260905_135701_L27_PalletGHE0905172259_Cavity14_B01BMCV_Fail7_Score(0.9999891).bmp,Foreign Matter,L27,test
85ad7eeb932b0bdc87dfae7303c61a72,/data/FMD_Data_26082026/fmd_temp_images/Updated ICube Objects 20260915/Foreign Matter/20260807_180606_L27_PalletGHS0807213143_Cavity14_B01BHHF_Fail7_Score(0.999871).bmp,Foreign Matter,L27,test
85fc0261f9b9f91a2848e7923cd1ff06,/data/FMD_Data_26082026/fmd_temp_images/Updated ICube Objects 20260915/Foreign Matter/20260904_110013_L27_PalletGHM0904142610_Cavity14_B01BMCT_Fail7_Score(0.9998026)_0.9983_0.9747.bmp,Foreign Matter,L27,test
8613726543d19d51c53ad92c49e8b73a,/data/FMD_Data_26082026/fmd_temp_images/Updated ICube Objects 20260915/Foreign Matter/20260904_230211_L27_PalletGHK0905022806_Cavity2_B01BMCV_Fail7_Score(0.9999934).bmp,Foreign Matter,L27,test
8728eed0d787260b9481820ccd738538,/data/FMD_Data_26082026/fmd_temp_images/Updated ICube Objects 20260915/Foreign Matter/20260907_175938_L27_PalletGHI0907212549_Cavity4_B01BMCW_Fail7_Score(0.9995216).bmp,Foreign Matter,L27,test
8802392b4449eea5d8403c0a01fb4aca,/data/FMD_Data_26082026/fmd_temp_images/Updated ICube Objects 20260915/Foreign Matter/20260909_105510_L27_PalletGHG0909141412_Cavity15_B01BMCZ_Fail5_Score(0.9502488).bmp,Foreign Matter,L27,test
8832d1f217c1380559c906eb61279d81,/data/FMD_Data_26082026/fmd_temp_images/Updated ICube Objects 20260915/Foreign Matter/20260904_150340_L27_PalletGHP0904182936_Cavity7_B01BMCT_Fail7_Score(0.9999998).bmp,Foreign Matter,L27,test
8c4a9ee730eb2fcc3fd7122a5735096f,/data/FMD_Data_26082026/fmd_temp_images/Updated ICube Objects 20260915/Foreign Matter/20260909_105510_L27_PalletGHG0909141412_Cavity11_B01BMCZ_Fail7_Score(0.9980085).bmp,Foreign Matter,L27,test
8ce9500c7e6f18a818f3e552e1f410e0,/data/FMD_Data_26082026/fmd_temp_images/Updated ICube Objects 20260915/Foreign Matter/20260806_092909_L27_PalletGHQ0806125441_Cavity4_B01BGMM_Fail7_Score(0.9986126).bmp,Foreign Matter,L27,test
8d129bb88bb0ef3aaca89a88595db262,/data/FMD_Data_26082026/fmd_temp_images/Updated ICube Objects 20260915/Foreign Matter/20260807_153305_L27_PalletGHO0807185848_Cavity15_B01BHHF_Fail7_Score(0.9999998).bmp,Foreign Matter,L27,test
905a95f69578429597946050803cabe9,/data/FMD_Data_26082026/fmd_temp_images/Updated ICube Objects 20260915/Foreign Matter/20260907_012733_L27_PalletGHK0907045342_Cavity12_B01BMDD_Fail7_Score(0.9991056)_0.9998_0.9794.bmp,Foreign Matter,L27,test
92227fb454158d6080d244bf6a9009d5,/data/FMD_Data_26082026/fmd_temp_images/Updated ICube Objects 20260915/Foreign Matter/20260904_040038_L27_PalletGHU0904072627_Cavity13_B01BMCS_Fail7_Score(0.9999648).bmp,Foreign Matter,L27,test
95b2d9d6352cd728c0762983b80c4740,/data/FMD_Data_26082026/fmd_temp_images/Updated ICube Objects 20260915/Foreign Matter/20260903_143852_L27_PalletGHD0903180441_Cavity12_B01BMCR_Fail7_Score(0.9999706).bmp,Foreign Matter,L27,test
98c1038e83d9c7ea210d3f02a875a9e3,/data/FMD_Data_26082026/fmd_temp_images/Updated ICube Objects 20260915/Foreign Matter/20241110_052607_L27_PalletGHM1110071750_Cavity14_B0178LB_Fail2_Score(0.9064574)_1.0000_0.9620.bmp,Foreign Matter,L27,test
9a5bc7802887ae10f15ecde16a6fcd47,/data/FMD_Data_26082026/fmd_temp_images/Updated ICube Objects 20260915/Foreign Matter/20260807_235957_L27_PalletGHI0808032534_Cavity4_B01BH56_Fail7_Score(0.9999838).bmp,Foreign Matter,L27,test
a01192b8e622b321a88fdd4ce8164ed7,/data/FMD_Data_26082026/fmd_temp_images/Updated ICube Objects 20260915/Foreign Matter/20260807_220328_L27_PalletGHD0808012845_Cavity14_B01BH56_Fail7_Score(0.999922).bmp,Foreign Matter,L27,test
a14d60c7bba3ac33fd3fc6a4c0b7af39,/data/FMD_Data_26082026/fmd_temp_images/Updated ICube Objects 20260915/Foreign Matter/20260908_151257_L27_PalletGHS0908183913_Cavity10_B01BMCX_Fail7_Score(0.9999989).bmp,Foreign Matter,L27,test
a1e28031c49f97dc7a285c4d7356eba0,/data/FMD_Data_26082026/fmd_temp_images/Updated ICube Objects 20260915/Foreign Matter/20260903_074710_L27_PalletGHP0903111301_Cavity15_B01BKZX_Fail7_Score(0.9998492).bmp,Foreign Matter,L27,test
a21b257b5631e1c1e702abdde1c7d0bd,/data/FMD_Data_26082026/fmd_temp_images/Updated ICube Objects 20260915/Foreign Matter/20260807_104459_L27_PalletGHG0807141033_Cavity10_B01BGMR_Fail7_Score(0.9998559).bmp,Foreign Matter,L27,test
a28ac945b4c31959fa3123d3562035e5,/data/FMD_Data_26082026/fmd_temp_images/Updated ICube Objects 20260915/Foreign Matter/20260906_061319_L27_PalletGHT0906093924_Cavity12_B01BMD7_Fail7_Score(0.9999439).bmp,Foreign Matter,L27,test
a4687e68c3bf81b860c5610a8600609a,/data/FMD_Data_26082026/fmd_temp_images/Updated ICube Objects 20260915/Foreign Matter/20260807_223717_L27_PalletGHF0808020236_Cavity9_B01BH56_Fail7_Score(0.9999226).bmp,Foreign Matter,L27,test
a479165bc53d9d086936f2befc4053bf,/data/FMD_Data_26082026/fmd_temp_images/Updated ICube Objects 20260915/Foreign Matter/20260807_212624_L27_PalletGHI0808005157_Cavity15_B01BH56_Fail7_Score(0.9999978).bmp,Foreign Matter,L27,test
a5c28ac9f7c31e167550daf508dc5401,/data/FMD_Data_26082026/fmd_temp_images/Updated ICube Objects 20260915/Foreign Matter/20260904_011929_L27_PalletGHO0904044517_Cavity14_B01BMCS_Fail7_Score(0.994612).bmp,Foreign Matter,L27,test
a5eadbbac595f2a5573772d777dfa4eb,/data/FMD_Data_26082026/fmd_temp_images/Updated ICube Objects 20260915/Foreign Matter/20260903_173041_L27_PalletGHA0903205633_Cavity7_B01BMCR_Fail7_Score(0.9999902)_1.0000_0.9656.bmp,Foreign Matter,L27,test
a6966a3eda05c70c5fbcc9a1647abe67,/data/FMD_Data_26082026/fmd_temp_images/Updated ICube Objects 20260915/Foreign Matter/20260808_004359_L27_PalletGHM0808040941_Cavity15_B01BH56_Fail7_Score(0.9999961).bmp,Foreign Matter,L27,test
ab8886144e317cda1be4ffed419dcc83,/data/FMD_Data_26082026/fmd_temp_images/Updated ICube Objects 20260915/Foreign Matter/20260809_021734_L27_PalletGHI0809054320_Cavity6_B01BH57_Fail7_Score(0.9999809).bmp,Foreign Matter,L27,test
adc835ca77da453d41093fc1e4401ec4,/data/FMD_Data_26082026/fmd_temp_images/Updated ICube Objects 20260915/Foreign Matter/20260808_042424_L27_PalletGHF0808075003_Cavity3_B01BH56_Fail6_Score(0.9686603)_0.9997_0.3699.bmp,Foreign Matter,L27,test
b023db62bc9728617a48a0bd9a2f846e,/data/FMD_Data_26082026/fmd_temp_images/Updated ICube Objects 20260915/Foreign Matter/20260906_151717_L27_PalletGHB0906184324_Cavity14_B01BMDB_Fail7_Score(0.9997962).bmp,Foreign Matter,L27,test
b2ac7ea957b9b7ef6ad5f130460ef239,/data/FMD_Data_26082026/fmd_temp_images/Updated ICube Objects 20260915/Foreign Matter/20260904_135411_L27_PalletGHS0904172000_Cavity3_B01BMCT_Fail7_Score(0.9992362).bmp,Foreign Matter,L27,test
b352551f0e280e1497c95f1fc333ebcd,/data/FMD_Data_26082026/fmd_temp_images/Updated ICube Objects 20260915/Foreign Matter/20260909_105500_L27_PalletGHU0909141225_Cavity13_B01BMCZ_Fail5_Score(0.9516699).bmp,Foreign Matter,L27,test
b4573a28b102a1d352df4bf59eac6ef7,/data/FMD_Data_26082026/fmd_temp_images/Updated ICube Objects 20260915/Foreign Matter/20260808_062744_L27_PalletGHF0808095329_Cavity14_B01BH56_Fail7_Score(0.999676).bmp,Foreign Matter,L27,test
b4781c045265e8825c8e1a0bce39f94b,/data/FMD_Data_26082026/fmd_temp_images/Updated ICube Objects 20260915/Foreign Matter/20260903_082854_L27_PalletGHF0903115443_Cavity10_B01BKZX_Fail7_Score(0.9966903).bmp,Foreign Matter,L27,test
b531f838de73dc92e9fb5ac27719cb39,/data/FMD_Data_26082026/fmd_temp_images/Updated ICube Objects 20260915/Foreign Matter/20260904_165159_L27_PalletGHK0904201757_Cavity14_B01BMCT_Fail7_Score(0.9999995).bmp,Foreign Matter,L27,test
b792713ab4dc42ac8b4af2a145a3928e,/data/FMD_Data_26082026/fmd_temp_images/Updated ICube Objects 20260915/Foreign Matter/20260810_112209_L27_PalletGHE0810144804_Cavity13_B01BH5B_Fail7_Score(0.9999985)_1.0000_0.9914.bmp,Foreign Matter,L27,test
ba5d445d577242523c7f761814c02f74,/data/FMD_Data_26082026/fmd_temp_images/Updated ICube Objects 20260915/Foreign Matter/20260904_045319_L27_PalletGHA0904081913_Cavity8_B01BMCS_Fail7_Score(0.9999876).bmp,Foreign Matter,L27,test
bba36bafb090fdd3d3a1c098dc9ac2ed,/data/FMD_Data_26082026/fmd_temp_images/Updated ICube Objects 20260915/Foreign Matter/20241106_163500_L27_PalletGHU1106182626_Cavity15_B0178KV_Fail7_Score(0.9938394)_1.0000_0.9893.bmp,Foreign Matter,L27,test
c2aec4b8d196b93b44e3f8da23ceec41,/data/FMD_Data_26082026/fmd_temp_images/Updated ICube Objects 20260915/Foreign Matter/20260809_030245_L27_PalletGHP0809062833_Cavity9_B01BH57_Fail7_Score(0.9999923).bmp,Foreign Matter,L27,test
c3d250f542e3d5b323525f7b697b992d,/data/FMD_Data_26082026/fmd_temp_images/Updated ICube Objects 20260915/Foreign Matter/20241104_195559_L27_PalletGHK1104214716_Cavity13_B0178KM_Fail4_Score(0.9425958)_1.0000_0.9807.bmp,Foreign Matter,L27,test
c7163d88ba99975402b91ba29e5a9b2e,/data/FMD_Data_26082026/fmd_temp_images/Updated ICube Objects 20260915/Foreign Matter/20260807_184606_L27_PalletGHB0807220913_Cavity7_B01BHHF_Fail7_Score(0.99992).bmp,Foreign Matter,L27,test
c738641a5a1d9f7e8e258634645c49b8,/data/FMD_Data_26082026/fmd_temp_images/Updated ICube Objects 20260915/Foreign Matter/20260806_095602_L27_PalletGHD0806132136_Cavity12_B01BGMM_Fail7_Score(0.9997718).bmp,Foreign Matter,L27,test
c8d53f360a7a38578686bafaf942c7f8,/data/FMD_Data_26082026/fmd_temp_images/Updated ICube Objects 20260915/Foreign Matter/20260807_181355_L27_PalletGHI0807213918_Cavity5_B01BHHF_Fail7_Score(0.9995729).bmp,Foreign Matter,L27,test
d25934f233bbccb89e752c6a533ef932,/data/FMD_Data_26082026/fmd_temp_images/Updated ICube Objects 20260915/Foreign Matter/20260902_233547_L27_PalletGHE0903030136_Cavity5_B01BKZX_Fail7_Score(0.9998499).bmp,Foreign Matter,L27,test
d2bafb9af630e0d14ed6c44af5889293,/data/FMD_Data_26082026/fmd_temp_images/Updated ICube Objects 20260915/Foreign Matter/20260903_160724_L27_PalletGHS0903193317_Cavity15_B01BMCR_Fail7_Score(0.9921647).bmp,Foreign Matter,L27,test
d346f3e0b33613bbd85cf4ef58c884a7,/data/FMD_Data_26082026/fmd_temp_images/Updated ICube Objects 20260915/Foreign Matter/20260906_070831_L27_PalletGHQ0906103437_Cavity15_B01BMD7_Fail7_Score(0.9999894).bmp,Foreign Matter,L27,test
d3758794c44ef440e5fa415994932de1,/data/FMD_Data_26082026/fmd_temp_images/Updated ICube Objects 20260915/Foreign Matter/20260807_152004_L27_PalletGHT0807184543_Cavity15_B01BHHF_Fail7_Score(0.9998965).bmp,Foreign Matter,L27,test
d437986ced9c46b030faf79543e06bc2,/data/FMD_Data_26082026/fmd_temp_images/Updated ICube Objects 20260915/Foreign Matter/20260809_064617_L27_PalletGHJ0809101159_Cavity14_B01BH58_Fail7_Score(0.998894)_0.9997_0.3902.bmp,Foreign Matter,L27,test
d4981fabefb0501d9c7187ca1d274eea,/data/FMD_Data_26082026/fmd_temp_images/Updated ICube Objects 20260915/Foreign Matter/20260906_015613_L27_PalletGHU0906052214_Cavity8_B01BNGK_Fail7_Score(0.9999954)_0.9927_0.9568.bmp,Foreign Matter,L27,test
d505ab29e1f553113c131f9e20845e37,/data/FMD_Data_26082026/fmd_temp_images/Updated ICube Objects 20260915/Foreign Matter/20241110_172154_L27_PalletGHF1110191321_Cavity12_B0178LC_Fail2_Score(0.9142596)_1.0000_0.9814.bmp,Foreign Matter,L27,test
d777ebb407862eb96d7414cbc4fd411f,/data/FMD_Data_26082026/fmd_temp_images/Updated ICube Objects 20260915/Foreign Matter/20260806_131709_L27_PalletGHT0806164240_Cavity12_B01BGMS_Fail7_Score(0.9985613).bmp,Foreign Matter,L27,test
da0b81088b5e5ab8b3794c23b1846ea6,/data/FMD_Data_26082026/fmd_temp_images/Updated ICube Objects 20260915/Foreign Matter/20260808_011243_L27_PalletGHT0808043820_Cavity15_B01BH56_Fail7_Score(0.9999998).bmp,Foreign Matter,L27,test
dc3dbc6af3f1971eeebce25a41047aa0,/data/FMD_Data_26082026/fmd_temp_images/Updated ICube Objects 20260915/Foreign Matter/20260808_140058_L27_PalletGHF0808172625_Cavity15_B01BH56_Fail6_Score(0.9764211).bmp,Foreign Matter,L27,test
dc896fd30f8aaacdf815099578d20f0e,/data/FMD_Data_26082026/fmd_temp_images/Updated ICube Objects 20260915/Foreign Matter/20260806_112846_L27_PalletGHU0806145419_Cavity13_B01BGMS_Fail7_Score(0.9999974)_0.9992_0.4255.bmp,Foreign Matter,L27,test
dd2581d704fa8d6966f6a04522e2bbf2,/data/FMD_Data_26082026/fmd_temp_images/Updated ICube Objects 20260915/Foreign Matter/20260905_114953_L27_PalletGHN0905151550_Cavity15_B01BMCV_Fail7_Score(0.9994242).bmp,Foreign Matter,L27,test
dd7f2bf97ffa66ffc0f36728499b22b1,/data/FMD_Data_26082026/fmd_temp_images/Updated ICube Objects 20260915/Foreign Matter/20260809_063056_L27_PalletGHN0809095646_Cavity12_B01BH58_Fail7_Score(0.9883592).bmp,Foreign Matter,L27,test
dd983cf61ebab55687cbe3d6fe8c48ab,/data/FMD_Data_26082026/fmd_temp_images/Updated ICube Objects 20260915/Foreign Matter/20260810_095712_L27_PalletGHO0810132306_Cavity6_B01BH5B_Fail7_Score(0.9999786).bmp,Foreign Matter,L27,test
ddcc48b3c1180a44972b25f675a1a0d2,/data/FMD_Data_26082026/fmd_temp_images/Updated ICube Objects 20260915/Foreign Matter/20260903_102959_L27_PalletGHH0903135544_Cavity6_B01BKZX_Fail7_Score(0.9897851).bmp,Foreign Matter,L27,test
de565206f26a6299ce05d9210a4742eb,/data/FMD_Data_26082026/fmd_temp_images/Updated ICube Objects 20260915/Foreign Matter/20260810_060502_L27_PalletGHR0810093035_Cavity1_B01BH5B_Fail7_Score(0.9984112).bmp,Foreign Matter,L27,test
e159345326980dec8524d177785a4a49,/data/FMD_Data_26082026/fmd_temp_images/Updated ICube Objects 20260915/Foreign Matter/20260904_080032_L27_PalletGHO0904112620_Cavity14_B01BMCT_Fail7_Score(0.9991226).bmp,Foreign Matter,L27,test
e22c91fc87517c75fc88afbcf492d5fb,/data/FMD_Data_26082026/fmd_temp_images/Updated ICube Objects 20260915/Foreign Matter/20260906_003352_L27_PalletGHS0906035956_Cavity15_B01BMD5_Fail7_Score(0.9999833).bmp,Foreign Matter,L27,test
e27874c2a192ee7897f7f1130ca4d598,/data/FMD_Data_26082026/fmd_temp_images/Updated ICube Objects 20260915/Foreign Matter/20260808_130544_L27_PalletGHO0808163123_Cavity6_B01BH56_Fail7_Score(0.9990073).bmp,Foreign Matter,L27,test
e2dc2ac60d7b07e8af7ed9701a250042,/data/FMD_Data_26082026/fmd_temp_images/Updated ICube Objects 20260915/Foreign Matter/20260905_044203_L27_PalletGHQ0905080803_Cavity9_B01BMCV_Fail7_Score(0.9981241)_0.9893_0.9862.bmp,Foreign Matter,L27,test
e37b4646e1053beaeb007d3dbcf6f650,/data/FMD_Data_26082026/fmd_temp_images/Updated ICube Objects 20260915/Foreign Matter/20260807_234250_L27_PalletGHA0808030833_Cavity10_B01BH56_Fail7_Score(0.999764).bmp,Foreign Matter,L27,test
e5a3230846774166d70c853623c2069b,/data/FMD_Data_26082026/fmd_temp_images/Updated ICube Objects 20260915/Foreign Matter/20260903_131646_L27_PalletGHR0903164239_Cavity5_B01BMCR_Fail7_Score(0.9999917).bmp,Foreign Matter,L27,test
e66bf99892c42e9a37f54cd8de1bab1a,/data/FMD_Data_26082026/fmd_temp_images/Updated ICube Objects 20260915/Foreign Matter/20260808_165429_L27_PalletGHR0808202014_Cavity12_B01BH57_Fail7_Score(0.999875).bmp,Foreign Matter,L27,test
e683d2881dc7af688963d37a7ca87273,/data/FMD_Data_26082026/fmd_temp_images/Updated ICube Objects 20260915/Foreign Matter/20260906_212024_L27_PalletGHO0907004627_Cavity15_B01BMDC_Fail7_Score(0.9998801).bmp,Foreign Matter,L27,test
e77c4e44c90ee14737c4e79a6f9a2fe9,/data/FMD_Data_26082026/fmd_temp_images/Updated ICube Objects 20260915/Foreign Matter/20260904_060447_L27_PalletGHU0904093040_Cavity5_B01BMCS_Fail7_Score(0.9999999).bmp,Foreign Matter,L27,test
e8501f7761e7f555b914157043b15eb5,/data/FMD_Data_26082026/fmd_temp_images/Updated ICube Objects 20260915/Foreign Matter/20260807_234155_L27_PalletGHA0808030734_Cavity13_B01BH56_Fail7_Score(0.9842055).bmp,Foreign Matter,L27,test
e85f8ca055a63e369a1067f3d240e8c4,/data/FMD_Data_26082026/fmd_temp_images/Updated ICube Objects 20260915/Foreign Matter/20260903_155455_L27_PalletGHC0903192045_Cavity12_B01BMCR_Fail7_Score(0.9952126).bmp,Foreign Matter,L27,test
e8a42930ed54d1b247230b9a1f928f75,/data/FMD_Data_26082026/fmd_temp_images/Updated ICube Objects 20260915/Foreign Matter/20260810_103105_L27_PalletGHS0810135659_Cavity11_B01BH5B_Fail7_Score(0.9999882).bmp,Foreign Matter,L27,test
e8bbe7636e8bd0157e15d5d182f62d7a,/data/FMD_Data_26082026/fmd_temp_images/Updated ICube Objects 20260915/Foreign Matter/20241110_143825_L27_PalletGHQ1110163005_Cavity15_B0178LC_Fail7_Score(0.9973801)_1.0000_0.9908.bmp,Foreign Matter,L27,test
e9bad715f4ad28d30b9646fa8fb3719b,/data/FMD_Data_26082026/fmd_temp_images/Updated ICube Objects 20260915/Foreign Matter/20260903_045442_L27_PalletGHU0903082034_Cavity12_B01BKZX_Fail7_Score(0.9987509).bmp,Foreign Matter,L27,test
eede15eedf50ed8a95545c9b180b5f2b,/data/FMD_Data_26082026/fmd_temp_images/Updated ICube Objects 20260915/Foreign Matter/20260806_163356_L27_PalletGHI0806195928_Cavity7_B01BGMT_Fail7_Score(0.999513).bmp,Foreign Matter,L27,test
f123f6633f054bed7203e6998d197210,/data/FMD_Data_26082026/fmd_temp_images/Updated ICube Objects 20260915/Foreign Matter/20260904_022312_L27_PalletGHJ0904054907_Cavity2_B01BMCS_Fail7_Score(0.9999951).bmp,Foreign Matter,L27,test
f14efdfc6ff8ecf0f476cab8d0598c2b,/data/FMD_Data_26082026/fmd_temp_images/Updated ICube Objects 20260915/Foreign Matter/20260809_013238_L27_PalletGHM0809045826_Cavity2_B01BH57_Fail7_Score(0.9968066)_0.5999_0.4382.bmp,Foreign Matter,L27,test
f1abc0ac82d0852f073433558b8a73f6,/data/FMD_Data_26082026/fmd_temp_images/Updated ICube Objects 20260915/Foreign Matter/20260809_064937_L27_PalletGHB0809101522_Cavity4_B01BH58_Fail7_Score(0.9982407)_0.9999_0.8555.bmp,Foreign Matter,L27,test
f1b6e18f2e5913cb6157995802d08493,/data/FMD_Data_26082026/fmd_temp_images/Updated ICube Objects 20260915/Foreign Matter/20260810_100731_L27_PalletGHG0810133327_Cavity12_B01BH5B_Fail7_Score(0.9998875).bmp,Foreign Matter,L27,test
f3f198ba9313bdc95e27fc0fd2bf3fa7,/data/FMD_Data_26082026/fmd_temp_images/Updated ICube Objects 20260915/Foreign Matter/20260904_155222_L27_PalletGHB0904191810_Cavity11_B01BMCT_Fail7_Score(0.9998876).bmp,Foreign Matter,L27,test
f5c9aa9c25afced991404e9f694acec3,/data/FMD_Data_26082026/fmd_temp_images/Updated ICube Objects 20260915/Foreign Matter/20260908_052419_L27_PalletGHC0908085034_Cavity5_B01BMCW_Fail7_Score(0.9999575).bmp,Foreign Matter,L27,test
f94bf4e46a690ec86acd763ffd449445,/data/FMD_Data_26082026/fmd_temp_images/Updated ICube Objects 20260915/Foreign Matter/20260908_221443_L27_PalletGHR0909014102_Cavity3_B01BMCZ_Fail7_Score(0.9999858).bmp,Foreign Matter,L27,test
fb7fcb68e55706af54cc1573cd05d49a,/data/FMD_Data_26082026/fmd_temp_images/Updated ICube Objects 20260915/Foreign Matter/20260907_131400_L27_PalletGHK0907164011_Cavity15_B01BMCP_Fail7_Score(0.999991).bmp,Foreign Matter,L27,test
fd38356cac6ef8b876b0dfe6b9230370,/data/FMD_Data_26082026/fmd_temp_images/Updated ICube Objects 20260915/Foreign Matter/20260808_195123_L27_PalletGHC0808231710_Cavity1_B01BH57_Fail7_Score(0.9992151).bmp,Foreign Matter,L27,test
fed3719960bef93c7ee5209943e8802b,/data/FMD_Data_26082026/fmd_temp_images/Updated ICube Objects 20260915/Foreign Matter/20260904_145311_L27_PalletGHI0904181910_Cavity8_B01BMCT_Fail7_Score(0.9990994).bmp,Foreign Matter,L27,test
01a9baa46ad8e981d17abae213fe8213,/data/FMD_Data_26082026/fmd_temp_images/Updated ICube Objects 20260915/Foreign Matter/20260806_150601_L27_PalletGHG0806183133_Cavity15_B01BGMT_Fail7_Score(0.9999925).bmp,Foreign Matter,L27,train
050f63b2777a12c9ea95a972389ccad9,/data/FMD_Data_26082026/fmd_temp_images/Updated ICube Objects 20260915/Foreign Matter/20260905_001241_L27_PalletGHH0905033838_Cavity10_B01BMCV_Fail6_Score(0.9744666).bmp,Foreign Matter,L27,train
055c94157d34be1dcc206246044479c3,/data/FMD_Data_26082026/fmd_temp_images/Updated ICube Objects 20260915/Foreign Matter/20260808_220508_L27_PalletGHL0809013053_Cavity4_B01BH57_Fail7_Score(0.9999984).bmp,Foreign Matter,L27,train
0680fc54ba122de79075493350aa6763,/data/FMD_Data_26082026/fmd_temp_images/Updated ICube Objects 20260915/Foreign Matter/20260905_200302_L27_PalletGHB0905232900_Cavity14_B01BM7D_Fail7_Score(0.9999294).bmp,Foreign Matter,L27,train
07bc30ca543df696691aa0abb1a2a957,/data/FMD_Data_26082026/fmd_temp_images/Updated ICube Objects 20260915/Foreign Matter/20260905_051147_L27_PalletGHM0905083747_Cavity15_B01BMCV_Fail7_Score(0.9866883).bmp,Foreign Matter,L27,train
07db8cc51d8ffd537173d30357952851,/data/FMD_Data_26082026/fmd_temp_images/Updated ICube Objects 20260915/Foreign Matter/20260909_005721_L27_PalletGHG0909042335_Cavity2_B01BMCZ_Fail7_Score(0.9999951).bmp,Foreign Matter,L27,train
085f5087229ccab213c018e517b11765,/data/FMD_Data_26082026/fmd_temp_images/Updated ICube Objects 20260915/Foreign Matter/20260806_073726_L27_PalletGHA0806110118_Cavity6_B01BGMM_Fail7_Score(0.9996472).bmp,Foreign Matter,L27,train
093dd0bd01b3a042e8b363de9f5e8dc2,/data/FMD_Data_26082026/fmd_temp_images/Updated ICube Objects 20260915/Foreign Matter/20260904_201759_L27_PalletGHR0904234352_Cavity7_B01BMCT_Fail7_Score(0.9996789).bmp,Foreign Matter,L27,train
094f258819877584c55e77f79d81e3e7,/data/FMD_Data_26082026/fmd_temp_images/Updated ICube Objects 20260915/Foreign Matter/20260908_123805_L27_PalletGHF0908160402_Cavity1_B01BMCX_Fail7_Score(0.9996071).bmp,Foreign Matter,L27,train
0a64609ad9563339d6abcc86bfd5da14,/data/FMD_Data_26082026/fmd_temp_images/Updated ICube Objects 20260915/Foreign Matter/20260903_092353_L27_PalletGHT0903124944_Cavity12_B01BKZX_Fail7_Score(0.9944057).bmp,Foreign Matter,L27,train
0a96b32476fdd0e3c3a55fa302f96f6d,/data/FMD_Data_26082026/fmd_temp_images/Updated ICube Objects 20260915/Foreign Matter/20260809_093824_L27_PalletGHH0809130415_Cavity8_B01BH58_Fail6_Score(0.9765784)_0.9999_0.7606.bmp,Foreign Matter,L27,train
0b17556a74e4c4b705d0c35408ea114f,/data/FMD_Data_26082026/fmd_temp_images/Updated ICube Objects 20260915/Foreign Matter/20260808_000031_L27_PalletGHU0808032611_Cavity4_B01BH56_Fail4_Score(0.9464031).bmp,Foreign Matter,L27,train
0b327f76af76cd6fef40c8d1e067d7cf,/data/FMD_Data_26082026/fmd_temp_images/Updated ICube Objects 20260915/Foreign Matter/20260903_154134_L27_PalletGHM0903190726_Cavity14_B01BMCR_Fail7_Score(0.9981289).bmp,Foreign Matter,L27,train
0b9c8b0840980c42306074e95e7008b1,/data/FMD_Data_26082026/fmd_temp_images/Updated ICube Objects 20260915/Foreign Matter/20260810_031324_L27_PalletGHM0810063918_Cavity6_B01BH59_Fail7_Score(0.9992166)_0.7976_0.4766.bmp,Foreign Matter,L27,train
0ba48b2caadb5a398aa1e96d06193123,/data/FMD_Data_26082026/fmd_temp_images/Updated ICube Objects 20260915/Foreign Matter/20260810_084628_L27_PalletGHS0810121222_Cavity12_B01BH5B_Fail7_Score(0.9999387)_0.9976_0.5777.bmp,Foreign Matter,L27,train
0bfb5c78f2b7538935d97c8768072875,/data/FMD_Data_26082026/fmd_temp_images/Updated ICube Objects 20260915/Foreign Matter/20260908_215004_L27_PalletGHF0909011622_Cavity5_B01BMCX_Fail6_Score(0.9808765).bmp,Foreign Matter,L27,train
0c261490d21b2e6f24b2b4187ed7085c,/data/FMD_Data_26082026/fmd_temp_images/Updated ICube Objects 20260915/Foreign Matter/20260807_212336_L27_PalletGHQ0808004916_Cavity8_B01BH56_Fail7_Score(0.9999181).bmp,Foreign Matter,L27,train
0ce9ee2ec14ede2a61ed137195809c1c,/data/FMD_Data_26082026/fmd_temp_images/Updated ICube Objects 20260915/Foreign Matter/20260807_213848_L27_PalletGHP0808010426_Cavity2_B01BH56_Fail7_Score(0.9997156).bmp,Foreign Matter,L27,train
0d004e76b27609850d469860dc0182ab,/data/FMD_Data_26082026/fmd_temp_images/Updated ICube Objects 20260915/Foreign Matter/20260907_185830_L27_PalletGHA0907222438_Cavity12_B01BMCW_Fail7_Score(0.999666).bmp,Foreign Matter,L27,train
0d8893090eaa3ff9bb3ef028652e5ee5,/data/FMD_Data_26082026/fmd_temp_images/Updated ICube Objects 20260915/Foreign Matter/20260905_033419_L27_PalletGHR0905070019_Cavity7_B01BMCV_Fail7_Score(0.9998412).bmp,Foreign Matter,L27,train
104da3312c47b54cf7fb8913c4621a69,/data/FMD_Data_26082026/fmd_temp_images/Updated ICube Objects 20260915/Foreign Matter/20260809_013922_L27_PalletGHJ0809050511_Cavity7_B01BH57_Fail7_Score(0.9999983)_0.9996_0.4958.bmp,Foreign Matter,L27,train
11f09e76c990aee97f8c608fa65f7982,/data/FMD_Data_26082026/fmd_temp_images/Updated ICube Objects 20260915/Foreign Matter/20260806_174700_L27_PalletGHS0806211238_Cavity4_B01BGMT_Fail6_Score(0.9698563)_0.9996_0.9948.bmp,Foreign Matter,L27,train
12608fa857575e35eddf02f9b88f438f,/data/FMD_Data_26082026/fmd_temp_images/Updated ICube Objects 20260915/Foreign Matter/20260904_170316_L27_PalletGHS0904202906_Cavity9_B01BMCT_Fail7_Score(0.9999971).bmp,Foreign Matter,L27,train
13aa62ead1ed96d4d3981eb617857311,/data/FMD_Data_26082026/fmd_temp_images/Updated ICube Objects 20260915/Foreign Matter/20260904_205442_L27_PalletGHK0905002031_Cavity8_B01BMCT_Fail7_Score(0.9999363).bmp,Foreign Matter,L27,train
13efd3b2a6e8bfb446760360571ab8c9,/data/FMD_Data_26082026/fmd_temp_images/Updated ICube Objects 20260915/Foreign Matter/20260904_233002_L27_PalletGHR0905025528_Cavity13_B01BMCV_Fail7_Score(0.996758)_0.9986_0.9893.bmp,Foreign Matter,L27,train
146dd594eb67b691351c224be0384c8a,/data/FMD_Data_26082026/fmd_temp_images/Updated ICube Objects 20260915/Foreign Matter/20260808_052822_L27_PalletGHK0808085407_Cavity11_B01BH56_Fail7_Score(0.9993089).bmp,Foreign Matter,L27,train
147fbbedfe2af1345d87cd6573500992,/data/FMD_Data_26082026/fmd_temp_images/Updated ICube Objects 20260915/Foreign Matter/20260905_130928_L27_PalletGHH0905163525_Cavity13_B01BMCV_Fail7_Score(0.9838933).bmp,Foreign Matter,L27,train
14f39dd22cbe7fe07e8c99ceded19885,/data/FMD_Data_26082026/fmd_temp_images/Updated ICube Objects 20260915/Foreign Matter/20260810_163530_L27_PalletGHF0810200127_Cavity15_B01BH4Z_Fail7_Score(0.9999123).bmp,Foreign Matter,L27,train
15156a77bb0faa10aa6196a413981b86,/data/FMD_Data_26082026/fmd_temp_images/Updated ICube Objects 20260915/Foreign Matter/20260908_010713_L27_PalletGHD0908043321_Cavity4_B01BMCW_Fail7_Score(0.999979).bmp,Foreign Matter,L27,train
154190dd403d0ac8fed952414e25d19f,/data/FMD_Data_26082026/fmd_temp_images/Updated ICube Objects 20260915/Foreign Matter/20260909_105500_L27_PalletGHU0909141225_Cavity7_B01BMCZ_Fail4_Score(0.939921).bmp,Foreign Matter,L27,train
160be5f4ceff37064e99d554c4dc0357,/data/FMD_Data_26082026/fmd_temp_images/Updated ICube Objects 20260915/Foreign Matter/20260904_141017_L27_PalletGHL0904173612_Cavity3_B01BMCT_Fail7_Score(0.9998929).bmp,Foreign Matter,L27,train
173a488b33e2d63d79851ba7317c8f5f,/data/FMD_Data_26082026/fmd_temp_images/Updated ICube Objects 20260915/Foreign Matter/20260809_011531_L27_PalletGHL0809044118_Cavity14_B01BH57_Fail7_Score(0.9996656)_0.9996_0.4453.bmp,Foreign Matter,L27,train
1749fa2ee4d89568f0742dfc42a38af7,/data/FMD_Data_26082026/fmd_temp_images/Updated ICube Objects 20260915/Foreign Matter/20260809_054008_L27_PalletGHT0809090552_Cavity2_B01BH58_Fail7_Score(0.9892026).bmp,Foreign Matter,L27,train
179349c6bfdb8fae97de149c13aafed5,/data/FMD_Data_26082026/fmd_temp_images/Updated ICube Objects 20260915/Foreign Matter/20260809_124107_L27_PalletGHL0809160655_Cavity7_B01BH58_Fail7_Score(0.9999972).bmp,Foreign Matter,L27,train
17d4bce00f2401e8be05abde2e46dc54,/data/FMD_Data_26082026/fmd_temp_images/Updated ICube Objects 20260915/Foreign Matter/20260903_155537_L27_PalletGHS0903192130_Cavity15_B01BMCR_Fail7_Score(0.9995681).bmp,Foreign Matter,L27,train
19990758d02bc6c85d4b530b7dde58a0,/data/FMD_Data_26082026/fmd_temp_images/Updated ICube Objects 20260915/Foreign Matter/20260905_031455_L27_PalletGHL0905064052_Cavity9_B01BMCV_Fail7_Score(0.999981).bmp,Foreign Matter,L27,train
1a4c3aa2fa2e369a99cc50445af84eba,/data/FMD_Data_26082026/fmd_temp_images/Updated ICube Objects 20260915/Foreign Matter/20260904_012102_L27_PalletGHG0904044656_Cavity8_B01BMCS_Fail3_Score(0.9318506).bmp,Foreign Matter,L27,train
1a92d4daa7786014e86b4319669d8a22,/data/FMD_Data_26082026/fmd_temp_images/Updated ICube Objects 20260915/Foreign Matter/20260904_132306_L27_PalletGHT0904164904_Cavity13_B01BMCT_Fail7_Score(0.9999997).bmp,Foreign Matter,L27,train
1aaf9306171f2efbdc91f14ad83118a4,/data/FMD_Data_26082026/fmd_temp_images/Updated ICube Objects 20260915/Foreign Matter/20260906_221955_L27_PalletGHE0907014603_Cavity6_B01BMDC_Fail7_Score(0.9998434)_0.9983_0.9812.bmp,Foreign Matter,L27,train
1b15ea64908478481fd1103e43618902,/data/FMD_Data_26082026/fmd_temp_images/Updated ICube Objects 20260915/Foreign Matter/20260903_193749_L27_PalletGHG0903230342_Cavity14_B01BMCR_Fail7_Score(0.9992337)_0.9980_0.9609.bmp,Foreign Matter,L27,train
1c138e81a88eeec1356b11c562f8a835,/data/FMD_Data_26082026/fmd_temp_images/Updated ICube Objects 20260915/Foreign Matter/20260907_182832_L27_PalletGHE0907215445_Cavity7_B01BMCW_Fail7_Score(0.9999976).bmp,Foreign Matter,L27,train
1c88369246f5be3c90bb77e721e25a5e,/data/FMD_Data_26082026/fmd_temp_images/Updated ICube Objects 20260915/Foreign Matter/20260806_083344_L27_PalletGHU0806115913_Cavity15_B01BGMM_Fail7_Score(0.9999907).bmp,Foreign Matter,L27,train
1d83c141772e9eb3e7cb3bf4234b7920,/data/FMD_Data_26082026/fmd_temp_images/Updated ICube Objects 20260915/Foreign Matter/20260903_155336_L27_PalletGHR0903191924_Cavity12_B01BMCR_Fail7_Score(0.9970015).bmp,Foreign Matter,L27,train
1e6b94ba11f8939fb93f249756d2ba80,/data/FMD_Data_26082026/fmd_temp_images/Updated ICube Objects 20260915/Foreign Matter/20241110_163640_L27_PalletGHB1110182825_Cavity13_B0178LC_Fail7_Score(0.9999886)_0.9999_0.9735.bmp,Foreign Matter,L27,train
20754e96b6e7ff328029b489346c4beb,/data/FMD_Data_26082026/fmd_temp_images/Updated ICube Objects 20260915/Foreign Matter/20260807_181707_L27_PalletGHN0807214247_Cavity13_B01BHHF_Fail7_Score(0.999904).bmp,Foreign Matter,L27,train
20f3fab717b4cc2663206f178973ccd1,/data/FMD_Data_26082026/fmd_temp_images/Updated ICube Objects 20260915/Foreign Matter/20260904_002737_L27_PalletGHD0904035330_Cavity7_B01BMCR_Fail7_Score(0.9999791)_0.9721_0.9880.bmp,Foreign Matter,L27,train
215efcb5c4053ca2125f3611edef9bb1,/data/FMD_Data_26082026/fmd_temp_images/Updated ICube Objects 20260915/Foreign Matter/20260808_214611_L27_PalletGHI0809011159_Cavity7_B01BH57_Fail7_Score(0.9998061).bmp,Foreign Matter,L27,train
215fa2a7b6023cfdbd376c74bfa6a00f,/data/FMD_Data_26082026/fmd_temp_images/Updated ICube Objects 20260915/Foreign Matter/20260810_122730_L27_PalletGHK0810155312_Cavity6_B01BH5B_Fail7_Score(0.9998363).bmp,Foreign Matter,L27,train
229d29db22a1f8fc107f6087f469af9e,/data/FMD_Data_26082026/fmd_temp_images/Updated ICube Objects 20260915/Foreign Matter/20260908_103939_L27_PalletGHG0908140553_Cavity9_B01BMCX_Fail7_Score(0.997722).bmp,Foreign Matter,L27,train
2321242913e5a2feb669fc66fd43c7fb,/data/FMD_Data_26082026/fmd_temp_images/Updated ICube Objects 20260915/Foreign Matter/20241105_201828_L27_PalletGHK1105220953_Cavity15_B0178KR_Fail6_Score(0.9677292)_1.0000_0.9922.bmp,Foreign Matter,L27,train
234ffe19c13cde0ba689801ea2141846,/data/FMD_Data_26082026/fmd_temp_images/Updated ICube Objects 20260915/Foreign Matter/20260907_223701_L27_PalletGHU0908020314_Cavity6_B01BMCW_Fail7_Score(0.9994921).bmp,Foreign Matter,L27,train
23560e5ec7ed55edced5f218f07a6781,/data/FMD_Data_26082026/fmd_temp_images/Updated ICube Objects 20260915/Foreign Matter/20260810_134237_L27_PalletGHO0810170827_Cavity11_B01BH5B_Fail7_Score(0.9999728).bmp,Foreign Matter,L27,train
23d0207aed12262fc9389ddc834bd6c8,/data/FMD_Data_26082026/fmd_temp_images/Updated ICube Objects 20260915/Foreign Matter/20260906_103234_L27_PalletGHD0906135836_Cavity15_B01BMD6_Fail7_Score(0.9997171).bmp,Foreign Matter,L27,train
25703ba31521310cefa7d13bb3513f5c,/data/FMD_Data_26082026/fmd_temp_images/Updated ICube Objects 20260915/Foreign Matter/20260809_053754_L27_PalletGHL0809090335_Cavity15_B01BH58_Fail7_Score(0.9979728).bmp,Foreign Matter,L27,train
258116c4a2e46ca97c07c45c054f040f,/data/FMD_Data_26082026/fmd_temp_images/Updated ICube Objects 20260915/Foreign Matter/20260907_104827_L27_PalletGHI0907141439_Cavity14_B01BMCN_Fail7_Score(0.9995489).bmp,Foreign Matter,L27,train
25863509ea1659898c193cd0c53c7a8d,/data/FMD_Data_26082026/fmd_temp_images/Updated ICube Objects 20260915/Foreign Matter/20260904_194921_L27_PalletGHS0904231520_Cavity5_B01BMCT_Fail7_Score(0.9999886).bmp,Foreign Matter,L27,train
278bd84d033afa6d40c0d37c7dc15df1,/data/FMD_Data_26082026/fmd_temp_images/Updated ICube Objects 20260915/Foreign Matter/20260907_140055_L27_PalletGHS0907172706_Cavity10_B01BMCP_Fail7_Score(0.9999928).bmp,Foreign Matter,L27,train
2944d8e7daf0665082a04041dcf96988,/data/FMD_Data_26082026/fmd_temp_images/Updated ICube Objects 20260915/Foreign Matter/20260810_065037_L27_PalletGHN0810101632_Cavity15_B01BH5B_Fail7_Score(0.9999357).bmp,Foreign Matter,L27,train
295b8ef7deeacfdcd6aa5f06f439d420,/data/FMD_Data_26082026/fmd_temp_images/Updated ICube Objects 20260915/Foreign Matter/20260909_045817_L27_PalletGHB0909082434_Cavity3_B01BMCZ_Fail7_Score(0.9999588).bmp,Foreign Matter,L27,train
2989df2a8db8b8b9e956b5b63f3b055b,/data/FMD_Data_26082026/fmd_temp_images/Updated ICube Objects 20260915/Foreign Matter/20260807_182522_L27_PalletGHQ0807215102_Cavity5_B01BHHF_Fail7_Score(0.9966291).bmp,Foreign Matter,L27,train
29ae25c78ffb13dc2865e4201f2e0099,/data/FMD_Data_26082026/fmd_temp_images/Updated ICube Objects 20260915/Foreign Matter/20260906_202632_L27_PalletGHQ0906235239_Cavity9_B01BMDC_Fail7_Score(0.9914567).bmp,Foreign Matter,L27,train
2ad9ca51a765f4cdb98751df15cf24d9,/data/FMD_Data_26082026/fmd_temp_images/Updated ICube Objects 20260915/Foreign Matter/20260806_145128_L27_PalletGHJ0806181702_Cavity13_B01BGMT_Fail7_Score(0.999872).bmp,Foreign Matter,L27,train
2b76ec4d8b4eedf1572e3e38afd7727a,/data/FMD_Data_26082026/fmd_temp_images/Updated ICube Objects 20260915/Foreign Matter/20260906_181943_L27_PalletGHU0906214550_Cavity6_B01BMDB_Fail7_Score(0.9999797)_0.9998_0.9730.bmp,Foreign Matter,L27,train
2bf3ee4111cf67f6a1608fed1340a0cd,/data/FMD_Data_26082026/fmd_temp_images/Updated ICube Objects 20260915/Foreign Matter/20260908_121734_L27_PalletGHK0908154350_Cavity12_B01BMCX_Fail7_Score(0.9999931).bmp,Foreign Matter,L27,train
2c4c09f452c961dc0e54fd9e43fc9fe9,/data/FMD_Data_26082026/fmd_temp_images/Updated ICube Objects 20260915/Foreign Matter/20260903_215608_L27_PalletGHE0904012202_Cavity7_B01BMCR_Fail7_Score(0.9998508).bmp,Foreign Matter,L27,train
2f4987807ac2ce2b328d7d10a434edc9,/data/FMD_Data_26082026/fmd_temp_images/Updated ICube Objects 20260915/Foreign Matter/20260908_193817_L27_PalletGHC0908230428_Cavity15_B01BMCX_Fail7_Score(0.9999914).bmp,Foreign Matter,L27,train
2f8fe2a66dec4741edf9f413a9d6dbcd,/data/FMD_Data_26082026/fmd_temp_images/Updated ICube Objects 20260915/Foreign Matter/20260808_034958_L27_PalletGHA0808071542_Cavity15_B01BH56_Fail7_Score(0.9935336).bmp,Foreign Matter,L27,train
2fa3945769c95736562328d3ff8f89bc,/data/FMD_Data_26082026/fmd_temp_images/Updated ICube Objects 20260915/Foreign Matter/20260908_110554_L27_PalletGHF0908143211_Cavity7_B01BMCX_Fail7_Score(0.9998093).bmp,Foreign Matter,L27,train
2faa7452916a71ddb8e167d850cfcfed,/data/FMD_Data_26082026/fmd_temp_images/Updated ICube Objects 20260915/Foreign Matter/20260904_043302_L27_PalletGHG0904075857_Cavity7_B01BMCS_Fail7_Score(0.9977409).bmp,Foreign Matter,L27,train
2fb3dcf89861c95972be15665a38a689,/data/FMD_Data_26082026/fmd_temp_images/Updated ICube Objects 20260915/Foreign Matter/20260808_161907_L27_PalletGHM0808194450_Cavity14_B01BH57_Fail7_Score(0.9998056).bmp,Foreign Matter,L27,train
2ff5cc032220e29477add77190f12ba3,/data/FMD_Data_26082026/fmd_temp_images/ICube Defects Library/Foreign Matter/20241120_004057_L27_C12_9817.bmp,Foreign Matter,L27,train
3044522bac10245e3e69231c40c9ee15,/data/FMD_Data_26082026/fmd_temp_images/Updated ICube Objects 20260915/Foreign Matter/20260902_183356_L27_PalletGHO0902215929_Cavity2_B01BKZX_Fail7_Score(0.9992658).bmp,Foreign Matter,L27,train
304955a1b41581fbb4b559831402b42e,/data/FMD_Data_26082026/fmd_temp_images/Updated ICube Objects 20260915/Foreign Matter/20260808_220614_L27_PalletGHP0809013202_Cavity14_B01BH57_Fail7_Score(1).bmp,Foreign Matter,L27,train
3079324a71465f981f590565fb8b7269,/data/FMD_Data_26082026/fmd_temp_images/Updated ICube Objects 20260915/Foreign Matter/20260904_183249_L27_PalletGHF0904215848_Cavity15_B01BMCT_Fail7_Score(0.9982095).bmp,Foreign Matter,L27,train
32f99fe3272fae1899601d07b0c143dd,/data/FMD_Data_26082026/fmd_temp_images/Updated ICube Objects 20260915/Foreign Matter/20260903_013936_L27_PalletGHA0903050518_Cavity11_B01BKZX_Fail7_Score(0.9999638)_0.9968_0.9838.bmp,Foreign Matter,L27,train
343fea4d2b88036d36f6dc696fb51a6c,/data/FMD_Data_26082026/fmd_temp_images/Updated ICube Objects 20260915/Foreign Matter/20260809_101758_L27_PalletGHF0809134344_Cavity15_B01BH58_Fail7_Score(0.9999592).bmp,Foreign Matter,L27,train
3535b68aaa2c384d8f1749d8b5a08068,/data/FMD_Data_26082026/fmd_temp_images/Updated ICube Objects 20260915/Foreign Matter/20260807_213934_L27_PalletGHL0808010515_Cavity8_B01BH56_Fail7_Score(0.9999934).bmp,Foreign Matter,L27,train
3613132723a0d60aaba43a43b330ff75,/data/FMD_Data_26082026/fmd_temp_images/Updated ICube Objects 20260915/Foreign Matter/20260905_180053_L27_PalletGHS0905212656_Cavity12_B01BM7D_Fail7_Score(0.9999757)_0.9997_0.9690.bmp,Foreign Matter,L27,train
3624f58cc6091734dfc71bcad17c0f2d,/data/FMD_Data_26082026/fmd_temp_images/Updated ICube Objects 20260915/Foreign Matter/20260903_213126_L27_PalletGHF0904005719_Cavity7_B01BMCR_Fail7_Score(0.9981779).bmp,Foreign Matter,L27,train
362f5941a2f54b94abc307000ac7feb1,/data/FMD_Data_26082026/fmd_temp_images/Updated ICube Objects 20260915/Foreign Matter/20260809_140424_L27_PalletGHO0809173008_Cavity12_B01BH58_Fail7_Score(0.9963131).bmp,Foreign Matter,L27,train
376bc847544a6cd7ff5cdc2c744022c2,/data/FMD_Data_26082026/fmd_temp_images/Updated ICube Objects 20260915/Foreign Matter/20260906_052916_L27_PalletGHT0906085516_Cavity15_B01BMD7_Fail7_Score(0.9997436).bmp,Foreign Matter,L27,train
37c29941e31d8ce3a01dee65fc2ad674,/data/FMD_Data_26082026/fmd_temp_images/Updated ICube Objects 20260915/Foreign Matter/20260907_010534_L27_PalletGHG0907043144_Cavity11_B01BMDD_Fail7_Score(0.9901661).bmp,Foreign Matter,L27,train
3875bb58f08e84f2cbb060ae848eaf4d,/data/FMD_Data_26082026/fmd_temp_images/Updated ICube Objects 20260915/Foreign Matter/20260807_203101_L27_PalletGHR0807235643_Cavity7_B01BH56_Fail7_Score(0.9883888).bmp,Foreign Matter,L27,train
3a92e34cc8c55175811357eca1843f58,/data/FMD_Data_26082026/fmd_temp_images/Updated ICube Objects 20260915/Foreign Matter/20260807_125702_L27_PalletGHT0807162243_Cavity10_B01BGMR_Fail7_Score(0.999867).bmp,Foreign Matter,L27,train
3ada4f5c865e623d6510d0f9bcb70c8e,/data/FMD_Data_26082026/fmd_temp_images/Updated ICube Objects 20260915/Foreign Matter/20260905_030502_L27_PalletGHK0905063103_Cavity15_B01BMCV_Fail7_Score(0.9998361).bmp,Foreign Matter,L27,train
3c1648395b91274598755c3efac5c93e,/data/FMD_Data_26082026/fmd_temp_images/Updated ICube Objects 20260915/Foreign Matter/20260808_174047_L27_PalletGHM0808210634_Cavity14_B01BH57_Fail7_Score(0.999998).bmp,Foreign Matter,L27,train
3d27c6ac022d3f4b7208e6ddf719a574,/data/FMD_Data_26082026/fmd_temp_images/Updated ICube Objects 20260915/Foreign Matter/20260807_134134_L27_PalletGHP0807170711_Cavity15_B01BGMR_Fail7_Score(0.986389).bmp,Foreign Matter,L27,train
3d967d00ffd68dafa8d0aaa5181577fb,/data/FMD_Data_26082026/fmd_temp_images/Updated ICube Objects 20260915/Foreign Matter/20260808_132741_L27_PalletGHE0808165325_Cavity12_B01BH56_Fail7_Score(0.99717).bmp,Foreign Matter,L27,train
3f531264407d32e9519a4900f331cc4c,/data/FMD_Data_26082026/fmd_temp_images/Updated ICube Objects 20260915/Foreign Matter/20260904_160425_L27_PalletGHS0904193022_Cavity1_B01BMCT_Fail7_Score(0.9983755).bmp,Foreign Matter,L27,train
3fba664f55106782b92cf7f4b23be399,/data/FMD_Data_26082026/fmd_temp_images/Updated ICube Objects 20260915/Foreign Matter/20260806_122456_L27_PalletGHF0806155028_Cavity4_B01BGMS_Fail7_Score(0.9927075).bmp,Foreign Matter,L27,train
4067a7222ec161322b8692419842caca,/data/FMD_Data_26082026/fmd_temp_images/Updated ICube Objects 20260915/Foreign Matter/20260904_154941_L27_PalletGHU0904191531_Cavity5_B01BMCT_Fail7_Score(0.9995424).bmp,Foreign Matter,L27,train
41796f693ecec98da8c5986b034bdde9,/data/FMD_Data_26082026/fmd_temp_images/Updated ICube Objects 20260915/Foreign Matter/20260810_171657_L27_PalletGHE0810204253_Cavity14_B01BH4Z_Fail7_Score(0.9999971).bmp,Foreign Matter,L27,train
427983c8c9ca0133dbf4d02664fcd9b2,/data/FMD_Data_26082026/fmd_temp_images/Updated ICube Objects 20260915/Foreign Matter/20260808_222319_L27_PalletGHU0809014859_Cavity14_B01BH57_Fail7_Score(0.9999946).bmp,Foreign Matter,L27,train
43c4dd7578c4d365f322675a84354442,/data/FMD_Data_26082026/fmd_temp_images/Updated ICube Objects 20260915/Foreign Matter/20260809_191711_L27_PalletGHB0809224302_Cavity13_B01BH59_Fail7_Score(0.9982529).bmp,Foreign Matter,L27,train
43d80fa4a9f74ac151d1f8d7f1ecdc8d,/data/FMD_Data_26082026/fmd_temp_images/Updated ICube Objects 20260915/Foreign Matter/20260807_172929_L27_PalletGHO0807205504_Cavity15_B01BHHF_Fail7_Score(0.9988486).bmp,Foreign Matter,L27,train
4406b82c7b64ee98e6cf8165ff5243f4,/data/FMD_Data_26082026/fmd_temp_images/Updated ICube Objects 20260915/Foreign Matter/20260807_171106_L27_PalletGHN0807203645_Cavity13_B01BHHF_Fail7_Score(0.9999932).bmp,Foreign Matter,L27,train
447acb0d577dc1b013d6f46c1b13fc11,/data/FMD_Data_26082026/fmd_temp_images/Updated ICube Objects 20260915/Foreign Matter/20260903_180620_L27_PalletGHT0903213213_Cavity15_B01BMCR_Fail7_Score(0.9996759).bmp,Foreign Matter,L27,train
44abc7954bc63b414ed082cf11ac056e,/data/FMD_Data_26082026/fmd_temp_images/Updated ICube Objects 20260915/Foreign Matter/20260809_071442_L27_PalletGHC0809104032_Cavity7_B01BH58_Fail7_Score(0.9998263).bmp,Foreign Matter,L27,train
453ab170ddd092fe28a0ffe61caad983,/data/FMD_Data_26082026/fmd_temp_images/Updated ICube Objects 20260915/Foreign Matter/20260809_121443_L27_PalletGHJ0809154026_Cavity4_B01BH58_Fail7_Score(0.9999875)_1.0000_0.9297.bmp,Foreign Matter,L27,train
454ce2e25d904ab7514db0efed997973,/data/FMD_Data_26082026/fmd_temp_images/Updated ICube Objects 20260915/Foreign Matter/20260809_041902_L27_PalletGHJ0809074359_Cavity14_B01BH58_Fail5_Score(0.9521086).bmp,Foreign Matter,L27,train
458534e26e6ae3244944c9b65a1060d5,/data/FMD_Data_26082026/fmd_temp_images/Updated ICube Objects 20260915/Foreign Matter/20260902_231105_L27_PalletGHP0903023647_Cavity10_B01BKZX_Fail7_Score(0.991873).bmp,Foreign Matter,L27,train
48989d04322dbdde392ec6a95aab2675,/data/FMD_Data_26082026/fmd_temp_images/Updated ICube Objects 20260915/Foreign Matter/20260808_150000_L27_PalletGHC0808182542_Cavity5_B01BH56_Fail7_Score(0.9999979).bmp,Foreign Matter,L27,train
48aa6d29e40ed81a320ea4ecd02a8ea1,/data/FMD_Data_26082026/fmd_temp_images/Updated ICube Objects 20260915/Foreign Matter/20260907_235601_L27_PalletGHR0908032136_Cavity14_B01BMCW_Fail7_Score(0.9999969).bmp,Foreign Matter,L27,train
48f877c45a561399bd1a3f20e2a7b57d,/data/FMD_Data_26082026/fmd_temp_images/Updated ICube Objects 20260915/Foreign Matter/20260810_115210_L27_PalletGHD0810151805_Cavity8_B01BH5B_Fail7_Score(0.9999642).bmp,Foreign Matter,L27,train
492f9d93b49c1d99b283cd856d5da46e,/data/FMD_Data_26082026/fmd_temp_images/Updated ICube Objects 20260915/Foreign Matter/20260903_165621_L27_PalletGHF0903202210_Cavity10_B01BMCR_Fail7_Score(0.9999462).bmp,Foreign Matter,L27,train
499e769c9b0d7bc15d10d3f3940bef71,/data/FMD_Data_26082026/fmd_temp_images/Updated ICube Objects 20260915/Foreign Matter/20260908_221121_L27_PalletGHH0909013737_Cavity13_B01BMCZ_Fail5_Score(0.9537286).bmp,Foreign Matter,L27,train
4e71e5104b5ab0a8a6696e0db3e21e8c,/data/FMD_Data_26082026/fmd_temp_images/Updated ICube Objects 20260915/Foreign Matter/20260907_202515_L27_PalletGHB0907235127_Cavity1_B01BMCW_Fail7_Score(0.9994408).bmp,Foreign Matter,L27,train
50a708be6da142765719ca977ee169ca,/data/FMD_Data_26082026/fmd_temp_images/Updated ICube Objects 20260915/Foreign Matter/20260907_234549_L27_PalletGHP0908031159_Cavity15_B01BMCW_Fail7_Score(0.9999879).bmp,Foreign Matter,L27,train
50e305f98ec4b961305986229a6b116a,/data/FMD_Data_26082026/fmd_temp_images/Updated ICube Objects 20260915/Foreign Matter/20260807_193029_L27_PalletGHM0807225607_Cavity5_B01BHHF_Fail7_Score(0.9999141).bmp,Foreign Matter,L27,train
51d71cd4f7417a8f4bf98c39e09503fc,/data/FMD_Data_26082026/fmd_temp_images/Updated ICube Objects 20260915/Foreign Matter/20260809_123027_L27_PalletGHL0809155618_Cavity14_B01BH58_Fail7_Score(0.9973386).bmp,Foreign Matter,L27,train
521079fb15c1366e6920929dd4871175,/data/FMD_Data_26082026/fmd_temp_images/Updated ICube Objects 20260915/Foreign Matter/20260907_211124_L27_PalletGHN0908003735_Cavity7_B01BMCW_Fail7_Score(0.9978239).bmp,Foreign Matter,L27,train
524cc0001b83cf03bbc7e16332581f6b,/data/FMD_Data_26082026/fmd_temp_images/Updated ICube Objects 20260915/Foreign Matter/20260809_013011_L27_PalletGHC0809045600_Cavity1_B01BH57_Fail7_Score(0.9956025)_0.8776_0.9847.bmp,Foreign Matter,L27,train
5339d72d6d353e04f3f35602930675a3,/data/FMD_Data_26082026/fmd_temp_images/Updated ICube Objects 20260915/Foreign Matter/20260810_093406_L27_PalletGHQ0810125952_Cavity14_B01BH5B_Fail7_Score(0.999999)_1.0000_0.3986.bmp,Foreign Matter,L27,train
5354dea2e7425c8918b0ce63a1f77636,/data/FMD_Data_26082026/fmd_temp_images/Updated ICube Objects 20260915/Foreign Matter/20260906_114944_L27_PalletGHB0906151546_Cavity15_B01BMD9_Fail7_Score(1)_0.9998_0.9823.bmp,Foreign Matter,L27,train
54e6492d7e2d97b13b8475cba0b8a864,/data/FMD_Data_26082026/fmd_temp_images/Updated ICube Objects 20260915/Foreign Matter/20260810_023544_L27_PalletGHB0810060138_Cavity1_B01BH59_Fail7_Score(0.999997)_0.9272_0.5107.bmp,Foreign Matter,L27,train
555f0b18d8e06278397cbdfeff4ddc24,/data/FMD_Data_26082026/fmd_temp_images/Updated ICube Objects 20260915/Foreign Matter/20260906_165849_L27_PalletGHM0906202456_Cavity14_B01BMDB_Fail7_Score(0.9999913).bmp,Foreign Matter,L27,train
567cd45294108af0c17562d13f6df2d9,/data/FMD_Data_26082026/fmd_temp_images/Updated ICube Objects 20260915/Foreign Matter/20260904_083603_L27_PalletGHT0904120159_Cavity13_B01BMCT_Fail7_Score(0.9999846)_0.9992_0.9783.bmp,Foreign Matter,L27,train
56c9338890eb39d89755cee5923cabf3,/data/FMD_Data_26082026/fmd_temp_images/Updated ICube Objects 20260915/Foreign Matter/20260904_052333_L27_PalletGHO0904084917_Cavity15_B01BMCS_Fail7_Score(0.9995635)_0.9995_0.9887.bmp,Foreign Matter,L27,train
56fc2b58d3b0925d0491c910ab9ac4f6,/data/FMD_Data_26082026/fmd_temp_images/Updated ICube Objects 20260915/Foreign Matter/20260810_104021_L27_PalletGHF0810140617_Cavity3_B01BH5B_Fail7_Score(0.9999577).bmp,Foreign Matter,L27,train
575a30388a069bbf3ccef422684d293f,/data/FMD_Data_26082026/fmd_temp_images/Updated ICube Objects 20260915/Foreign Matter/20260806_191744_L27_PalletGHB0806223751_Cavity11_B01BGMR_Fail3_Score(0.9226671)_0.9999_0.6267.bmp,Foreign Matter,L27,train
57ae02b7236900b4921934de4ffcaaac,/data/FMD_Data_26082026/fmd_temp_images/Updated ICube Objects 20260915/Foreign Matter/20260807_151810_L27_PalletGHA0807184352_Cavity14_B01BHHF_Fail7_Score(0.9999943).bmp,Foreign Matter,L27,train
587e59155a9ccc600854f8716f4f1e26,/data/FMD_Data_26082026/fmd_temp_images/Updated ICube Objects 20260915/Foreign Matter/20260903_061830_L27_PalletGHF0903094419_Cavity8_B01BKZX_Fail7_Score(0.9999592).bmp,Foreign Matter,L27,train
58ddd0157ba4e614f8c81309b49a8df1,/data/FMD_Data_26082026/fmd_temp_images/Updated ICube Objects 20260915/Foreign Matter/20260809_133459_L27_PalletGHR0809170051_Cavity1_B01BH58_Fail7_Score(0.9997502)_0.9997_0.9730.bmp,Foreign Matter,L27,train
59aeb4840e446ed283b328235ef2f1f3,/data/FMD_Data_26082026/fmd_temp_images/Updated ICube Objects 20260915/Foreign Matter/20260808_213455_L27_PalletGHA0809010043_Cavity12_B01BH57_Fail7_Score(0.999974).bmp,Foreign Matter,L27,train
5a02b109dd305cde2f4cbb6df76377b0,/data/FMD_Data_26082026/fmd_temp_images/Updated ICube Objects 20260915/Foreign Matter/20260809_015949_L27_PalletGHK0809052533_Cavity6_B01BH57_Fail7_Score(0.9991435).bmp,Foreign Matter,L27,train
5b95d91e87a5f85cb15cdc68d3defbf3,/data/FMD_Data_26082026/fmd_temp_images/Updated ICube Objects 20260915/Foreign Matter/20260810_070720_L27_PalletGHD0810103306_Cavity3_B01BH5B_Fail7_Score(0.9998347).bmp,Foreign Matter,L27,train
5c8dab7023773a55ac9b55f33ceb1b5c,/data/FMD_Data_26082026/fmd_temp_images/Updated ICube Objects 20260915/Foreign Matter/20260808_013226_L27_PalletGHL0808045749_Cavity6_B01BH56_Fail3_Score(0.9264037)_1.0000_0.6142.bmp,Foreign Matter,L27,train
5d6d62c5a6421c725e81ae6db2672d48,/data/FMD_Data_26082026/fmd_temp_images/Updated ICube Objects 20260915/Foreign Matter/20260904_004124_L27_PalletGHA0904040714_Cavity12_B01BMCS_Fail7_Score(0.9995816).bmp,Foreign Matter,L27,train
5e89730cc637c054f70735a34b435e06,/data/FMD_Data_26082026/fmd_temp_images/Updated ICube Objects 20260915/Foreign Matter/20241106_013008_L27_PalletGHD1106032129_Cavity8_B0178KS_Fail5_Score(0.9508881)_1.0000_0.9957.bmp,Foreign Matter,L27,train
5eb13be73ce105a2f394cc6899a464ef,/data/FMD_Data_26082026/fmd_temp_images/Updated ICube Objects 20260915/Foreign Matter/20260907_192902_L27_PalletGHE0907225514_Cavity3_B01BMCW_Fail7_Score(0.9999394).bmp,Foreign Matter,L27,train
5ee45ca6b564134ad479d6db879e2c4c,/data/FMD_Data_26082026/fmd_temp_images/Updated ICube Objects 20260915/Foreign Matter/20260905_130850_L27_PalletGHP0905163448_Cavity12_B01BMCV_Fail7_Score(0.9996161).bmp,Foreign Matter,L27,train
5f125f653344321dcc09aca5c73003f2,/data/FMD_Data_26082026/fmd_temp_images/Updated ICube Objects 20260915/Foreign Matter/20260906_233014_L27_PalletGHS0907025622_Cavity10_B01BMDD_Fail7_Score(0.9837936).bmp,Foreign Matter,L27,train
5f2a6969d620e733d0d95b52d3b0964d,/data/FMD_Data_26082026/fmd_temp_images/Updated ICube Objects 20260915/Foreign Matter/20260808_183242_L27_PalletGHL0808215827_Cavity5_B01BH57_Fail7_Score(0.9973621).bmp,Foreign Matter,L27,train
6002357db4e82d989183a98d7ead350e,/data/FMD_Data_26082026/fmd_temp_images/Updated ICube Objects 20260915/Foreign Matter/20260808_191032_L27_PalletGHQ0808223619_Cavity3_B01BH57_Fail7_Score(0.9998218).bmp,Foreign Matter,L27,train
60099c94f496fdb9ddf8c75f4966d624,/data/FMD_Data_26082026/fmd_temp_images/Updated ICube Objects 20260915/Foreign Matter/20241107_043402_L27_PalletGHJ1107062524_Cavity2_B0178KV_Fail4_Score(0.9344704)_1.0000_0.9947.bmp,Foreign Matter,L27,train
609d66e5c69c8c92857f2632a597619e,/data/FMD_Data_26082026/fmd_temp_images/Updated ICube Objects 20260915/Foreign Matter/20260907_184852_L27_PalletGHF0907221455_Cavity12_B01BMCW_Fail7_Score(0.9999413).bmp,Foreign Matter,L27,train
610fe7da37c54ceada19bdd5784e2fae,/data/FMD_Data_26082026/fmd_temp_images/Updated ICube Objects 20260915/Foreign Matter/20260810_010006_L27_PalletGHU0810042559_Cavity6_B01BH59_Fail7_Score(0.9998124).bmp,Foreign Matter,L27,train
6137a90678356e62ee22ae934bc032f4,/data/FMD_Data_26082026/fmd_temp_images/Updated ICube Objects 20260915/Foreign Matter/20260904_222621_L27_PalletGHR0905015220_Cavity6_B01BMCV_Fail3_Score(0.9292468).bmp,Foreign Matter,L27,train
6137cfcd458839ed6881694f487fb7e7,/data/FMD_Data_26082026/fmd_temp_images/Updated ICube Objects 20260915/Foreign Matter/20260807_210652_L27_PalletGHO0808003234_Cavity8_B01BH56_Fail7_Score(0.9999861).bmp,Foreign Matter,L27,train
61ecc84701dfb4c271e5fe9c28b2a0b2,/data/FMD_Data_26082026/fmd_temp_images/Updated ICube Objects 20260915/Foreign Matter/20260809_091515_L27_PalletGHS0809124106_Cavity15_B01BH58_Fail4_Score(0.936646)_0.9997_0.5397.bmp,Foreign Matter,L27,train
61f5584f43bc199bbfb2f534944e358e,/data/FMD_Data_26082026/fmd_temp_images/Updated ICube Objects 20260915/Foreign Matter/20260806_073507_L27_PalletGHG0806110036_Cavity11_B01BGMM_Fail7_Score(0.9995078).bmp,Foreign Matter,L27,train
635b692f28228ae7b77a68ab4b5715e7,/data/FMD_Data_26082026/fmd_temp_images/Updated ICube Objects 20260915/Foreign Matter/20260905_034828_L27_PalletGHI0905071429_Cavity12_B01BMCV_Fail7_Score(0.9999954).bmp,Foreign Matter,L27,train
63860b936336dda0322f070d4c7d008f,/data/FMD_Data_26082026/fmd_temp_images/Updated ICube Objects 20260915/Foreign Matter/20260808_200640_L27_PalletGHB0808233227_Cavity14_B01BH57_Fail7_Score(0.9999961).bmp,Foreign Matter,L27,train
63e186118c2e47515ab5f2d6fedb0047,/data/FMD_Data_26082026/fmd_temp_images/Updated ICube Objects 20260915/Foreign Matter/20241103_162228_L27_PalletGHQ1103181340_Cavity15_B01779P_Fail4_Score(0.9368205)_0.9993_0.9650.bmp,Foreign Matter,L27,train
65f7782cc24436fd86e2b80005026706,/data/FMD_Data_26082026/fmd_temp_images/Updated ICube Objects 20260915/Foreign Matter/20260903_185258_L27_PalletGHK0903221848_Cavity4_B01BMCR_Fail7_Score(0.9999891).bmp,Foreign Matter,L27,train
676775e2d2d969c9a485fd3820ffc059,/data/FMD_Data_26082026/fmd_temp_images/Updated ICube Objects 20260915/Foreign Matter/20260808_111311_L27_PalletGHF0808143851_Cavity15_B01BH56_Fail7_Score(0.9997985).bmp,Foreign Matter,L27,train
68d4c9d8b1f175bbe2ea02984272c14a,/data/FMD_Data_26082026/fmd_temp_images/Updated ICube Objects 20260915/Foreign Matter/20260809_070954_L27_PalletGHC0809103541_Cavity14_B01BH58_Fail7_Score(0.9999319).bmp,Foreign Matter,L27,train
6ab99cb55ce5f5b3cd956bcf0e1f970b,/data/FMD_Data_26082026/fmd_temp_images/Updated ICube Objects 20260915/Foreign Matter/20260903_063459_L27_PalletGHF0903100051_Cavity7_B01BKZX_Fail7_Score(0.9995646).bmp,Foreign Matter,L27,train
6af5a47d3283dc817d1d6570ecb0cdad,/data/FMD_Data_26082026/fmd_temp_images/Updated ICube Objects 20260915/Foreign Matter/20260906_142658_L27_PalletGHG0906175302_Cavity12_B01BMD9_Fail7_Score(0.9997504).bmp,Foreign Matter,L27,train
6b6108bd3877d5f3720f41532dc5db9f,/data/FMD_Data_26082026/fmd_temp_images/Updated ICube Objects 20260915/Foreign Matter/20260906_063033_L27_PalletGHD0906095634_Cavity15_B01BMD7_Fail7_Score(0.9999418).bmp,Foreign Matter,L27,train
6be983ace90c47d33a19d048cf477070,/data/FMD_Data_26082026/fmd_temp_images/Updated ICube Objects 20260915/Foreign Matter/20260903_193225_L27_PalletGHU0903225808_Cavity7_B01BMCR_Fail7_Score(0.9999049).bmp,Foreign Matter,L27,train
6c167076c31a9345b8a9d3f416c3adb6,/data/FMD_Data_26082026/fmd_temp_images/Updated ICube Objects 20260915/Foreign Matter/20260809_085752_L27_PalletGHE0809122244_Cavity14_B01BH58_Fail7_Score(0.9950154).bmp,Foreign Matter,L27,train
6dc51ab5574f71090449389ea0939e7f,/data/FMD_Data_26082026/fmd_temp_images/Updated ICube Objects 20260915/Foreign Matter/20260907_100929_L27_PalletGHA0907133533_Cavity10_B01BMCN_Fail7_Score(0.9950231).bmp,Foreign Matter,L27,train
6e12a839c48a3b3fa014b12abfe0cf4e,/data/FMD_Data_26082026/fmd_temp_images/Updated ICube Objects 20260915/Foreign Matter/20260904_195241_L27_PalletGHB0904231839_Cavity15_B01BMCT_Fail7_Score(0.99997).bmp,Foreign Matter,L27,train
6e198b0c3da5061615688d289e39bad2,/data/FMD_Data_26082026/fmd_temp_images/Updated ICube Objects 20260915/Foreign Matter/20260908_055052_L27_PalletGHJ0908091701_Cavity12_B01BMCW_Fail7_Score(0.9998592).bmp,Foreign Matter,L27,train
6ea3334c60dcd63f80e4838ea851e300,/data/FMD_Data_26082026/fmd_temp_images/Updated ICube Objects 20260915/Foreign Matter/20260810_080321_L27_PalletGHM0810112904_Cavity2_B01BH5B_Fail7_Score(0.9999804).bmp,Foreign Matter,L27,train
6fc67948774dc50e3ce44014e2f2f51a,/data/FMD_Data_26082026/fmd_temp_images/Updated ICube Objects 20260915/Foreign Matter/20260807_195919_L27_PalletGHG0807232446_Cavity6_B01BH56_Fail7_Score(0.9999667).bmp,Foreign Matter,L27,train
7040bfc08819d491cd6c37fee13b7192,/data/FMD_Data_26082026/fmd_temp_images/Updated ICube Objects 20260915/Foreign Matter/20260906_095349_L27_PalletGHN0906131952_Cavity5_B01BMD6_Fail7_Score(0.9997096).bmp,Foreign Matter,L27,train
7048a7a6e6c838a9b491db26152a1eca,/data/FMD_Data_26082026/fmd_temp_images/Updated ICube Objects 20260915/Foreign Matter/20260807_215544_L27_PalletGHM0808012120_Cavity15_B01BH56_Fail6_Score(0.97886).bmp,Foreign Matter,L27,train
71c23b361a7dee270245092a8c6bf37c,/data/FMD_Data_26082026/fmd_temp_images/Updated ICube Objects 20260915/Foreign Matter/20260906_205325_L27_PalletGHH0907001933_Cavity12_B01BMDC_Fail7_Score(0.9998388).bmp,Foreign Matter,L27,train
724bb067d5dea41a1bba281cd960a852,/data/FMD_Data_26082026/fmd_temp_images/Updated ICube Objects 20260915/Foreign Matter/20260903_023614_L27_PalletGHT0903054630_Cavity14_B01BKZX_Fail7_Score(0.9999996).bmp,Foreign Matter,L27,train
73218ba42b308616a5d34812fc4932fb,/data/FMD_Data_26082026/fmd_temp_images/Updated ICube Objects 20260915/Foreign Matter/20260809_133809_L27_PalletGHC0809170359_Cavity12_B01BH58_Fail6_Score(0.9809907)_0.9999_0.9301.bmp,Foreign Matter,L27,train
74e3acd6fa537eca1007a5bedcb8b67d,/data/FMD_Data_26082026/fmd_temp_images/Updated ICube Objects 20260915/Foreign Matter/20260808_125952_L27_PalletGHL0808162521_Cavity15_B01BH56_Fail7_Score(0.9998554)_0.9999_0.7713.bmp,Foreign Matter,L27,train
759f4e5088c6ce2ed18cd016ba2ee724,/data/FMD_Data_26082026/fmd_temp_images/Updated ICube Objects 20260915/Foreign Matter/20260905_092424_L27_PalletGHN0905125003_Cavity11_B01BMCV_Fail7_Score(0.9941584).bmp,Foreign Matter,L27,train
7620489b07100eb8bc6da80151f7fd99,/data/FMD_Data_26082026/fmd_temp_images/Updated ICube Objects 20260915/Foreign Matter/20260904_033838_L27_PalletGHE0904070429_Cavity4_B01BMCS_Fail7_Score(0.9993752)_0.9991_0.9727.bmp,Foreign Matter,L27,train
76e9f07d2fbb53f879517658f02f78b5,/data/FMD_Data_26082026/fmd_temp_images/Updated ICube Objects 20260915/Foreign Matter/20260807_214522_L27_PalletGHJ0808011105_Cavity13_B01BH56_Fail7_Score(0.9999232).bmp,Foreign Matter,L27,train
77ecbd79c286d4894ad78d8fb3eeabdf,/data/FMD_Data_26082026/fmd_temp_images/Updated ICube Objects 20260915/Foreign Matter/20260905_055132_L27_PalletGHR0905091732_Cavity1_B01BMCV_Fail7_Score(0.9956293).bmp,Foreign Matter,L27,train
785232d9432eba72f0b216937632499e,/data/FMD_Data_26082026/fmd_temp_images/Updated ICube Objects 20260915/Foreign Matter/20260906_074721_L27_PalletGHK0906111326_Cavity7_B01BMD7_Fail7_Score(0.9998645).bmp,Foreign Matter,L27,train
78aba8b35808c6a6987beb44c235b7bd,/data/FMD_Data_26082026/fmd_temp_images/Updated ICube Objects 20260915/Foreign Matter/20260906_184222_L27_PalletGHN0906220829_Cavity4_B01BMDC_Fail7_Score(0.9936718).bmp,Foreign Matter,L27,train
79805bdfc22d698314485ad319f5162a,/data/FMD_Data_26082026/fmd_temp_images/Updated ICube Objects 20260915/Foreign Matter/20260905_042202_L27_PalletGHF0905074757_Cavity10_B01BMCV_Fail7_Score(0.9999986).bmp,Foreign Matter,L27,train
79d31d02a4b9ab5cedcade8a694a8b97,/data/FMD_Data_26082026/fmd_temp_images/Updated ICube Objects 20260915/Foreign Matter/20260904_235751_L27_PalletGHO0905032349_Cavity1_B01BMCV_Fail7_Score(0.9999207).bmp,Foreign Matter,L27,train
7abd310a5a00a67a5bd9f94198f00695,/data/FMD_Data_26082026/fmd_temp_images/Updated ICube Objects 20260915/Foreign Matter/20260807_213402_L27_PalletGHU0808005943_Cavity3_B01BH56_Fail7_Score(0.9986913).bmp,Foreign Matter,L27,train
7acf34d826390fedc493c4a86ea409d5,/data/FMD_Data_26082026/fmd_temp_images/Updated ICube Objects 20260915/Foreign Matter/20260806_165712_L27_PalletGHK0806202247_Cavity15_B01BGMT_Fail7_Score(0.996972).bmp,Foreign Matter,L27,train
7b38248ef81a81bb41699759037f7cd7,/data/FMD_Data_26082026/fmd_temp_images/Updated ICube Objects 20260915/Foreign Matter/20260810_162517_L27_PalletGHK0810195113_Cavity12_B01BH4Z_Fail7_Score(0.9993923).bmp,Foreign Matter,L27,train
7ba6eea7bd2c0a9bb26a441154ae6a2e,/data/FMD_Data_26082026/fmd_temp_images/Updated ICube Objects 20260915/Foreign Matter/20260906_212453_L27_PalletGHO0907005103_Cavity15_B01BMDC_Fail7_Score(0.9985983)_0.9998_0.9649.bmp,Foreign Matter,L27,train
7cb2e6d6d5051eeb3399660acfadaf90,/data/FMD_Data_26082026/fmd_temp_images/Updated ICube Objects 20260915/Foreign Matter/20260904_071706_L27_PalletGHM0904104247_Cavity8_B01BMCS_Fail7_Score(0.9998271).bmp,Foreign Matter,L27,train
7ceb449fa05e2acfee9772e60a661742,/data/FMD_Data_26082026/fmd_temp_images/Updated ICube Objects 20260915/Foreign Matter/20260809_070110_L27_PalletGHR0809102658_Cavity15_B01BH58_Fail7_Score(0.9973719)_0.9986_0.9571.bmp,Foreign Matter,L27,train
7d08bfb078902758ff173043d8fdc3cc,/data/FMD_Data_26082026/fmd_temp_images/Updated ICube Objects 20260915/Foreign Matter/20260904_114645_L27_PalletGHC0904151242_Cavity15_B01BMCT_Fail7_Score(0.9999511).bmp,Foreign Matter,L27,train
7dcdd86dd81d569c268972a32f1c4916,/data/FMD_Data_26082026/fmd_temp_images/Updated ICube Objects 20260915/Foreign Matter/20260808_154317_L27_PalletGHL0808190903_Cavity12_B01BH57_Fail7_Score(0.9999295).bmp,Foreign Matter,L27,train
7e4ada0afa3f0fa99906617c27101c0d,/data/FMD_Data_26082026/fmd_temp_images/Updated ICube Objects 20260915/Foreign Matter/20260808_210305_L27_PalletGHR0809002854_Cavity2_B01BH57_Fail7_Score(0.9947962).bmp,Foreign Matter,L27,train
7ee77c05aa659942a3e57d704ae5c1d6,/data/FMD_Data_26082026/fmd_temp_images/Updated ICube Objects 20260915/Foreign Matter/20260808_135000_L27_PalletGHT0808171541_Cavity13_B01BH56_Fail7_Score(0.9959487).bmp,Foreign Matter,L27,train
7f88209a7bd06937016d7f72100d8ca3,/data/FMD_Data_26082026/fmd_temp_images/Updated ICube Objects 20260915/Foreign Matter/20260809_152034_L27_PalletGHT0809184625_Cavity13_B01BH58_Fail7_Score(0.9984199).bmp,Foreign Matter,L27,train
7ff79d15fb04c6abbedaa1c85314be9c,/data/FMD_Data_26082026/fmd_temp_images/Updated ICube Objects 20260915/Foreign Matter/20260810_065026_L27_PalletGHI0810101615_Cavity13_B01BH5B_Fail7_Score(0.999949).bmp,Foreign Matter,L27,train
811869b2ac35ad99fe66433db5941c34,/data/FMD_Data_26082026/fmd_temp_images/Updated ICube Objects 20260915/Foreign Matter/20260806_131603_L27_PalletGHQ0806164137_Cavity10_B01BGMS_Fail7_Score(0.991321).bmp,Foreign Matter,L27,train
821751f77f78611b155630b280e36736,/data/FMD_Data_26082026/fmd_temp_images/Updated ICube Objects 20260915/Foreign Matter/20260807_205223_L27_PalletGHT0808001746_Cavity13_B01BH56_Fail7_Score(0.9985604).bmp,Foreign Matter,L27,train
8241dee720099c0497c53aec52237dfc,/data/FMD_Data_26082026/fmd_temp_images/Updated ICube Objects 20260915/Foreign Matter/20260909_073904_L27_PalletGHS0909110524_Cavity15_B01BMCZ_Fail7_Score(0.998639).bmp,Foreign Matter,L27,train
82892774fb10bcf3b3eef8c19161b289,/data/FMD_Data_26082026/fmd_temp_images/Updated ICube Objects 20260915/Foreign Matter/20260809_125628_L27_PalletGHR0809162218_Cavity12_B01BH58_Fail7_Score(0.9997677).bmp,Foreign Matter,L27,train
83008ff315c232a6141af183d0e4c290,/data/FMD_Data_26082026/fmd_temp_images/Updated ICube Objects 20260915/Foreign Matter/20260908_015824_L27_PalletGHA0908052437_Cavity7_B01BMCW_Fail7_Score(0.9999996).bmp,Foreign Matter,L27,train
8480452aa7f26589fdda795635549e1d,/data/FMD_Data_26082026/fmd_temp_images/Updated ICube Objects 20260915/Foreign Matter/20260908_060428_L27_PalletGHJ0908093003_Cavity4_B01BMCW_Fail7_Score(0.9999865).bmp,Foreign Matter,L27,train
851bcf20daf9167fa87bf370093752bb,/data/FMD_Data_26082026/fmd_temp_images/Updated ICube Objects 20260915/Foreign Matter/20260809_134742_L27_PalletGHQ0809171330_Cavity1_B01BH58_Fail6_Score(0.9738064)_0.9999_0.8341.bmp,Foreign Matter,L27,train
85bde912dafb7333f8d206a19b35108e,/data/FMD_Data_26082026/fmd_temp_images/Updated ICube Objects 20260915/Foreign Matter/20260810_093342_L27_PalletGHI0810125932_Cavity14_B01BH5B_Fail3_Score(0.9279622).bmp,Foreign Matter,L27,train
867fe7c57c33b14ec6ab32dd9a32e051,/data/FMD_Data_26082026/fmd_temp_images/Updated ICube Objects 20260915/Foreign Matter/20260908_172729_L27_PalletGHU0908205346_Cavity6_B01BMCX_Fail7_Score(0.9976703).bmp,Foreign Matter,L27,train
86e02acc69373abc30e2f19287e83a30,/data/FMD_Data_26082026/fmd_temp_images/Updated ICube Objects 20260915/Foreign Matter/20260905_211556_L27_PalletGHA0906004202_Cavity2_B01BM7D_Fail7_Score(0.9985396).bmp,Foreign Matter,L27,train
87034cbaaf20baf0640a785c6daa5543,/data/FMD_Data_26082026/fmd_temp_images/Updated ICube Objects 20260915/Foreign Matter/20260905_200240_L27_PalletGHO0905232837_Cavity13_B01BM7D_Fail7_Score(0.9998433).bmp,Foreign Matter,L27,train
87f94a4dca91e965db727dc3f7f6a948,/data/FMD_Data_26082026/fmd_temp_images/Updated ICube Objects 20260915/Foreign Matter/20260808_121516_L27_PalletGHB0808154059_Cavity15_B01BH56_Fail6_Score(0.9676566)_1.0000_0.9594.bmp,Foreign Matter,L27,train
8837bc7f7a26f3ee2bb6c7eff7100dc5,/data/FMD_Data_26082026/fmd_temp_images/Updated ICube Objects 20260915/Foreign Matter/20260807_214212_L27_PalletGHE0808010754_Cavity11_B01BH56_Fail7_Score(0.999996).bmp,Foreign Matter,L27,train
88384ee9fc0b80a77ae936d70245ad6a,/data/FMD_Data_26082026/fmd_temp_images/Updated ICube Objects 20260915/Foreign Matter/20241109_222112_L27_PalletGHD1110001251_Cavity10_B0178L8_Fail7_Score(0.9876832)_1.0000_0.9617.bmp,Foreign Matter,L27,train
883bdd8f66258e6fb521a4ba87a9c153,/data/FMD_Data_26082026/fmd_temp_images/Updated ICube Objects 20260915/Foreign Matter/20260904_235020_L27_PalletGHF0905031615_Cavity4_B01BMCV_Fail7_Score(0.9994239).bmp,Foreign Matter,L27,train
88d544900ebed45ecbef1b1237816c10,/data/FMD_Data_26082026/fmd_temp_images/Updated ICube Objects 20260915/Foreign Matter/20260808_184346_L27_PalletGHP0808220812_Cavity3_B01BH57_Fail2_Score(0.9087585).bmp,Foreign Matter,L27,train
8b516bc0ae511421580a4deb08b57d69,/data/FMD_Data_26082026/fmd_temp_images/Updated ICube Objects 20260915/Foreign Matter/20260905_155211_L27_PalletGHK0905191740_Cavity13_B01BMCV_Fail7_Score(0.9999377).bmp,Foreign Matter,L27,train
8b57d50c9b52b863e73357190e2d6700,/data/FMD_Data_26082026/fmd_temp_images/Updated ICube Objects 20260915/Foreign Matter/20260904_163625_L27_PalletGHR0904200224_Cavity15_B01BMCT_Fail7_Score(0.999999).bmp,Foreign Matter,L27,train
8c29f12f1d1305b2001fdfadc41e2394,/data/FMD_Data_26082026/fmd_temp_images/Updated ICube Objects 20260915/Foreign Matter/20260810_164745_L27_PalletGHM0810201338_Cavity3_B01BH4Z_Fail7_Score(0.9999826).bmp,Foreign Matter,L27,train
8c8ba228f5bf6b4fae4779089355b333,/data/FMD_Data_26082026/fmd_temp_images/Updated ICube Objects 20260915/Foreign Matter/20260807_201949_L27_PalletGHI0807234524_Cavity1_B01BH56_Fail7_Score(0.9999905).bmp,Foreign Matter,L27,train
8cd8c29667676245faaa04cf8c90b902,/data/FMD_Data_26082026/fmd_temp_images/Updated ICube Objects 20260915/Foreign Matter/20260809_141822_L27_PalletGHQ0809174414_Cavity10_B01BH58_Fail7_Score(0.9999913).bmp,Foreign Matter,L27,train
8d3fab768ac890aa5d70b5e2346c8c49,/data/FMD_Data_26082026/fmd_temp_images/Updated ICube Objects 20260915/Foreign Matter/20260907_150659_L27_PalletGHQ0907183305_Cavity13_B01BMCQ_Fail7_Score(0.9966676).bmp,Foreign Matter,L27,train
8db87ac623003ac84e2e8250a8cf5956,/data/FMD_Data_26082026/fmd_temp_images/Updated ICube Objects 20260915/Foreign Matter/20260806_164127_L27_PalletGHR0806200704_Cavity2_B01BGMT_Fail7_Score(0.9999858).bmp,Foreign Matter,L27,train
8f9f47d95fa34cbabf0bbbf8ecd823eb,/data/FMD_Data_26082026/fmd_temp_images/Updated ICube Objects 20260915/Foreign Matter/20260904_173512_L27_PalletGHF0904210104_Cavity2_B01BMCT_Fail7_Score(0.9885538).bmp,Foreign Matter,L27,train
8fa31bae6010fbcbf320b35b8960a221,/data/FMD_Data_26082026/fmd_temp_images/Updated ICube Objects 20260915/Foreign Matter/20260908_235032_L27_PalletGHI0909031650_Cavity15_B01BMCZ_Fail7_Score(0.9999543).bmp,Foreign Matter,L27,train
91ae5112887db39a0463ac80965b00c6,/data/FMD_Data_26082026/fmd_temp_images/Updated ICube Objects 20260915/Foreign Matter/20260808_020225_L27_PalletGHK0808052810_Cavity14_B01BH56_Fail7_Score(0.9999998).bmp,Foreign Matter,L27,train
91dbdec6958a2c2c9362ae24f0911d00,/data/FMD_Data_26082026/fmd_temp_images/Updated ICube Objects 20260915/Foreign Matter/20260806_065652_L27_PalletGHM0806102226_Cavity1_B01BGMM_Fail7_Score(0.9999927).bmp,Foreign Matter,L27,train
92132ed3a252ea2d2ab1bbbfa6142bff,/data/FMD_Data_26082026/fmd_temp_images/Updated ICube Objects 20260915/Foreign Matter/20260903_073853_L27_PalletGHF0903110443_Cavity3_B01BKZX_Fail7_Score(0.9997788).bmp,Foreign Matter,L27,train
927feb9ee47849f02e929ed7e93077ff,/data/FMD_Data_26082026/fmd_temp_images/Updated ICube Objects 20260915/Foreign Matter/20260905_041001_L27_PalletGHK0905073603_Cavity6_B01BMCV_Fail7_Score(0.9998845).bmp,Foreign Matter,L27,train
92e15b71467157a2f0e09f3c2682fa5b,/data/FMD_Data_26082026/fmd_temp_images/Updated ICube Objects 20260915/Foreign Matter/20260903_094425_L27_PalletGHC0903131017_Cavity12_B01BKZX_Fail7_Score(0.9952708).bmp,Foreign Matter,L27,train
93298092c08d907a5b9f4d998578dab4,/data/FMD_Data_26082026/fmd_temp_images/Updated ICube Objects 20260915/Foreign Matter/20260808_151825_L27_PalletGHK0808184409_Cavity14_B01BH56_Fail7_Score(0.9936673)_0.7669_0.5364.bmp,Foreign Matter,L27,train
94040a7f477d8ef42edcd2d4dcdc41c1,/data/FMD_Data_26082026/fmd_temp_images/Updated ICube Objects 20260915/Foreign Matter/20260808_174716_L27_PalletGHD0808211302_Cavity13_B01BH57_Fail7_Score(0.9998045).bmp,Foreign Matter,L27,train
940813ebe582afba28bafeb55ef95d20,/data/FMD_Data_26082026/fmd_temp_images/Updated ICube Objects 20260915/Foreign Matter/20260810_075200_L27_PalletGHC0810111700_Cavity1_B01BH5B_Fail7_Score(0.9960263).bmp,Foreign Matter,L27,train
94367e77467bce6deec9c059aeda641a,/data/FMD_Data_26082026/fmd_temp_images/Updated ICube Objects 20260915/Foreign Matter/20260902_183121_L27_PalletGHB0902215708_Cavity15_B01BKZX_Fail7_Score(0.9995524).bmp,Foreign Matter,L27,train
94ddd5c48dc68076738b9eb4eb4c2a81,/data/FMD_Data_26082026/fmd_temp_images/Updated ICube Objects 20260915/Foreign Matter/20260808_073518_L27_PalletGHN0808110101_Cavity13_B01BH56_Fail7_Score(0.9997121).bmp,Foreign Matter,L27,train
95936032d6f76fa6d7ceb35c4a1fb17a,/data/FMD_Data_26082026/fmd_temp_images/Updated ICube Objects 20260915/Foreign Matter/20260902_182800_L27_PalletGHR0902215349_Cavity4_B01BKZX_Fail7_Score(0.998684)_0.9986_0.9717.bmp,Foreign Matter,L27,train
96601b453285fb5fd91aa7bd3917fd76,/data/FMD_Data_26082026/fmd_temp_images/Updated ICube Objects 20260915/Foreign Matter/20260809_140507_L27_PalletGHJ0809173051_Cavity4_B01BH58_Fail7_Score(0.9998469).bmp,Foreign Matter,L27,train
97527542ddd4210eef221e1fcb53f1e3,/data/FMD_Data_26082026/fmd_temp_images/Updated ICube Objects 20260915/Foreign Matter/20260908_031250_L27_PalletGHO0908063748_Cavity15_B01BMCW_Fail7_Score(0.9999325).bmp,Foreign Matter,L27,train
97a9b1b7b222fdf92a46b3506c08945a,/data/FMD_Data_26082026/fmd_temp_images/Updated ICube Objects 20260915/Foreign Matter/20260808_062423_L27_PalletGHP0808095001_Cavity10_B01BH56_Fail7_Score(0.9979901).bmp,Foreign Matter,L27,train
97ca18e03e8ca821ea13687beb2f9a0d,/data/FMD_Data_26082026/fmd_temp_images/Updated ICube Objects 20260915/Foreign Matter/20260808_143937_L27_PalletGHF0808180509_Cavity15_B01BH56_Fail7_Score(0.9977505).bmp,Foreign Matter,L27,train
99408414169b8e1169856e8e8351c4fe,/data/FMD_Data_26082026/fmd_temp_images/Updated ICube Objects 20260915/Foreign Matter/20260808_041224_L27_PalletGHF0808073808_Cavity3_B01BH56_Fail7_Score(0.9999332).bmp,Foreign Matter,L27,train
996dd9ec1ce9c1774e29910d6826c354,/data/FMD_Data_26082026/fmd_temp_images/Updated ICube Objects 20260915/Foreign Matter/20241104_183227_L27_PalletGHK1104202342_Cavity15_B0178KL_Fail6_Score(0.9789956)_1.0000_0.9977.bmp,Foreign Matter,L27,train
997e93c4e8df9dc3c1185e0ebd590034,/data/FMD_Data_26082026/fmd_temp_images/Updated ICube Objects 20260915/Foreign Matter/20260807_160637_L27_PalletGHB0807193218_Cavity10_B01BHHF_Fail7_Score(0.9982867).bmp,Foreign Matter,L27,train
9b2c994a67a49649b76c8293f4a78ade,/data/FMD_Data_26082026/fmd_temp_images/Updated ICube Objects 20260915/Foreign Matter/20260905_012655_L27_PalletGHK0905045254_Cavity12_B01BMCV_Fail7_Score(0.9999911).bmp,Foreign Matter,L27,train
9bcbdb9666e6f0cfaf30267f4397e584,/data/FMD_Data_26082026/fmd_temp_images/Updated ICube Objects 20260915/Foreign Matter/20260810_132458_L27_PalletGHU0810165037_Cavity15_B01BH5B_Fail7_Score(0.9997935).bmp,Foreign Matter,L27,train
9be57ccdc1acd6b43b23d05be8a1272d,/data/FMD_Data_26082026/fmd_temp_images/Updated ICube Objects 20260915/Foreign Matter/20241101_171007_L27_PalletGHU1101180112_Cavity15_B0177BB_Fail3_Score(0.9259147)_0.5933_0.9627.bmp,Foreign Matter,L27,train
9c3f8c1bb1b4bab6faa7367a10df7916,/data/FMD_Data_26082026/fmd_temp_images/Updated ICube Objects 20260915/Foreign Matter/20260809_204325_L27_PalletGHK0810000912_Cavity15_B01BH59_Fail7_Score(0.9993932).bmp,Foreign Matter,L27,train
9e6bbf8140f7cbd68723aab15a40572c,/data/FMD_Data_26082026/fmd_temp_images/Updated ICube Objects 20260915/Foreign Matter/20260904_082049_L27_PalletGHP0904114630_Cavity4_B01BMCT_Fail7_Score(0.9999791).bmp,Foreign Matter,L27,train
9fbbaba566d8a75421e9b447b964bd5d,/data/FMD_Data_26082026/fmd_temp_images/Updated ICube Objects 20260915/Foreign Matter/20260810_164513_L27_PalletGHC0810201105_Cavity8_B01BH4Z_Fail7_Score(1)_0.9999_0.7971.bmp,Foreign Matter,L27,train
a3e604e3e6f815217f307ec8ef7eb03c,/data/FMD_Data_26082026/fmd_temp_images/Updated ICube Objects 20260915/Foreign Matter/20260903_012646_L27_PalletGHA0903045232_Cavity10_B01BKZX_Fail7_Score(0.99968).bmp,Foreign Matter,L27,train
a4681657ec8e4f869c13dbc0f3c45071,/data/FMD_Data_26082026/fmd_temp_images/Updated ICube Objects 20260915/Foreign Matter/20260809_145025_L27_PalletGHE0809181615_Cavity7_B01BH58_Fail7_Score(0.9999907).bmp,Foreign Matter,L27,train
a4bc17a7c60a28c199d720010715597d,/data/FMD_Data_26082026/fmd_temp_images/Updated ICube Objects 20260915/Foreign Matter/20260904_122329_L27_PalletGHJ0904154924_Cavity7_B01BMCT_Fail7_Score(0.9999997).bmp,Foreign Matter,L27,train
a518d88b02532eda55f7cc0ef806a0cc,/data/FMD_Data_26082026/fmd_temp_images/Updated ICube Objects 20260915/Foreign Matter/20260810_142748_L27_PalletGHR0810175337_Cavity1_B01BH5B_Fail7_Score(0.9999985).bmp,Foreign Matter,L27,train
a5398c0311afe9ffe31cd1b3a1ec133c,/data/FMD_Data_26082026/fmd_temp_images/Updated ICube Objects 20260915/Foreign Matter/20260810_002504_L27_PalletGHD0810035056_Cavity12_B01BH59_Fail7_Score(0.9999983).bmp,Foreign Matter,L27,train
a6bd9477d4cb963b4d30dace8a4179f5,/data/FMD_Data_26082026/fmd_temp_images/Updated ICube Objects 20260915/Foreign Matter/20260810_125915_L27_PalletGHR0810162507_Cavity14_B01BH5B_Fail7_Score(0.9998016).bmp,Foreign Matter,L27,train
a6e61f43d2e0bbd216d74fa7cd753e43,/data/FMD_Data_26082026/fmd_temp_images/Updated ICube Objects 20260915/Foreign Matter/20260807_231250_L27_PalletGHA0808023833_Cavity10_B01BH56_Fail7_Score(0.9999964)_0.9997_0.4241.bmp,Foreign Matter,L27,train
a723e6fda9733f7b4ab6186e7b9293ff,/data/FMD_Data_26082026/fmd_temp_images/Updated ICube Objects 20260915/Foreign Matter/20260807_122344_L27_PalletGHP0807154925_Cavity15_B01BGMR_Fail7_Score(0.9999788).bmp,Foreign Matter,L27,train
a743203f7d5ffc07b08acabc75ef6106,/data/FMD_Data_26082026/fmd_temp_images/Updated ICube Objects 20260915/Foreign Matter/20260809_115747_L27_PalletGHR0809152337_Cavity10_B01BH58_Fail7_Score(0.9998686).bmp,Foreign Matter,L27,train
a81748b49b0be272f234c6b8d02cee0a,/data/FMD_Data_26082026/fmd_temp_images/Updated ICube Objects 20260915/Foreign Matter/20260908_133912_L27_PalletGHD0908170520_Cavity2_B01BMCX_Fail7_Score(0.9999937).bmp,Foreign Matter,L27,train
a86a9df7fdd67ea8507b062516641f78,/data/FMD_Data_26082026/fmd_temp_images/Updated ICube Objects 20260915/Foreign Matter/20260808_100146_L27_PalletGHL0808131644_Cavity7_B01BH56_Fail7_Score(0.9900539)_1.0000_0.4267.bmp,Foreign Matter,L27,train
a88fc20f881398e2186c1cf93242b085,/data/FMD_Data_26082026/fmd_temp_images/Updated ICube Objects 20260915/Foreign Matter/20260809_064559_L27_PalletGHE0809101140_Cavity10_B01BH58_Fail6_Score(0.9681824)_0.9975_0.7983.bmp,Foreign Matter,L27,train
a92773beafded369f2c87f250f79930d,/data/FMD_Data_26082026/fmd_temp_images/Updated ICube Objects 20260915/Foreign Matter/20260808_130357_L27_PalletGHE0808162941_Cavity14_B01BH56_Fail7_Score(0.9982054).bmp,Foreign Matter,L27,train
aa6cee3da19c60f574801eb267fed544,/data/FMD_Data_26082026/fmd_temp_images/Updated ICube Objects 20260915/Foreign Matter/20260907_131130_L27_PalletGHD0907163742_Cavity13_B01BMCP_Fail7_Score(0.9996676).bmp,Foreign Matter,L27,train
aafe12ebfbcb02cfe947aaaec3ffa0bf,/data/FMD_Data_26082026/fmd_temp_images/Updated ICube Objects 20260915/Foreign Matter/20260905_043644_L27_PalletGHR0905080242_Cavity12_B01BMCV_Fail7_Score(0.9999138).bmp,Foreign Matter,L27,train
ab5a548f1cb45126fdc3dfaa1019346f,/data/FMD_Data_26082026/fmd_temp_images/Updated ICube Objects 20260915/Foreign Matter/20260809_065025_L27_PalletGHT0809101614_Cavity11_B01BH58_Fail7_Score(0.999903).bmp,Foreign Matter,L27,train
abc50051df0a09d24521d8642100b6f7,/data/FMD_Data_26082026/fmd_temp_images/Updated ICube Objects 20260915/Foreign Matter/20260807_181900_L27_PalletGHL0807214441_Cavity4_B01BHHF_Fail7_Score(0.9999993).bmp,Foreign Matter,L27,train
ac5e12f94d07472228c62e0a9b1eae98,/data/FMD_Data_26082026/fmd_temp_images/Updated ICube Objects 20260915/Foreign Matter/20260810_131944_L27_PalletGHU0810164540_Cavity4_B01BH5B_Fail7_Score(0.9868647).bmp,Foreign Matter,L27,train
ac6202cfe8c83dc5141ca170e95ad482,/data/FMD_Data_26082026/fmd_temp_images/Updated ICube Objects 20260915/Foreign Matter/20260809_070926_L27_PalletGHN0809103511_Cavity12_B01BH58_Fail7_Score(0.9999886).bmp,Foreign Matter,L27,train
ad11b76c4aef608d45395d1995edf482,/data/FMD_Data_26082026/fmd_temp_images/Updated ICube Objects 20260915/Foreign Matter/20260809_075507_L27_PalletGHM0809112056_Cavity15_B01BH58_Fail7_Score(0.9997745).bmp,Foreign Matter,L27,train
adb6d2c7854ec117a2583b77df0fa779,/data/FMD_Data_26082026/fmd_temp_images/Updated ICube Objects 20260915/Foreign Matter/20260905_051923_L27_PalletGHQ0905084523_Cavity14_B01BMCV_Fail7_Score(0.9984645).bmp,Foreign Matter,L27,train
adc8c9c68a3c02ed8d6e17e31edfbf85,/data/FMD_Data_26082026/fmd_temp_images/Updated ICube Objects 20260915/Foreign Matter/20260809_052912_L27_PalletGHN0809085500_Cavity15_B01BH58_Fail7_Score(0.9956213)_0.9739_0.8028.bmp,Foreign Matter,L27,train
adf9eeb89221634c7a965e8a033d6677,/data/FMD_Data_26082026/fmd_temp_images/Updated ICube Objects 20260915/Foreign Matter/20260806_120024_L27_PalletGHP0806152600_Cavity14_B01BGMS_Fail7_Score(0.9997456).bmp,Foreign Matter,L27,train
aec2c6253f0e5008d4c784f6268cbdd8,/data/FMD_Data_26082026/fmd_temp_images/Updated ICube Objects 20260915/Foreign Matter/20260902_180731_L27_PalletGHL0902213314_Cavity1_B01BKZX_Fail7_Score(0.9999884)_0.9502_0.9858.bmp,Foreign Matter,L27,train
af2d842b9a3b5bfd022feb88cd4fb719,/data/FMD_Data_26082026/fmd_temp_images/Updated ICube Objects 20260915/Foreign Matter/20260809_154838_L27_PalletGHJ0809191428_Cavity10_B01BH58_Fail7_Score(0.9929181).bmp,Foreign Matter,L27,train
b05d4d4305faad7fbd706861c820edb6,/data/FMD_Data_26082026/fmd_temp_images/Updated ICube Objects 20260915/Foreign Matter/20260806_074317_L27_PalletGHG0806110848_Cavity10_B01BGMM_Fail7_Score(0.9999879)_0.9999_0.5331.bmp,Foreign Matter,L27,train
b28aace9d75e37533780141bc6d3a340,/data/FMD_Data_26082026/fmd_temp_images/Updated ICube Objects 20260915/Foreign Matter/20260905_015527_L27_PalletGHJ0905052125_Cavity12_B01BMCV_Fail6_Score(0.9670331).bmp,Foreign Matter,L27,train
b5504ddae844d18f1c1d382a4d622f0d,/data/FMD_Data_26082026/fmd_temp_images/Updated ICube Objects 20260915/Foreign Matter/20260907_181659_L27_PalletGHQ0907214307_Cavity12_B01BMCW_Fail7_Score(0.9997301).bmp,Foreign Matter,L27,train
b814aa0969f322dbcfb23c3729d74bfe,/data/FMD_Data_26082026/fmd_temp_images/Updated ICube Objects 20260915/Foreign Matter/20260808_182255_L27_PalletGHQ0808214840_Cavity15_B01BH57_Fail7_Score(0.9996986).bmp,Foreign Matter,L27,train
b83fb1a94419a2c7186fbd9698a060a1,/data/FMD_Data_26082026/fmd_temp_images/Updated ICube Objects 20260915/Foreign Matter/20260809_115108_L27_PalletGHR0809151638_Cavity15_B01BH58_Fail7_Score(0.9986475).bmp,Foreign Matter,L27,train
b86b57ebb01b9f47e7263eabeca820cc,/data/FMD_Data_26082026/fmd_temp_images/Updated ICube Objects 20260915/Foreign Matter/20260902_164656_L27_PalletGHH0902201245_Cavity11_B01BKZX_Fail7_Score(0.9951946).bmp,Foreign Matter,L27,train
b90a0fe1aad45052265a67dd7cde0fe2,/data/FMD_Data_26082026/fmd_temp_images/Updated ICube Objects 20260915/Foreign Matter/20260906_092603_L27_PalletGHU0906125208_Cavity15_B01BMD6_Fail7_Score(0.9999877).bmp,Foreign Matter,L27,train
b9a3c73bc186eb927027390e60743bd4,/data/FMD_Data_26082026/fmd_temp_images/Updated ICube Objects 20260915/Foreign Matter/20260904_131213_L27_PalletGHC0904163756_Cavity13_B01BMCT_Fail7_Score(0.9999846).bmp,Foreign Matter,L27,train
ba73bb8e77505f974db5e456130af900,/data/FMD_Data_26082026/fmd_temp_images/Updated ICube Objects 20260915/Foreign Matter/20260909_020252_L27_PalletGHF0909052909_Cavity6_B01BMCZ_Fail7_Score(0.999792).bmp,Foreign Matter,L27,train
bb251a7c457c410afadbbd07f88eaa70,/data/FMD_Data_26082026/fmd_temp_images/Updated ICube Objects 20260915/Foreign Matter/20260806_103754_L27_PalletGHI0806140322_Cavity11_B01BGMS_Fail7_Score(0.9999664).bmp,Foreign Matter,L27,train
bbe8f1dc397df9c7efb2ffaa29a76f86,/data/FMD_Data_26082026/fmd_temp_images/Updated ICube Objects 20260915/Foreign Matter/20260908_113830_L27_PalletGHF0908150445_Cavity3_B01BMCX_Fail7_Score(0.9999951).bmp,Foreign Matter,L27,train
bc6bea2851e0e1635163c5a004144028,/data/FMD_Data_26082026/fmd_temp_images/Updated ICube Objects 20260915/Foreign Matter/20260904_162632_L27_PalletGHE0904195228_Cavity14_B01BMCT_Fail7_Score(0.9999954).bmp,Foreign Matter,L27,train
bc7d86c44c7aaff603b15890830e6b60,/data/FMD_Data_26082026/fmd_temp_images/Updated ICube Objects 20260915/Foreign Matter/20260808_175735_L27_PalletGHG0808212316_Cavity9_B01BH57_Fail7_Score(0.9984546).bmp,Foreign Matter,L27,train
bdfa680197d836a2363260bd89210c5f,/data/FMD_Data_26082026/fmd_temp_images/Updated ICube Objects 20260915/Foreign Matter/20260809_082103_L27_PalletGHL0809114646_Cavity9_B01BH58_Fail7_Score(0.9999998).bmp,Foreign Matter,L27,train
be512e32bc48d4ec365c400e5b711b3e,/data/FMD_Data_26082026/fmd_temp_images/Updated ICube Objects 20260915/Foreign Matter/20260903_162942_L27_PalletGHS0903195535_Cavity14_B01BMCR_Fail7_Score(0.9983305).bmp,Foreign Matter,L27,train
bee74f12ac981307e6f029ce78baeddc,/data/FMD_Data_26082026/fmd_temp_images/Updated ICube Objects 20260915/Foreign Matter/20260904_010849_L27_PalletGHM0904043440_Cavity4_B01BMCS_Fail7_Score(0.9990934).bmp,Foreign Matter,L27,train
beeaf1f052755a217d559ce9cda3908d,/data/FMD_Data_26082026/fmd_temp_images/Updated ICube Objects 20260915/Foreign Matter/20260807_200010_L27_PalletGHE0807232548_Cavity12_B01BH56_Fail7_Score(0.9998599).bmp,Foreign Matter,L27,train
c0659ed1a8d7ee8b67edcadc5151ba37,/data/FMD_Data_26082026/fmd_temp_images/Updated ICube Objects 20260915/Foreign Matter/20260907_073704_L27_PalletGHG0907110315_Cavity14_B01BMCN_Fail7_Score(0.9999439)_0.9998_0.9550.bmp,Foreign Matter,L27,train
c1361b9f871760542672450fc4d273a4,/data/FMD_Data_26082026/fmd_temp_images/Updated ICube Objects 20260915/Foreign Matter/20260905_150312_L27_PalletGHO0905182914_Cavity2_B01BMCV_Fail7_Score(0.9999495).bmp,Foreign Matter,L27,train
c14d8942f3001dd60b538a8938e1fad3,/data/FMD_Data_26082026/fmd_temp_images/Updated ICube Objects 20260915/Foreign Matter/20260806_065318_L27_PalletGHB0806101850_Cavity5_B01BGMM_Fail4_Score(0.9368415).bmp,Foreign Matter,L27,train
c1b6b6cbd51149387f9b378e28c6ba5e,/data/FMD_Data_26082026/fmd_temp_images/Updated ICube Objects 20260915/Foreign Matter/20260809_014924_L27_PalletGHQ0809051451_Cavity10_B01BH57_Fail7_Score(0.996592).bmp,Foreign Matter,L27,train
c1e9ddd077fa4d2e8fc905d8f7bdbb5e,/data/FMD_Data_26082026/fmd_temp_images/Updated ICube Objects 20260915/Foreign Matter/20260809_032450_L27_PalletGHE0809065038_Cavity12_B01BH57_Fail7_Score(0.9999861).bmp,Foreign Matter,L27,train
c23dd75ae51f70b04b0e9fcde12a1353,/data/FMD_Data_26082026/fmd_temp_images/Updated ICube Objects 20260915/Foreign Matter/20241105_105614_L27_PalletGHK1105124459_Cavity8_B0178KP_Fail7_Score(0.9970251)_1.0000_0.9899.bmp,Foreign Matter,L27,train
c268a4358633d6d243ac8331c9ce20c9,/data/FMD_Data_26082026/fmd_temp_images/Updated ICube Objects 20260915/Foreign Matter/20260906_215903_L27_PalletGHN0907012512_Cavity12_B01BMDC_Fail7_Score(0.9868896).bmp,Foreign Matter,L27,train
c26b02c4860fd965952ac6fec0c6dea0,/data/FMD_Data_26082026/fmd_temp_images/Updated ICube Objects 20260915/Foreign Matter/20241106_104850_L27_PalletGHF1106124015_Cavity2_B0178KT_Fail5_Score(0.9619061)_0.9999_0.9590.bmp,Foreign Matter,L27,train
c3965a145d6fb4d1ba59b09a4f0c40e5,/data/FMD_Data_26082026/fmd_temp_images/Updated ICube Objects 20260915/Foreign Matter/20260905_034630_L27_PalletGHH0905071229_Cavity9_B01BMCV_Fail7_Score(0.998733).bmp,Foreign Matter,L27,train
c3ae863a4e03ee6eb7660e151f84bdf0,/data/FMD_Data_26082026/fmd_temp_images/Updated ICube Objects 20260915/Foreign Matter/20260903_214842_L27_PalletGHS0904011431_Cavity6_B01BMCR_Fail7_Score(0.9998162).bmp,Foreign Matter,L27,train
c428a38a3644c98b8f2aa77958a34c7b,/data/FMD_Data_26082026/fmd_temp_images/Updated ICube Objects 20260915/Foreign Matter/20241104_234231_L27_PalletGHG1105013351_Cavity10_B0178KN_Fail3_Score(0.9221716)_1.0000_0.9590.bmp,Foreign Matter,L27,train
c656cf40b9647c0827b36ee522df837a,/data/FMD_Data_26082026/fmd_temp_images/Updated ICube Objects 20260915/Foreign Matter/20260903_184801_L27_PalletGHM0903221354_Cavity12_B01BMCR_Fail7_Score(0.9950058).bmp,Foreign Matter,L27,train
c6eecc45bd5495dbf215f44aa3336ff5,/data/FMD_Data_26082026/fmd_temp_images/Updated ICube Objects 20260915/Foreign Matter/20260808_190653_L27_PalletGHE0808223235_Cavity14_B01BH57_Fail7_Score(0.999953).bmp,Foreign Matter,L27,train
c7e9cd4d8a804159d6ddc0ef17e3cfba,/data/FMD_Data_26082026/fmd_temp_images/Updated ICube Objects 20260915/Foreign Matter/20260908_023648_L27_PalletGHU0908060302_Cavity8_B01BMCW_Fail7_Score(0.9999818).bmp,Foreign Matter,L27,train
c7ea85e117837d5506d182da6bf2595f,/data/FMD_Data_26082026/fmd_temp_images/Updated ICube Objects 20260915/Foreign Matter/20260906_012812_L27_PalletGHJ0906045410_Cavity5_B01BMD5_Fail7_Score(0.9999888).bmp,Foreign Matter,L27,train
c7eedb47fcd8f3c9f247d70a822097b8,/data/FMD_Data_26082026/fmd_temp_images/Updated ICube Objects 20260915/Foreign Matter/20260908_023148_L27_PalletGHR0908055759_Cavity15_B01BMCW_Fail7_Score(0.9999709).bmp,Foreign Matter,L27,train
c8ef0cca11885590f7ab1293e136058b,/data/FMD_Data_26082026/fmd_temp_images/Updated ICube Objects 20260915/Foreign Matter/20260806_090433_L27_PalletGHQ0806122939_Cavity1_B01BGMM_Fail7_Score(0.9880397).bmp,Foreign Matter,L27,train
c9869424731efc75d503a26022bba1c2,/data/FMD_Data_26082026/fmd_temp_images/Updated ICube Objects 20260915/Foreign Matter/20260807_213157_L27_PalletGHT0808005740_Cavity12_B01BH56_Fail7_Score(0.9997339).bmp,Foreign Matter,L27,train
cab831a856f81478814a5a29c1e8a5d5,/data/FMD_Data_26082026/fmd_temp_images/Updated ICube Objects 20260915/Foreign Matter/20260806_074831_L27_PalletGHN0806111403_Cavity14_B01BGMM_Fail7_Score(0.9999793).bmp,Foreign Matter,L27,train
cabb607158e015432763d5ba41a4b17d,/data/FMD_Data_26082026/fmd_temp_images/Updated ICube Objects 20260915/Foreign Matter/20260810_085112_L27_PalletGHP0810121706_Cavity4_B01BH5B_Fail6_Score(0.97949).bmp,Foreign Matter,L27,train
cb4e175a74b622598e4c9c37ad594fd8,/data/FMD_Data_26082026/fmd_temp_images/Updated ICube Objects 20260915/Foreign Matter/20260904_135050_L27_PalletGHF0904171646_Cavity1_B01BMCT_Fail7_Score(0.999813).bmp,Foreign Matter,L27,train
cbe2b9974699f759f73d0f1bb4785d37,/data/FMD_Data_26082026/fmd_temp_images/Updated ICube Objects 20260915/Foreign Matter/20260808_205444_L27_PalletGHI0809002025_Cavity6_B01BH57_Fail7_Score(0.9999977).bmp,Foreign Matter,L27,train
ccaddb3c283fedee8036337c2c8c5755,/data/FMD_Data_26082026/fmd_temp_images/Updated ICube Objects 20260915/Foreign Matter/20260807_180756_L27_PalletGHR0807213337_Cavity15_B01BHHF_Fail7_Score(0.9999697).bmp,Foreign Matter,L27,train
ccb22e0b1ed2c100a9c48a2211088677,/data/FMD_Data_26082026/fmd_temp_images/ICube Defects Library/Foreign Matter/20241108_032423_L27_C11_9980.bmp,Foreign Matter,L27,train
cd353336cecbfdde6912ed7556f4c800,/data/FMD_Data_26082026/fmd_temp_images/Updated ICube Objects 20260915/Foreign Matter/20260907_231954_L27_PalletGHR0908024608_Cavity11_B01BMCW_Fail7_Score(0.9999433).bmp,Foreign Matter,L27,train
cdb1bbcc49bca8149fe6f38e88284ad2,/data/FMD_Data_26082026/fmd_temp_images/Updated ICube Objects 20260915/Foreign Matter/20260907_125510_L27_PalletGHL0907162122_Cavity12_B01BMCP_Fail7_Score(0.999504).bmp,Foreign Matter,L27,train
cdeee868742a9c09a15059b36be7826e,/data/FMD_Data_26082026/fmd_temp_images/Updated ICube Objects 20260915/Foreign Matter/20260908_075847_L27_PalletGHR0908112503_Cavity12_B01BMCX_Fail7_Score(0.9999358).bmp,Foreign Matter,L27,train
ce53f1da2ffbbf50ac89060df035583e,/data/FMD_Data_26082026/fmd_temp_images/Updated ICube Objects 20260915/Foreign Matter/20241110_082835_L27_PalletGHC1110102017_Cavity13_B0178L9_Fail4_Score(0.9362347)_1.0000_0.9634.bmp,Foreign Matter,L27,train
ce8d342207d63262913e888f96bf5b4e,/data/FMD_Data_26082026/fmd_temp_images/Updated ICube Objects 20260915/Foreign Matter/20260807_182433_L27_PalletGHU0807215015_Cavity9_B01BHHF_Fail7_Score(0.9999982)_1.0000_0.9765.bmp,Foreign Matter,L27,train
cf1d04c1d854a71711132a0f9373d385,/data/FMD_Data_26082026/fmd_temp_images/Updated ICube Objects 20260915/Foreign Matter/20260808_231453_L27_PalletGHU0809024037_Cavity7_B01BH57_Fail7_Score(0.9998551).bmp,Foreign Matter,L27,train
cf7b757f99bf6aad7b8a6cd6ca8418c1,/data/FMD_Data_26082026/fmd_temp_images/Updated ICube Objects 20260915/Foreign Matter/20260810_142044_L27_PalletGHI0810174015_Cavity12_B01BH5B_Fail7_Score(0.9996477).bmp,Foreign Matter,L27,train
d06336e96d6de52c1548011679626a5f,/data/FMD_Data_26082026/fmd_temp_images/Updated ICube Objects 20260915/Foreign Matter/20260807_151331_L27_PalletGHO0807183909_Cavity5_B01BHHF_Fail7_Score(0.9889736).bmp,Foreign Matter,L27,train
d13a685079bdfbd5f0460a92691baae3,/data/FMD_Data_26082026/fmd_temp_images/Updated ICube Objects 20260915/Foreign Matter/20260904_141658_L27_PalletGHN0904174254_Cavity14_B01BMCT_Fail7_Score(0.9999786).bmp,Foreign Matter,L27,train
d1a3bd26222064733958e22a278d2f7a,/data/FMD_Data_26082026/fmd_temp_images/Updated ICube Objects 20260915/Foreign Matter/20260809_080019_L27_PalletGHU0809112609_Cavity9_B01BH58_Fail7_Score(0.9999819).bmp,Foreign Matter,L27,train
d1aafece9192ee578dc05334395826d3,/data/FMD_Data_26082026/fmd_temp_images/Updated ICube Objects 20260915/Foreign Matter/20260807_111129_L27_PalletGHT0807143706_Cavity14_B01BGMR_Fail7_Score(1).bmp,Foreign Matter,L27,train
d277084261bfeb538a6069cf21857e49,/data/FMD_Data_26082026/fmd_temp_images/Updated ICube Objects 20260915/Foreign Matter/20260904_234510_L27_PalletGHH0905031112_Cavity15_B01BMCV_Fail7_Score(0.9971034).bmp,Foreign Matter,L27,train
d29a014cdc3d24698a12947d480206be,/data/FMD_Data_26082026/fmd_temp_images/Updated ICube Objects 20260915/Foreign Matter/20260906_190123_L27_PalletGHF0906222731_Cavity14_B01BMDC_Fail7_Score(0.9999999).bmp,Foreign Matter,L27,train
d2a9b6cc8dac1fba5973fe7cd15ef4ab,/data/FMD_Data_26082026/fmd_temp_images/Updated ICube Objects 20260915/Foreign Matter/20260809_194153_L27_PalletGHB0809230746_Cavity13_B01BH59_Fail5_Score(0.96436)_0.9835_0.5399.bmp,Foreign Matter,L27,train
d2c87a129e856121904776042abe3f1d,/data/FMD_Data_26082026/fmd_temp_images/Updated ICube Objects 20260915/Foreign Matter/20260903_040737_L27_PalletGHK0903073328_Cavity2_B01BKZX_Fail7_Score(0.9999632).bmp,Foreign Matter,L27,train
d3d7b248df36352461074d0bcf09a131,/data/FMD_Data_26082026/fmd_temp_images/Updated ICube Objects 20260915/Foreign Matter/20260809_194616_L27_PalletGHK0809231206_Cavity14_B01BH59_Fail7_Score(0.994908)_0.5619_0.9226.bmp,Foreign Matter,L27,train
d454803c565c8da462f1c5a27ca90dea,/data/FMD_Data_26082026/fmd_temp_images/Updated ICube Objects 20260915/Foreign Matter/20260904_161447_L27_PalletGHT0904194043_Cavity10_B01BMCT_Fail7_Score(0.9999731).bmp,Foreign Matter,L27,train
d47ea4b431661e7bd07090cf02fab433,/data/FMD_Data_26082026/fmd_temp_images/Updated ICube Objects 20260915/Foreign Matter/20260905_000400_L27_PalletGHI0905032956_Cavity1_B01BMCV_Fail7_Score(0.999977).bmp,Foreign Matter,L27,train
d5abb1579c80f243ed4fc96edb7e29f4,/data/FMD_Data_26082026/fmd_temp_images/Updated ICube Objects 20260915/Foreign Matter/20260907_115444_L27_PalletGHJ0907152055_Cavity14_B01BMCP_Fail7_Score(0.9952644).bmp,Foreign Matter,L27,train
d629757f6b4b395eb83a65116dea5cc4,/data/FMD_Data_26082026/fmd_temp_images/Updated ICube Objects 20260915/Foreign Matter/20260903_073106_L27_PalletGHQ0903105658_Cavity6_B01BKZX_Fail7_Score(0.999969).bmp,Foreign Matter,L27,train
d6d0871a312713437779374a2eef37c6,/data/FMD_Data_26082026/fmd_temp_images/Updated ICube Objects 20260915/Foreign Matter/20260904_202609_L27_PalletGHT0904235208_Cavity13_B01BMCT_Fail7_Score(0.9999999).bmp,Foreign Matter,L27,train
d721f16ca2ccc2512af8075eff5053e3,/data/FMD_Data_26082026/fmd_temp_images/Updated ICube Objects 20260915/Foreign Matter/20260903_101010_L27_PalletGHN0903133600_Cavity6_B01BKZX_Fail7_Score(0.9992445).bmp,Foreign Matter,L27,train
d78bef8f05dcbc325afe95223f2e752d,/data/FMD_Data_26082026/fmd_temp_images/Updated ICube Objects 20260915/Foreign Matter/20260906_121600_L27_PalletGHL0906154203_Cavity10_B01BMD9_Fail7_Score(0.9999937).bmp,Foreign Matter,L27,train
d837d57511b226318e1e8ee7e515122f,/data/FMD_Data_26082026/fmd_temp_images/Updated ICube Objects 20260915/Foreign Matter/20241113_032438_L27_PalletGHE1113074115_Cavity11_B01796X_Fail5_Score(0.9512902)_1.0000_0.9933.bmp,Foreign Matter,L27,train
d871061f2af64eb20b607db4e9c83102,/data/FMD_Data_26082026/fmd_temp_images/Updated ICube Objects 20260915/Foreign Matter/20260903_105301_L27_PalletGHN0903141853_Cavity12_B01BKZX_Fail7_Score(0.9999558).bmp,Foreign Matter,L27,train
da0ca2518b56f6f9c683b5c080b5cba8,/data/FMD_Data_26082026/fmd_temp_images/Updated ICube Objects 20260915/Foreign Matter/20260904_070210_L27_PalletGHN0904102801_Cavity12_B01BMCS_Fail7_Score(0.9997869).bmp,Foreign Matter,L27,train
da1bca69d484980fe1e5b548cbdf5904,/data/FMD_Data_26082026/fmd_temp_images/Updated ICube Objects 20260915/Foreign Matter/20260809_084647_L27_PalletGHP0809121237_Cavity14_B01BH58_Fail7_Score(0.9999933).bmp,Foreign Matter,L27,train
dbafa74305a728a4a233b034287de9cb,/data/FMD_Data_26082026/fmd_temp_images/Updated ICube Objects 20260915/Foreign Matter/20260906_091203_L27_PalletGHE0906123803_Cavity11_B01BMD6_Fail7_Score(0.9999772).bmp,Foreign Matter,L27,train
dbc3f44fc1406c1240957d278caa98b1,/data/FMD_Data_26082026/fmd_temp_images/ICube Defects Library/Foreign Matter/20241107_161214_L27_C11_9962.bmp,Foreign Matter,L27,train
ddf3aac85316eae4d6df51fabb0c67e9,/data/FMD_Data_26082026/fmd_temp_images/Updated ICube Objects 20260915/Foreign Matter/20260905_032807_L27_PalletGHL0905065406_Cavity13_B01BMCV_Fail7_Score(0.9987298).bmp,Foreign Matter,L27,train
de7955b5965130490c0267598776d97c,/data/FMD_Data_26082026/fmd_temp_images/Updated ICube Objects 20260915/Foreign Matter/20260809_092333_L27_PalletGHS0809124918_Cavity15_B01BH58_Fail7_Score(0.9999901).bmp,Foreign Matter,L27,train
deb6bc66552211797f99ac3c1383bffc,/data/FMD_Data_26082026/fmd_temp_images/Updated ICube Objects 20260915/Foreign Matter/20260905_000920_L27_PalletGHA0905033518_Cavity15_B01BMCV_Fail7_Score(0.9995216).bmp,Foreign Matter,L27,train
dfd6a8cfd2e3f4b6e714a50bb4d94425,/data/FMD_Data_26082026/fmd_temp_images/Updated ICube Objects 20260915/Foreign Matter/20260906_060901_L27_PalletGHF0906093444_Cavity6_B01BMD7_Fail7_Score(0.9998744).bmp,Foreign Matter,L27,train
e00ff9882d4d02dbb4c0ab64893a4b67,/data/FMD_Data_26082026/fmd_temp_images/Updated ICube Objects 20260915/Foreign Matter/20260810_165338_L27_PalletGHI0810201932_Cavity13_B01BH4Z_Fail7_Score(0.9852591).bmp,Foreign Matter,L27,train
e11b97b8e20139fd345d3ca40e4c5e14,/data/FMD_Data_26082026/fmd_temp_images/Updated ICube Objects 20260915/Foreign Matter/20260810_113032_L27_PalletGHR0810145627_Cavity2_B01BH5B_Fail7_Score(0.9997904)_1.0000_0.9553.bmp,Foreign Matter,L27,train
e2a93b8ac20a485d0858dbea659a4d4e,/data/FMD_Data_26082026/fmd_temp_images/Updated ICube Objects 20260915/Foreign Matter/20260808_180439_L27_PalletGHF0808213019_Cavity15_B01BH57_Fail7_Score(0.999549).bmp,Foreign Matter,L27,train
e37f3c8882d5d6d6711e34afd848ae8b,/data/FMD_Data_26082026/fmd_temp_images/Updated ICube Objects 20260915/Foreign Matter/20260808_115745_L27_PalletGHU0808152327_Cavity10_B01BH56_Fail7_Score(0.999998).bmp,Foreign Matter,L27,train
e4174aa52dcb342cd5f7c2aab1c0b36f,/data/FMD_Data_26082026/fmd_temp_images/Updated ICube Objects 20260915/Foreign Matter/20260903_180214_L27_PalletGHA0903212803_Cavity4_B01BMCR_Fail7_Score(0.9995969).bmp,Foreign Matter,L27,train
e42cab32e736c44bb610084e489ffed6,/data/FMD_Data_26082026/fmd_temp_images/Updated ICube Objects 20260915/Foreign Matter/20260904_235141_L27_PalletGHO0905031739_Cavity6_B01BMCV_Fail7_Score(0.9999847).bmp,Foreign Matter,L27,train
e499b4cbfde5cd5ccebb9c3f846e104b,/data/FMD_Data_26082026/fmd_temp_images/Updated ICube Objects 20260915/Foreign Matter/20260906_145053_L27_PalletGHJ0906181657_Cavity15_B01BMDB_Fail7_Score(0.9998727).bmp,Foreign Matter,L27,train
e527ef6e33906ad4ba8d79c38cf05ab4,/data/FMD_Data_26082026/fmd_temp_images/Updated ICube Objects 20260915/Foreign Matter/20260907_011856_L27_PalletGHA0907044505_Cavity15_B01BMDD_Fail7_Score(0.999971).bmp,Foreign Matter,L27,train
e64c6e1ccbea78586a0bf5e0f60352db,/data/FMD_Data_26082026/fmd_temp_images/Updated ICube Objects 20260915/Foreign Matter/20241110_042105_L27_PalletGHE1110061248_Cavity10_B0178LB_Fail5_Score(0.9643347)_1.0000_0.9579.bmp,Foreign Matter,L27,train
e6f6187f3d9271f32f81fb5ef19f30d1,/data/FMD_Data_26082026/fmd_temp_images/Updated ICube Objects 20260915/Foreign Matter/20260904_174236_L27_PalletGHC0904210833_Cavity14_B01BMCT_Fail7_Score(0.9997049).bmp,Foreign Matter,L27,train
e75b2e4e9bd3997208601499d7ba4050,/data/FMD_Data_26082026/fmd_temp_images/Updated ICube Objects 20260915/Foreign Matter/20260808_052328_L27_PalletGHQ0808084908_Cavity15_B01BH56_Fail7_Score(0.9951059).bmp,Foreign Matter,L27,train
e7e5c23a05520736677ed523c60f4169,/data/FMD_Data_26082026/fmd_temp_images/Updated ICube Objects 20260915/Foreign Matter/20260904_215653_L27_PalletGHN0905012252_Cavity15_B01BMCV_Fail7_Score(0.9999996).bmp,Foreign Matter,L27,train
e80713bd596be0990bde860f0176eb40,/data/FMD_Data_26082026/fmd_temp_images/Updated ICube Objects 20260915/Foreign Matter/20260905_020732_L27_PalletGHA0905053328_Cavity9_B01BMCV_Fail7_Score(0.9998572).bmp,Foreign Matter,L27,train
e838f108956530bb3744486aeeb3d160,/data/FMD_Data_26082026/fmd_temp_images/Updated ICube Objects 20260915/Foreign Matter/20260808_195745_L27_PalletGHP0808232314_Cavity15_B01BH57_Fail6_Score(0.9695786)_0.9996_0.6339.bmp,Foreign Matter,L27,train
e85e7f77ca15e9ec6373098327faf881,/data/FMD_Data_26082026/fmd_temp_images/Updated ICube Objects 20260915/Foreign Matter/20260904_002737_L27_PalletGHD0904035330_Cavity15_B01BMCR_Fail3_Score(0.9253747).bmp,Foreign Matter,L27,train
e979a70aa0d6fb0ea9f06d99df71a183,/data/FMD_Data_26082026/fmd_temp_images/Updated ICube Objects 20260915/Foreign Matter/20260903_184117_L27_PalletGHO0903220700_Cavity15_B01BMCR_Fail6_Score(0.9684798).bmp,Foreign Matter,L27,train
eaa9faa466b555db62a0d109d5279122,/data/FMD_Data_26082026/fmd_temp_images/Updated ICube Objects 20260915/Foreign Matter/20241109_194750_L27_PalletGHA1109213931_Cavity15_B0178L8_Fail7_Score(0.999678)_1.0000_0.9581.bmp,Foreign Matter,L27,train
eade4ec9cb5473ef08336ba1c451717c,/data/FMD_Data_26082026/fmd_temp_images/Updated ICube Objects 20260915/Foreign Matter/20260809_141227_L27_PalletGHL0809173813_Cavity11_B01BH58_Fail4_Score(0.9471669).bmp,Foreign Matter,L27,train
eba32da6f56b37cdd3e406c597348eb7,/data/FMD_Data_26082026/fmd_temp_images/Updated ICube Objects 20260915/Foreign Matter/20260906_193104_L27_PalletGHP0906225712_Cavity15_B01BMDC_Fail7_Score(0.9999975).bmp,Foreign Matter,L27,train
ec7e37c4c7a3ed883dc0d9de35da502c,/data/FMD_Data_26082026/fmd_temp_images/Updated ICube Objects 20260915/Foreign Matter/20260902_162945_L27_PalletGHH0902195534_Cavity12_B01BKZX_Fail7_Score(0.9999328).bmp,Foreign Matter,L27,train
ecf9d3a52d27e0ebb1df332257a59715,/data/FMD_Data_26082026/fmd_temp_images/Updated ICube Objects 20260915/Foreign Matter/20260808_213000_L27_PalletGHA0809005547_Cavity7_B01BH57_Fail7_Score(0.9999788).bmp,Foreign Matter,L27,train
ed2a0caef1852df5d66d174c41dae788,/data/FMD_Data_26082026/fmd_temp_images/Updated ICube Objects 20260915/Foreign Matter/20260806_183539_L27_PalletGHQ0806220102_Cavity14_B01BGMR_Fail7_Score(0.9983538).bmp,Foreign Matter,L27,train
ed84473d4c83270c8f79dcfc09d76415,/data/FMD_Data_26082026/fmd_temp_images/Updated ICube Objects 20260915/Foreign Matter/20260810_095037_L27_PalletGHI0810131628_Cavity2_B01BH5B_Fail7_Score(0.9999841).bmp,Foreign Matter,L27,train
ee084a9c0476a886ee6d295e35cf293e,/data/FMD_Data_26082026/fmd_temp_images/Updated ICube Objects 20260915/Foreign Matter/20260904_153943_L27_PalletGHM0904190538_Cavity13_B01BMCT_Fail7_Score(0.9982997)_0.9992_0.9837.bmp,Foreign Matter,L27,train
f0b3bb3931b45ef3440213fe4329bee1,/data/FMD_Data_26082026/fmd_temp_images/Updated ICube Objects 20260915/Foreign Matter/20260906_010654_L27_PalletGHG0906043256_Cavity11_B01BMD5_Fail7_Score(0.9998579).bmp,Foreign Matter,L27,train
f0bbba5611a8c93269dad6b5c0eecb12,/data/FMD_Data_26082026/fmd_temp_images/Updated ICube Objects 20260915/Foreign Matter/20260808_031525_L27_PalletGHT0808064108_Cavity4_B01BH56_Fail7_Score(0.9999988).bmp,Foreign Matter,L27,train
f268172446797985052010cce255f3c8,/data/FMD_Data_26082026/fmd_temp_images/Updated ICube Objects 20260915/Foreign Matter/20260808_184257_L27_PalletGHF0808220741_Cavity14_B01BH57_Fail7_Score(0.9999827)_0.9997_0.8108.bmp,Foreign Matter,L27,train
f564aca5443d8f675aa5ce7aad68d0c3,/data/FMD_Data_26082026/fmd_temp_images/Updated ICube Objects 20260915/Foreign Matter/20260906_161159_L27_PalletGHP0906193806_Cavity6_B01BMDB_Fail7_Score(0.9999833).bmp,Foreign Matter,L27,train
f5cf2f36eb708870d1c47161f1064e58,/data/FMD_Data_26082026/fmd_temp_images/Updated ICube Objects 20260915/Foreign Matter/20260904_200316_L27_PalletGHB0904232857_Cavity7_B01BMCT_Fail7_Score(0.9999529).bmp,Foreign Matter,L27,train
f60084468d21dc3bf5983fa697b960c8,/data/FMD_Data_26082026/fmd_temp_images/Updated ICube Objects 20260915/Foreign Matter/20260809_215557_L27_PalletGHK0810012116_Cavity1_B01BH59_Fail7_Score(0.9999999).bmp,Foreign Matter,L27,train
f68be183900528d8b01e98feb6ab6275,/data/FMD_Data_26082026/fmd_temp_images/Updated ICube Objects 20260915/Foreign Matter/20241114_075718_L27_PalletGHH1114121400_Cavity14_B01796T_Fail3_Score(0.9172895)_1.0000_0.9812.bmp,Foreign Matter,L27,train
f88a32deed233e0778997611186a8662,/data/FMD_Data_26082026/fmd_temp_images/Updated ICube Objects 20260915/Foreign Matter/20260907_050043_L27_PalletGHM0907082650_Cavity12_B01BMCM_Fail7_Score(0.9908913)_0.9962_0.9722.bmp,Foreign Matter,L27,train
f8f21e2b07be1e739aa58620b662b4b3,/data/FMD_Data_26082026/fmd_temp_images/Updated ICube Objects 20260915/Foreign Matter/20260810_142044_L27_PalletGHI0810174015_Cavity13_B01BH5B_Fail7_Score(0.9999914).bmp,Foreign Matter,L27,train
f9587521ea6ab11611ee35d4f47ae4d1,/data/FMD_Data_26082026/fmd_temp_images/Updated ICube Objects 20260915/Foreign Matter/20260907_041826_L27_PalletGHD0907074429_Cavity1_B01BMCM_Fail7_Score(0.9972112)_0.9993_0.9603.bmp,Foreign Matter,L27,train
f95f02fac5a0d2993125c67ce694138f,/data/FMD_Data_26082026/fmd_temp_images/Updated ICube Objects 20260915/Foreign Matter/20241104_024338_L27_PalletGHI1104043449_Cavity15_B01779N_Fail7_Score(0.9907678)_1.0000_0.9914.bmp,Foreign Matter,L27,train
f97a2950b6be029c884e3e75c5c238a7,/data/FMD_Data_26082026/fmd_temp_images/Updated ICube Objects 20260915/Foreign Matter/20260906_112910_L27_PalletGHA0906145517_Cavity14_B01BMD9_Fail7_Score(0.9999282).bmp,Foreign Matter,L27,train
f98ea0b95c81eb4346a647f23a77c3cd,/data/FMD_Data_26082026/fmd_temp_images/Updated ICube Objects 20260915/Foreign Matter/20260808_012733_L27_PalletGHR0808045317_Cavity15_B01BH56_Fail7_Score(1).bmp,Foreign Matter,L27,train
fa12faf0d01e288332a92ba453f025a9,/data/FMD_Data_26082026/fmd_temp_images/Updated ICube Objects 20260915/Foreign Matter/20260907_182024_L27_PalletGHC0907214637_Cavity4_B01BMCW_Fail7_Score(0.9983599).bmp,Foreign Matter,L27,train
fad0064219f876014409e85c962e12c0,/data/FMD_Data_26082026/fmd_temp_images/Updated ICube Objects 20260915/Foreign Matter/20260808_222651_L27_PalletGHL0809015238_Cavity8_B01BH57_Fail7_Score(0.9999236).bmp,Foreign Matter,L27,train
fb088295f0178912443f2a7081b12b5b,/data/FMD_Data_26082026/fmd_temp_images/Updated ICube Objects 20260915/Foreign Matter/20260809_081911_L27_PalletGHM0809114447_Cavity15_B01BH58_Fail7_Score(0.9999655).bmp,Foreign Matter,L27,train
fb6ab52c530a56b43ee4eaf75e0a83ee,/data/FMD_Data_26082026/fmd_temp_images/Updated ICube Objects 20260915/Foreign Matter/20260905_192537_L27_PalletGHD0905225136_Cavity6_B01BM7D_Fail7_Score(0.9999763).bmp,Foreign Matter,L27,train
fb6ded9ed23e5a6f74fce2d90ffcb328,/data/FMD_Data_26082026/fmd_temp_images/Updated ICube Objects 20260915/Foreign Matter/20260903_051352_L27_PalletGHD0903083943_Cavity8_B01BKZX_Fail7_Score(0.9989638).bmp,Foreign Matter,L27,train
fb72f58f156af50d4c159c8ef3f885f6,/data/FMD_Data_26082026/fmd_temp_images/Updated ICube Objects 20260915/Foreign Matter/20260809_075417_L27_PalletGHN0809111958_Cavity6_B01BH58_Fail7_Score(0.9950771).bmp,Foreign Matter,L27,train
fc00a9ebb3dd25c95701f478a5477a28,/data/FMD_Data_26082026/fmd_temp_images/Updated ICube Objects 20260915/Foreign Matter/20260906_201218_L27_PalletGHJ0906233749_Cavity12_B01BMDC_Fail7_Score(0.9998118).bmp,Foreign Matter,L27,train
fc26f2be807d2054378d29bc37966bba,/data/FMD_Data_26082026/fmd_temp_images/Updated ICube Objects 20260915/Foreign Matter/20260902_182145_L27_PalletGHM0902214729_Cavity9_B01BKZX_Fail7_Score(0.9999737).bmp,Foreign Matter,L27,train
fc2dd5d302d581b4d5723fb3589129e4,/data/FMD_Data_26082026/fmd_temp_images/Updated ICube Objects 20260915/Foreign Matter/20260906_210312_L27_PalletGHN0907002920_Cavity12_B01BMDC_Fail7_Score(0.9998881).bmp,Foreign Matter,L27,train
fce512637ea9723a49a53fb3b28f8265,/data/FMD_Data_26082026/fmd_temp_images/Updated ICube Objects 20260915/Foreign Matter/20260902_183514_L27_PalletGHT0902220102_Cavity15_B01BKZX_Fail7_Score(0.9999772).bmp,Foreign Matter,L27,train
fd1bd5084f3ef8beb9beffaf93ebed4c,/data/FMD_Data_26082026/fmd_temp_images/Updated ICube Objects 20260915/Foreign Matter/20260909_073717_L27_PalletGHI0909110338_Cavity15_B01BMCZ_Fail7_Score(0.9999928).bmp,Foreign Matter,L27,train
fd55c7dcc510cf5c1c79984d82592c89,/data/FMD_Data_26082026/fmd_temp_images/Updated ICube Objects 20260915/Foreign Matter/20260806_131424_L27_PalletGHE0806163959_Cavity13_B01BGMS_Fail7_Score(0.994711).bmp,Foreign Matter,L27,train
febd68d59e4eb8f8b3598cbc91637a02,/data/FMD_Data_26082026/fmd_temp_images/Updated ICube Objects 20260915/Foreign Matter/20260904_051044_L27_PalletGHI0904083639_Cavity9_B01BMCS_Fail7_Score(0.9999671).bmp,Foreign Matter,L27,train
febf71dff4556ece5dc468451823e2aa,/data/FMD_Data_26082026/fmd_temp_images/Updated ICube Objects 20260915/Foreign Matter/20260907_000241_L27_PalletGHC0907032850_Cavity13_B01BMDD_Fail7_Score(0.9998236).bmp,Foreign Matter,L27,train
ff27f5677ec7c518797eacb523e83b87,/data/FMD_Data_26082026/fmd_temp_images/Updated ICube Objects 20260915/Foreign Matter/20260806_090205_L27_PalletGHP0806122728_Cavity8_B01BGMM_Fail6_Score(0.9686857).bmp,Foreign Matter,L27,train
ff8b48b324131f31d0d26eb6f70fb898,/data/FMD_Data_26082026/fmd_temp_images/Updated ICube Objects 20260915/Foreign Matter/20260810_144836_L27_PalletGHD0810181433_Cavity13_B01BH5B_Fail7_Score(0.9999849).bmp,Foreign Matter,L27,train
2178f88e5cf286b149eecf502aef41f9,/data/FMD_Data_26082026/fmd_temp_images/Updated ICube Categorical Classes 20260915/HEMA Obstruction/20260906_220542_L27_PalletGHK0907013146_Cavity15_B01BMDC_Fail7_Score(0.999999).bmp,HEMA Obstruction,L27,test
d43e8bac8e52067f1975dd9b6817859b,/data/FMD_Data_26082026/fmd_temp_images/ICube Defects Library/HEMA Obstruction/20241117_052841_L27_C8_9842.bmp,HEMA Obstruction,L27,train
06cbe8a72b2e8aff5e1c69da8279dd9c,/data/FMD_Data_26082026/fmd_temp_images/ICube Defects Library/Lens Off Center/20241207_052457_L27_C12_9742.bmp,Lens Off Center,L27,test
45c382e1ad69676bc53988bcf18b3772,/data/FMD_Data_26082026/fmd_temp_images/Updated ICube Categorical Classes 20260915/Lens Off Center/20241103_211805_L27_C14_1_0.7719.bmp,Lens Off Center,L27,test
4679a1f906f5b78a3fc467f2425b4767,/data/FMD_Data_26082026/fmd_temp_images/ICube Defects Library/Lens Off Center/20241119_112140_L27_C2_9317.bmp,Lens Off Center,L27,test
4ebf957812009a61a644830ac3af0998,/data/FMD_Data_26082026/fmd_temp_images/ICube Defects Library/Lens Off Center/20241119_143922_L27_C14_9307.bmp,Lens Off Center,L27,test
7fba981eccb230dae2fbfd0e9bd05328,/data/FMD_Data_26082026/fmd_temp_images/ICube Defects Library/Lens Off Center/20241119_134906_L27_C14_9239.bmp,Lens Off Center,L27,test
812163d1b48e93e61c520549f50f1c1b,/data/FMD_Data_26082026/fmd_temp_images/Updated ICube Categorical Classes 20260915/Lens Off Center/20241204_175904_L27_C15_9916_0.5063.bmp,Lens Off Center,L27,test
897734cd67e98e25979bde01aa55f285,/data/FMD_Data_26082026/fmd_temp_images/ICube Defects Library/Lens Off Center/20241119_112105_L27_C8_9826.bmp,Lens Off Center,L27,test
c956cb45ceedc5f9dd9b9593d5149677,/data/FMD_Data_26082026/fmd_temp_images/Updated ICube Categorical Classes 20260915/Lens Off Center/20241103_212054_L27_C14_1_0.7419.bmp,Lens Off Center,L27,test
008be6263bd0fca7a8cff22e5cce16a8,/data/FMD_Data_26082026/fmd_temp_images/Updated ICube Categorical Classes 20260915/Lens Off Center/20241103_015515_L27_C6_9727_0.5215.bmp,Lens Off Center,L27,train
083b560439d473cac15f3c075b9489a7,/data/FMD_Data_26082026/fmd_temp_images/Updated ICube Categorical Classes 20260915/Lens Off Center/20241103_024522_L27_C15_9029_0.4560.bmp,Lens Off Center,L27,train
312fe3e6ba22ac889524b253200b8b71,/data/FMD_Data_26082026/fmd_temp_images/Updated ICube Categorical Classes 20260915/Lens Off Center/20241107_061904_L27_C6_9450_0.7314.bmp,Lens Off Center,L27,train
4b31640f7b8f5b496409af863ec3965a,/data/FMD_Data_26082026/fmd_temp_images/Updated ICube Categorical Classes 20260915/Lens Off Center/20241120_185249_L27_C2_9997_0.3987.bmp,Lens Off Center,L27,train
4e5f5666ac2b43a7696727029c4703e0,/data/FMD_Data_26082026/fmd_temp_images/Updated ICube Categorical Classes 20260915/Lens Off Center/20241212_111232_L27_C2_9571_0.5905.bmp,Lens Off Center,L27,train
56faeed6e9f9fcfd14e27535e96cfe76,/data/FMD_Data_26082026/fmd_temp_images/Updated ICube Categorical Classes 20260915/Lens Off Center/20241103_215600_L27_C10_1_0.6480.bmp,Lens Off Center,L27,train
616d07455cac4a882b2c926f6ce02381,/data/FMD_Data_26082026/fmd_temp_images/ICube Defects Library/Lens Off Center/20241104_000808_L27_C15_9021.bmp,Lens Off Center,L27,train
7c5b2e1e62f97cb73891a53a54c81731,/data/FMD_Data_26082026/fmd_temp_images/Updated ICube Categorical Classes 20260915/Lens Off Center/20241206_133210_L27_C5_9294_0.5197.bmp,Lens Off Center,L27,train
8b233b3ecc9d8e70b9658b2012c5b719,/data/FMD_Data_26082026/fmd_temp_images/ICube Defects Library/Lens Off Center/20241119_143531_L27_C15_9134.bmp,Lens Off Center,L27,train
9db464d91c21f9d2eb1cb6283bba6266,/data/FMD_Data_26082026/fmd_temp_images/ICube Defects Library/Lens Off Center/20241119_142602_L27_C11_9962.bmp,Lens Off Center,L27,train
a5c2d5a0755e2bebbd9d31deb9fa86a9,/data/FMD_Data_26082026/fmd_temp_images/ICube Defects Library/Lens Off Center/20241207_111854_L27_C1_9862.bmp,Lens Off Center,L27,train
a7987593fe7534b474bf6823ea0fd927,/data/FMD_Data_26082026/fmd_temp_images/Updated ICube Categorical Classes 20260915/Lens Off Center/20241106_112929_L27_C13_9861_0.4180.bmp,Lens Off Center,L27,train
bee060941ea5951a3ea0d3ab407095f8,/data/FMD_Data_26082026/fmd_temp_images/ICube Defects Library/Lens Off Center/20241119_112000_L27_C7_9939.bmp,Lens Off Center,L27,train
cbb0c9506e7c5de236f8959717ca90ea,/data/FMD_Data_26082026/fmd_temp_images/Updated ICube Categorical Classes 20260915/Lens Off Center/20241120_193911_L27_C1_9130_0.8433.bmp,Lens Off Center,L27,train
d73f189c9fa431e8510435c77f022369,/data/FMD_Data_26082026/fmd_temp_images/Updated ICube Categorical Classes 20260915/Lens Off Center/20241119_023342_L27_C14_9319_0.9741.bmp,Lens Off Center,L27,train
da58ce5718ab837e825bc3aa7fe74f3f,/data/FMD_Data_26082026/fmd_temp_images/Updated ICube Categorical Classes 20260915/Lens Off Center/20241119_144747_L27_C15_9793_0.6941.bmp,Lens Off Center,L27,train
dddcf1c457d4d35835f26588583dafde,/data/FMD_Data_26082026/fmd_temp_images/ICube Defects Library/Lens Off Center/20241103_235045_L27_C15_9999.bmp,Lens Off Center,L27,train
e1ee04405d22c8946d9470be56cecab8,/data/FMD_Data_26082026/fmd_temp_images/Updated ICube Categorical Classes 20260915/Lens Off Center/20241102_180130_L27_C15_9461_0.9896.bmp,Lens Off Center,L27,train
ecc11c0d2816dd376481e2d10e5e2b13,/data/FMD_Data_26082026/fmd_temp_images/ICube Defects Library/Lens Off Center/20241104_041829_L27_C8_9591.bmp,Lens Off Center,L27,train
098aac322c8bc2e96977e46bdcba9b9a,/data/FMD_Data_26082026/fmd_temp_images/Updated ICube Categorical Classes 20260915/Missing Lens/20241112_153448_L27_C4_1_0.3783.bmp,Missing Lens,L27,test
11e54819cd757f7abc4f7f9f88f06b07,/data/FMD_Data_26082026/fmd_temp_images/Updated ICube Categorical Classes 20260915/Missing Lens/20241112_153640_L27_C14_1_0.3337.bmp,Missing Lens,L27,test
140cc0c9cbe6f9e1e3844acd815308ae,/data/FMD_Data_26082026/fmd_temp_images/Updated ICube Categorical Classes 20260915/Missing Lens/20260904_010749_L27_PalletGHM0904043344_Cavity5_B01BMCS_Fail3_Score(0.9280781).bmp,Missing Lens,L27,test
1a006504390dce5b713ea6e0ec0816e3,/data/FMD_Data_26082026/fmd_temp_images/Updated ICube Categorical Classes 20260915/Missing Lens/20241112_153606_L27_C15_1_0.2655.bmp,Missing Lens,L27,test
1e3eb3c96022986b7baf2679b913d015,/data/FMD_Data_26082026/fmd_temp_images/Updated ICube Categorical Classes 20260915/Missing Lens/20241112_153448_L27_C10_1_0.4950.bmp,Missing Lens,L27,test
1e46c45483274d5d594de8b5e177b938,/data/FMD_Data_26082026/fmd_temp_images/Updated ICube Categorical Classes 20260915/Missing Lens/20260908_230903_L27_PalletGHS0909023345_Cavity1_B01BMCZ_Fail7_Score(1).bmp,Missing Lens,L27,test
30d6aa2e63f0e1fbecf58153b63ae3b6,/data/FMD_Data_26082026/fmd_temp_images/Updated ICube Categorical Classes 20260915/Missing Lens/20241112_153655_L27_C14_1_0.6245.bmp,Missing Lens,L27,test
464a2fdce5f8329833daa3e92c37c4ba,/data/FMD_Data_26082026/fmd_temp_images/Updated ICube Categorical Classes 20260915/Missing Lens/20241120_110229_L27_C12_9930_0.5269.bmp,Missing Lens,L27,test
4d3affdbe4a2036ace96c646cc5125d0,/data/FMD_Data_26082026/fmd_temp_images/Updated ICube Categorical Classes 20260915/Missing Lens/20260807_131303_L27_PalletGHQ0807163742_Cavity7_B01BGMR_Fail7_Score(0.9999999).bmp,Missing Lens,L27,test
546b4ac26e6d21064c28ee2cde156fbf,/data/FMD_Data_26082026/fmd_temp_images/Updated ICube Categorical Classes 20260915/Missing Lens/20241112_153655_L27_C12_1_0.3343.bmp,Missing Lens,L27,test
6e4de7f1006579b1f44ca06b27aa7ce1,/data/FMD_Data_26082026/fmd_temp_images/Updated ICube Categorical Classes 20260915/Missing Lens/20241113_083656_L27_C1_9801_0.9319.bmp,Missing Lens,L27,test
826ef5eca6d84c610e039c2881f1c96e,/data/FMD_Data_26082026/fmd_temp_images/Updated ICube Categorical Classes 20260915/Missing Lens/20241112_153655_L27_C1_1_0.4807.bmp,Missing Lens,L27,test
831d00b8de33fdf39ece6dc821e5db57,/data/FMD_Data_26082026/fmd_temp_images/Updated ICube Categorical Classes 20260915/Missing Lens/20241112_153639_L27_C6_1_0.2917.bmp,Missing Lens,L27,test
8499a4605d766d3e3aa7699f6d96b798,/data/FMD_Data_26082026/fmd_temp_images/Updated ICube Categorical Classes 20260915/Missing Lens/20241112_153448_L27_C1_1_0.3218.bmp,Missing Lens,L27,test
872ad7bb8234b7060d40197b2a0a92f4,/data/FMD_Data_26082026/fmd_temp_images/Updated ICube Categorical Classes 20260915/Missing Lens/20241112_153606_L27_C1_1_0.3670.bmp,Missing Lens,L27,test
8e2624b9347ff9616db998f074a22f8e,/data/FMD_Data_26082026/fmd_temp_images/Updated ICube Categorical Classes 20260915/Missing Lens/20241112_153448_L27_C12_1_0.2868.bmp,Missing Lens,L27,test
99264c9409dcd730092e7b44ad108022,/data/FMD_Data_26082026/fmd_temp_images/Updated ICube Categorical Classes 20260915/Missing Lens/20241112_153655_L27_C11_1_0.5672.bmp,Missing Lens,L27,test
a717f25d6db638534aff9558000c1cac,/data/FMD_Data_26082026/fmd_temp_images/Updated ICube Categorical Classes 20260915/Missing Lens/20241112_153448_L27_C7_1_0.3275.bmp,Missing Lens,L27,test
b1a1fa7aee70e85623636afc080cf63c,/data/FMD_Data_26082026/fmd_temp_images/Updated ICube Categorical Classes 20260915/Missing Lens/20241112_153655_L27_C7_1_0.3861.bmp,Missing Lens,L27,test
b1e2f9c07db2ad9800ea8c1533d9c6e0,/data/FMD_Data_26082026/fmd_temp_images/Updated ICube Categorical Classes 20260915/Missing Lens/20241112_153639_L27_C9_1_0.2926.bmp,Missing Lens,L27,test
d6a858ecf330844ef1dbac82d6de0573,/data/FMD_Data_26082026/fmd_temp_images/ICube Defects Library/Missing Lens/20241120_110221_L27_C11_9603.bmp,Missing Lens,L27,test
e4ca4d9c122954a5288d7473fc561a50,/data/FMD_Data_26082026/fmd_temp_images/Updated ICube Categorical Classes 20260915/Missing Lens/20260903_083251_L27_PalletGHM0903115817_Cavity4_B01BKZX_Fail7_Score(0.9999889).bmp,Missing Lens,L27,test
ef5f35bd68f75bc7ef25afc5f5137152,/data/FMD_Data_26082026/fmd_temp_images/Updated ICube Categorical Classes 20260915/Missing Lens/20260903_185707_L27_PalletGHQ0903222220_Cavity7_B01BMCR_Fail7_Score(0.999999).bmp,Missing Lens,L27,test
f7afc2a88b1411b96af428076ee5f0bb,/data/FMD_Data_26082026/fmd_temp_images/Updated ICube Categorical Classes 20260915/Missing Lens/20241112_153606_L27_C13_1_0.3554.bmp,Missing Lens,L27,test
02ea62f42ebd6722fd5deea3714b67cd,/data/FMD_Data_26082026/fmd_temp_images/Updated ICube Categorical Classes 20260915/Missing Lens/20260907_195518_L27_PalletGHR0907231708_Cavity3_B01BMCW_Fail7_Score(0.9987063).bmp,Missing Lens,L27,train
0377e21f27be43413b44fee28bbace75,/data/FMD_Data_26082026/fmd_temp_images/Updated ICube Categorical Classes 20260915/Missing Lens/20241112_153640_L27_C10_1_0.2416.bmp,Missing Lens,L27,train
08829d7ef689e2ea3db6dadc82715d3a,/data/FMD_Data_26082026/fmd_temp_images/Updated ICube Categorical Classes 20260915/Missing Lens/20241112_153639_L27_C1_1_0.4074.bmp,Missing Lens,L27,train
0991f4ec3ab81d76628cf8561c2a814d,/data/FMD_Data_26082026/fmd_temp_images/Updated ICube Categorical Classes 20260915/Missing Lens/20241112_153639_L27_C2_1_0.3691.bmp,Missing Lens,L27,train
124c69594d4311d4a2d725ad5cfffd74,/data/FMD_Data_26082026/fmd_temp_images/Updated ICube Categorical Classes 20260915/Missing Lens/20260907_195536_L27_PalletGHT0907231712_Cavity15_B01BMCW_Fail7_Score(0.9999999).bmp,Missing Lens,L27,train
151eecbaa40b34136ba668d20b36a18a,/data/FMD_Data_26082026/fmd_temp_images/Updated ICube Categorical Classes 20260915/Missing Lens/20260907_195519_L27_PalletGHR0907231708_Cavity9_B01BMCW_Fail7_Score(0.9998562).bmp,Missing Lens,L27,train
19a0c207b250db91ce967b50fffe10b6,/data/FMD_Data_26082026/fmd_temp_images/ICube Defects Library/Missing Lens/20241207_195208_L27_C6_9913.bmp,Missing Lens,L27,train
238132bd895c6f183a69b321279264cf,/data/FMD_Data_26082026/fmd_temp_images/Updated ICube Categorical Classes 20260915/Missing Lens/20241112_153655_L27_C8_1_0.3414.bmp,Missing Lens,L27,train
27698164dbcec9d85993cd5dc3a7c7f5,/data/FMD_Data_26082026/fmd_temp_images/Updated ICube Categorical Classes 20260915/Missing Lens/20241112_153448_L27_C13_1_0.5226.bmp,Missing Lens,L27,train
278d91a5f4ea5a169ffc2370736965ab,/data/FMD_Data_26082026/fmd_temp_images/Updated ICube Categorical Classes 20260915/Missing Lens/20260907_195518_L27_PalletGHR0907231708_Cavity2_B01BMCW_Fail7_Score(1).bmp,Missing Lens,L27,train
2e06e23bd424c4f487a7a8976df4c198,/data/FMD_Data_26082026/fmd_temp_images/Updated ICube Categorical Classes 20260915/Missing Lens/20241112_153655_L27_C3_1_0.3686.bmp,Missing Lens,L27,train
2fe26604a307327644e74411ab884ff7,/data/FMD_Data_26082026/fmd_temp_images/Updated ICube Categorical Classes 20260915/Missing Lens/20241112_153606_L27_C8_1_0.2865.bmp,Missing Lens,L27,train
353af6ecf34d8758c96cf0b708131d3c,/data/FMD_Data_26082026/fmd_temp_images/Updated ICube Categorical Classes 20260915/Missing Lens/20241111_121628_L27_C8_9060_0.9833.bmp,Missing Lens,L27,train
414a22525073ae5fa7fb8298aa862a3f,/data/FMD_Data_26082026/fmd_temp_images/Updated ICube Categorical Classes 20260915/Missing Lens/20241112_153606_L27_C11_1_0.2358.bmp,Missing Lens,L27,train
4846b5f92118332b59fd4ce340689a32,/data/FMD_Data_26082026/fmd_temp_images/ICube Defects Library/Missing Lens/20241120_110221_L27_C7_9696.bmp,Missing Lens,L27,train
5929e891e7398e6962e26e89a5b1ceca,/data/FMD_Data_26082026/fmd_temp_images/Updated ICube Categorical Classes 20260915/Missing Lens/20260809_064016_L27_PalletGHM0809100332_Cavity2_B01BH58_Fail7_Score(0.9997129).bmp,Missing Lens,L27,train
5af205cd81872e87a4259d02c0b8eef4,/data/FMD_Data_26082026/fmd_temp_images/Updated ICube Categorical Classes 20260915/Missing Lens/20260905_064714_L27_PalletGHJ0905100956_Cavity7_B01BMCV_Fail6_Score(0.9830164).bmp,Missing Lens,L27,train
66b3f8e5b90398a0625ba2e2b11d939b,/data/FMD_Data_26082026/fmd_temp_images/Updated ICube Categorical Classes 20260915/Missing Lens/20241112_153606_L27_C2_1_0.3012.bmp,Missing Lens,L27,train
6829cd5b2604eb94c4696621faf4b452,/data/FMD_Data_26082026/fmd_temp_images/Updated ICube Categorical Classes 20260915/Missing Lens/20241119_115834_L27_C3_9833_0.9982.bmp,Missing Lens,L27,train
697f1700e60282e7e58628a025894820,/data/FMD_Data_26082026/fmd_temp_images/Updated ICube Categorical Classes 20260915/Missing Lens/20241112_153655_L27_C15_1_0.4525.bmp,Missing Lens,L27,train
6aede7e8f76bed51947641b5cce12e2b,/data/FMD_Data_26082026/fmd_temp_images/Updated ICube Categorical Classes 20260915/Missing Lens/20241112_153606_L27_C6_1_0.2548.bmp,Missing Lens,L27,train
7104e1c2ae1294219bdedbed4fcc3167,/data/FMD_Data_26082026/fmd_temp_images/Updated ICube Categorical Classes 20260915/Missing Lens/20241112_153639_L27_C8_1_0.3316.bmp,Missing Lens,L27,train
72981dc58b9defceddcca9a577c85091,/data/FMD_Data_26082026/fmd_temp_images/Updated ICube Categorical Classes 20260915/Missing Lens/20241112_153655_L27_C9_1_0.3744.bmp,Missing Lens,L27,train
7704b5c7d0b78d9b374f0d79d5da10ba,/data/FMD_Data_26082026/fmd_temp_images/Updated ICube Categorical Classes 20260915/Missing Lens/20241112_153448_L27_C9_1_0.2699.bmp,Missing Lens,L27,train
78b9888235ab202dbe71f4c94c152806,/data/FMD_Data_26082026/fmd_temp_images/Updated ICube Categorical Classes 20260915/Missing Lens/20241112_153606_L27_C5_1_0.2959.bmp,Missing Lens,L27,train
81b342600bdbcd6994f9f17de1d0af41,/data/FMD_Data_26082026/fmd_temp_images/Updated ICube Categorical Classes 20260915/Missing Lens/20241112_153448_L27_C2_1_0.3118.bmp,Missing Lens,L27,train
86e4c80e8451dbd08c7e2d5eb61fdaaf,/data/FMD_Data_26082026/fmd_temp_images/Updated ICube Categorical Classes 20260915/Missing Lens/20241112_153448_L27_C3_1_0.3138.bmp,Missing Lens,L27,train
892dc485f96bc97a238260f3df5aa915,/data/FMD_Data_26082026/fmd_temp_images/Updated ICube Categorical Classes 20260915/Missing Lens/20241112_153606_L27_C4_1_0.2064.bmp,Missing Lens,L27,train
8b14909fb9f02a3d36ce2df4f39dc9c9,/data/FMD_Data_26082026/fmd_temp_images/Updated ICube Categorical Classes 20260915/Missing Lens/20241112_153655_L27_C5_1_0.2957.bmp,Missing Lens,L27,train
8bcb140e51fa65f38fef51a7760beea2,/data/FMD_Data_26082026/fmd_temp_images/Updated ICube Categorical Classes 20260915/Missing Lens/20241112_153639_L27_C7_1_0.3640.bmp,Missing Lens,L27,train
949271710154926dd52aab5177607fda,/data/FMD_Data_26082026/fmd_temp_images/Updated ICube Categorical Classes 20260915/Missing Lens/20241112_153606_L27_C14_1_0.2945.bmp,Missing Lens,L27,train
9e4aecf6022f7b0152412ab1509427d7,/data/FMD_Data_26082026/fmd_temp_images/Updated ICube Categorical Classes 20260915/Missing Lens/20241120_110229_L27_C7_9294_0.8755.bmp,Missing Lens,L27,train
a1c16e4eefa5a3befb8c9bc035422097,/data/FMD_Data_26082026/fmd_temp_images/Updated ICube Categorical Classes 20260915/Missing Lens/20260807_131303_L27_PalletGHQ0807163742_Cavity3_B01BGMR_Fail7_Score(1).bmp,Missing Lens,L27,train
a3f976de08ad239108e4a3dd3e719921,/data/FMD_Data_26082026/fmd_temp_images/Updated ICube Categorical Classes 20260915/Missing Lens/20241112_153639_L27_C4_1_0.2877.bmp,Missing Lens,L27,train
a5edb36f7e0210aff50a91d054088d7c,/data/FMD_Data_26082026/fmd_temp_images/Updated ICube Categorical Classes 20260915/Missing Lens/20241112_153640_L27_C13_1_0.3099.bmp,Missing Lens,L27,train
aa483382b3556cde420c81771ef5f13f,/data/FMD_Data_26082026/fmd_temp_images/Updated ICube Categorical Classes 20260915/Missing Lens/20260907_195519_L27_PalletGHR0907231708_Cavity14_B01BMCW_Fail7_Score(0.9999986).bmp,Missing Lens,L27,train
ac73b97c959ef84f5bfcbcb487bd99e5,/data/FMD_Data_26082026/fmd_temp_images/Updated ICube Categorical Classes 20260915/Missing Lens/20260907_064318_L27_PalletGHB0907100722_Cavity2_B01BMCM_Fail7_Score(1).bmp,Missing Lens,L27,train
b91e3551c51007617f77505770e94831,/data/FMD_Data_26082026/fmd_temp_images/Updated ICube Categorical Classes 20260915/Missing Lens/20241112_153640_L27_C12_1_0.3745.bmp,Missing Lens,L27,train
b99cd8c8d045f716b395e9f42fffcefe,/data/FMD_Data_26082026/fmd_temp_images/Updated ICube Categorical Classes 20260915/Missing Lens/20241112_153655_L27_C6_1_0.4199.bmp,Missing Lens,L27,train
bdb0c13c1e94219116098d60dc60ee26,/data/FMD_Data_26082026/fmd_temp_images/Updated ICube Categorical Classes 20260915/Missing Lens/20241112_153640_L27_C15_1_0.3741.bmp,Missing Lens,L27,train
c1640dbb29b6078a2e49e039d045182b,/data/FMD_Data_26082026/fmd_temp_images/Updated ICube Categorical Classes 20260915/Missing Lens/20241112_153655_L27_C4_1_0.3962.bmp,Missing Lens,L27,train
c2d5e17858d45bd784b2bb5335aaee91,/data/FMD_Data_26082026/fmd_temp_images/Updated ICube Categorical Classes 20260915/Missing Lens/20241112_153606_L27_C7_1_0.2643.bmp,Missing Lens,L27,train
c3bd74d79fe5c600d47c87e4b51e96d0,/data/FMD_Data_26082026/fmd_temp_images/Updated ICube Categorical Classes 20260915/Missing Lens/20260908_231107_L27_PalletGHK0909023550_Cavity10_B01BMCZ_Fail7_Score(0.9999914).bmp,Missing Lens,L27,train
c8188c3dea094bdf62eb87d6a91cd77a,/data/FMD_Data_26082026/fmd_temp_images/Updated ICube Categorical Classes 20260915/Missing Lens/20241112_153448_L27_C15_1_0.3681.bmp,Missing Lens,L27,train
ca37cf7db727fc276a9aac2ccee2ffa7,/data/FMD_Data_26082026/fmd_temp_images/Updated ICube Categorical Classes 20260915/Missing Lens/20260907_195519_L27_PalletGHR0907231708_Cavity15_B01BMCW_Fail5_Score(0.96244).bmp,Missing Lens,L27,train
ccbeb35bf9f2e84e3298722832604648,/data/FMD_Data_26082026/fmd_temp_images/Updated ICube Categorical Classes 20260915/Missing Lens/20241112_153606_L27_C9_1_0.3489.bmp,Missing Lens,L27,train
cffa86900727abadfad81a00cb640bb3,/data/FMD_Data_26082026/fmd_temp_images/Updated ICube Categorical Classes 20260915/Missing Lens/20241112_153639_L27_C3_1_0.3910.bmp,Missing Lens,L27,train
dc60698e1ace683bc098be541e2f7a51,/data/FMD_Data_26082026/fmd_temp_images/Updated ICube Categorical Classes 20260915/Missing Lens/20260907_195536_L27_PalletGHT0907231712_Cavity14_B01BMCW_Fail7_Score(0.9995254).bmp,Missing Lens,L27,train
ddd32ed05b3e92337d6f4782bf0cfc36,/data/FMD_Data_26082026/fmd_temp_images/Updated ICube Categorical Classes 20260915/Missing Lens/20241112_153448_L27_C8_1_0.6798.bmp,Missing Lens,L27,train
dedf020e347666cf76f6264525c28be3,/data/FMD_Data_26082026/fmd_temp_images/Updated ICube Categorical Classes 20260915/Missing Lens/20241112_153606_L27_C3_1_0.3189.bmp,Missing Lens,L27,train
e03b06779cff09eb56560e982ab6365a,/data/FMD_Data_26082026/fmd_temp_images/Updated ICube Categorical Classes 20260915/Missing Lens/20241104_193339_L27_C4_9871_0.9927.bmp,Missing Lens,L27,train
e455d183941985be63eed1cde6f6f71f,/data/FMD_Data_26082026/fmd_temp_images/Updated ICube Categorical Classes 20260915/Missing Lens/20241112_153606_L27_C10_1_0.3152.bmp,Missing Lens,L27,train
e711b44ff4499d8c43d4befbfe996871,/data/FMD_Data_26082026/fmd_temp_images/Updated ICube Categorical Classes 20260915/Missing Lens/20241112_153655_L27_C2_1_0.5878.bmp,Missing Lens,L27,train
e9e814411f88372b23ed3985b36e6be5,/data/FMD_Data_26082026/fmd_temp_images/Updated ICube Categorical Classes 20260915/Missing Lens/20260907_195519_L27_PalletGHR0907231708_Cavity10_B01BMCW_Fail7_Score(1).bmp,Missing Lens,L27,train
ec65f14346718c86dcf31cb253f55e24,/data/FMD_Data_26082026/fmd_temp_images/Updated ICube Categorical Classes 20260915/Missing Lens/20241112_153639_L27_C5_1_0.3000.bmp,Missing Lens,L27,train
ed22092c801e5ef789eb8396e2ca34e6,/data/FMD_Data_26082026/fmd_temp_images/Updated ICube Categorical Classes 20260915/Missing Lens/20241112_153448_L27_C5_1_0.3708.bmp,Missing Lens,L27,train
ee40015d64f8793f4fc9550223ec88d4,/data/FMD_Data_26082026/fmd_temp_images/Updated ICube Categorical Classes 20260915/Missing Lens/20241112_153655_L27_C13_1_0.4667.bmp,Missing Lens,L27,train
2927ac0e1f56df329f291ad308aa0dd8,/data/FMD_Data_26082026/fmd_temp_images/Updated ICube Categorical Classes 20260915/Missing Primary Package/20241112_153448_L27_C11_1_0.2771.bmp,Missing Primary Package,L27,test
61c1b46374367fc2054ace7e90223b89,/data/FMD_Data_26082026/fmd_temp_images/Updated ICube Categorical Classes 20260915/Missing Primary Package/20260808_115044_L27_PalletGHS0808151333_Cavity9_B01BH56_Fail6_Score(0.9700737).bmp,Missing Primary Package,L27,test
6fbd52c419d717e2ad64069ab80fe2cd,/data/FMD_Data_26082026/fmd_temp_images/Updated ICube Categorical Classes 20260915/Missing Primary Package/20260808_122632_L27_PalletGHK0808155102_Cavity13_B01BH56_Fail3_Score(0.918538).bmp,Missing Primary Package,L27,test
af14b7c87d8ac4b48038b5f1b47c2d18,/data/FMD_Data_26082026/fmd_temp_images/Updated ICube Categorical Classes 20260915/Missing Primary Package/20260909_105456_L27_PalletGHP0909141207_Cavity2_B01BMCZ_Fail2_Score(0.9039732).bmp,Missing Primary Package,L27,test
0a9760cdb5724d556b3e70a5a4e18cef,/data/FMD_Data_26082026/fmd_temp_images/Updated ICube Categorical Classes 20260915/Missing Primary Package/20260808_122632_L27_PalletGHK0808155102_Cavity1_B01BH56_Fail7_Score(0.9856931).bmp,Missing Primary Package,L27,train
64914532c447ff3e020ff0c1e13ade08,/data/FMD_Data_26082026/fmd_temp_images/Updated ICube Categorical Classes 20260915/Missing Primary Package/20260808_122632_L27_PalletGHK0808155102_Cavity2_B01BH56_Fail4_Score(0.9490459).bmp,Missing Primary Package,L27,train
91d90f57d07d692e3078022d6500d74d,/data/FMD_Data_26082026/fmd_temp_images/Updated ICube Categorical Classes 20260915/Missing Primary Package/20241112_153606_L27_C12_1_0.2851.bmp,Missing Primary Package,L27,train
a9eb66c0db6f113b6b430c1f0eebfaf6,/data/FMD_Data_26082026/fmd_temp_images/Updated ICube Categorical Classes 20260915/Missing Primary Package/20241112_153640_L27_C11_1_0.3032.bmp,Missing Primary Package,L27,train
ab1a5fbc730128249ad0da4a4c877183,/data/FMD_Data_26082026/fmd_temp_images/Updated ICube Categorical Classes 20260915/Missing Primary Package/20260808_122632_L27_PalletGHK0808155102_Cavity6_B01BH56_Fail6_Score(0.9776584).bmp,Missing Primary Package,L27,train
abb2d9e38e45237acca2a17d9fd43b17,/data/FMD_Data_26082026/fmd_temp_images/Updated ICube Categorical Classes 20260915/Missing Primary Package/20260808_122632_L27_PalletGHK0808155102_Cavity9_B01BH56_Fail6_Score(0.9685674).bmp,Missing Primary Package,L27,train
d34ef28a78230d011d9f47c3b90c2e3c,/data/FMD_Data_26082026/fmd_temp_images/Updated ICube Categorical Classes 20260915/Missing Primary Package/20241112_153448_L27_C14_1_0.2504.bmp,Missing Primary Package,L27,train
d87d38bfe4a78588e3c47944a1b29902,/data/FMD_Data_26082026/fmd_temp_images/Updated ICube Categorical Classes 20260915/Missing Primary Package/20241112_153655_L27_C10_1_0.3144.bmp,Missing Primary Package,L27,train
129c9ffb633e2dfb05df60ce5d979e6f,/data/FMD_Data_26082026/fmd_temp_images/Updated ICube Categorical Classes 20260915/Multiple Lenses/20260809_123913_L27_PalletGHM0809160502_Cavity1_B01BH58_Fail7_Score(0.9862868).bmp,Multiple Lenses,L27,test
1cb734644c7d4973a078a2ecea7bb35f,/data/FMD_Data_26082026/fmd_temp_images/Updated ICube Categorical Classes 20260915/Multiple Lenses/20260904_154027_L27_PalletGHG0904190625_Cavity12_B01BMCT_Fail7_Score(0.9995824).bmp,Multiple Lenses,L27,test
2ae19e3c5058713a540df21efb1192a1,/data/FMD_Data_26082026/fmd_temp_images/Updated ICube Categorical Classes 20260915/Multiple Lenses/20260905_043148_L27_PalletGHP0905075737_Cavity3_B01BMCV_Fail7_Score(0.9999821).bmp,Multiple Lenses,L27,test
3666214e6969d91801755f0bc17ae300,/data/FMD_Data_26082026/fmd_temp_images/Updated ICube Categorical Classes 20260915/Multiple Lenses/20260808_184134_L27_PalletGHN0808220433_Cavity15_B01BH57_Fail7_Score(0.999988).bmp,Multiple Lenses,L27,test
37a89e65259b8b4d70d73238b9899120,/data/FMD_Data_26082026/fmd_temp_images/Updated ICube Categorical Classes 20260915/Multiple Lenses/20260908_020343_L27_PalletGHH0908052958_Cavity14_B01BMCW_Fail7_Score(0.9979637).bmp,Multiple Lenses,L27,test
494ae27dfbca3a82f0226d081aa6dc5e,/data/FMD_Data_26082026/fmd_temp_images/Updated ICube Categorical Classes 20260915/Multiple Lenses/20260904_185403_L27_PalletGHH0904221857_Cavity10_B01BMCT_Fail7_Score(0.9999998).bmp,Multiple Lenses,L27,test
4d54450ee1c73e2c1eab73414c60a184,/data/FMD_Data_26082026/fmd_temp_images/Updated ICube Categorical Classes 20260915/Multiple Lenses/20260904_153943_L27_PalletGHM0904190538_Cavity7_B01BMCT_Fail7_Score(1).bmp,Multiple Lenses,L27,test
4dae4d75455e10107dca3cb84f850ef0,/data/FMD_Data_26082026/fmd_temp_images/Updated ICube Categorical Classes 20260915/Multiple Lenses/20260903_070352_L27_PalletGHR0903102944_Cavity12_B01BKZX_Fail6_Score(0.9734682).bmp,Multiple Lenses,L27,test
586564e57964ecd4a96d2b8ae4ec0c0b,/data/FMD_Data_26082026/fmd_temp_images/Updated ICube Categorical Classes 20260915/Multiple Lenses/20260907_195536_L27_PalletGHT0907231712_Cavity1_B01BMCW_Fail5_Score(0.9630391).bmp,Multiple Lenses,L27,test
5d3e6439124e9041d9e60d748ac35cc0,/data/FMD_Data_26082026/fmd_temp_images/Updated ICube Categorical Classes 20260915/Multiple Lenses/20241102_190642_L27_C1_9762_0.9471.bmp,Multiple Lenses,L27,test
6364bac9212ad992a8ad525c4d475b5b,/data/FMD_Data_26082026/fmd_temp_images/Updated ICube Categorical Classes 20260915/Multiple Lenses/20260904_135122_L27_PalletGHQ0904171716_Cavity14_B01BMCT_Fail7_Score(0.9908406).bmp,Multiple Lenses,L27,test
7a6759ccddd20a390050096ef6401058,/data/FMD_Data_26082026/fmd_temp_images/Updated ICube Categorical Classes 20260915/Multiple Lenses/20260807_131303_L27_PalletGHQ0807163742_Cavity13_B01BGMR_Fail4_Score(0.9370013).bmp,Multiple Lenses,L27,test
8c14a543606a206c36a6332f2060dc23,/data/FMD_Data_26082026/fmd_temp_images/Updated ICube Categorical Classes 20260915/Multiple Lenses/20260908_232404_L27_PalletGHA0909024843_Cavity14_B01BMCZ_Fail7_Score(0.9999996).bmp,Multiple Lenses,L27,test
911f5149a4d3718f862f884068caae14,/data/FMD_Data_26082026/fmd_temp_images/Updated ICube Categorical Classes 20260915/Multiple Lenses/20260903_161121_L27_PalletGHJ0903193656_Cavity4_B01BMCR_Fail6_Score(0.9750889).bmp,Multiple Lenses,L27,test
91264fbef0e463e53a1794d1472ff435,/data/FMD_Data_26082026/fmd_temp_images/Updated ICube Categorical Classes 20260915/Multiple Lenses/20260808_152220_L27_PalletGHL0808184756_Cavity10_B01BH56_Fail7_Score(0.9999952).bmp,Multiple Lenses,L27,test
d7b35be56e96177dbbb92bf582b616f7,/data/FMD_Data_26082026/fmd_temp_images/Updated ICube Categorical Classes 20260915/Multiple Lenses/20260908_193337_L27_PalletGHG0908225803_Cavity10_B01BMCX_Fail7_Score(0.9963773).bmp,Multiple Lenses,L27,test
01a6d956c77323f9b465962c1b1c3ad3,/data/FMD_Data_26082026/fmd_temp_images/Updated ICube Categorical Classes 20260915/Multiple Lenses/20260902_183928_L27_PalletGHS0902220426_Cavity13_B01BKZX_Fail7_Score(0.9999998).bmp,Multiple Lenses,L27,train
07b7f91aeb9bcd2d017b8cab29480b2c,/data/FMD_Data_26082026/fmd_temp_images/Updated ICube Categorical Classes 20260915/Multiple Lenses/20260908_232409_L27_PalletGHD0909024849_Cavity14_B01BMCZ_Fail6_Score(0.9713436).bmp,Multiple Lenses,L27,train
07cc74f2816eb80ae4992707d4270587,/data/FMD_Data_26082026/fmd_temp_images/Updated ICube Categorical Classes 20260915/Multiple Lenses/20260906_215928_L27_PalletGHA0907012533_Cavity15_B01BMDC_Fail7_Score(0.9999905).bmp,Multiple Lenses,L27,train
093484a31e1f95723d7c56e9fdac9d8e,/data/FMD_Data_26082026/fmd_temp_images/Updated ICube Categorical Classes 20260915/Multiple Lenses/20260809_044457_L27_PalletGHD0809081045_Cavity15_B01BH58_Fail4_Score(0.9364357).bmp,Multiple Lenses,L27,train
0fa80b223f78c00a7467cbf77c3e194c,/data/FMD_Data_26082026/fmd_temp_images/Updated ICube Categorical Classes 20260915/Multiple Lenses/20260907_195536_L27_PalletGHT0907231712_Cavity13_B01BMCW_Fail7_Score(0.9997634).bmp,Multiple Lenses,L27,train
12b634078234e5a84944ca92db7a1945,/data/FMD_Data_26082026/fmd_temp_images/Updated ICube Categorical Classes 20260915/Multiple Lenses/20260908_105150_L27_PalletGHQ0908141806_Cavity10_B01BMCX_Fail7_Score(0.9999999).bmp,Multiple Lenses,L27,train
18ec2db1174f5f6f648cbe0b6f51fadf,/data/FMD_Data_26082026/fmd_temp_images/Updated ICube Categorical Classes 20260915/Multiple Lenses/20260809_152250_L27_PalletGHS0809184822_Cavity2_B01BH58_Fail7_Score(0.9999489).bmp,Multiple Lenses,L27,train
24d0a8619880ddab6ae25e3932e6af7c,/data/FMD_Data_26082026/fmd_temp_images/Updated ICube Categorical Classes 20260915/Multiple Lenses/20260902_172158_L27_PalletGHP0902204745_Cavity15_B01BKZX_Fail7_Score(0.9996674).bmp,Multiple Lenses,L27,train
39baaab97c3dab7941e2a64036cc7d5f,/data/FMD_Data_26082026/fmd_temp_images/Updated ICube Categorical Classes 20260915/Multiple Lenses/20260908_074356_L27_PalletGHA0908111009_Cavity14_B01BMCX_Fail7_Score(0.9999977).bmp,Multiple Lenses,L27,train
3c7717a18d2a8817a58a6865dd7a8cf3,/data/FMD_Data_26082026/fmd_temp_images/Updated ICube Categorical Classes 20260915/Multiple Lenses/20260807_131303_L27_PalletGHQ0807163742_Cavity8_B01BGMR_Fail7_Score(0.9993216).bmp,Multiple Lenses,L27,train
45a17ca63b7cd2ede4e3cabfcb8e547d,/data/FMD_Data_26082026/fmd_temp_images/Updated ICube Categorical Classes 20260915/Multiple Lenses/20260807_155410_L27_PalletGHA0807191941_Cavity11_B01BHHF_Fail3_Score(0.9253595).bmp,Multiple Lenses,L27,train
50642f9221737f52b164f57bb51d42c8,/data/FMD_Data_26082026/fmd_temp_images/Updated ICube Categorical Classes 20260915/Multiple Lenses/20260904_065712_L27_PalletGHP0904102048_Cavity10_B01BMCS_Fail7_Score(0.9999998).bmp,Multiple Lenses,L27,train
58a6fd4c2f3f424b09418114a2e075c7,/data/FMD_Data_26082026/fmd_temp_images/Updated ICube Categorical Classes 20260915/Multiple Lenses/20260806_165926_L27_PalletGHP0806202503_Cavity5_B01BGMT_Fail7_Score(0.992061).bmp,Multiple Lenses,L27,train
5c22d36c42119bdf841d465bef9104f4,/data/FMD_Data_26082026/fmd_temp_images/Updated ICube Categorical Classes 20260915/Multiple Lenses/20260908_135812_L27_PalletGHR0908172417_Cavity9_B01BMCX_Fail7_Score(0.9999281).bmp,Multiple Lenses,L27,train
5f55c05ebafe454a2e660ee4efe2488a,/data/FMD_Data_26082026/fmd_temp_images/Updated ICube Categorical Classes 20260915/Multiple Lenses/20260903_140108_L27_PalletGHP0903172701_Cavity12_B01BMCR_Fail7_Score(0.9999971).bmp,Multiple Lenses,L27,train
5f57b2b51a66f48b42b9658e69b2b82a,/data/FMD_Data_26082026/fmd_temp_images/Updated ICube Categorical Classes 20260915/Multiple Lenses/20260907_195536_L27_PalletGHT0907231712_Cavity4_B01BMCW_Fail7_Score(0.9999263).bmp,Multiple Lenses,L27,train
65eb0c41312e79ec022f7906bf1bdce2,/data/FMD_Data_26082026/fmd_temp_images/Updated ICube Categorical Classes 20260915/Multiple Lenses/20260908_051035_L27_PalletGHF0908083623_Cavity5_B01BMCW_Fail7_Score(0.9999893).bmp,Multiple Lenses,L27,train
6cbce2eae40d8e479c496d9d033ebfc1,/data/FMD_Data_26082026/fmd_temp_images/Updated ICube Categorical Classes 20260915/Multiple Lenses/20241101_205645_L27_C2_9888_0.9989.bmp,Multiple Lenses,L27,train
711d52d6e28c2cd59fb2e38715ebe736,/data/FMD_Data_26082026/fmd_temp_images/Updated ICube Categorical Classes 20260915/Multiple Lenses/20241102_190642_L27_C15_9381_0.9984.bmp,Multiple Lenses,L27,train
7b0af717461642101892c6d602e050ec,/data/FMD_Data_26082026/fmd_temp_images/Updated ICube Categorical Classes 20260915/Multiple Lenses/20260807_184544_L27_PalletGHQ0807220854_Cavity12_B01BHHF_Fail7_Score(0.9918718).bmp,Multiple Lenses,L27,train
9a5efddfb370b773e3ab89309918240f,/data/FMD_Data_26082026/fmd_temp_images/Updated ICube Categorical Classes 20260915/Multiple Lenses/20260904_180054_L27_PalletGHB0904212629_Cavity13_B01BMCT_Fail7_Score(0.9897977).bmp,Multiple Lenses,L27,train
9b1c9f396e133a9b5d41e4e9a5ea9789,/data/FMD_Data_26082026/fmd_temp_images/Updated ICube Categorical Classes 20260915/Multiple Lenses/20260904_185115_L27_PalletGHT0904221340_Cavity3_B01BMCT_Fail7_Score(0.998227).bmp,Multiple Lenses,L27,train
9fa1f69d6d33a1dbc5a3ac0c715b769d,/data/FMD_Data_26082026/fmd_temp_images/Updated ICube Categorical Classes 20260915/Multiple Lenses/20260905_064714_L27_PalletGHJ0905100956_Cavity8_B01BMCV_Fail7_Score(0.9995528).bmp,Multiple Lenses,L27,train
a017d5091693550ecf39226ec9c2b53b,/data/FMD_Data_26082026/fmd_temp_images/Updated ICube Categorical Classes 20260915/Multiple Lenses/20260905_123122_L27_PalletGHT0905155718_Cavity12_B01BMCV_Fail7_Score(1).bmp,Multiple Lenses,L27,train
a4ac1376487b57abd9d76de9ada0cdae,/data/FMD_Data_26082026/fmd_temp_images/Updated ICube Categorical Classes 20260915/Multiple Lenses/20260908_023205_L27_PalletGHC0908055819_Cavity6_B01BMCW_Fail2_Score(0.9041017).bmp,Multiple Lenses,L27,train
a89a1788cdc70fa26c278b305cff0df7,/data/FMD_Data_26082026/fmd_temp_images/Updated ICube Categorical Classes 20260915/Multiple Lenses/20260905_190030_L27_PalletGHP0905222301_Cavity13_B01BM7D_Fail7_Score(0.9989693).bmp,Multiple Lenses,L27,train
bb06ec2c97144d091d796bd065925a3d,/data/FMD_Data_26082026/fmd_temp_images/Updated ICube Categorical Classes 20260915/Multiple Lenses/20260907_195536_L27_PalletGHT0907231712_Cavity7_B01BMCW_Fail5_Score(0.9599721).bmp,Multiple Lenses,L27,train
c5dd91745a04f3b5fde7d944ca8e4275,/data/FMD_Data_26082026/fmd_temp_images/Updated ICube Categorical Classes 20260915/Multiple Lenses/20260909_000942_L27_PalletGHR0909033543_Cavity3_B01BMCZ_Fail3_Score(0.9178581).bmp,Multiple Lenses,L27,train
c6e8e9614388060c231d02f9e94ff72a,/data/FMD_Data_26082026/fmd_temp_images/Updated ICube Categorical Classes 20260915/Multiple Lenses/20260904_040453_L27_PalletGHM0904073045_Cavity10_B01BMCS_Fail4_Score(0.9382356).bmp,Multiple Lenses,L27,train
ca99cc429701cbdc8a8bfdcf23d7bb43,/data/FMD_Data_26082026/fmd_temp_images/Updated ICube Categorical Classes 20260915/Multiple Lenses/20241101_120938_L27_C13_9961_0.8937.bmp,Multiple Lenses,L27,train
cd4a47c4bb7a5994fa93cc330f75318a,/data/FMD_Data_26082026/fmd_temp_images/Updated ICube Categorical Classes 20260915/Multiple Lenses/20260908_232404_L27_PalletGHA0909024843_Cavity9_B01BMCZ_Fail7_Score(0.9999991).bmp,Multiple Lenses,L27,train
cd798352df0e29d275d87147dca91ec2,/data/FMD_Data_26082026/fmd_temp_images/Updated ICube Categorical Classes 20260915/Multiple Lenses/20260905_123210_L27_PalletGHN0905155811_Cavity6_B01BMCV_Fail7_Score(0.9992994).bmp,Multiple Lenses,L27,train
e4594280eeb559d6cb01b8954e0ea607,/data/FMD_Data_26082026/fmd_temp_images/Updated ICube Categorical Classes 20260915/Multiple Lenses/20260808_184134_L27_PalletGHN0808220433_Cavity11_B01BH57_Fail7_Score(0.9997889).bmp,Multiple Lenses,L27,train
e816c65d456e7edee0893e97e157b040,/data/FMD_Data_26082026/fmd_temp_images/Updated ICube Categorical Classes 20260915/Multiple Lenses/20260904_013925_L27_PalletGHL0904050518_Cavity8_B01BMCS_Fail7_Score(0.999857).bmp,Multiple Lenses,L27,train
ec0b9a1f6b200fffd3f8280bf5b1eb1f,/data/FMD_Data_26082026/fmd_temp_images/Updated ICube Categorical Classes 20260915/Multiple Lenses/20260908_192634_L27_PalletGHT0908225117_Cavity14_B01BMCX_Fail7_Score(0.9999958).bmp,Multiple Lenses,L27,train
f0fba4e74fa900f28c0fa36c25a92393,/data/FMD_Data_26082026/fmd_temp_images/Updated ICube Categorical Classes 20260915/Multiple Lenses/20260904_075402_L27_PalletGHA0904111958_Cavity12_B01BMCT_Fail7_Score(1).bmp,Multiple Lenses,L27,train
f76e3f4faf688ef93537077d7e6a38e5,/data/FMD_Data_26082026/fmd_temp_images/Updated ICube Categorical Classes 20260915/Multiple Lenses/20260908_192634_L27_PalletGHT0908225117_Cavity11_B01BMCX_Fail7_Score(1).bmp,Multiple Lenses,L27,train
ff74aacf4394add363b56c993b0c820f,/data/FMD_Data_26082026/fmd_temp_images/Updated ICube Categorical Classes 20260915/Multiple Lenses/20260809_124716_L27_PalletGHC0809161024_Cavity12_B01BH58_Fail2_Score(0.9014789).bmp,Multiple Lenses,L27,train
