source_md5,source_path,class,line,split
451f45409d3c52fff4cb02c484da486d,/data/FMD_Data_26082026/fmd_temp_images/ICube Defects Library/Bubble Cluster/20260813_075849_L31_PalletGHD0813123502_Cavity3_B01BHKF_Fail7_Score(0.999911).bmp,Bubble Cluster,L31,test
7d4704bfd9fee4a73d20f507e6810691,/data/FMD_Data_26082026/fmd_temp_images/ICube Defects Library/Bubble Cluster/20260808_145520_L31_PalletGHA0808193114_Cavity14_B01BGTZ_Fail6_Score(0.9804375).bmp,Bubble Cluster,L31,train
0f03cae243f218517d06d7047c71e002,/data/FMD_Data_26082026/fmd_temp_images/ICube Defects Library/Bubble Irregular/20260820_030904_L31_PalletGHM0820074455_Cavity12_B01BK81_Fail7_Score(0.992955).bmp,Bubble Irregular,L31,test
813330ef131e33492153a50330213dd7,/data/FMD_Data_26082026/fmd_temp_images/ICube Defects Library/Bubble Irregular/20260820_023334_L31_PalletGHR0820070913_Cavity1_B01BK81_Fail7_Score(0.9985447).bmp,Bubble Irregular,L31,train
26a61ce4f40ed28db60cd1370f320c32,/data/FMD_Data_26082026/fmd_temp_images/ICube Defects Library/Bubble On 123/20260820_005417_L31_PalletGHI0820053009_Cavity11_B01BK80_Fail6_Score(0.9775637).bmp,Bubble On 123,L31,test
348569bf7e55ddb9cba4bf6953486c42,/data/FMD_Data_26082026/fmd_temp_images/ICube Defects Library/Bubble On 123/20260820_004355_L31_PalletGHU0820051951_Cavity5_B01BK80_Fail3_Score(0.9256573).bmp,Bubble On 123,L31,test
cd9e1cb15ec75b190950964f80937709,/data/FMD_Data_26082026/fmd_temp_images/ICube Defects Library/Bubble On 123/20260820_003214_L31_PalletGHP0820050810_Cavity8_B01BK80_Fail7_Score(0.9999973).bmp,Bubble On 123,L31,test
da8849cdf30696125a637a95be4b4eaf,/data/FMD_Data_26082026/fmd_temp_images/ICube Defects Library/Bubble On 123/20260820_005110_L31_PalletGHE0820052658_Cavity4_B01BK80_Fail7_Score(0.999971).bmp,Bubble On 123,L31,test
09271a26f81e08712604a471a5553eec,/data/FMD_Data_26082026/fmd_temp_images/ICube Defects Library/Bubble On 123/20260820_002028_L31_PalletGHM0820045613_Cavity11_B01BK80_Fail7_Score(0.9978441).bmp,Bubble On 123,L31,train
141364ac8de243207a314922e364eca3,/data/FMD_Data_26082026/fmd_temp_images/ICube Defects Library/Bubble On 123/20260805_085703_L31_PalletGHI0805133242_Cavity4_B01BH5J_Fail7_Score(0.9999605).bmp,Bubble On 123,L31,train
18e8c47c6f45a00012db9846b7e85c30,/data/FMD_Data_26082026/fmd_temp_images/ICube Defects Library/Bubble On 123/20260820_002527_L31_PalletGHE0820050114_Cavity10_B01BK80_Fail7_Score(0.9976335).bmp,Bubble On 123,L31,train
35c3982a3f06aa048fe5ef7f95c94163,/data/FMD_Data_26082026/fmd_temp_images/ICube Defects Library/Bubble On 123/20260805_090800_L31_PalletGHP0805134315_Cavity8_B01BH5J_Fail7_Score(0.9998168).bmp,Bubble On 123,L31,train
402dd10468e96416c013b36fa752e34f,/data/FMD_Data_26082026/fmd_temp_images/ICube Defects Library/Bubble On 123/20260820_012945_L31_PalletGHU0820060527_Cavity14_B01BK80_Fail6_Score(0.9819713).bmp,Bubble On 123,L31,train
5dc692545c85687819353ab2d7002f5c,/data/FMD_Data_26082026/fmd_temp_images/ICube Defects Library/Bubble On 123/20260805_085607_L31_PalletGHI0805133145_Cavity9_B01BH5J_Fail7_Score(0.9998533).bmp,Bubble On 123,L31,train
94c389ccd0f9328d4bc6f2400864b691,/data/FMD_Data_26082026/fmd_temp_images/ICube Defects Library/Bubble On 123/20260820_011654_L31_PalletGHN0820055240_Cavity4_B01BK80_Fail7_Score(0.9998396).bmp,Bubble On 123,L31,train
c342a1c0006c1058c4c02ce265c7ebcb,/data/FMD_Data_26082026/fmd_temp_images/ICube Defects Library/Bubble On 123/20260820_022349_L31_PalletGHO0820065945_Cavity8_B01BK81_Fail7_Score(0.9996321).bmp,Bubble On 123,L31,train
df8c52aeb697a74d80d2033adb9efd69,/data/FMD_Data_26082026/fmd_temp_images/ICube Defects Library/Bubble On 123/20260820_022929_L31_PalletGHC0820070524_Cavity1_B01BK81_Fail5_Score(0.9564127).bmp,Bubble On 123,L31,train
52b2b3cd96cedd6dfaef098ce74a2810,/data/FMD_Data_26082026/fmd_temp_images/ICube Defects Library/Bubble On Edge/20260820_032520_L31_PalletGHR0820080109_Cavity4_B01BK81_Fail7_Score(0.9988727).bmp,Bubble On Edge,L31,test
ef9cc5810730640cc353025325e45bb2,/data/FMD_Data_26082026/fmd_temp_images/ICube Defects Library/Bubble On Edge/20260820_023328_L31_PalletGHQ0820070909_Cavity12_B01BK81_Fail7_Score(0.9987876).bmp,Bubble On Edge,L31,test
bd606404554894ccf16e62c1a5a8090b,/data/FMD_Data_26082026/fmd_temp_images/ICube Defects Library/Bubble On Edge/20260820_015628_L31_PalletGHL0820063224_Cavity7_B01BK81_Fail7_Score(0.9992353).bmp,Bubble On Edge,L31,train
ce378bc51f84effa6398ef643d40e099,/data/FMD_Data_26082026/fmd_temp_images/ICube Defects Library/Bubble On Edge/20260820_025001_L31_PalletGHH0820072546_Cavity13_B01BK81_Fail6_Score(0.9826609).bmp,Bubble On Edge,L31,train
cfb6c6253975c0d32096524accfa4984,/data/FMD_Data_26082026/fmd_temp_images/ICube Defects Library/Bubble On Edge/20260820_004039_L31_PalletGHF0820051631_Cavity15_B01BK80_Fail7_Score(0.9930503).bmp,Bubble On Edge,L31,train
d3f9d28cbb590a07d6c6a087ec80dae5,/data/FMD_Data_26082026/fmd_temp_images/ICube Defects Library/Bubble On Edge/20260820_040332_L31_PalletGHK0820083923_Cavity4_B01BK81_Fail5_Score(0.9653919).bmp,Bubble On Edge,L31,train
5af094bac9eec0425ac3434593346f22,/data/FMD_Data_26082026/fmd_temp_images/ICube Defects Library/Bubble Scatter/20260805_175222_L31_PalletGHO0805222747_Cavity6_B01BGTV_Fail7_Score(0.9999983).bmp,Bubble Scatter,L31,test
9cd66b9a69ee69e91acd5e71e37a8978,/data/FMD_Data_26082026/fmd_temp_images/ICube Defects Library/Bubble Scatter/20260805_095446_L31_PalletGHQ0805143029_Cavity7_B01BH5J_Fail7_Score(0.9995981).bmp,Bubble Scatter,L31,train
367330bbe7b23cf3aead4f864a0a61aa,/data/FMD_Data_26082026/fmd_temp_images/Updated ICube Categorical Classes 20260915/Cavity Off Center/20260826_105459_L31_PalletGHS0826153018_Cavity9_D009H0T_Fail7_Score(1).bmp,Cavity Off Center,L31,test
b4534a6f396b5e79646618a5cdd0be12,/data/FMD_Data_26082026/fmd_temp_images/Updated ICube Categorical Classes 20260915/Cavity Off Center/20260809_205536_L31_PalletGHA0810013137_Cavity9_B01BGVC_Fail7_Score(1).bmp,Cavity Off Center,L31,test
cc4718671e57cedc51adab704a2ed8a5,/data/FMD_Data_26082026/fmd_temp_images/Updated ICube Categorical Classes 20260915/Cavity Off Center/20260826_105459_L31_PalletGHS0826153018_Cavity12_D009H0T_Fail7_Score(1).bmp,Cavity Off Center,L31,test
f9ba26b8312ffddf2c5b2f8af1f14a47,/data/FMD_Data_26082026/fmd_temp_images/Updated ICube Categorical Classes 20260915/Cavity Off Center/20260826_105459_L31_PalletGHS0826153018_Cavity13_D009H0T_Fail7_Score(1).bmp,Cavity Off Center,L31,test
0b21fa1112f4cb46e3f4e8d1d0f93fc0,/data/FMD_Data_26082026/fmd_temp_images/Updated ICube Categorical Classes 20260915/Cavity Off Center/20260809_205536_L31_PalletGHA0810013137_Cavity14_B01BGVC_Fail7_Score(1).bmp,Cavity Off Center,L31,train
0cd055c857ff634340acfdb788b10e10,/data/FMD_Data_26082026/fmd_temp_images/Updated ICube Categorical Classes 20260915/Cavity Off Center/20260809_205536_L31_PalletGHA0810013137_Cavity13_B01BGVC_Fail7_Score(1).bmp,Cavity Off Center,L31,train
2e48890bd8196665e87cf31dd7326877,/data/FMD_Data_26082026/fmd_temp_images/Updated ICube Categorical Classes 20260915/Cavity Off Center/20260809_205536_L31_PalletGHA0810013137_Cavity15_B01BGVC_Fail7_Score(1).bmp,Cavity Off Center,L31,train
6a33e1dae69e45fa95af475b24d24d18,/data/FMD_Data_26082026/fmd_temp_images/Updated ICube Categorical Classes 20260915/Cavity Off Center/20260903_235547_L31_PalletGHN0904043156_Cavity15_B01BKVH_Fail7_Score(1).bmp,Cavity Off Center,L31,train
82a56f9ed58e99f0c8b6fa6978892643,/data/FMD_Data_26082026/fmd_temp_images/Updated ICube Categorical Classes 20260915/Cavity Off Center/20260826_105459_L31_PalletGHS0826153018_Cavity15_D009H0T_Fail7_Score(1).bmp,Cavity Off Center,L31,train
8f9c0d6a412708cff99f03135f4ccc30,/data/FMD_Data_26082026/fmd_temp_images/Updated ICube Categorical Classes 20260915/Cavity Off Center/20260809_205536_L31_PalletGHA0810013137_Cavity12_B01BGVC_Fail7_Score(1).bmp,Cavity Off Center,L31,train
953128566f7b6730887eb3fcc65e688e,/data/FMD_Data_26082026/fmd_temp_images/Updated ICube Categorical Classes 20260915/Cavity Off Center/20260901_234546_L31_PalletGHM0902042135_Cavity15_B01BM8Q_Fail7_Score(0.9999375).bmp,Cavity Off Center,L31,train
c838d57a12ca4202a754697f809c3cc5,/data/FMD_Data_26082026/fmd_temp_images/Updated ICube Categorical Classes 20260915/Cavity Off Center/20260826_105459_L31_PalletGHS0826153018_Cavity11_D009H0T_Fail7_Score(1).bmp,Cavity Off Center,L31,train
ecc947bfa82a1c227c3a07d7986af041,/data/FMD_Data_26082026/fmd_temp_images/Updated ICube Categorical Classes 20260915/Cavity Off Center/20260809_205536_L31_PalletGHA0810013137_Cavity11_B01BGVC_Fail7_Score(1).bmp,Cavity Off Center,L31,train
23a38c0b16cff6bad43b2b78efbda947,/data/FMD_Data_26082026/fmd_temp_images/Updated ICube Objects 20260915/Extraneous Polymer/20260808_042813_L31_PalletGHD0808090405_Cavity3_B01BGTX_Fail7_Score(0.9908786).bmp,Extraneous Polymer,L31,test
2a9587fc3c92653ef68da59a96916145,/data/FMD_Data_26082026/fmd_temp_images/Updated ICube Objects 20260915/Extraneous Polymer/20260818_190151_L31_PalletGHM0818233616_Cavity7_B01BHQL_Fail7_Score(0.9994197).bmp,Extraneous Polymer,L31,test
558f985cacd45a2930b9099d05238a7e,/data/FMD_Data_26082026/fmd_temp_images/Updated ICube Objects 20260915/Extraneous Polymer/20260808_093445_L31_PalletGHE0808141038_Cavity7_B01BGTZ_Fail7_Score(0.9999933).bmp,Extraneous Polymer,L31,test
7d85fe4674c1e816c5b246f10fc0193a,/data/FMD_Data_26082026/fmd_temp_images/Updated ICube Objects 20260915/Extraneous Polymer/20260810_101302_L31_PalletGHJ0810144706_Cavity5_B01BHK4_Fail7_Score(0.9999977)_0.9999_0.6514.bmp,Extraneous Polymer,L31,test
c328df03ca9772e6c21d4929dc76f36c,/data/FMD_Data_26082026/fmd_temp_images/ICube Defects Library/Extraneous Polymer/20260806_173124_L31_PalletGHF0806220712_Cavity9_B01BGTT_Fail7_Score(0.9950727).bmp,Extraneous Polymer,L31,test
0a78ccd88bba01a0ea634f5e0da008e9,/data/FMD_Data_26082026/fmd_temp_images/Updated ICube Objects 20260915/Extraneous Polymer/20260806_060852_L31_PalletGHN0806104441_Cavity10_B01BGTR_Fail7_Score(0.9993573).bmp,Extraneous Polymer,L31,train
208627a13694838db4de965389ec424b,/data/FMD_Data_26082026/fmd_temp_images/Updated ICube Objects 20260915/Extraneous Polymer/20260806_163026_L31_PalletGHJ0806210610_Cavity6_B01BGTT_Fail7_Score(0.9987792)_0.9999_0.3120.bmp,Extraneous Polymer,L31,train
8f3cea28f4276a042b25382c935fa285,/data/FMD_Data_26082026/fmd_temp_images/Updated ICube Objects 20260915/Extraneous Polymer/20260907_140021_L31_PalletGHT0907183643_Cavity14_B01BM57_Fail7_Score(0.996541).bmp,Extraneous Polymer,L31,train
9cc0ba0399235aa89b0575ae0897fe09,/data/FMD_Data_26082026/fmd_temp_images/Updated ICube Objects 20260915/Extraneous Polymer/20260824_183706_L31_PalletGHA0824231326_Cavity1_B01BK8W_Fail7_Score(0.9914343).bmp,Extraneous Polymer,L31,train
a2f2bef0959de2a47ae949c99488cade,/data/FMD_Data_26082026/fmd_temp_images/Updated ICube Objects 20260915/Extraneous Polymer/20260806_211435_L31_PalletGHN0807015002_Cavity14_B01BGV1_Fail7_Score(0.9953595).bmp,Extraneous Polymer,L31,train
adcbf3abb25d464912836c396aa2a051,/data/FMD_Data_26082026/fmd_temp_images/Updated ICube Objects 20260915/Extraneous Polymer/20260807_114321_L31_PalletGHI0807161910_Cavity13_B01BGTW_Fail6_Score(0.9734123).bmp,Extraneous Polymer,L31,train
c9bf152cafaed4e930b65bc7a5708342,/data/FMD_Data_26082026/fmd_temp_images/Updated ICube Objects 20260915/Extraneous Polymer/20260823_004934_L31_PalletGHA0823052542_Cavity8_B01BK8Q_Fail7_Score(0.9904566).bmp,Extraneous Polymer,L31,train
cac558c449e51622a694560fee1fdf06,/data/FMD_Data_26082026/fmd_temp_images/ICube Defects Library/Extraneous Polymer/20260806_195715_L31_PalletGHU0807003256_Cavity11_B01BG2J_Fail7_Score(0.99911).bmp,Extraneous Polymer,L31,train
f2957eec079e6382bbb7523a8dd5b4cf,/data/FMD_Data_26082026/fmd_temp_images/Updated ICube Objects 20260915/Extraneous Polymer/20260806_162412_L31_PalletGHI0806205947_Cavity3_B01BGTT_Fail7_Score(0.9998382).bmp,Extraneous Polymer,L31,train
fdcae14bff78422def5b602ba7111d52,/data/FMD_Data_26082026/fmd_temp_images/Updated ICube Objects 20260915/Extraneous Polymer/20260830_074427_L31_PalletGHJ0830122108_Cavity15_B01BKSG_Fail7_Score(0.9937558).bmp,Extraneous Polymer,L31,train
ff23c6f040c0ebf907faef5ca249ee84,/data/FMD_Data_26082026/fmd_temp_images/Updated ICube Objects 20260915/Extraneous Polymer/20260831_125331_L31_PalletGHQ0831173016_Cavity8_B01BM0S_Fail7_Score(0.9999996).bmp,Extraneous Polymer,L31,train
13156c9eeee78c8e8bf06841301fd8d3,/data/FMD_Data_26082026/fmd_temp_images/Updated ICube Objects 20260915/Fiber/20260817_060715_L31_PalletGHP0817103742_Cavity10_B01BHQ1_Fail7_Score(0.999054).bmp,Fiber,L31,test
1f267fd329d0016808a093665a427dc8,/data/FMD_Data_26082026/fmd_temp_images/Updated ICube Objects 20260915/Fiber/20260813_163159_L31_PalletGHE0813210819_Cavity8_B01BGV5_Fail7_Score(0.9950312).bmp,Fiber,L31,test
22b54929e47cc71664f4d6e97a46a624,/data/FMD_Data_26082026/fmd_temp_images/Updated ICube Objects 20260915/Fiber/20260806_213540_L31_PalletGHM0807021115_Cavity8_B01BGV1_Fail7_Score(0.9993166)_1.0000_0.4560.bmp,Fiber,L31,test
22d1fceec5a3c90253d3aa86d2bcc53f,/data/FMD_Data_26082026/fmd_temp_images/Updated ICube Objects 20260915/Fiber/20260808_004914_L31_PalletGHH0808052512_Cavity7_B01BG29_Fail7_Score(0.9995252).bmp,Fiber,L31,test
29e37cd9076f67c2a6bf2fa9d4377976,/data/FMD_Data_26082026/fmd_temp_images/Updated ICube Objects 20260915/Fiber/20260808_165707_L31_PalletGHT0808213307_Cavity7_B01BGV2_Fail7_Score(0.9997926).bmp,Fiber,L31,test
2f448b5c0c289a0bd9d5043c4679fdc9,/data/FMD_Data_26082026/fmd_temp_images/Updated ICube Objects 20260915/Fiber/20260907_144623_L31_PalletGHG0907192236_Cavity9_B01BM58_Fail7_Score(0.9912658).bmp,Fiber,L31,test
38cf694b9235d68fc31580c3f44a7a02,/data/FMD_Data_26082026/fmd_temp_images/Updated ICube Objects 20260915/Fiber/20260909_050429_L31_PalletGHA0909094104_Cavity14_B01BM7T_Fail7_Score(0.9997098).bmp,Fiber,L31,test
4051668e2d9e7c3458469d7b0269950f,/data/FMD_Data_26082026/fmd_temp_images/Updated ICube Objects 20260915/Fiber/20260809_012544_L31_PalletGHK0809060144_Cavity6_B01BGV3_Fail6_Score(0.968372)_0.9999_0.4650.bmp,Fiber,L31,test
47096aa87ddc17c271c46d1707ecc842,/data/FMD_Data_26082026/fmd_temp_images/Updated ICube Objects 20260915/Fiber/20260909_104904_L31_PalletGHM0909152535_Cavity8_B01BM55_Fail7_Score(0.999572).bmp,Fiber,L31,test
4d3c9aa680301ba859f76ca78d0c742f,/data/FMD_Data_26082026/fmd_temp_images/Updated ICube Objects 20260915/Fiber/20260815_131607_L31_PalletGHU0815175054_Cavity10_B01BHPX_Fail7_Score(0.9998805).bmp,Fiber,L31,test
5f9c98fc8733f4fa339d881bb265cf07,/data/FMD_Data_26082026/fmd_temp_images/Updated ICube Objects 20260915/Fiber/20260821_193953_L31_PalletGHJ0822001511_Cavity2_B01BK8K_Fail7_Score(0.9965569).bmp,Fiber,L31,test
605c4b202de0ee736924cd612f835f4c,/data/FMD_Data_26082026/fmd_temp_images/Updated ICube Objects 20260915/Fiber/20260815_141840_L31_PalletGHP0815185423_Cavity13_B01BHPX_Fail6_Score(0.9765651).bmp,Fiber,L31,test
610562ae8d4dfb92f37d1b1a4e2f3fe8,/data/FMD_Data_26082026/fmd_temp_images/Updated ICube Objects 20260915/Fiber/20260829_120906_L31_PalletGHM0829164425_Cavity6_B01BKS8_Fail4_Score(0.942822).bmp,Fiber,L31,test
70a84215795b1c08db9e115e01cd8654,/data/FMD_Data_26082026/fmd_temp_images/Updated ICube Objects 20260915/Fiber/20260810_101302_L31_PalletGHJ0810144706_Cavity10_B01BHK4_Fail7_Score(0.9993096).bmp,Fiber,L31,test
70c27e2db44bd7be27926ff91fe3936f,/data/FMD_Data_26082026/fmd_temp_images/Updated ICube Objects 20260915/Fiber/20260806_144824_L31_PalletGHL0806192409_Cavity9_B01BGTT_Fail7_Score(0.9999896).bmp,Fiber,L31,test
71dd04c5f200005334ac025d5545147e,/data/FMD_Data_26082026/fmd_temp_images/Updated ICube Objects 20260915/Fiber/20260808_122143_L31_PalletGHJ0808165743_Cavity3_B01BGTZ_Fail7_Score(0.9995952).bmp,Fiber,L31,test
727b979efc5185ad9eebb74d7d7f1649,/data/FMD_Data_26082026/fmd_temp_images/Updated ICube Objects 20260915/Fiber/20260902_140428_L31_PalletGHF0902183959_Cavity6_B01BKVD_Fail6_Score(0.9793463).bmp,Fiber,L31,test
8aedb7201ad4934ecbf1d34b073fafbb,/data/FMD_Data_26082026/fmd_temp_images/Updated ICube Objects 20260915/Fiber/20260809_001433_L31_PalletGHU0809045026_Cavity14_B01BGV3_Fail7_Score(0.9999026).bmp,Fiber,L31,test
a898b7791c858fe36c123785274e83ab,/data/FMD_Data_26082026/fmd_temp_images/Updated ICube Objects 20260915/Fiber/20260819_101540_L31_PalletGHH0819145114_Cavity15_B01BHQM_Fail7_Score(0.999994).bmp,Fiber,L31,test
ad60ba3a682893b283689e2da43f50d0,/data/FMD_Data_26082026/fmd_temp_images/Updated ICube Objects 20260915/Fiber/20260822_041348_L31_PalletGHN0822084952_Cavity10_B01BK8K_Fail7_Score(0.9999971).bmp,Fiber,L31,test
b65c8ad16f2ca4bc70f9c2fbd52c576b,/data/FMD_Data_26082026/fmd_temp_images/Updated ICube Objects 20260915/Fiber/20260815_212211_L31_PalletGHG0816015740_Cavity9_B01BHQS_Fail7_Score(0.9999753).bmp,Fiber,L31,test
ba5b69360d362e7f3ae2bc8e9d8afeb1,/data/FMD_Data_26082026/fmd_temp_images/Updated ICube Objects 20260915/Fiber/20260808_062656_L31_PalletGHR0808110249_Cavity4_B01BGTX_Fail7_Score(0.995026).bmp,Fiber,L31,test
ba66d5526358679755f4e886572ea998,/data/FMD_Data_26082026/fmd_temp_images/ICube Defects Library/Fiber/20260805_090319_L31_PalletGHB0805133858_Cavity13_B01BH5J_Fail7_Score(0.9999928).bmp,Fiber,L31,test
bc50046f29cb569049accbd20f00a8a9,/data/FMD_Data_26082026/fmd_temp_images/Updated ICube Objects 20260915/Fiber/20260807_104016_L31_PalletGHJ0807151512_Cavity8_B01BGV0_Fail7_Score(0.9993842).bmp,Fiber,L31,test
bcd2dd1aa6b507abbc65c6dbca0a7357,/data/FMD_Data_26082026/fmd_temp_images/ICube Defects Library/Fiber/20260806_223154_L31_PalletGHL0807030732_Cavity12_B01BGV1_Fail7_Score(0.9915794).bmp,Fiber,L31,test
bf42f96d3a60003630d6d2a22d84077b,/data/FMD_Data_26082026/fmd_temp_images/Updated ICube Objects 20260915/Fiber/20260828_161704_L31_PalletGHU0828204757_Cavity14_B01BKS5_Fail7_Score(0.9997405).bmp,Fiber,L31,test
c16169419b645a1a87d1ea65565c63ca,/data/FMD_Data_26082026/fmd_temp_images/Updated ICube Objects 20260915/Fiber/20260830_195641_L31_PalletGHH0831003324_Cavity10_B01BKSH_Fail6_Score(0.9717867).bmp,Fiber,L31,test
c38af57b92b556648dbc20fd5abe89a7,/data/FMD_Data_26082026/fmd_temp_images/Updated ICube Objects 20260915/Fiber/20260823_020955_L31_PalletGHD0823064337_Cavity4_B01BK8Q_Fail7_Score(1).bmp,Fiber,L31,test
d558d09debc88e028bbba68e901d6a2d,/data/FMD_Data_26082026/fmd_temp_images/Updated ICube Objects 20260915/Fiber/20260808_055235_L31_PalletGHR0808102834_Cavity8_B01BGTX_Fail7_Score(0.9849741).bmp,Fiber,L31,test
db9fc450e2b9f3e9772ffa2b57beb306,/data/FMD_Data_26082026/fmd_temp_images/Updated ICube Objects 20260915/Fiber/20260901_184232_L31_PalletGHC0901231825_Cavity3_B01BKVC_Fail7_Score(0.9919878).bmp,Fiber,L31,test
e305caf40fbde7d3bc44c5851e373cc2,/data/FMD_Data_26082026/fmd_temp_images/Updated ICube Objects 20260915/Fiber/20260908_231444_L31_PalletGHE0909035118_Cavity7_B01BM7Q_Fail7_Score(0.9999553).bmp,Fiber,L31,test
e4b7a316e63a95f3d7eb8432c01a53c5,/data/FMD_Data_26082026/fmd_temp_images/Updated ICube Objects 20260915/Fiber/20260829_042440_L31_PalletGHO0829090013_Cavity10_B01BKVG_Fail7_Score(0.99967).bmp,Fiber,L31,test
e554df175e5f6f6db32186f7619a66b0,/data/FMD_Data_26082026/fmd_temp_images/Updated ICube Objects 20260915/Fiber/20260904_150313_L31_PalletGHQ0904193827_Cavity7_B01BM8K_Fail7_Score(0.9941712).bmp,Fiber,L31,test
ec9e40609660145a1a2db1641d113d2c,/data/FMD_Data_26082026/fmd_temp_images/Updated ICube Objects 20260915/Fiber/20260808_065743_L31_PalletGHH0808113337_Cavity12_B01BGTX_Fail4_Score(0.9464062).bmp,Fiber,L31,test
f052c8742c301e11bbc753684afdd870,/data/FMD_Data_26082026/fmd_temp_images/Updated ICube Objects 20260915/Fiber/20260814_172343_L31_PalletGHD0814215914_Cavity11_B01BHPS_Fail7_Score(0.9999989).bmp,Fiber,L31,test
f63126e379613872e85ed9621fdfe354,/data/FMD_Data_26082026/fmd_temp_images/Updated ICube Objects 20260915/Fiber/20260808_051243_L31_PalletGHM0808094831_Cavity11_B01BGTX_Fail7_Score(0.9987197).bmp,Fiber,L31,test
03ff8f5413a569917c1553eb8e43d75b,/data/FMD_Data_26082026/fmd_temp_images/Updated ICube Objects 20260915/Fiber/20260809_001326_L31_PalletGHS0809044918_Cavity9_B01BGV3_Fail7_Score(0.991802).bmp,Fiber,L31,train
042dbae549c709e95d4adb174bef103a,/data/FMD_Data_26082026/fmd_temp_images/Updated ICube Objects 20260915/Fiber/20260818_064436_L31_PalletGHJ0818112020_Cavity15_B01BJQ0_Fail7_Score(0.9999357).bmp,Fiber,L31,train
047115edc3e2c2aecceb6fe4d8a136cc,/data/FMD_Data_26082026/fmd_temp_images/Updated ICube Objects 20260915/Fiber/20260823_025704_L31_PalletGHH0823073309_Cavity8_B01BK8Q_Fail7_Score(0.999553).bmp,Fiber,L31,train
1122a285a4a562b4ac4a44f07a3fc6ea,/data/FMD_Data_26082026/fmd_temp_images/Updated ICube Objects 20260915/Fiber/20260808_005612_L31_PalletGHU0808053202_Cavity9_B01BG29_Fail7_Score(0.99231).bmp,Fiber,L31,train
12eb49b3f2cd86a74bc0c06694b1b893,/data/FMD_Data_26082026/fmd_temp_images/Updated ICube Objects 20260915/Fiber/20260809_053311_L31_PalletGHF0809100914_Cavity2_B01BGV3_Fail7_Score(0.9908592).bmp,Fiber,L31,train
19870febc9cac4e281a52ff6b36a15b2,/data/FMD_Data_26082026/fmd_temp_images/Updated ICube Objects 20260915/Fiber/20260814_051950_L31_PalletGHE0814095536_Cavity10_B01BGV7_Fail7_Score(0.9998299).bmp,Fiber,L31,train
1be2c03367716ceea93c66dcb88649c3,/data/FMD_Data_26082026/fmd_temp_images/Updated ICube Objects 20260915/Fiber/20260808_075517_L31_PalletGHT0808123110_Cavity13_B01BGTX_Fail7_Score(0.9999996).bmp,Fiber,L31,train
25ac8d04498fd602f2553ba6f2d8419d,/data/FMD_Data_26082026/fmd_temp_images/Updated ICube Objects 20260915/Fiber/20260806_115247_L31_PalletGHS0806162416_Cavity13_B01BGTR_Fail7_Score(0.9994446).bmp,Fiber,L31,train
2ca4db8a62c9d55fe1e1484625c37779,/data/FMD_Data_26082026/fmd_temp_images/Updated ICube Objects 20260915/Fiber/20260822_054809_L31_PalletGHO0822102419_Cavity7_B01BK8H_Fail7_Score(0.9992334).bmp,Fiber,L31,train
2ce6d9c33c1b8b429a2f9b9cb0938c9e,/data/FMD_Data_26082026/fmd_temp_images/Updated ICube Objects 20260915/Fiber/20260823_074520_L31_PalletGHE0823122128_Cavity2_B01BK8R_Fail7_Score(0.99752).bmp,Fiber,L31,train
31c32a1ee7ded4e2bf6df537d0038bc2,/data/FMD_Data_26082026/fmd_temp_images/Updated ICube Objects 20260915/Fiber/20260819_131253_L31_PalletGHO0819174846_Cavity2_B01BHQP_Fail7_Score(0.9999998).bmp,Fiber,L31,train
33efe46fb887cab67b2301c55f5efde4,/data/FMD_Data_26082026/fmd_temp_images/Updated ICube Objects 20260915/Fiber/20260823_073215_L31_PalletGHF0823120531_Cavity8_B01BK8R_Fail7_Score(0.9999048).bmp,Fiber,L31,train
37bcf8935fe80cd6d8a73f9d5ddb706a,/data/FMD_Data_26082026/fmd_temp_images/Updated ICube Objects 20260915/Fiber/20260902_122114_L31_PalletGHN0902165712_Cavity15_B01BKVD_Fail7_Score(0.9998255).bmp,Fiber,L31,train
37e2a3c2173b712312630016df9c32bd,/data/FMD_Data_26082026/fmd_temp_images/Updated ICube Objects 20260915/Fiber/20260806_222334_L31_PalletGHH0807025710_Cavity8_B01BGV1_Fail7_Score(0.992609).bmp,Fiber,L31,train
3ae64c19543ca64c913f47570d347789,/data/FMD_Data_26082026/fmd_temp_images/Updated ICube Objects 20260915/Fiber/20260827_195408_L31_PalletGHP0828003033_Cavity3_B01BKS0_Fail4_Score(0.935889).bmp,Fiber,L31,train
3b6b12165b88929bcc4a94a5524a1a5d,/data/FMD_Data_26082026/fmd_temp_images/Updated ICube Objects 20260915/Fiber/20260908_122744_L31_PalletGHI0908170404_Cavity1_B01BM7J_Fail7_Score(0.9999986).bmp,Fiber,L31,train
3e3c0276b6ba5957ef60d6f1f2700a1c,/data/FMD_Data_26082026/fmd_temp_images/Updated ICube Objects 20260915/Fiber/20260828_044856_L31_PalletGHH0828092534_Cavity1_B01BKVM_Fail7_Score(0.9989983).bmp,Fiber,L31,train
42495a7ccf75b959583b3a82d68eea75,/data/FMD_Data_26082026/fmd_temp_images/Updated ICube Objects 20260915/Fiber/20260819_092057_L31_PalletGHO0819134819_Cavity5_B01BHQM_Fail7_Score(0.9998356).bmp,Fiber,L31,train
49ee51236da54788090970f847e6837e,/data/FMD_Data_26082026/fmd_temp_images/Updated ICube Objects 20260915/Fiber/20260806_062538_L31_PalletGHN0806110115_Cavity8_B01BGTR_Fail7_Score(0.9996511)_1.0000_0.6680.bmp,Fiber,L31,train
4ad7d7fa759d3a4198dab12fdfa64088,/data/FMD_Data_26082026/fmd_temp_images/Updated ICube Objects 20260915/Fiber/20260808_034526_L31_PalletGHG0808082114_Cavity14_B01BGTX_Fail7_Score(0.9999369).bmp,Fiber,L31,train
4ff536791a39a8670b5686a31e4e22f0,/data/FMD_Data_26082026/fmd_temp_images/Updated ICube Objects 20260915/Fiber/20260823_171037_L31_PalletGHT0823214521_Cavity13_B01BK8S_Fail7_Score(0.9998094).bmp,Fiber,L31,train
53076c55fcbc6872cc38fce20779cfc3,/data/FMD_Data_26082026/fmd_temp_images/Updated ICube Objects 20260915/Fiber/20260807_134603_L31_PalletGHK0807182152_Cavity4_B01BGTW_Fail7_Score(0.9989939).bmp,Fiber,L31,train
55973bfca4539bc0ec5198d8b73b5658,/data/FMD_Data_26082026/fmd_temp_images/Updated ICube Objects 20260915/Fiber/20260806_125210_L31_PalletGHR0806172754_Cavity2_B01BGTT_Fail7_Score(0.9936217).bmp,Fiber,L31,train
5f4232deabdda68a481788e7e80ad257,/data/FMD_Data_26082026/fmd_temp_images/Updated ICube Objects 20260915/Fiber/20260905_233910_L31_PalletGHN0906041059_Cavity2_B01BM8R_Fail7_Score(0.9999501).bmp,Fiber,L31,train
60fec38fe0fbd742e3c72d50ff82905b,/data/FMD_Data_26082026/fmd_temp_images/Updated ICube Objects 20260915/Fiber/20260823_041800_L31_PalletGHU0823085413_Cavity7_B01BK8Q_Fail7_Score(0.999989).bmp,Fiber,L31,train
636368c1c9181e7cd4d07d37cf7c830a,/data/FMD_Data_26082026/fmd_temp_images/Updated ICube Objects 20260915/Fiber/20260817_133148_L31_PalletGHP0817180726_Cavity8_B01BHQ3_Fail5_Score(0.9574832).bmp,Fiber,L31,train
651e95dca21010dcf8314c87b7a13417,/data/FMD_Data_26082026/fmd_temp_images/ICube Defects Library/Fiber/20260805_134201_L31_PalletGHR0805181740_Cavity3_B01BGTV_Fail7_Score(0.9997957).bmp,Fiber,L31,train
666acc7be0d973b2d7703fa7209683ac,/data/FMD_Data_26082026/fmd_temp_images/Updated ICube Objects 20260915/Fiber/20260809_001331_L31_PalletGHA0809044928_Cavity11_B01BGV3_Fail7_Score(0.9999999).bmp,Fiber,L31,train
66ed982ab17e0181fa974c1b953554a5,/data/FMD_Data_26082026/fmd_temp_images/ICube Defects Library/Fiber/20260805_093752_L31_PalletGHR0805141051_Cavity13_B01BH5J_Fail7_Score(0.995425).bmp,Fiber,L31,train
683f342ed7f072f5cdfb255e1ef25da7,/data/FMD_Data_26082026/fmd_temp_images/Updated ICube Objects 20260915/Fiber/20260827_195136_L31_PalletGHJ0828002814_Cavity4_B01BKS0_Fail7_Score(0.9999964).bmp,Fiber,L31,train
6a1d2b0b597e57ee4f8f521765c34d33,/data/FMD_Data_26082026/fmd_temp_images/Updated ICube Objects 20260915/Fiber/20260808_141049_L31_PalletGHH0808184640_Cavity7_B01BGTZ_Fail5_Score(0.9585243).bmp,Fiber,L31,train
705ad84965e050138d28e3ce665afd29,/data/FMD_Data_26082026/fmd_temp_images/Updated ICube Objects 20260915/Fiber/20260820_081606_L31_PalletGHM0820125158_Cavity12_B01BK8D_Fail7_Score(0.9999974).bmp,Fiber,L31,train
76098ec43b98ae22789513b7285eae1c,/data/FMD_Data_26082026/fmd_temp_images/Updated ICube Objects 20260915/Fiber/20260806_134817_L31_PalletGHB0806182355_Cavity11_B01BGTT_Fail7_Score(0.9997641).bmp,Fiber,L31,train
76fe8678c9d5d4e16b7ba931dc757de4,/data/FMD_Data_26082026/fmd_temp_images/Updated ICube Objects 20260915/Fiber/20260809_001326_L31_PalletGHS0809044918_Cavity5_B01BGV3_Fail7_Score(1).bmp,Fiber,L31,train
7a492bf4baa790b7008cb4da8faca77e,/data/FMD_Data_26082026/fmd_temp_images/Updated ICube Objects 20260915/Fiber/20260806_191119_L31_PalletGHL0806234652_Cavity13_B01BG2J_Fail7_Score(0.9918842).bmp,Fiber,L31,train
7b9d730c64720d8f9ec739d07846642b,/data/FMD_Data_26082026/fmd_temp_images/ICube Defects Library/Fiber/20260805_113335_L31_PalletGHC0805160910_Cavity10_B01BGTV_Fail7_Score(0.9999363).bmp,Fiber,L31,train
7ba4602712bb838e1f593ba4b814e316,/data/FMD_Data_26082026/fmd_temp_images/Updated ICube Objects 20260915/Fiber/20260808_043513_L31_PalletGHB0808091106_Cavity7_B01BGTX_Fail7_Score(0.9999415).bmp,Fiber,L31,train
7d0dcd1889ef2b5c71dfee59b2401ccc,/data/FMD_Data_26082026/fmd_temp_images/Updated ICube Objects 20260915/Fiber/20260810_120628_L31_PalletGHO0810164233_Cavity1_B01BHK4_Fail7_Score(0.9999569).bmp,Fiber,L31,train
851e8dc45ef6a87b5422b57dcbaa7342,/data/FMD_Data_26082026/fmd_temp_images/ICube Defects Library/Fiber/20260805_135933_L31_PalletGHC0805183408_Cavity4_B01BGTV_Fail7_Score(0.9974871).bmp,Fiber,L31,train
86a4289eabfe5e925069f5538c0bc144,/data/FMD_Data_26082026/fmd_temp_images/ICube Defects Library/Fiber/20260805_194445_L31_PalletGHM0806002017_Cavity15_B01BGTV_Fail7_Score(0.9938762).bmp,Fiber,L31,train
8a2c7b37195524cec2f23efff0977289,/data/FMD_Data_26082026/fmd_temp_images/Updated ICube Objects 20260915/Fiber/20260827_034056_L31_PalletGHI0827081712_Cavity11_B01BK9C_Fail6_Score(0.9782485).bmp,Fiber,L31,train
8c760b693c9d110c09a497f4178d4216,/data/FMD_Data_26082026/fmd_temp_images/Updated ICube Objects 20260915/Fiber/20260809_001326_L31_PalletGHS0809044918_Cavity11_B01BGV3_Fail7_Score(0.9986079).bmp,Fiber,L31,train
8e6b5de754ffc8b7bf02fb0e93902fa7,/data/FMD_Data_26082026/fmd_temp_images/Updated ICube Objects 20260915/Fiber/20260805_102422_L31_PalletGHB0805150003_Cavity8_B01BGTV_Fail5_Score(0.9603012).bmp,Fiber,L31,train
8f4da57bf451532ae67a7639b04cc4b9,/data/FMD_Data_26082026/fmd_temp_images/Updated ICube Objects 20260915/Fiber/20260807_195213_L31_PalletGHR0808002752_Cavity7_B01BG2K_Fail7_Score(0.9999899).bmp,Fiber,L31,train
91f8978e1401e06d6671956899eaa087,/data/FMD_Data_26082026/fmd_temp_images/Updated ICube Objects 20260915/Fiber/20260909_075443_L31_PalletGHE0909123113_Cavity1_B01BM55_Fail4_Score(0.9375331).bmp,Fiber,L31,train
97a0a8ae3b58cd8f735af09504c9c29e,/data/FMD_Data_26082026/fmd_temp_images/ICube Defects Library/Fiber/20260805_091922_L31_PalletGHU0805135500_Cavity14_B01BH5J_Fail7_Score(0.9982708).bmp,Fiber,L31,train
9a99c66788f8f5e8b5f34b2cd89fd304,/data/FMD_Data_26082026/fmd_temp_images/Updated ICube Objects 20260915/Fiber/20260809_001404_L31_PalletGHN0809045007_Cavity15_B01BGV3_Fail7_Score(0.9999788).bmp,Fiber,L31,train
9cf7a959dcb0b12ed13daac633504b66,/data/FMD_Data_26082026/fmd_temp_images/Updated ICube Objects 20260915/Fiber/20260806_205613_L31_PalletGHK0807013044_Cavity8_B01BGV1_Fail4_Score(0.941421).bmp,Fiber,L31,train
a2cc1e2bb65faa0b76a85e814d35ee5d,/data/FMD_Data_26082026/fmd_temp_images/Updated ICube Objects 20260915/Fiber/20260830_150519_L31_PalletGHT0830194204_Cavity7_B01BKSK_Fail7_Score(0.999836).bmp,Fiber,L31,train
a48447cfc70cef219a0db368e1e7b826,/data/FMD_Data_26082026/fmd_temp_images/Updated ICube Objects 20260915/Fiber/20260818_235004_L31_PalletGHT0819042551_Cavity10_B01BJPX_Fail7_Score(0.9998031).bmp,Fiber,L31,train
a8c97da0ec37b56fe12f2bf02e32f5d9,/data/FMD_Data_26082026/fmd_temp_images/ICube Defects Library/Fiber/20260805_150453_L31_PalletGHQ0805193852_Cavity14_B01BGTV_Fail7_Score(0.9971046).bmp,Fiber,L31,train
ad65a347b1ce6b258a3d3cd83ec8efff,/data/FMD_Data_26082026/fmd_temp_images/Updated ICube Objects 20260915/Fiber/20260809_090112_L31_PalletGHO0809133711_Cavity13_B01BGV9_Fail7_Score(0.9890648).bmp,Fiber,L31,train
b64171d298643cf083c8d29ad68d96ec,/data/FMD_Data_26082026/fmd_temp_images/Updated ICube Objects 20260915/Fiber/20260808_135635_L31_PalletGHB0808183226_Cavity8_B01BGTZ_Fail3_Score(0.9322137).bmp,Fiber,L31,train
b6e47d4b36611b4ae80faa32860c838a,/data/FMD_Data_26082026/fmd_temp_images/Updated ICube Objects 20260915/Fiber/20260809_213251_L31_PalletGHF0810020850_Cavity14_B01BGVC_Fail7_Score(0.9948373).bmp,Fiber,L31,train
b7332c5efe6d904f2238a30c1e4d5b6c,/data/FMD_Data_26082026/fmd_temp_images/Updated ICube Objects 20260915/Fiber/20260824_141052_L31_PalletGHA0824184709_Cavity15_B01BK8W_Fail7_Score(0.9953761).bmp,Fiber,L31,train
b798f5a86897c87dd2cbd9be415fd229,/data/FMD_Data_26082026/fmd_temp_images/Updated ICube Objects 20260915/Fiber/20260809_113612_L31_PalletGHR0809161212_Cavity14_B01BGV9_Fail5_Score(0.9555386).bmp,Fiber,L31,train
b894f283de8a107b6642122fdf2744c6,/data/FMD_Data_26082026/fmd_temp_images/Updated ICube Objects 20260915/Fiber/20260827_200219_L31_PalletGHB0828003844_Cavity13_B01BKS0_Fail7_Score(0.9998355).bmp,Fiber,L31,train
b90f4fc838c7edde7e81e7c8438d034c,/data/FMD_Data_26082026/fmd_temp_images/Updated ICube Objects 20260915/Fiber/20260808_033241_L31_PalletGHE0808080831_Cavity4_B01BGTX_Fail7_Score(0.9994268)_1.0000_0.9551.bmp,Fiber,L31,train
be09ef1bafb903e992ef91c9ded1a26d,/data/FMD_Data_26082026/fmd_temp_images/Updated ICube Objects 20260915/Fiber/20260809_001409_L31_PalletGHJ0809044954_Cavity13_B01BGV3_Fail7_Score(0.9999993).bmp,Fiber,L31,train
c2652a25cb119476358f2c8551fb0567,/data/FMD_Data_26082026/fmd_temp_images/Updated ICube Objects 20260915/Fiber/20260827_195530_L31_PalletGHG0828003156_Cavity8_B01BKS0_Fail7_Score(0.9968188).bmp,Fiber,L31,train
c286c242825211480dfaf545c7c8b11b,/data/FMD_Data_26082026/fmd_temp_images/Updated ICube Objects 20260915/Fiber/20260825_083143_L31_PalletGHI0825130625_Cavity12_B01BK8X_Fail7_Score(0.9998268).bmp,Fiber,L31,train
c305ed82d51120ff37f0027e44b8b78a,/data/FMD_Data_26082026/fmd_temp_images/Updated ICube Objects 20260915/Fiber/20260829_042526_L31_PalletGHI0829090208_Cavity11_B01BKVG_Fail7_Score(0.9997091).bmp,Fiber,L31,train
c34dd1eff1781a870e174ef8a9f14187,/data/FMD_Data_26082026/fmd_temp_images/Updated ICube Objects 20260915/Fiber/20260828_191435_L31_PalletGHQ0828234801_Cavity14_B01BKS6_Fail7_Score(0.999973).bmp,Fiber,L31,train
c4248750f9148fba72a191a0e428be22,/data/FMD_Data_26082026/fmd_temp_images/Updated ICube Objects 20260915/Fiber/20260807_122314_L31_PalletGHG0807165851_Cavity8_B01BGTW_Fail7_Score(0.9998823).bmp,Fiber,L31,train
c461f415cd997e2d905cc6770d647423,/data/FMD_Data_26082026/fmd_temp_images/Updated ICube Objects 20260915/Fiber/20260903_154134_L31_PalletGHC0903201740_Cavity11_B01BKVJ_Fail4_Score(0.9456415).bmp,Fiber,L31,train
c5b0eee6402cd4d025f6d0e204cb74ee,/data/FMD_Data_26082026/fmd_temp_images/Updated ICube Objects 20260915/Fiber/20260827_034721_L31_PalletGHT0827082352_Cavity6_B01BK9C_Fail7_Score(0.9958567)_0.9996_0.3377.bmp,Fiber,L31,train
c6becc34b14aa0e2f38c9a84610d72c7,/data/FMD_Data_26082026/fmd_temp_images/Updated ICube Objects 20260915/Fiber/20260816_113944_L31_PalletGHP0816161520_Cavity13_B01BHQ0_Fail7_Score(0.9873478).bmp,Fiber,L31,train
cb6aeada4552785a6f63b7e8dd7bfddd,/data/FMD_Data_26082026/fmd_temp_images/Updated ICube Objects 20260915/Fiber/20260806_103852_L31_PalletGHB0806151344_Cavity4_B01BGTR_Fail6_Score(0.9768978).bmp,Fiber,L31,train
cbd66dadc78881e16b74650be5165bad,/data/FMD_Data_26082026/fmd_temp_images/Updated ICube Objects 20260915/Fiber/20260808_130643_L31_PalletGHH0808174204_Cavity12_B01BGTZ_Fail7_Score(0.9917688)_1.0000_0.6879.bmp,Fiber,L31,train
d306a8911992dce18fdcd452c76639a5,/data/FMD_Data_26082026/fmd_temp_images/Updated ICube Objects 20260915/Fiber/20260827_214748_L31_PalletGHM0828022339_Cavity10_B01BKVL_Fail7_Score(0.9997431).bmp,Fiber,L31,train
d69d04e1e6225cad68e2039c08ff4d6c,/data/FMD_Data_26082026/fmd_temp_images/Updated ICube Objects 20260915/Fiber/20260807_153438_L31_PalletGHD0807201027_Cavity5_B01BGTW_Fail2_Score(0.9069042).bmp,Fiber,L31,train
d98eb22bc18a3c5d04957bbce268162f,/data/FMD_Data_26082026/fmd_temp_images/Updated ICube Objects 20260915/Fiber/20260828_191435_L31_PalletGHQ0828234801_Cavity8_B01BKS6_Fail7_Score(0.9948493).bmp,Fiber,L31,train
dae1cb98b95b4b6f76a9901c6b5ddb93,/data/FMD_Data_26082026/fmd_temp_images/Updated ICube Objects 20260915/Fiber/20260807_193349_L31_PalletGHI0808000939_Cavity8_B01BG2K_Fail7_Score(0.9999936)_0.9999_0.5686.bmp,Fiber,L31,train
dbacdd576fd1692ec300a05d63e22b51,/data/FMD_Data_26082026/fmd_temp_images/Updated ICube Objects 20260915/Fiber/20260807_201645_L31_PalletGHF0808005236_Cavity5_B01BG2K_Fail7_Score(0.9999329).bmp,Fiber,L31,train
dc0e4642d0c4922aea820d6840f5d67f,/data/FMD_Data_26082026/fmd_temp_images/Updated ICube Objects 20260915/Fiber/20260807_005746_L31_PalletGHR0807053311_Cavity12_B01BGV1_Fail7_Score(0.9950697).bmp,Fiber,L31,train
e1f772fc4000bb8258b09c384839352d,/data/FMD_Data_26082026/fmd_temp_images/Updated ICube Objects 20260915/Fiber/20260827_214738_L31_PalletGHB0828021906_Cavity4_B01BKVL_Fail7_Score(0.9986895).bmp,Fiber,L31,train
e3efbdf3af14a3bd443640ff2103c5cb,/data/FMD_Data_26082026/fmd_temp_images/Updated ICube Objects 20260915/Fiber/20260808_024554_L31_PalletGHS0808072146_Cavity15_B01BGTX_Fail7_Score(0.9988705).bmp,Fiber,L31,train
e43c3db3196e14633971dc7fca5021be,/data/FMD_Data_26082026/fmd_temp_images/Updated ICube Objects 20260915/Fiber/20260905_064740_L31_PalletGHO0905112358_Cavity5_B01BKVF_Fail7_Score(0.9892178).bmp,Fiber,L31,train
e6513d6da38653af11758a0afb39c31b,/data/FMD_Data_26082026/fmd_temp_images/Updated ICube Objects 20260915/Fiber/20260904_031351_L31_PalletGHD0904074959_Cavity13_B01BKVK_Fail7_Score(0.9954126).bmp,Fiber,L31,train
e705e8622343421d658dba304acdc279,/data/FMD_Data_26082026/fmd_temp_images/Updated ICube Objects 20260915/Fiber/20260827_195136_L31_PalletGHJ0828002814_Cavity10_B01BKS0_Fail7_Score(0.9999654).bmp,Fiber,L31,train
eb604e39f3218651122274f0ca09f2ba,/data/FMD_Data_26082026/fmd_temp_images/Updated ICube Objects 20260915/Fiber/20260808_072014_L31_PalletGHM0808115607_Cavity14_B01BGTX_Fail3_Score(0.9214433).bmp,Fiber,L31,train
eecd763aea496ab5cd85f13a89691381,/data/FMD_Data_26082026/fmd_temp_images/Updated ICube Objects 20260915/Fiber/20260827_214738_L31_PalletGHB0828021906_Cavity1_B01BKVL_Fail7_Score(0.9999518).bmp,Fiber,L31,train
fd6d6d093d6a1d4699beaffd4415a7a6,/data/FMD_Data_26082026/fmd_temp_images/Updated ICube Objects 20260915/Fiber/20260809_013224_L31_PalletGHD0809060821_Cavity2_B01BGV3_Fail7_Score(0.9915329).bmp,Fiber,L31,train
febc5748b2631d7ccf432bb966a59df6,/data/FMD_Data_26082026/fmd_temp_images/ICube Defects Library/Fiber/20260805_103512_L31_PalletGHF0805151045_Cavity14_B01BGTV_Fail7_Score(0.9972164).bmp,Fiber,L31,train
00b8b3754b06da772faa1d6b754a6f81,/data/FMD_Data_26082026/fmd_temp_images/Updated ICube Objects 20260915/Foreign Matter/20260808_191720_L31_PalletGHQ0808235321_Cavity9_B01BGV2_Fail7_Score(0.9998164).bmp,Foreign Matter,L31,test
011fe5aafd28d578b43cf70b35f2fdd0,/data/FMD_Data_26082026/fmd_temp_images/Updated ICube Objects 20260915/Foreign Matter/20260908_054554_L31_PalletGHS0908102215_Cavity8_B01BK83_Fail7_Score(0.9999968).bmp,Foreign Matter,L31,test
0381e68905d73938521af5cff2820a80,/data/FMD_Data_26082026/fmd_temp_images/Updated ICube Objects 20260915/Foreign Matter/20260827_100306_L31_PalletGHH0827143936_Cavity1_B01BLHP_Fail7_Score(0.9986361).bmp,Foreign Matter,L31,test
054e68199d52f8b09479e0bcf083891f,/data/FMD_Data_26082026/fmd_temp_images/Updated ICube Objects 20260915/Foreign Matter/20260831_053322_L31_PalletGHR0831101007_Cavity3_B01BKV8_Fail7_Score(0.9999717).bmp,Foreign Matter,L31,test
06322e3b1a16867a4ef0d9537a865d15,/data/FMD_Data_26082026/fmd_temp_images/Updated ICube Objects 20260915/Foreign Matter/20260809_114408_L31_PalletGHK0809162001_Cavity13_B01BGV9_Fail7_Score(0.9999545).bmp,Foreign Matter,L31,test
0a3734b46c2f61e7d2ef6b310390e8f8,/data/FMD_Data_26082026/fmd_temp_images/Updated ICube Objects 20260915/Foreign Matter/20260820_002631_L31_PalletGHI0820050222_Cavity12_B01BK80_Fail7_Score(0.9990097).bmp,Foreign Matter,L31,test
0b7d7b0422db551c8c114bcdd79cb8fa,/data/FMD_Data_26082026/fmd_temp_images/Updated ICube Objects 20260915/Foreign Matter/20260808_005828_L31_PalletGHE0808053425_Cavity4_B01BG29_Fail7_Score(0.9997587).bmp,Foreign Matter,L31,test
0c7a53d7bb36ba18c0671a7e3a4d1463,/data/FMD_Data_26082026/fmd_temp_images/Updated ICube Objects 20260915/Foreign Matter/20260807_182957_L31_PalletGHR0807230537_Cavity7_B01BGTW_Fail7_Score(0.9946742).bmp,Foreign Matter,L31,test
0f341ad4358e0e832cdb3585520ee123,/data/FMD_Data_26082026/fmd_temp_images/Updated ICube Objects 20260915/Foreign Matter/20260809_235329_L31_PalletGHH0810042929_Cavity11_B01BGVC_Fail7_Score(0.9985768).bmp,Foreign Matter,L31,test
0ff624ef43351a49f0d9a05b04f95876,/data/FMD_Data_26082026/fmd_temp_images/Updated ICube Objects 20260915/Foreign Matter/20260817_092949_L31_PalletGHE0817140530_Cavity7_B01BHQ3_Fail7_Score(0.9935781).bmp,Foreign Matter,L31,test
10dbdc2fa25c2557b4aca7d9c9d44243,/data/FMD_Data_26082026/fmd_temp_images/Updated ICube Objects 20260915/Foreign Matter/20260805_123424_L31_PalletGHS0805171007_Cavity3_B01BGTV_Fail7_Score(0.9999758)_1.0000_0.5913.bmp,Foreign Matter,L31,test
1103aad0ce72fb92ad2ef05b7606c17d,/data/FMD_Data_26082026/fmd_temp_images/Updated ICube Objects 20260915/Foreign Matter/20260817_023827_L31_PalletGHP0817071408_Cavity11_B01BHQ1_Fail7_Score(0.9890829).bmp,Foreign Matter,L31,test
1d60f8bb7df6c1371049fb9e75899bc6,/data/FMD_Data_26082026/fmd_temp_images/Updated ICube Objects 20260915/Foreign Matter/20260814_153857_L31_PalletGHD0814201519_Cavity1_B01BHKC_Fail7_Score(0.9997913).bmp,Foreign Matter,L31,test
1e9beff12bb6590b4633c7a94e45baba,/data/FMD_Data_26082026/fmd_temp_images/Updated ICube Objects 20260915/Foreign Matter/20260828_161530_L31_PalletGHK0828204729_Cavity6_B01BKS5_Fail7_Score(0.9854442).bmp,Foreign Matter,L31,test
22cb36055d86f24f703568105d0bfffd,/data/FMD_Data_26082026/fmd_temp_images/Updated ICube Objects 20260915/Foreign Matter/20260823_100408_L31_PalletGHU0823144014_Cavity7_B01BK8R_Fail7_Score(0.9994166).bmp,Foreign Matter,L31,test
30b426867276858ac0b8a96c2343e53b,/data/FMD_Data_26082026/fmd_temp_images/Updated ICube Objects 20260915/Foreign Matter/20260828_045443_L31_PalletGHL0828093119_Cavity12_B01BKVM_Fail7_Score(0.9999298).bmp,Foreign Matter,L31,test
353137dfbe366edca56eb52772000810,/data/FMD_Data_26082026/fmd_temp_images/Updated ICube Objects 20260915/Foreign Matter/20260815_161715_L31_PalletGHG0815205348_Cavity13_B01BHQS_Fail7_Score(0.9999993)_0.9893_0.4046.bmp,Foreign Matter,L31,test
455aefc12cf792114ce692fbe96ab37d,/data/FMD_Data_26082026/fmd_temp_images/ICube Defects Library/Foreign Matter/20260805_095016_L31_PalletGHF0805142558_Cavity15_B01BH5J_Fail7_Score(0.9999207).bmp,Foreign Matter,L31,test
48c5e4d770cd3519805fc1b10901aa64,/data/FMD_Data_26082026/fmd_temp_images/Updated ICube Objects 20260915/Foreign Matter/20260829_102940_L31_PalletGHB0829150617_Cavity3_B01BKVG_Fail7_Score(0.9992886).bmp,Foreign Matter,L31,test
4e4ce4480b7ef599f0dd6b7a8a802492,/data/FMD_Data_26082026/fmd_temp_images/Updated ICube Objects 20260915/Foreign Matter/20260806_004821_L31_PalletGHC0806052404_Cavity8_B01BGTS_Fail7_Score(0.9997873).bmp,Foreign Matter,L31,test
4ed0e4ce6d19c6922164c7e61751e04f,/data/FMD_Data_26082026/fmd_temp_images/Updated ICube Objects 20260915/Foreign Matter/20260828_044901_L31_PalletGHF0828092530_Cavity13_B01BKVM_Fail7_Score(0.9999653).bmp,Foreign Matter,L31,test
5324602ca1190917ce43e2967bc0879f,/data/FMD_Data_26082026/fmd_temp_images/Updated ICube Objects 20260915/Foreign Matter/20260825_092423_L31_PalletGHB0825135802_Cavity6_B01BK8X_Fail6_Score(0.977872)_0.9988_0.9930.bmp,Foreign Matter,L31,test
561630f83053b9644c27e066c1c461ee,/data/FMD_Data_26082026/fmd_temp_images/Updated ICube Objects 20260915/Foreign Matter/20260816_222454_L31_PalletGHO0817030032_Cavity3_B01BHQ0_Fail7_Score(0.9999991).bmp,Foreign Matter,L31,test
56db5e21e6aa5f20c80642a6b3a0ad60,/data/FMD_Data_26082026/fmd_temp_images/Updated ICube Objects 20260915/Foreign Matter/20260828_082813_L31_PalletGHM0828130443_Cavity5_B01BKVM_Fail7_Score(0.9997534).bmp,Foreign Matter,L31,test
57ae7a969f1622a45cdbe98869ea0c0b,/data/FMD_Data_26082026/fmd_temp_images/Updated ICube Objects 20260915/Foreign Matter/20260813_130847_L31_PalletGHP0813174503_Cavity1_B01BGV4_Fail7_Score(0.9981332).bmp,Foreign Matter,L31,test
5de8a143d9f934b32e2e6afa1aee787f,/data/FMD_Data_26082026/fmd_temp_images/Updated ICube Objects 20260915/Foreign Matter/20260820_024950_L31_PalletGHE0820072536_Cavity3_B01BK81_Fail7_Score(0.9999865).bmp,Foreign Matter,L31,test
6680a8c47dc14cc47ecc3c031bd17615,/data/FMD_Data_26082026/fmd_temp_images/Updated ICube Objects 20260915/Foreign Matter/20260810_120519_L31_PalletGHL0810164045_Cavity11_B01BHK4_Fail4_Score(0.9456501).bmp,Foreign Matter,L31,test
6b574338f1013845ddcfe02016add0ae,/data/FMD_Data_26082026/fmd_temp_images/Updated ICube Objects 20260915/Foreign Matter/20260810_004017_L31_PalletGHR0810051617_Cavity12_B01BGVC_Fail7_Score(0.9999996).bmp,Foreign Matter,L31,test
706614032389fc92643677ad262a86ac,/data/FMD_Data_26082026/fmd_temp_images/Updated ICube Objects 20260915/Foreign Matter/20260815_174556_L31_PalletGHF0815222127_Cavity3_B01BHQS_Fail7_Score(0.9980986).bmp,Foreign Matter,L31,test
714e2d6f8782ea8a569e8e8d7845532c,/data/FMD_Data_26082026/fmd_temp_images/ICube Defects Library/Foreign Matter/20260805_180044_L31_PalletGHN0805223620_Cavity4_B01BGTV_Fail7_Score(0.9998782).bmp,Foreign Matter,L31,test
72584a1a9b275ade1fa352652394ebea,/data/FMD_Data_26082026/fmd_temp_images/ICube Defects Library/Foreign Matter/20260805_094920_L31_PalletGHF0805142455_Cavity8_B01BH5J_Fail7_Score(0.9998156).bmp,Foreign Matter,L31,test
79b193758e794bdc9ba76d10bb5491c9,/data/FMD_Data_26082026/fmd_temp_images/Updated ICube Objects 20260915/Foreign Matter/20260825_004605_L31_PalletGHM0825052221_Cavity10_B01BK9L_Fail7_Score(0.996482).bmp,Foreign Matter,L31,test
7b5362b8e7b4c9dc7dd943b4cbd2c797,/data/FMD_Data_26082026/fmd_temp_images/Updated ICube Objects 20260915/Foreign Matter/20260828_061635_L31_PalletGHR0828105208_Cavity5_B01BKVM_Fail6_Score(0.978904).bmp,Foreign Matter,L31,test
8c1ad01057d9527e4b71ef3b2d5b709f,/data/FMD_Data_26082026/fmd_temp_images/Updated ICube Objects 20260915/Foreign Matter/20260823_194436_L31_PalletGHL0824002034_Cavity5_B01BK8S_Fail7_Score(0.9998508).bmp,Foreign Matter,L31,test
9085c76c97f0084fb7a10b5413c04479,/data/FMD_Data_26082026/fmd_temp_images/Updated ICube Objects 20260915/Foreign Matter/20260814_232951_L31_PalletGHM0815040616_Cavity12_B01BHQ2_Fail7_Score(0.9999988).bmp,Foreign Matter,L31,test
936d5dc3c7c96a65ac784d0c9ac6b07b,/data/FMD_Data_26082026/fmd_temp_images/Updated ICube Objects 20260915/Foreign Matter/20260903_223050_L31_PalletGHS0904030656_Cavity11_B01BKVH_Fail7_Score(0.990167).bmp,Foreign Matter,L31,test
98a1e9ee5134b3ffe66758719574057e,/data/FMD_Data_26082026/fmd_temp_images/Updated ICube Objects 20260915/Foreign Matter/20260829_161743_L31_PalletGHK0829205422_Cavity5_B01BKS9_Fail7_Score(0.9996856).bmp,Foreign Matter,L31,test
a24b340be50ec54f5060583dc48ba42e,/data/FMD_Data_26082026/fmd_temp_images/Updated ICube Objects 20260915/Foreign Matter/20260814_210108_L31_PalletGHS0815013731_Cavity6_B01BHPV_Fail7_Score(0.9999293).bmp,Foreign Matter,L31,test
a32d1a56217a6ebf259bb545d2ea1205,/data/FMD_Data_26082026/fmd_temp_images/ICube Defects Library/Foreign Matter/20260805_143141_L31_PalletGHM0805190720_Cavity9_B01BGTV_Fail7_Score(0.9999341).bmp,Foreign Matter,L31,test
a342e5f331893add392aa056b992fa0d,/data/FMD_Data_26082026/fmd_temp_images/Updated ICube Objects 20260915/Foreign Matter/20260908_091604_L31_PalletGHG0908134221_Cavity12_B01BM7H_Fail7_Score(0.9997739).bmp,Foreign Matter,L31,test
aba5ded440ce5e7ba4a20f061ee11198,/data/FMD_Data_26082026/fmd_temp_images/ICube Defects Library/Foreign Matter/20260805_205339_L31_PalletGHR0806012919_Cavity10_B01BGTS_Fail7_Score(0.9996818).bmp,Foreign Matter,L31,test
aeb6b8d5f91720e21f66123a9ba9ea51,/data/FMD_Data_26082026/fmd_temp_images/Updated ICube Objects 20260915/Foreign Matter/20260806_114532_L31_PalletGHH0806162109_Cavity7_B01BGTR_Fail7_Score(0.9999956).bmp,Foreign Matter,L31,test
b18d3510d8067ffdbb7cf01440623d57,/data/FMD_Data_26082026/fmd_temp_images/Updated ICube Objects 20260915/Foreign Matter/20260809_022518_L31_PalletGHU0809070118_Cavity7_B01BGV3_Fail7_Score(0.9981868).bmp,Foreign Matter,L31,test
b3e30591f6f13d720e47a86ba79e0adb,/data/FMD_Data_26082026/fmd_temp_images/ICube Defects Library/Foreign Matter/20260806_021501_L31_PalletGHJ0806065040_Cavity6_B01BGTS_Fail7_Score(0.9997464).bmp,Foreign Matter,L31,test
b4fd2f2bd6b2ec0d0a00c6366c8aea14,/data/FMD_Data_26082026/fmd_temp_images/Updated ICube Objects 20260915/Foreign Matter/20260908_091512_L31_PalletGHH0908134221_Cavity14_B01BM7H_Fail7_Score(0.9974447).bmp,Foreign Matter,L31,test
b6e687244e799a6e682142c43f3b8ee2,/data/FMD_Data_26082026/fmd_temp_images/Updated ICube Objects 20260915/Foreign Matter/20260824_055718_L31_PalletGHF0824103328_Cavity9_B01BK8V_Fail7_Score(0.9992813).bmp,Foreign Matter,L31,test
b87cce56fcaa2cdb05ccaaac127d4b44,/data/FMD_Data_26082026/fmd_temp_images/ICube Defects Library/Foreign Matter/20260805_222532_L31_PalletGHB0806030114_Cavity3_B01BGTS_Fail7_Score(0.997124).bmp,Foreign Matter,L31,test
bd0d106940c8c4f1c891dbb90cc39050,/data/FMD_Data_26082026/fmd_temp_images/Updated ICube Objects 20260915/Foreign Matter/20260805_101705_L31_PalletGHS0805145248_Cavity7_B01BGTV_Fail4_Score(0.9364077)_1.0000_0.9510.bmp,Foreign Matter,L31,test
bf306b981a4fe2d7c47214602146b541,/data/FMD_Data_26082026/fmd_temp_images/Updated ICube Objects 20260915/Foreign Matter/20260814_010802_L31_PalletGHC0814054420_Cavity2_B01BGV6_Fail7_Score(0.9997794).bmp,Foreign Matter,L31,test
c91b24d53856d8b78d91213a612879f3,/data/FMD_Data_26082026/fmd_temp_images/Updated ICube Objects 20260915/Foreign Matter/20260815_010426_L31_PalletGHA0815054055_Cavity14_B01BHQ2_Fail7_Score(0.9994954).bmp,Foreign Matter,L31,test
ca476938ff7dbbc782c4f4599948c9da,/data/FMD_Data_26082026/fmd_temp_images/Updated ICube Objects 20260915/Foreign Matter/20260823_131459_L31_PalletGHA0823175100_Cavity4_B01BK8R_Fail7_Score(0.9999989).bmp,Foreign Matter,L31,test
da9a0ff82a6c080b155b5533ba93a7fa,/data/FMD_Data_26082026/fmd_temp_images/Updated ICube Objects 20260915/Foreign Matter/20260808_213739_L31_PalletGHP0809021335_Cavity1_B01BGV2_Fail7_Score(0.9998831).bmp,Foreign Matter,L31,test
df483a690efe0f4f6d61196362715036,/data/FMD_Data_26082026/fmd_temp_images/ICube Defects Library/Foreign Matter/20260805_185831_L31_PalletGHE0805233413_Cavity5_B01BGTV_Fail7_Score(0.9994507).bmp,Foreign Matter,L31,test
e6e1b785a9f8f4feee819777c1aaef75,/data/FMD_Data_26082026/fmd_temp_images/Updated ICube Objects 20260915/Foreign Matter/20260816_042018_L31_PalletGHA0816085550_Cavity6_B01BHPZ_Fail7_Score(0.9995435).bmp,Foreign Matter,L31,test
edcf751a9e315d0e9191ee72cc587910,/data/FMD_Data_26082026/fmd_temp_images/Updated ICube Objects 20260915/Foreign Matter/20260821_194104_L31_PalletGHB0822001708_Cavity15_B01BK8K_Fail7_Score(0.9996131).bmp,Foreign Matter,L31,test
f2f67d990f9032ee42d94da0703bc088,/data/FMD_Data_26082026/fmd_temp_images/Updated ICube Objects 20260915/Foreign Matter/20260824_125619_L31_PalletGHJ0824173230_Cavity4_B01BK8W_Fail7_Score(0.9939128).bmp,Foreign Matter,L31,test
fdcd28e30967acc2904e9c40c4ce0911,/data/FMD_Data_26082026/fmd_temp_images/Updated ICube Objects 20260915/Foreign Matter/20260816_174216_L31_PalletGHD0816221727_Cavity13_B01BHQ0_Fail7_Score(0.9998941).bmp,Foreign Matter,L31,test
feb2533ffae4dcb5d912f4380278eb41,/data/FMD_Data_26082026/fmd_temp_images/Updated ICube Objects 20260915/Foreign Matter/20260816_171958_L31_PalletGHQ0816215532_Cavity1_B01BHQ0_Fail7_Score(0.9998679).bmp,Foreign Matter,L31,test
ff440249b9b862a801858a65616bddfe,/data/FMD_Data_26082026/fmd_temp_images/ICube Defects Library/Foreign Matter/20260805_103220_L31_PalletGHA0805150751_Cavity4_B01BGTV_Fail7_Score(0.9990243).bmp,Foreign Matter,L31,test
0171c07f5939ea02c029c7f8d0537689,/data/FMD_Data_26082026/fmd_temp_images/Updated ICube Objects 20260915/Foreign Matter/20260810_045406_L31_PalletGHO0810093007_Cavity2_B01BHK3_Fail6_Score(0.9726774).bmp,Foreign Matter,L31,train
01e0645b1860ccd9af3725be9d2a764c,/data/FMD_Data_26082026/fmd_temp_images/Updated ICube Objects 20260915/Foreign Matter/20260908_091604_L31_PalletGHG0908134221_Cavity15_B01BM7H_Fail7_Score(0.999545).bmp,Foreign Matter,L31,train
0581163a3753424798487426c73e56ef,/data/FMD_Data_26082026/fmd_temp_images/Updated ICube Objects 20260915/Foreign Matter/20260806_084450_L31_PalletGHR0806132015_Cavity13_B01BGTR_Fail7_Score(0.9931991)_0.9999_0.9365.bmp,Foreign Matter,L31,train
05e4a75c6f7afd92ac7449610ecd3ae1,/data/FMD_Data_26082026/fmd_temp_images/Updated ICube Objects 20260915/Foreign Matter/20260824_143907_L31_PalletGHG0824190539_Cavity14_B01BK8W_Fail7_Score(0.9997001).bmp,Foreign Matter,L31,train
0696511505824f4b5d850f7f5da1174c,/data/FMD_Data_26082026/fmd_temp_images/Updated ICube Objects 20260915/Foreign Matter/20260818_012554_L31_PalletGHR0818060138_Cavity9_B01BHQB_Fail7_Score(0.9924121).bmp,Foreign Matter,L31,train
07110abb5864b14f07905e134a4230d0,/data/FMD_Data_26082026/fmd_temp_images/Updated ICube Objects 20260915/Foreign Matter/20260808_050128_L31_PalletGHK0808093721_Cavity12_B01BGTX_Fail7_Score(0.9989729).bmp,Foreign Matter,L31,train
08333ac215c0e10978db9d9666d08dc6,/data/FMD_Data_26082026/fmd_temp_images/Updated ICube Objects 20260915/Foreign Matter/20260909_005516_L31_PalletGHA0909052526_Cavity8_B01BM7N_Fail7_Score(0.999131).bmp,Foreign Matter,L31,train
089bf883f388d72d64cc40ed641902e6,/data/FMD_Data_26082026/fmd_temp_images/ICube Defects Library/Foreign Matter/20260805_142712_L31_PalletGHD0805190250_Cavity5_B01BGTV_Fail7_Score(0.9936844).bmp,Foreign Matter,L31,train
08da0438e969664e821161d6bd9b727c,/data/FMD_Data_26082026/fmd_temp_images/Updated ICube Objects 20260915/Foreign Matter/20260825_114428_L31_PalletGHC0825162045_Cavity7_B01BK8Z_Fail7_Score(0.9937794).bmp,Foreign Matter,L31,train
108e4a4828bcecac4c2d92f74eb7fbff,/data/FMD_Data_26082026/fmd_temp_images/Updated ICube Objects 20260915/Foreign Matter/20260823_091233_L31_PalletGHF0823134842_Cavity14_B01BK8R_Fail7_Score(0.9999908).bmp,Foreign Matter,L31,train
12e578da588f6642533d9d29e1d3baec,/data/FMD_Data_26082026/fmd_temp_images/ICube Defects Library/Foreign Matter/20260805_204540_L31_PalletGHF0806012122_Cavity15_B01BGTS_Fail7_Score(0.9993604).bmp,Foreign Matter,L31,train
146ecd040626de85e9e25d51a9e9033d,/data/FMD_Data_26082026/fmd_temp_images/Updated ICube Objects 20260915/Foreign Matter/20260810_043734_L31_PalletGHN0810091337_Cavity10_B01BHK3_Fail7_Score(0.9998835)_0.9998_0.4721.bmp,Foreign Matter,L31,train
198432569092d5321f0adf69b01c0b20,/data/FMD_Data_26082026/fmd_temp_images/ICube Defects Library/Foreign Matter/20260805_225702_L31_PalletGHN0806033240_Cavity9_B01BGTS_Fail7_Score(0.9999043).bmp,Foreign Matter,L31,train
19945438eec5d968469207233914c5f0,/data/FMD_Data_26082026/fmd_temp_images/Updated ICube Objects 20260915/Foreign Matter/20260823_233101_L31_PalletGHL0824040712_Cavity2_B01BK8T_Fail7_Score(0.9999831).bmp,Foreign Matter,L31,train
1b7a439ae6aba1277acd6a9e94dd4405,/data/FMD_Data_26082026/fmd_temp_images/Updated ICube Objects 20260915/Foreign Matter/20260809_104434_L31_PalletGHK0809152030_Cavity5_B01BGV9_Fail7_Score(0.9999195).bmp,Foreign Matter,L31,train
1bc74fd3745789dcfd0c935a53d7e69c,/data/FMD_Data_26082026/fmd_temp_images/Updated ICube Objects 20260915/Foreign Matter/20260807_131450_L31_PalletGHF0807175045_Cavity14_B01BGTW_Fail7_Score(0.9986543).bmp,Foreign Matter,L31,train
1e522e23d80272b1cef80092c6c51ac2,/data/FMD_Data_26082026/fmd_temp_images/Updated ICube Objects 20260915/Foreign Matter/20260831_043953_L31_PalletGHE0831091644_Cavity11_B01BKV8_Fail7_Score(0.9999753).bmp,Foreign Matter,L31,train
1fb71338c64df04d562f0c091a5947ca,/data/FMD_Data_26082026/fmd_temp_images/ICube Defects Library/Foreign Matter/20260805_093458_L31_PalletGHC0805141002_Cavity13_B01BH5J_Fail7_Score(0.9999756).bmp,Foreign Matter,L31,train
2672a1507c6c6120162590987c35ee4d,/data/FMD_Data_26082026/fmd_temp_images/ICube Defects Library/Foreign Matter/20260805_180528_L31_PalletGHA0805224101_Cavity3_B01BGTV_Fail7_Score(0.9986681).bmp,Foreign Matter,L31,train
26989d0b7dea28fee48f96250c4bafb9,/data/FMD_Data_26082026/fmd_temp_images/Updated ICube Objects 20260915/Foreign Matter/20260807_192056_L31_PalletGHT0807235646_Cavity1_B01BG2K_Fail7_Score(0.9973646).bmp,Foreign Matter,L31,train
272adc52ac302071c6c63690dcce87f0,/data/FMD_Data_26082026/fmd_temp_images/Updated ICube Objects 20260915/Foreign Matter/20260821_004251_L31_PalletGHB0821051846_Cavity13_B01BK8F_Fail7_Score(0.999574).bmp,Foreign Matter,L31,train
2973b154a5dc01cebcd85cbd983c7ccf,/data/FMD_Data_26082026/fmd_temp_images/Updated ICube Objects 20260915/Foreign Matter/20260903_213152_L31_PalletGHA0904020757_Cavity9_B01BKVH_Fail7_Score(0.9996175).bmp,Foreign Matter,L31,train
2c03944e386390cb4a5681a8b1400d40,/data/FMD_Data_26082026/fmd_temp_images/Updated ICube Objects 20260915/Foreign Matter/20260821_141835_L31_PalletGHQ0821185438_Cavity11_B01BK8K_Fail7_Score(0.9989347).bmp,Foreign Matter,L31,train
2c2d8aac28cf626f809a39715a15756d,/data/FMD_Data_26082026/fmd_temp_images/Updated ICube Objects 20260915/Foreign Matter/20260819_044928_L31_PalletGHA0819092517_Cavity12_B01BHQF_Fail7_Score(0.9997676).bmp,Foreign Matter,L31,train
2e82cd748b6fe10adb7034edaf839b0f,/data/FMD_Data_26082026/fmd_temp_images/Updated ICube Objects 20260915/Foreign Matter/20260816_021356_L31_PalletGHC0816064929_Cavity13_B01BHPZ_Fail7_Score(0.9976186).bmp,Foreign Matter,L31,train
2f0add85c7105b8ef0caf551a9d84c61,/data/FMD_Data_26082026/fmd_temp_images/Updated ICube Objects 20260915/Foreign Matter/20260819_101535_L31_PalletGHE0819145108_Cavity8_B01BHQM_Fail7_Score(0.9998195)_0.9997_0.9209.bmp,Foreign Matter,L31,train
354d65597938f8eada83c0a95ce72338,/data/FMD_Data_26082026/fmd_temp_images/Updated ICube Objects 20260915/Foreign Matter/20260807_092243_L31_PalletGHI0807135832_Cavity8_B01BGV0_Fail7_Score(0.9955951).bmp,Foreign Matter,L31,train
3838f2058626309f27a9fd42f464b0e9,/data/FMD_Data_26082026/fmd_temp_images/Updated ICube Objects 20260915/Foreign Matter/20260827_092615_L31_PalletGHO0827140243_Cavity1_B01BK9D_Fail7_Score(0.9999779).bmp,Foreign Matter,L31,train
38672d1d1f30707b6c87345e92f3459b,/data/FMD_Data_26082026/fmd_temp_images/Updated ICube Objects 20260915/Foreign Matter/20260815_015246_L31_PalletGHL0815062917_Cavity4_B01BHQ5_Fail7_Score(0.9997672).bmp,Foreign Matter,L31,train
38cdff2c1ba20b5848a47f39c93c3e2c,/data/FMD_Data_26082026/fmd_temp_images/Updated ICube Objects 20260915/Foreign Matter/20260819_084936_L31_PalletGHG0819132524_Cavity8_B01BHQJ_Fail7_Score(1).bmp,Foreign Matter,L31,train
3ba92db9c012731b7c77cc88cc54675e,/data/FMD_Data_26082026/fmd_temp_images/Updated ICube Objects 20260915/Foreign Matter/20260815_234911_L31_PalletGHB0816042447_Cavity5_B01BHPZ_Fail7_Score(0.9884822).bmp,Foreign Matter,L31,train
424d22d03e70b2440a6aaa9a308f4db5,/data/FMD_Data_26082026/fmd_temp_images/ICube Defects Library/Foreign Matter/20260805_172905_L31_PalletGHA0805220448_Cavity13_B01BGTV_Fail7_Score(0.9999885).bmp,Foreign Matter,L31,train
435d1e3da70799d9847df77222a1fafd,/data/FMD_Data_26082026/fmd_temp_images/Updated ICube Objects 20260915/Foreign Matter/20260810_013249_L31_PalletGHR0810060854_Cavity7_B01BGVC_Fail7_Score(0.9998826).bmp,Foreign Matter,L31,train
43b144387ca85f93b1822a46ef7701b4,/data/FMD_Data_26082026/fmd_temp_images/ICube Defects Library/Foreign Matter/20260805_142729_L31_PalletGHK0805190307_Cavity13_B01BGTV_Fail7_Score(0.9998276).bmp,Foreign Matter,L31,train
45bd7ad39463a4c39e8f7e82c839ab04,/data/FMD_Data_26082026/fmd_temp_images/ICube Defects Library/Foreign Matter/20260805_195107_L31_PalletGHO0806002648_Cavity6_B01BGTV_Fail7_Score(0.9998088).bmp,Foreign Matter,L31,train
47c57cd3d1f72f3d6b096641bf202ea0,/data/FMD_Data_26082026/fmd_temp_images/Updated ICube Objects 20260915/Foreign Matter/20260822_195659_L31_PalletGHJ0823003258_Cavity11_B01BK8P_Fail7_Score(0.9976733).bmp,Foreign Matter,L31,train
4d727119f8993377bdc0aafecb7a6a5a,/data/FMD_Data_26082026/fmd_temp_images/Updated ICube Objects 20260915/Foreign Matter/20260903_101218_L31_PalletGHQ0903144821_Cavity14_B01BN6V_Fail7_Score(0.9969683).bmp,Foreign Matter,L31,train
5333b6f872b6a1a743b902795eb16f6c,/data/FMD_Data_26082026/fmd_temp_images/ICube Defects Library/Foreign Matter/20260805_112552_L31_PalletGHG0805160132_Cavity14_B01BGTV_Fail7_Score(0.9999911).bmp,Foreign Matter,L31,train
56f8dc97df4d5fb7af479b62a7f4cdad,/data/FMD_Data_26082026/fmd_temp_images/Updated ICube Objects 20260915/Foreign Matter/20260806_061812_L31_PalletGHO0806105354_Cavity8_B01BGTR_Fail7_Score(0.9955103).bmp,Foreign Matter,L31,train
5be10d2f79bfc2414bfaa442482121c4,/data/FMD_Data_26082026/fmd_temp_images/Updated ICube Objects 20260915/Foreign Matter/20260810_022218_L31_PalletGHB0810065823_Cavity6_B01BHK3_Fail7_Score(0.9988887).bmp,Foreign Matter,L31,train
5c5a0a5c4a6181f917851c12f0a1a3d7,/data/FMD_Data_26082026/fmd_temp_images/Updated ICube Objects 20260915/Foreign Matter/20260809_185433_L31_PalletGHL0809233034_Cavity10_B01BGVB_Fail7_Score(0.9994586).bmp,Foreign Matter,L31,train
5d3a42a1b20eb6c3229f7c523ac01204,/data/FMD_Data_26082026/fmd_temp_images/Updated ICube Objects 20260915/Foreign Matter/20260825_001115_L31_PalletGHG0825044713_Cavity7_B01BK9L_Fail7_Score(0.9996324).bmp,Foreign Matter,L31,train
5f037bbe35a42520f52dc0858c8459b9,/data/FMD_Data_26082026/fmd_temp_images/Updated ICube Objects 20260915/Foreign Matter/20260815_132246_L31_PalletGHB0815175913_Cavity4_B01BHPX_Fail4_Score(0.9449433)_0.9923_0.9867.bmp,Foreign Matter,L31,train
5f2944500b3976c7443dac40c1dea909,/data/FMD_Data_26082026/fmd_temp_images/Updated ICube Objects 20260915/Foreign Matter/20260805_212953_L31_PalletGHK0806020535_Cavity1_B01BGTS_Fail6_Score(0.9693362)_0.9999_0.9781.bmp,Foreign Matter,L31,train
5f7a654169557fefba7e82c8f4044f4f,/data/FMD_Data_26082026/fmd_temp_images/Updated ICube Objects 20260915/Foreign Matter/20260827_073054_L31_PalletGHC0827120721_Cavity1_B01BK9D_Fail7_Score(0.9997686).bmp,Foreign Matter,L31,train
6169a06b668d0de5b447b7ebd5352978,/data/FMD_Data_26082026/fmd_temp_images/ICube Defects Library/Foreign Matter/20260805_212849_L31_PalletGHG0806020431_Cavity9_B01BGTS_Fail7_Score(0.9981229).bmp,Foreign Matter,L31,train
62821fee79ece2874b68f09e48449b6a,/data/FMD_Data_26082026/fmd_temp_images/Updated ICube Objects 20260915/Foreign Matter/20260818_115940_L31_PalletGHK0818163524_Cavity10_B01BJPW_Fail7_Score(0.9999958).bmp,Foreign Matter,L31,train
62af29dbb8817ce3251c8df45f1645e3,/data/FMD_Data_26082026/fmd_temp_images/Updated ICube Objects 20260915/Foreign Matter/20260825_001055_L31_PalletGHT0825044653_Cavity14_B01BK9L_Fail7_Score(0.9999269).bmp,Foreign Matter,L31,train
63fc9690387001119c55ed90bb3e6cdb,/data/FMD_Data_26082026/fmd_temp_images/Updated ICube Objects 20260915/Foreign Matter/20260828_083734_L31_PalletGHJ0828131406_Cavity3_B01BKVM_Fail4_Score(0.9346992).bmp,Foreign Matter,L31,train
644951f70fab516edaa37db5efc41e28,/data/FMD_Data_26082026/fmd_temp_images/ICube Defects Library/Foreign Matter/20260805_101715_L31_PalletGHA0805145300_Cavity15_B01BGTV_Fail7_Score(0.9948239).bmp,Foreign Matter,L31,train
64741723968efaa02eef4f456831e571,/data/FMD_Data_26082026/fmd_temp_images/Updated ICube Objects 20260915/Foreign Matter/20260813_141356_L31_PalletGHD0813184932_Cavity1_B01BGV4_Fail7_Score(0.9989329)_0.9998_0.9924.bmp,Foreign Matter,L31,train
66508c7b06fe820ba4b9d0e2743f5858,/data/FMD_Data_26082026/fmd_temp_images/Updated ICube Objects 20260915/Foreign Matter/20260823_095506_L31_PalletGHK0823143115_Cavity10_B01BK8R_Fail7_Score(0.9999901).bmp,Foreign Matter,L31,train
6e4d1325bb1fc12d91b5a9a9895fea6e,/data/FMD_Data_26082026/fmd_temp_images/Updated ICube Objects 20260915/Foreign Matter/20260908_040540_L31_PalletGHD0908084204_Cavity4_B01BK83_Fail7_Score(0.999182).bmp,Foreign Matter,L31,train
6f3ba94669fab1c43c8627f02eff3fdd,/data/FMD_Data_26082026/fmd_temp_images/ICube Defects Library/Foreign Matter/20260806_015835_L31_PalletGHE0806063414_Cavity14_B01BGTS_Fail7_Score(0.9999968).bmp,Foreign Matter,L31,train
707a7799914aeee549d20c06e02a3c32,/data/FMD_Data_26082026/fmd_temp_images/Updated ICube Objects 20260915/Foreign Matter/20260807_093856_L31_PalletGHE0807141445_Cavity11_B01BGV0_Fail7_Score(0.9907089).bmp,Foreign Matter,L31,train
71d1a30332f63251b33d805406145545,/data/FMD_Data_26082026/fmd_temp_images/Updated ICube Objects 20260915/Foreign Matter/20260820_122205_L31_PalletGHA0820165632_Cavity11_B01BK8G_Fail7_Score(0.9999133).bmp,Foreign Matter,L31,train
73198bd56cc5c2416ccea870cf0d56e8,/data/FMD_Data_26082026/fmd_temp_images/Updated ICube Objects 20260915/Foreign Matter/20260818_193531_L31_PalletGHS0819001113_Cavity10_B01BHQL_Fail7_Score(0.9999841).bmp,Foreign Matter,L31,train
739bb5abf9a891228dd5cc5cfb625287,/data/FMD_Data_26082026/fmd_temp_images/Updated ICube Objects 20260915/Foreign Matter/20260806_050301_L31_PalletGHA0806093842_Cavity14_B01BGTR_Fail7_Score(0.9994444).bmp,Foreign Matter,L31,train
76ccc736e15e038df31e7daf5bb8c162,/data/FMD_Data_26082026/fmd_temp_images/Updated ICube Objects 20260915/Foreign Matter/20260809_215900_L31_PalletGHL0810023438_Cavity15_B01BGVC_Fail7_Score(0.9999987).bmp,Foreign Matter,L31,train
770ee53912ac6df096072fb98de639e6,/data/FMD_Data_26082026/fmd_temp_images/Updated ICube Objects 20260915/Foreign Matter/20260809_230947_L31_PalletGHH0810034545_Cavity11_B01BGVC_Fail7_Score(0.999496).bmp,Foreign Matter,L31,train
77cbdacacbe677eeb528ba39ec94d9e6,/data/FMD_Data_26082026/fmd_temp_images/Updated ICube Objects 20260915/Foreign Matter/20260816_135505_L31_PalletGHA0816183039_Cavity14_B01BHQ0_Fail7_Score(1).bmp,Foreign Matter,L31,train
79bf700f3071f99f8133c79888946051,/data/FMD_Data_26082026/fmd_temp_images/Updated ICube Objects 20260915/Foreign Matter/20260810_045239_L31_PalletGHE0810092835_Cavity15_B01BHK3_Fail7_Score(0.9835722).bmp,Foreign Matter,L31,train
7b38de4d4cf610201aaf16eeae69a970,/data/FMD_Data_26082026/fmd_temp_images/ICube Defects Library/Foreign Matter/20260805_142850_L31_PalletGHB0805190430_Cavity12_B01BGTV_Fail7_Score(0.9996862).bmp,Foreign Matter,L31,train
7bb7ab8fbe2d57ea871ce844d9207ce1,/data/FMD_Data_26082026/fmd_temp_images/Updated ICube Objects 20260915/Foreign Matter/20260823_205414_L31_PalletGHM0824013019_Cavity1_B01BK8S_Fail7_Score(0.9963854).bmp,Foreign Matter,L31,train
7fb9ca20ee8cb01ece3469653c7e3062,/data/FMD_Data_26082026/fmd_temp_images/Updated ICube Objects 20260915/Foreign Matter/20260827_161348_L31_PalletGHJ0827205023_Cavity15_B01BKRW_Fail7_Score(0.9999776).bmp,Foreign Matter,L31,train
815d364cf87990a9b3ee13c3fdcb4e48,/data/FMD_Data_26082026/fmd_temp_images/Updated ICube Objects 20260915/Foreign Matter/20260823_195604_L31_PalletGHB0824003215_Cavity7_B01BK8S_Fail7_Score(0.9999638).bmp,Foreign Matter,L31,train
82c660a937dc80a2578c1fa6d09564ca,/data/FMD_Data_26082026/fmd_temp_images/Updated ICube Objects 20260915/Foreign Matter/20260827_195154_L31_PalletGHO0828002831_Cavity11_B01BKS0_Fail7_Score(0.999917).bmp,Foreign Matter,L31,train
83fb8f62d96e69614d54f2c98412d02a,/data/FMD_Data_26082026/fmd_temp_images/Updated ICube Objects 20260915/Foreign Matter/20260904_052714_L31_PalletGHM0904100322_Cavity12_B01BKVK_Fail7_Score(0.9999851).bmp,Foreign Matter,L31,train
881102011b6c066d827dc736341d84a1,/data/FMD_Data_26082026/fmd_temp_images/Updated ICube Objects 20260915/Foreign Matter/20260904_191202_L31_PalletGHN0904234815_Cavity14_B01BM5B_Fail7_Score(0.9999961).bmp,Foreign Matter,L31,train
8c6eeac227109364662302d9d3a010c3,/data/FMD_Data_26082026/fmd_temp_images/Updated ICube Objects 20260915/Foreign Matter/20260806_001726_L31_PalletGHM0806045305_Cavity15_B01BGTS_Fail7_Score(0.9911935)_1.0000_0.8193.bmp,Foreign Matter,L31,train
8d3b52bbcd66115e4219ac050d44f399,/data/FMD_Data_26082026/fmd_temp_images/Updated ICube Objects 20260915/Foreign Matter/20260826_024812_L31_PalletGHH0826072434_Cavity5_B01BK9K_Fail7_Score(0.9993913).bmp,Foreign Matter,L31,train
8f2c1a763002b1452c2ad7a8b4cc0c42,/data/FMD_Data_26082026/fmd_temp_images/ICube Defects Library/Foreign Matter/20260805_143130_L31_PalletGHJ0805190711_Cavity6_B01BGTV_Fail7_Score(0.9991458).bmp,Foreign Matter,L31,train
8f9b10fe3602490208ad2143db850513,/data/FMD_Data_26082026/fmd_temp_images/Updated ICube Objects 20260915/Foreign Matter/20260823_140300_L31_PalletGHS0823183901_Cavity11_B01BK8R_Fail7_Score(0.999183).bmp,Foreign Matter,L31,train
8fa05074e53c3112fd1f2496056d1e1b,/data/FMD_Data_26082026/fmd_temp_images/Updated ICube Objects 20260915/Foreign Matter/20260814_210823_L31_PalletGHA0815014443_Cavity15_B01BHPV_Fail7_Score(0.9999666).bmp,Foreign Matter,L31,train
91dbb7753195f017d32a7015287c2267,/data/FMD_Data_26082026/fmd_temp_images/Updated ICube Objects 20260915/Foreign Matter/20260822_163258_L31_PalletGHJ0822210907_Cavity3_B01BK8N_Fail7_Score(0.9866664)_0.9999_0.3122.bmp,Foreign Matter,L31,train
928cbc02d497ae7ad8869cecfdb73926,/data/FMD_Data_26082026/fmd_temp_images/Updated ICube Objects 20260915/Foreign Matter/20260817_070435_L31_PalletGHG0817114018_Cavity7_B01BHQ1_Fail6_Score(0.9732877).bmp,Foreign Matter,L31,train
9306e358795dd25648b17fd8010c96ab,/data/FMD_Data_26082026/fmd_temp_images/Updated ICube Objects 20260915/Foreign Matter/20260827_153510_L31_PalletGHG0827201139_Cavity1_B01BKRW_Fail7_Score(0.9997008).bmp,Foreign Matter,L31,train
96320adc979719a29b7691d661818e3e,/data/FMD_Data_26082026/fmd_temp_images/Updated ICube Objects 20260915/Foreign Matter/20260809_045651_L31_PalletGHU0809093254_Cavity7_B01BGV3_Fail7_Score(0.9962169)_1.0000_0.7712.bmp,Foreign Matter,L31,train
97c56f766e044baa557b10a891c40f3a,/data/FMD_Data_26082026/fmd_temp_images/Updated ICube Objects 20260915/Foreign Matter/20260822_211257_L31_PalletGHN0823014903_Cavity13_B01BK8P_Fail7_Score(0.9985749).bmp,Foreign Matter,L31,train
999986e2bd30810ac292dc924ebddce4,/data/FMD_Data_26082026/fmd_temp_images/ICube Defects Library/Foreign Matter/20260807_032224_L31_PalletGHB0807075808_Cavity14_B01BGV1_Fail7_Score(0.9982914).bmp,Foreign Matter,L31,train
9b18ae58f102a9a01799185057f9aa1a,/data/FMD_Data_26082026/fmd_temp_images/Updated ICube Objects 20260915/Foreign Matter/20260904_061900_L31_PalletGHR0904105504_Cavity11_B01BKVK_Fail7_Score(0.9999811)_0.9993_0.9609.bmp,Foreign Matter,L31,train
9c31b130be2175f592a101c0e96e5ac2,/data/FMD_Data_26082026/fmd_temp_images/Updated ICube Objects 20260915/Foreign Matter/20260809_135803_L31_PalletGHT0809183402_Cavity14_B01BGVB_Fail4_Score(0.9468199).bmp,Foreign Matter,L31,train
9f7636ab356fd09767ec956c3c5e2afc,/data/FMD_Data_26082026/fmd_temp_images/Updated ICube Objects 20260915/Foreign Matter/20260822_080404_L31_PalletGHR0822124007_Cavity10_B01BK8J_Fail7_Score(0.9994596).bmp,Foreign Matter,L31,train
9f8397937f7fa9077fd10bb5d51f0dd5,/data/FMD_Data_26082026/fmd_temp_images/Updated ICube Objects 20260915/Foreign Matter/20260823_170746_L31_PalletGHI0823214401_Cavity8_B01BK8S_Fail7_Score(1).bmp,Foreign Matter,L31,train
a24bfd92de2c36460342985337acf8bf,/data/FMD_Data_26082026/fmd_temp_images/Updated ICube Objects 20260915/Foreign Matter/20260809_204552_L31_PalletGHL0810012056_Cavity8_B01BGVC_Fail7_Score(0.9993327).bmp,Foreign Matter,L31,train
a295888e40ae709f0683473904332bf4,/data/FMD_Data_26082026/fmd_temp_images/Updated ICube Objects 20260915/Foreign Matter/20260809_211653_L31_PalletGHK0810015112_Cavity7_B01BGVC_Fail7_Score(0.99953).bmp,Foreign Matter,L31,train
a703c54b0f3d3f0478dd0a3ff8c78c31,/data/FMD_Data_26082026/fmd_temp_images/Updated ICube Objects 20260915/Foreign Matter/20260809_204420_L31_PalletGHR0810012017_Cavity8_B01BGVC_Fail7_Score(0.9965605).bmp,Foreign Matter,L31,train
a829b850a8d76bd9bff50e4d4891eb46,/data/FMD_Data_26082026/fmd_temp_images/Updated ICube Objects 20260915/Foreign Matter/20260808_224125_L31_PalletGHP0809031719_Cavity13_B01BGV2_Fail7_Score(0.9970812).bmp,Foreign Matter,L31,train
a992c4c930e362427c0d7af770d15c44,/data/FMD_Data_26082026/fmd_temp_images/Updated ICube Objects 20260915/Foreign Matter/20260807_132411_L31_PalletGHN0807175958_Cavity12_B01BGTW_Fail7_Score(0.9999703).bmp,Foreign Matter,L31,train
a9adb6aeecb298d3689ae4bcb3783de9,/data/FMD_Data_26082026/fmd_temp_images/Updated ICube Objects 20260915/Foreign Matter/20260808_093103_L31_PalletGHA0808140656_Cavity11_B01BGTZ_Fail7_Score(0.9984758).bmp,Foreign Matter,L31,train
ab11ec6d94c6c83fd88078daa749122a,/data/FMD_Data_26082026/fmd_temp_images/ICube Defects Library/Foreign Matter/20260805_174450_L31_PalletGHR0805222030_Cavity10_B01BGTV_Fail7_Score(0.9999079).bmp,Foreign Matter,L31,train
b0212815b7371dfba574e838a97d8192,/data/FMD_Data_26082026/fmd_temp_images/Updated ICube Objects 20260915/Foreign Matter/20260807_193143_L31_PalletGHA0808000726_Cavity7_B01BG2K_Fail7_Score(0.9995655).bmp,Foreign Matter,L31,train
b06b98d1b74cf4e6ee4017e905f3452e,/data/FMD_Data_26082026/fmd_temp_images/Updated ICube Objects 20260915/Foreign Matter/20260806_194200_L31_PalletGHU0807001742_Cavity7_B01BG2J_Fail7_Score(0.9996064).bmp,Foreign Matter,L31,train
b3fbcecf9d453e3d346005ef6054d333,/data/FMD_Data_26082026/fmd_temp_images/Updated ICube Objects 20260915/Foreign Matter/20260808_051520_L31_PalletGHL0808095107_Cavity5_B01BGTX_Fail7_Score(0.9999162).bmp,Foreign Matter,L31,train
b5260aeac5da337499845b26a30dcdd4,/data/FMD_Data_26082026/fmd_temp_images/ICube Defects Library/Foreign Matter/20260805_140220_L31_PalletGHB0805183759_Cavity8_B01BGTV_Fail7_Score(0.9999998).bmp,Foreign Matter,L31,train
b9e7765cd973341ee86df3da9f795efd,/data/FMD_Data_26082026/fmd_temp_images/ICube Defects Library/Foreign Matter/20260805_205515_L31_PalletGHM0806013055_Cavity10_B01BGTS_Fail7_Score(0.9997135).bmp,Foreign Matter,L31,train
bad89841792da25cf96d2fe6b35d18cd,/data/FMD_Data_26082026/fmd_temp_images/Updated ICube Objects 20260915/Foreign Matter/20260820_133006_L31_PalletGHH0820180557_Cavity9_B01BK8G_Fail7_Score(0.9848905).bmp,Foreign Matter,L31,train
bc201257eb655eef37263c9094d9f166,/data/FMD_Data_26082026/fmd_temp_images/Updated ICube Objects 20260915/Foreign Matter/20260806_091418_L31_PalletGHU0806134934_Cavity3_B01BGTR_Fail7_Score(0.9999537).bmp,Foreign Matter,L31,train
bd668f533586cfdff465974f1619be8c,/data/FMD_Data_26082026/fmd_temp_images/Updated ICube Objects 20260915/Foreign Matter/20260822_193716_L31_PalletGHJ0823001317_Cavity5_B01BK8P_Fail7_Score(0.9998699).bmp,Foreign Matter,L31,train
be5ad1d17d76034b30bd4d6fb3cbf6a7,/data/FMD_Data_26082026/fmd_temp_images/Updated ICube Objects 20260915/Foreign Matter/20260823_044548_L31_PalletGHH0823092155_Cavity12_B01BK8Q_Fail7_Score(0.9993131).bmp,Foreign Matter,L31,train
c02b4060342dc1bee254f29ca57baf3c,/data/FMD_Data_26082026/fmd_temp_images/Updated ICube Objects 20260915/Foreign Matter/20260823_205639_L31_PalletGHH0824013245_Cavity11_B01BK8S_Fail7_Score(0.9997368).bmp,Foreign Matter,L31,train
c14117b3162cef59caff6b44272b3f32,/data/FMD_Data_26082026/fmd_temp_images/Updated ICube Objects 20260915/Foreign Matter/20260819_121542_L31_PalletGHC0819165134_Cavity11_B01BHQN_Fail7_Score(0.9996065).bmp,Foreign Matter,L31,train
c2074b0b11de9314dd1a6d9ed4e5bb22,/data/FMD_Data_26082026/fmd_temp_images/Updated ICube Objects 20260915/Foreign Matter/20260807_195953_L31_PalletGHP0808003540_Cavity6_B01BG2K_Fail7_Score(0.9993539).bmp,Foreign Matter,L31,train
c409b41d6a4a43cda7323e6a774900d7,/data/FMD_Data_26082026/fmd_temp_images/Updated ICube Objects 20260915/Foreign Matter/20260808_212827_L31_PalletGHT0809015924_Cavity10_B01BGV2_Fail7_Score(0.9999968).bmp,Foreign Matter,L31,train
c9a1ab6eba9b9069a44db8f5a657bf41,/data/FMD_Data_26082026/fmd_temp_images/Updated ICube Objects 20260915/Foreign Matter/20260815_202100_L31_PalletGHO0816005635_Cavity4_B01BHQS_Fail7_Score(0.9996967).bmp,Foreign Matter,L31,train
cad0eb5f56f05f2d00752ed59acdeed5,/data/FMD_Data_26082026/fmd_temp_images/Updated ICube Objects 20260915/Foreign Matter/20260829_161640_L31_PalletGHI0829205317_Cavity5_B01BKS9_Fail7_Score(0.9999352).bmp,Foreign Matter,L31,train
cc5ddae4f9af4fbc3fd5d03caa49a130,/data/FMD_Data_26082026/fmd_temp_images/ICube Defects Library/Foreign Matter/20260810_050141_L31_PalletGHE0810093743_Cavity7_B01BHK3_Fail7_Score(0.9982542).bmp,Foreign Matter,L31,train
cffced1abad8e2a35fc7494b38d97088,/data/FMD_Data_26082026/fmd_temp_images/ICube Defects Library/Foreign Matter/20260805_185641_L31_PalletGHC0805233220_Cavity2_B01BGTV_Fail7_Score(0.9999104).bmp,Foreign Matter,L31,train
d1ba54734ad494d31c23ea79cb42b499,/data/FMD_Data_26082026/fmd_temp_images/Updated ICube Objects 20260915/Foreign Matter/20260822_212011_L31_PalletGHB0823015447_Cavity11_B01BK8P_Fail6_Score(0.9719198).bmp,Foreign Matter,L31,train
d331abcbf070b1bed56a6085e68089ca,/data/FMD_Data_26082026/fmd_temp_images/Updated ICube Objects 20260915/Foreign Matter/20260817_071326_L31_PalletGHG0817114909_Cavity12_B01BHQ1_Fail7_Score(0.9971464).bmp,Foreign Matter,L31,train
d3c4df1edd45d2c02ded10893057a71b,/data/FMD_Data_26082026/fmd_temp_images/Updated ICube Objects 20260915/Foreign Matter/20260816_175959_L31_PalletGHM0816223531_Cavity13_B01BHQ0_Fail7_Score(0.9991037).bmp,Foreign Matter,L31,train
d53ba977ac55b5acc0e2127e9a97440c,/data/FMD_Data_26082026/fmd_temp_images/Updated ICube Objects 20260915/Foreign Matter/20260824_154325_L31_PalletGHM0824201940_Cavity6_B01BK8W_Fail7_Score(0.9996822).bmp,Foreign Matter,L31,train
d6462cc75a8542168e9c2e35e230dd6f,/data/FMD_Data_26082026/fmd_temp_images/Updated ICube Objects 20260915/Foreign Matter/20260814_122158_L31_PalletGHK0814165822_Cavity14_B01BHPW_Fail7_Score(0.9998109).bmp,Foreign Matter,L31,train
d76342346c3b0d9cd71d24b7b488b307,/data/FMD_Data_26082026/fmd_temp_images/Updated ICube Objects 20260915/Foreign Matter/20260828_191445_L31_PalletGHU0828234811_Cavity15_B01BKS6_Fail7_Score(0.9989785).bmp,Foreign Matter,L31,train
d7722655931e40bffedd928da94d7729,/data/FMD_Data_26082026/fmd_temp_images/Updated ICube Objects 20260915/Foreign Matter/20260824_173852_L31_PalletGHD0824221502_Cavity1_B01BK8W_Fail7_Score(0.9977087).bmp,Foreign Matter,L31,train
d8acf8c2ac15d43ea5379449af3b9ed2,/data/FMD_Data_26082026/fmd_temp_images/Updated ICube Objects 20260915/Foreign Matter/20260819_120839_L31_PalletGHH0819164433_Cavity11_B01BHQN_Fail7_Score(0.9999838).bmp,Foreign Matter,L31,train
da23711f1d560515f68a96d75aa0160d,/data/FMD_Data_26082026/fmd_temp_images/Updated ICube Objects 20260915/Foreign Matter/20260808_012227_L31_PalletGHS0808055819_Cavity3_B01BG29_Fail4_Score(0.9354442)_1.0000_0.6780.bmp,Foreign Matter,L31,train
dade0b9f078b82f1d71f59166de2151e,/data/FMD_Data_26082026/fmd_temp_images/Updated ICube Objects 20260915/Foreign Matter/20260831_045302_L31_PalletGHU0831092956_Cavity14_B01BKV8_Fail7_Score(0.999976).bmp,Foreign Matter,L31,train
db8c86c07ec0f1b68f7421b921ab29af,/data/FMD_Data_26082026/fmd_temp_images/Updated ICube Objects 20260915/Foreign Matter/20260824_015420_L31_PalletGHM0824063031_Cavity10_B01BK8T_Fail7_Score(1).bmp,Foreign Matter,L31,train
dc5ee67cd85e1c4d0ffebace9362c321,/data/FMD_Data_26082026/fmd_temp_images/Updated ICube Objects 20260915/Foreign Matter/20260808_072838_L31_PalletGHP0808120431_Cavity11_B01BGTX_Fail7_Score(0.9931363).bmp,Foreign Matter,L31,train
dc79e84338c6acef1ad58db31857d33a,/data/FMD_Data_26082026/fmd_temp_images/Updated ICube Objects 20260915/Foreign Matter/20260815_132041_L31_PalletGHP0815175636_Cavity10_B01BHPX_Fail7_Score(0.9996293).bmp,Foreign Matter,L31,train
ddd09058b3865d9c650fe7c34429b807,/data/FMD_Data_26082026/fmd_temp_images/Updated ICube Objects 20260915/Foreign Matter/20260907_001442_L31_PalletGHD0907045106_Cavity1_B01BNGN_Fail7_Score(0.9999444).bmp,Foreign Matter,L31,train
e0cbfb86bbcbdbea0e785769a608492b,/data/FMD_Data_26082026/fmd_temp_images/ICube Defects Library/Foreign Matter/20260805_102227_L31_PalletGHG0805145505_Cavity11_B01BGTV_Fail7_Score(0.9988828).bmp,Foreign Matter,L31,train
eabda5646137fcacbcaaecacd6e1754c,/data/FMD_Data_26082026/fmd_temp_images/Updated ICube Objects 20260915/Foreign Matter/20260820_084716_L31_PalletGHO0820132306_Cavity2_B01BK8D_Fail6_Score(0.9777888).bmp,Foreign Matter,L31,train
eb21ca4b055d664effc88e9a1a655c10,/data/FMD_Data_26082026/fmd_temp_images/ICube Defects Library/Foreign Matter/20260805_143125_L31_PalletGHF0805190702_Cavity13_B01BGTV_Fail7_Score(0.9999932).bmp,Foreign Matter,L31,train
ed7c1125151b8de8fe09016da1dc54ba,/data/FMD_Data_26082026/fmd_temp_images/Updated ICube Objects 20260915/Foreign Matter/20260827_232627_L31_PalletGHR0828040257_Cavity9_B01BKVL_Fail7_Score(0.9999036).bmp,Foreign Matter,L31,train
ee533535cdee2e0ad67df54de9f37983,/data/FMD_Data_26082026/fmd_temp_images/Updated ICube Objects 20260915/Foreign Matter/20260810_055531_L31_PalletGHT0810103126_Cavity7_B01BHK3_Fail7_Score(0.9999989).bmp,Foreign Matter,L31,train
f27b53811c3d632b3b87f6f67283d51f,/data/FMD_Data_26082026/fmd_temp_images/Updated ICube Objects 20260915/Foreign Matter/20260828_045458_L31_PalletGHM0828093123_Cavity13_B01BKVM_Fail7_Score(0.9909348).bmp,Foreign Matter,L31,train
f3fa32c3af160f6836fef0d9ec5ecc2d,/data/FMD_Data_26082026/fmd_temp_images/Updated ICube Objects 20260915/Foreign Matter/20260827_061854_L31_PalletGHS0827105526_Cavity7_B01BK9C_Fail7_Score(0.9999985).bmp,Foreign Matter,L31,train
f46744b89dcbebdf23d329f716bd1880,/data/FMD_Data_26082026/fmd_temp_images/Updated ICube Objects 20260915/Foreign Matter/20260830_124657_L31_PalletGHR0830172344_Cavity3_B01BKSJ_Fail7_Score(0.9995176).bmp,Foreign Matter,L31,train
f4e35bad49cc181d73dc802f67f24113,/data/FMD_Data_26082026/fmd_temp_images/Updated ICube Objects 20260915/Foreign Matter/20260809_142218_L31_PalletGHD0809185817_Cavity7_B01BGVB_Fail7_Score(0.9986045).bmp,Foreign Matter,L31,train
f6d6fd75a505d5c131e707a084f02931,/data/FMD_Data_26082026/fmd_temp_images/Updated ICube Objects 20260915/Foreign Matter/20260908_222509_L31_PalletGHC0909030138_Cavity14_B01BM7P_Fail7_Score(0.9998493).bmp,Foreign Matter,L31,train
f9feb9f7020ca120bcaf6d36a2f7b8ea,/data/FMD_Data_26082026/fmd_temp_images/Updated ICube Objects 20260915/Foreign Matter/20260807_164826_L31_PalletGHB0807212212_Cavity11_B01BGTW_Fail7_Score(0.9999924)_0.9809_0.9896.bmp,Foreign Matter,L31,train
fc13dcfebe2f5a25d15fb154189de032,/data/FMD_Data_26082026/fmd_temp_images/Updated ICube Objects 20260915/Foreign Matter/20260825_092751_L31_PalletGHT0825140408_Cavity4_B01BK8X_Fail7_Score(0.9991155).bmp,Foreign Matter,L31,train
fca6f50c41c61889c56813cb231562ba,/data/FMD_Data_26082026/fmd_temp_images/Updated ICube Objects 20260915/Foreign Matter/20260821_161048_L31_PalletGHO0821204645_Cavity8_B01BK8K_Fail7_Score(0.9999542).bmp,Foreign Matter,L31,train
fd710543a9188ba99820711a4d72f3ba,/data/FMD_Data_26082026/fmd_temp_images/ICube Defects Library/Foreign Matter/20260805_225510_L31_PalletGHK0806033046_Cavity15_B01BGTS_Fail7_Score(0.9971098).bmp,Foreign Matter,L31,train
ff1954a34059778a1682f6dd941f558d,/data/FMD_Data_26082026/fmd_temp_images/Updated ICube Objects 20260915/Foreign Matter/20260908_091512_L31_PalletGHH0908134221_Cavity12_B01BM7H_Fail7_Score(1).bmp,Foreign Matter,L31,train
1e661576c6381eb424b6d48a5f0ee9e6,/data/FMD_Data_26082026/fmd_temp_images/Updated ICube Objects 20260915/HEMA/20260824_102625_L31_PalletGHL0824150237_Cavity5_B01BK8V_Fail7_Score(1).bmp,HEMA Fragment,L31,test
4366899fe562a0f7fe1af5acf9b1d704,/data/FMD_Data_26082026/fmd_temp_images/ICube Defects Library/HEMA Fragment/20260810_073025_L31_PalletGHP0810120624_Cavity13_B01BHK3_Fail7_Score(0.9896561).bmp,HEMA Fragment,L31,test
ae8671a565e03acadf93dfb0e358eb99,/data/FMD_Data_26082026/fmd_temp_images/Updated ICube Objects 20260915/HEMA/20260815_130423_L31_PalletGHI0815174050_Cavity13_B01BHPX_Fail7_Score(0.9997697).bmp,HEMA Fragment,L31,test
0f91c2c40732fafe67f56cb607267005,/data/FMD_Data_26082026/fmd_temp_images/ICube Defects Library/HEMA Fragment/20260808_080915_L31_PalletGHI0808124424_Cavity6_B01BGTX_Fail7_Score(0.9994365).bmp,HEMA Fragment,L31,train
1ee81dcdccea5a53e5076f220cebaed8,/data/FMD_Data_26082026/fmd_temp_images/ICube Defects Library/HEMA Fragment/20260808_122943_L31_PalletGHI0808170535_Cavity13_B01BGTZ_Fail7_Score(0.9995779).bmp,HEMA Fragment,L31,train
39916054634defb1d751d9231ee2b2a0,/data/FMD_Data_26082026/fmd_temp_images/Updated ICube Objects 20260915/HEMA/20260823_094301_L31_PalletGHR0823141908_Cavity11_B01BK8R_Fail7_Score(0.999374).bmp,HEMA Fragment,L31,train
8bec6ffdd80a36d898d980f4084c0ff6,/data/FMD_Data_26082026/fmd_temp_images/Updated ICube Objects 20260915/HEMA/20260807_125757_L31_PalletGHJ0807173343_Cavity10_B01BGTW_Fail6_Score(0.9780741).bmp,HEMA Fragment,L31,train
8dd8c5140ed355b5e23118af09032729,/data/FMD_Data_26082026/fmd_temp_images/Updated ICube Objects 20260915/HEMA/20260828_174529_L31_PalletGHH0828222203_Cavity14_B01BKS6_Fail7_Score(0.9991761).bmp,HEMA Fragment,L31,train
a913f711bb6413a933fa73a045426230,/data/FMD_Data_26082026/fmd_temp_images/Updated ICube Objects 20260915/HEMA/20260814_201413_L31_PalletGHR0815005036_Cavity2_B01BHPV_Fail7_Score(0.9976313).bmp,HEMA Fragment,L31,train
ebab54e5b8e9ea604c9382242559749c,/data/FMD_Data_26082026/fmd_temp_images/Updated ICube Objects 20260915/HEMA/20260819_192656_L31_PalletGHR0820000237_Cavity5_B01BK82_Fail7_Score(0.9999953).bmp,HEMA Fragment,L31,train
d50402e0b6d5817615e343aecb3447df,/data/FMD_Data_26082026/fmd_temp_images/Updated ICube Categorical Classes 20260915/HEMA Obstruction/20260830_155822_L31_PalletGHJ0830203501_Cavity9_B01BKSK_Fail7_Score(0.9999975).bmp,HEMA Obstruction,L31,test
b93698d46670c28808525e14e769e4c7,/data/FMD_Data_26082026/fmd_temp_images/Updated ICube Categorical Classes 20260915/HEMA Obstruction/20260901_010429_L31_PalletGHB0901054118_Cavity6_B01BM18_Fail6_Score(0.9792839).bmp,HEMA Obstruction,L31,train
2a81264b0ff7b65714017ce440f6301e,/data/FMD_Data_26082026/fmd_temp_images/Updated ICube Categorical Classes 20260915/Lens Off Center/20260904_020248_L31_PalletGHE0904063853_Cavity14_B01BKVH_Fail6_Score(0.966912).bmp,Lens Off Center,L31,test
35ee163daeccf9c7a529c7c48f9fde92,/data/FMD_Data_26082026/fmd_temp_images/ICube Defects Library/Lens Off Center/20260806_214952_L31_PalletGHS0807022538_Cavity4_B01BGV1_Fail7_Score(0.992263).bmp,Lens Off Center,L31,test
39f826fedaef924f8ef6cd9327bcf512,/data/FMD_Data_26082026/fmd_temp_images/ICube Defects Library/Lens Off Center/20260807_225032_L31_PalletGHR0808032620_Cavity4_B01BG28_Fail7_Score(0.9997424).bmp,Lens Off Center,L31,test
599a744169a58151346752808c13600a,/data/FMD_Data_26082026/fmd_temp_images/ICube Defects Library/Lens Off Center/20260809_203202_L31_PalletGHA0810010803_Cavity5_B01BGVC_Fail7_Score(0.9992712).bmp,Lens Off Center,L31,test
a2817e649255e6b31078b494c5f554f7,/data/FMD_Data_26082026/fmd_temp_images/Updated ICube Categorical Classes 20260915/Lens Off Center/20260901_052855_L31_PalletGHB0901100552_Cavity9_B01BM1F_Fail2_Score(0.9157728).bmp,Lens Off Center,L31,test
bb81bd25070621e8d5d0c5fe12b1b0db,/data/FMD_Data_26082026/fmd_temp_images/ICube Defects Library/Lens Off Center/20260809_220427_L31_PalletGHP0810024027_Cavity5_B01BGVC_Fail6_Score(0.9823591).bmp,Lens Off Center,L31,test
0119f2eb49e083e6cc57d148cd2b342e,/data/FMD_Data_26082026/fmd_temp_images/Updated ICube Categorical Classes 20260915/Lens Off Center/20260906_073434_L31_PalletGHC0906121043_Cavity9_B01BM8T_Fail7_Score(0.9961779).bmp,Lens Off Center,L31,train
04818915bed86891dd9cc2f44bd64502,/data/FMD_Data_26082026/fmd_temp_images/ICube Defects Library/Lens Off Center/20260813_131947_L31_PalletGHQ0813175456_Cavity14_B01BGV4_Fail7_Score(1).bmp,Lens Off Center,L31,train
0698f493d0e40ab506b1279cd4a7a883,/data/FMD_Data_26082026/fmd_temp_images/ICube Defects Library/Lens Off Center/20260807_165800_L31_PalletGHU0807213104_Cavity12_B01BGTW_Fail7_Score(0.9999996).bmp,Lens Off Center,L31,train
205eba51030935dfc3a6dc0bef1c339f,/data/FMD_Data_26082026/fmd_temp_images/Updated ICube Categorical Classes 20260915/Lens Off Center/20260822_171513_L31_PalletGHH0822215117_Cavity11_B01BK8P_Fail7_Score(0.9858209).bmp,Lens Off Center,L31,train
22a43d998566ee0a37e18bf7eebb2657,/data/FMD_Data_26082026/fmd_temp_images/Updated ICube Categorical Classes 20260915/Lens Off Center/20260904_055250_L31_PalletGHE0904102900_Cavity10_B01BKVK_Fail7_Score(0.9881446).bmp,Lens Off Center,L31,train
284c859ab77eab11d10de15d08687e4c,/data/FMD_Data_26082026/fmd_temp_images/Updated ICube Categorical Classes 20260915/Lens Off Center/20260823_180556_L31_PalletGHJ0823224204_Cavity14_B01BK8S_Fail7_Score(0.9968918).bmp,Lens Off Center,L31,train
2f3ac3277eb9783a8c6fd7a5e3c60d8d,/data/FMD_Data_26082026/fmd_temp_images/Updated ICube Categorical Classes 20260915/Lens Off Center/20260830_232921_L31_PalletGHO0831040604_Cavity11_B01BKV8_Fail7_Score(0.9985157).bmp,Lens Off Center,L31,train
5a743fe9a784c188cd9f194e31572a52,/data/FMD_Data_26082026/fmd_temp_images/Updated ICube Categorical Classes 20260915/Lens Off Center/20260904_120106_L31_PalletGHI0904163712_Cavity15_B01BM8K_Fail7_Score(0.9997019).bmp,Lens Off Center,L31,train
5da3a909978d5fb9e62ef41be6c6f821,/data/FMD_Data_26082026/fmd_temp_images/Updated ICube Categorical Classes 20260915/Lens Off Center/20260825_112646_L31_PalletGHQ0825160253_Cavity14_B01BK8Z_Fail6_Score(0.9703344).bmp,Lens Off Center,L31,train
702b41a92db3f3716d233073475eb221,/data/FMD_Data_26082026/fmd_temp_images/ICube Defects Library/Lens Off Center/20260813_081203_L31_PalletGHH0813124820_Cavity2_B01BHKF_Fail7_Score(0.9998114).bmp,Lens Off Center,L31,train
9aa7793139476af459bc50f39e96bc81,/data/FMD_Data_26082026/fmd_temp_images/Updated ICube Categorical Classes 20260915/Lens Off Center/20260824_210527_L31_PalletGHQ0825014131_Cavity14_B01BK9L_Fail7_Score(0.999893).bmp,Lens Off Center,L31,train
b4b3e7ad4e62fa4a2372c17a071f3c77,/data/FMD_Data_26082026/fmd_temp_images/Updated ICube Categorical Classes 20260915/Lens Off Center/20260903_121856_L31_PalletGHN0903165454_Cavity14_B01BKVJ_Fail7_Score(0.999995).bmp,Lens Off Center,L31,train
b891495b09fea31ad0ebd721d13a5eee,/data/FMD_Data_26082026/fmd_temp_images/Updated ICube Categorical Classes 20260915/Lens Off Center/20260807_164826_L31_PalletGHB0807212212_Cavity9_B01BGTW_Fail7_Score(0.988058)_0.9202.bmp,Lens Off Center,L31,train
bb9450a434226484a0bdaedf7f2396d8,/data/FMD_Data_26082026/fmd_temp_images/ICube Defects Library/Lens Off Center/20260806_004023_L31_PalletGHI0806051605_Cavity11_B01BGTS_Fail7_Score(0.9997143).bmp,Lens Off Center,L31,train
005451c0473c62032f9a39241a25bdd1,/data/FMD_Data_26082026/fmd_temp_images/Updated ICube Categorical Classes 20260915/Low Dose/20260808_053617_L31_PalletGHN0808101158_Cavity15_B01BGTX_Fail3_Score(0.9303089).bmp,Low Dose Obstructing Region of Interest,L31,test
008e7f969dd19de15bfd4b5fccd40b15,/data/FMD_Data_26082026/fmd_temp_images/Updated ICube Categorical Classes 20260915/Low Dose/20260808_185207_L31_PalletGHA0808232803_Cavity8_B01BGV2_Fail7_Score(0.9998906).bmp,Low Dose Obstructing Region of Interest,L31,test
01afd0bd4c4b19f9e50b78243b2eade2,/data/FMD_Data_26082026/fmd_temp_images/Updated ICube Categorical Classes 20260915/Low Dose/20260808_070038_L31_PalletGHM0808113631_Cavity15_B01BGTX_Fail7_Score(0.9967935).bmp,Low Dose Obstructing Region of Interest,L31,test
01ed86f76a22768aa096e496a50bd101,/data/FMD_Data_26082026/fmd_temp_images/Updated ICube Categorical Classes 20260915/Low Dose/20260808_111926_L31_PalletGHM0808155520_Cavity12_B01BGTZ_Fail7_Score(0.9974837).bmp,Low Dose Obstructing Region of Interest,L31,test
02545afb2a0ffa8a137ad3b2fffdf8fa,/data/FMD_Data_26082026/fmd_temp_images/Updated ICube Categorical Classes 20260915/Low Dose/20260806_154137_L31_PalletGHS0806201718_Cavity14_B01BGTT_Fail7_Score(0.9996507).bmp,Low Dose Obstructing Region of Interest,L31,test
03180b7923e29470135ac35d1f38a110,/data/FMD_Data_26082026/fmd_temp_images/Updated ICube Categorical Classes 20260915/Low Dose/20260808_052556_L31_PalletGHC0808100142_Cavity6_B01BGTX_Fail6_Score(0.9735999).bmp,Low Dose Obstructing Region of Interest,L31,test
03d05e7122b34db654d3230804392ce8,/data/FMD_Data_26082026/fmd_temp_images/Updated ICube Categorical Classes 20260915/Low Dose/20260808_091450_L31_PalletGHI0808135040_Cavity14_B01BGTZ_Fail7_Score(0.9970126).bmp,Low Dose Obstructing Region of Interest,L31,test
04d703471b2b00545025b1e4c9878575,/data/FMD_Data_26082026/fmd_temp_images/Updated ICube Categorical Classes 20260915/Low Dose/20260806_171928_L31_PalletGHH0806215514_Cavity13_B01BGTT_Fail7_Score(0.9879194).bmp,Low Dose Obstructing Region of Interest,L31,test
06350b83185e21db159a46f965ce4d9a,/data/FMD_Data_26082026/fmd_temp_images/Updated ICube Categorical Classes 20260915/Low Dose/20260809_184217_L31_PalletGHC0809231709_Cavity12_B01BGVB_Fail7_Score(0.9848233).bmp,Low Dose Obstructing Region of Interest,L31,test
06467d169b9540fd556b684ed97cced2,/data/FMD_Data_26082026/fmd_temp_images/Updated ICube Categorical Classes 20260915/Low Dose/20260808_045236_L31_PalletGHJ0808092800_Cavity4_B01BGTX_Fail5_Score(0.9566692).bmp,Low Dose Obstructing Region of Interest,L31,test
0658c3336c59a3f30a9a20e9ab004f03,/data/FMD_Data_26082026/fmd_temp_images/Updated ICube Categorical Classes 20260915/Low Dose/20260808_154842_L31_PalletGHP0808202433_Cavity14_B01BGTZ_Fail3_Score(0.9324268).bmp,Low Dose Obstructing Region of Interest,L31,test
07b9285eddc248fa9b46cb1715ee7a63,/data/FMD_Data_26082026/fmd_temp_images/Updated ICube Categorical Classes 20260915/Low Dose/20260814_053621_L31_PalletGHP0814101240_Cavity8_B01BGV7_Fail6_Score(0.975096)_0.9747.bmp,Low Dose Obstructing Region of Interest,L31,test
088326c187aaaceb17ced63fb2230d1f,/data/FMD_Data_26082026/fmd_temp_images/Updated ICube Categorical Classes 20260915/Low Dose/20260813_151730_L31_PalletGHT0813195348_Cavity11_B01BGV5_Fail7_Score(0.9999802)_0.9998.bmp,Low Dose Obstructing Region of Interest,L31,test
091cef81a2ace6f941f2aea067061b3e,/data/FMD_Data_26082026/fmd_temp_images/Updated ICube Categorical Classes 20260915/Low Dose/20260807_232914_L31_PalletGHA0808040503_Cavity4_B01BG28_Fail7_Score(0.9992589).bmp,Low Dose Obstructing Region of Interest,L31,test
09d8e202419ff076f2e5b0d9e879387b,/data/FMD_Data_26082026/fmd_temp_images/Updated ICube Categorical Classes 20260915/Low Dose/20260813_091736_L31_PalletGHG0813135355_Cavity15_B01BGV4_Fail7_Score(0.9959073)_0.5181.bmp,Low Dose Obstructing Region of Interest,L31,test
0a1aae82232f7f1be6226920dc2e1c44,/data/FMD_Data_26082026/fmd_temp_images/Updated ICube Categorical Classes 20260915/Low Dose/20260813_142334_L31_PalletGHP0813185953_Cavity7_B01BGV4_Fail3_Score(0.9206388)_0.5168.bmp,Low Dose Obstructing Region of Interest,L31,test
0a4a349d2d3e979262b6c7eddcd76502,/data/FMD_Data_26082026/fmd_temp_images/Updated ICube Categorical Classes 20260915/Low Dose/20260808_162855_L31_PalletGHS0808210450_Cavity14_B01BGTZ_Fail7_Score(0.9967651).bmp,Low Dose Obstructing Region of Interest,L31,test
0aed83a01c4b290fc899d55f3b837266,/data/FMD_Data_26082026/fmd_temp_images/Updated ICube Categorical Classes 20260915/Low Dose/20260813_191342_L31_PalletGHF0813235001_Cavity9_B01BGV5_Fail7_Score(0.9999943)_0.9672.bmp,Low Dose Obstructing Region of Interest,L31,test
0bad240d7daf05256de44c6fb9485b89,/data/FMD_Data_26082026/fmd_temp_images/Updated ICube Categorical Classes 20260915/Low Dose/20260808_081512_L31_PalletGHR0808125100_Cavity11_B01BGTX_Fail7_Score(0.993893).bmp,Low Dose Obstructing Region of Interest,L31,test
0c05e76c58ad11f55f1f17e58fb5ae4e,/data/FMD_Data_26082026/fmd_temp_images/Updated ICube Categorical Classes 20260915/Low Dose/20260814_044020_L31_PalletGHS0814091637_Cavity11_B01BGV7_Fail7_Score(0.9999717)_0.9947.bmp,Low Dose Obstructing Region of Interest,L31,test
0d5fc280fe3d62f5266a7bec79bc3967,/data/FMD_Data_26082026/fmd_temp_images/Updated ICube Categorical Classes 20260915/Low Dose/20260809_175733_L31_PalletGHO0809223326_Cavity1_B01BGVB_Fail7_Score(0.990278).bmp,Low Dose Obstructing Region of Interest,L31,test
0d607d0960312f9d66ef69c2ec8db4a0,/data/FMD_Data_26082026/fmd_temp_images/Updated ICube Categorical Classes 20260915/Low Dose/20260813_153727_L31_PalletGHR0813201343_Cavity9_B01BGV5_Fail7_Score(0.9845436)_0.9990.bmp,Low Dose Obstructing Region of Interest,L31,test
0e9ea93e4fb7a96a8879b92289b4754a,/data/FMD_Data_26082026/fmd_temp_images/Updated ICube Categorical Classes 20260915/Low Dose/20260813_220317_L31_PalletGHA0814023931_Cavity13_B01BGV6_Fail7_Score(0.9839516)_0.9973.bmp,Low Dose Obstructing Region of Interest,L31,test
0ea82da4c75c58ffcf995a7b0d5e12b2,/data/FMD_Data_26082026/fmd_temp_images/Updated ICube Categorical Classes 20260915/Low Dose/20260806_132720_L31_PalletGHL0806180257_Cavity4_B01BGTT_Fail7_Score(0.9996353).bmp,Low Dose Obstructing Region of Interest,L31,test
0efe14c7095b8946b21f233f1c57b621,/data/FMD_Data_26082026/fmd_temp_images/Updated ICube Categorical Classes 20260915/Low Dose/20260808_065044_L31_PalletGHR0808112636_Cavity7_B01BGTX_Fail5_Score(0.9654282).bmp,Low Dose Obstructing Region of Interest,L31,test
0ff6ed8aeeaa53477f14fcce025db935,/data/FMD_Data_26082026/fmd_temp_images/Updated ICube Categorical Classes 20260915/Low Dose/20260807_184038_L31_PalletGHQ0807231608_Cavity9_B01BGTW_Fail7_Score(0.9974971).bmp,Low Dose Obstructing Region of Interest,L31,test
10b1e0a5c02b34627deade679dd9ce8f,/data/FMD_Data_26082026/fmd_temp_images/Updated ICube Categorical Classes 20260915/Low Dose/20260813_221249_L31_PalletGHG0814024910_Cavity14_B01BGV6_Fail7_Score(0.9999315)_0.6566.bmp,Low Dose Obstructing Region of Interest,L31,test
10b909d6079d276c3f6126ead5e8c224,/data/FMD_Data_26082026/fmd_temp_images/Updated ICube Categorical Classes 20260915/Low Dose/20260813_090707_L31_PalletGHC0813134250_Cavity6_B01BGV4_Fail7_Score(0.9987287)_0.9991.bmp,Low Dose Obstructing Region of Interest,L31,test
110fb858082d37147e4afcca57561fea,/data/FMD_Data_26082026/fmd_temp_images/Updated ICube Categorical Classes 20260915/Low Dose/20260808_080553_L31_PalletGHI0808124147_Cavity8_B01BGTX_Fail6_Score(0.9691121).bmp,Low Dose Obstructing Region of Interest,L31,test
1195e3dc1b52c29d7059f1c389e4e246,/data/FMD_Data_26082026/fmd_temp_images/Updated ICube Categorical Classes 20260915/Low Dose/20260808_184949_L31_PalletGHI0808232541_Cavity13_B01BGV2_Fail7_Score(0.9999878).bmp,Low Dose Obstructing Region of Interest,L31,test
11b94d597e3bbcfadc6f3c5bdf31deec,/data/FMD_Data_26082026/fmd_temp_images/Updated ICube Categorical Classes 20260915/Low Dose/20260808_150443_L31_PalletGHF0808194027_Cavity9_B01BGTZ_Fail7_Score(0.99954)_0.5730.bmp,Low Dose Obstructing Region of Interest,L31,test
12e6ca90b02a7540886593c764220171,/data/FMD_Data_26082026/fmd_temp_images/Updated ICube Categorical Classes 20260915/Low Dose/20260808_042524_L31_PalletGHD0808090116_Cavity13_B01BGTX_Fail4_Score(0.9400689).bmp,Low Dose Obstructing Region of Interest,L31,test
138a43bc76dfd966cbcf82bb9e27ef62,/data/FMD_Data_26082026/fmd_temp_images/Updated ICube Categorical Classes 20260915/Low Dose/20260808_024836_L31_PalletGHQ0808072425_Cavity9_B01BGTX_Fail7_Score(0.9913304).bmp,Low Dose Obstructing Region of Interest,L31,test
13acdd50ed9a79b2aa4a125d37523540,/data/FMD_Data_26082026/fmd_temp_images/Updated ICube Categorical Classes 20260915/Low Dose/20260814_014926_L31_PalletGHF0814062536_Cavity11_B01BGV6_Fail4_Score(0.9469367)_0.9989.bmp,Low Dose Obstructing Region of Interest,L31,test
16d67311e5992112957957a9a59c43e5,/data/FMD_Data_26082026/fmd_temp_images/ICube Defects Library/Low Dose Obstructing Region of Interest/20260805_221931_L31_PalletGHF0806025510_Cavity10_B01BGTS_Fail7_Score(0.9987655).bmp,Low Dose Obstructing Region of Interest,L31,test
175a4f085563f03372d548a69ed21057,/data/FMD_Data_26082026/fmd_temp_images/Updated ICube Categorical Classes 20260915/Low Dose/20260807_224841_L31_PalletGHQ0808032432_Cavity2_B01BG28_Fail7_Score(0.9959084).bmp,Low Dose Obstructing Region of Interest,L31,test
1936e61dadf93bf8ebf4bcb7388f4986,/data/FMD_Data_26082026/fmd_temp_images/Updated ICube Categorical Classes 20260915/Low Dose/20260808_222315_L31_PalletGHG0809025909_Cavity11_B01BGV2_Fail6_Score(0.9829012).bmp,Low Dose Obstructing Region of Interest,L31,test
1a091bf011b74531498e2c465ef279a6,/data/FMD_Data_26082026/fmd_temp_images/Updated ICube Categorical Classes 20260915/Low Dose/20260808_150303_L31_PalletGHK0808193854_Cavity14_B01BGTZ_Fail2_Score(0.9125532).bmp,Low Dose Obstructing Region of Interest,L31,test
1a185f7b08fd9038af62733c10acdf30,/data/FMD_Data_26082026/fmd_temp_images/Updated ICube Categorical Classes 20260915/Low Dose/20260808_162957_L31_PalletGHU0808210549_Cavity15_B01BGTZ_Fail7_Score(0.9982355).bmp,Low Dose Obstructing Region of Interest,L31,test
1abe8d9288d0f602ea7eb3788c6f17c7,/data/FMD_Data_26082026/fmd_temp_images/ICube Defects Library/Low Dose Obstructing Region of Interest/20260805_211525_L31_PalletGHJ0806015106_Cavity14_B01BGTS_Fail7_Score(0.9988413).bmp,Low Dose Obstructing Region of Interest,L31,test
1ba2b6d156ca940d218abc935df856ee,/data/FMD_Data_26082026/fmd_temp_images/Updated ICube Categorical Classes 20260915/Low Dose/20260813_073445_L31_PalletGHE0813121025_Cavity4_B01BHKF_Fail7_Score(0.9844677)_0.9994.bmp,Low Dose Obstructing Region of Interest,L31,test
1bc95386cf2cbaeff93618149a4dc88c,/data/FMD_Data_26082026/fmd_temp_images/Updated ICube Categorical Classes 20260915/Low Dose/20260806_193749_L31_PalletGHL0807001334_Cavity10_B01BG2J_Fail2_Score(0.9055142).bmp,Low Dose Obstructing Region of Interest,L31,test
1bd30df25940731691c0ebeeaa8cad95,/data/FMD_Data_26082026/fmd_temp_images/Updated ICube Categorical Classes 20260915/Low Dose/20260808_183941_L31_PalletGHT0808231537_Cavity13_B01BGV2_Fail7_Score(0.9903363).bmp,Low Dose Obstructing Region of Interest,L31,test
1c487f21abcdf23c148b74aa976e9c74,/data/FMD_Data_26082026/fmd_temp_images/Updated ICube Categorical Classes 20260915/Low Dose/20260813_082152_L31_PalletGHE0813125810_Cavity14_B01BHKF_Fail5_Score(0.9605875)_0.9985.bmp,Low Dose Obstructing Region of Interest,L31,test
1de3b4b563105034c81c901440671bcb,/data/FMD_Data_26082026/fmd_temp_images/Updated ICube Categorical Classes 20260915/Low Dose/20260808_150314_L31_PalletGHO0808193905_Cavity7_B01BGTZ_Fail6_Score(0.9826488).bmp,Low Dose Obstructing Region of Interest,L31,test
1e5c11909823d7f0ee0fa0d845ae520f,/data/FMD_Data_26082026/fmd_temp_images/Updated ICube Categorical Classes 20260915/Low Dose/20260809_191157_L31_PalletGHG0809234754_Cavity12_B01BGVB_Fail5_Score(0.9656089).bmp,Low Dose Obstructing Region of Interest,L31,test
1f55b1c3e7294a1af6a13544c8ef88b0,/data/FMD_Data_26082026/fmd_temp_images/ICube Defects Library/Low Dose Obstructing Region of Interest/20260810_101302_L31_PalletGHJ0810144706_Cavity6_B01BHK4_Fail7_Score(0.9983258).bmp,Low Dose Obstructing Region of Interest,L31,test
1fd68fd8bdbddd4dc018cfc38a04012f,/data/FMD_Data_26082026/fmd_temp_images/Updated ICube Categorical Classes 20260915/Low Dose/20260814_010936_L31_PalletGHS0814054552_Cavity4_B01BGV6_Fail2_Score(0.9054112)_0.9944.bmp,Low Dose Obstructing Region of Interest,L31,test
20b38395e9fe1f2d0a56108c835c3927,/data/FMD_Data_26082026/fmd_temp_images/Updated ICube Categorical Classes 20260915/Low Dose/20260810_021506_L31_PalletGHH0810065104_Cavity1_B01BHK3_Fail2_Score(0.904749).bmp,Low Dose Obstructing Region of Interest,L31,test
21cb27119c2101f844c8839f001f6638,/data/FMD_Data_26082026/fmd_temp_images/Updated ICube Categorical Classes 20260915/Low Dose/20260808_071604_L31_PalletGHB0808115139_Cavity6_B01BGTX_Fail7_Score(0.9998815).bmp,Low Dose Obstructing Region of Interest,L31,test
2262d0a83ddaa6ae5c13cb2087257cf6,/data/FMD_Data_26082026/fmd_temp_images/Updated ICube Categorical Classes 20260915/Low Dose/20260813_225329_L31_PalletGHO0814032931_Cavity9_B01BGV6_Fail7_Score(0.9988443)_0.9356.bmp,Low Dose Obstructing Region of Interest,L31,test
2310c8173c758185e0e8539c4eefeff4,/data/FMD_Data_26082026/fmd_temp_images/Updated ICube Categorical Classes 20260915/Low Dose/20260808_025857_L31_PalletGHH0808073454_Cavity12_B01BGTX_Fail3_Score(0.929333).bmp,Low Dose Obstructing Region of Interest,L31,test
2628f832409266bd9915f791af7621e5,/data/FMD_Data_26082026/fmd_temp_images/Updated ICube Categorical Classes 20260915/Low Dose/20260808_095803_L31_PalletGHB0808143356_Cavity3_B01BGTZ_Fail4_Score(0.9416272).bmp,Low Dose Obstructing Region of Interest,L31,test
266c6c28a50de892de8a1a9cdf34625f,/data/FMD_Data_26082026/fmd_temp_images/Updated ICube Categorical Classes 20260915/Low Dose/20260808_173614_L31_PalletGHF0808221207_Cavity8_B01BGV2_Fail7_Score(0.9922326).bmp,Low Dose Obstructing Region of Interest,L31,test
2709c0408b0745705e87b4ca2ff5019c,/data/FMD_Data_26082026/fmd_temp_images/Updated ICube Categorical Classes 20260915/Low Dose/20260813_235054_L31_PalletGHQ0814042712_Cavity2_B01BGV6_Fail7_Score(0.9945904)_0.9946.bmp,Low Dose Obstructing Region of Interest,L31,test
275741bd256a9b5ed20c28a11856a13c,/data/FMD_Data_26082026/fmd_temp_images/Updated ICube Categorical Classes 20260915/Low Dose/20260813_160432_L31_PalletGHO0813204050_Cavity9_B01BGV5_Fail7_Score(0.9990719)_0.9973.bmp,Low Dose Obstructing Region of Interest,L31,test
27f1c462c0fae42eda79fd0061cc7911,/data/FMD_Data_26082026/fmd_temp_images/Updated ICube Categorical Classes 20260915/Low Dose/20260808_111413_L31_PalletGHI0808155005_Cavity12_B01BGTZ_Fail5_Score(0.9602898).bmp,Low Dose Obstructing Region of Interest,L31,test
2817e08d909c9e40283bbf21ffbefcce,/data/FMD_Data_26082026/fmd_temp_images/Updated ICube Categorical Classes 20260915/Low Dose/20260814_052041_L31_PalletGHP0814095705_Cavity1_B01BGV7_Fail7_Score(0.9934539)_0.9997.bmp,Low Dose Obstructing Region of Interest,L31,test
28603e87f8e57b4902399f8c0332fcb9,/data/FMD_Data_26082026/fmd_temp_images/Updated ICube Categorical Classes 20260915/Low Dose/20260813_182843_L31_PalletGHC0813230445_Cavity3_B01BGV5_Fail7_Score(0.9984973)_0.9990.bmp,Low Dose Obstructing Region of Interest,L31,test
28c597767ba1fcd5660bdc73693f0f7c,/data/FMD_Data_26082026/fmd_temp_images/Updated ICube Categorical Classes 20260915/Low Dose/20260808_201913_L31_PalletGHT0809005509_Cavity13_B01BGV2_Fail7_Score(0.9988502).bmp,Low Dose Obstructing Region of Interest,L31,test
29c23e73bea4e69a5f55980bbe945027,/data/FMD_Data_26082026/fmd_temp_images/Updated ICube Categorical Classes 20260915/Low Dose/20260808_071925_L31_PalletGHO0808115517_Cavity7_B01BGTX_Fail7_Score(0.9876999).bmp,Low Dose Obstructing Region of Interest,L31,test
29eb378141e774ffd8321047b5074164,/data/FMD_Data_26082026/fmd_temp_images/Updated ICube Categorical Classes 20260915/Low Dose/20260806_105738_L31_PalletGHM0806153320_Cavity15_B01BGTR_Fail7_Score(0.9936442).bmp,Low Dose Obstructing Region of Interest,L31,test
2dbe2df6a6bdd95a38dafc4761b4d1af,/data/FMD_Data_26082026/fmd_temp_images/Updated ICube Categorical Classes 20260915/Low Dose/20260814_002041_L31_PalletGHP0814045703_Cavity11_B01BGV6_Fail7_Score(0.9994097)_0.9991.bmp,Low Dose Obstructing Region of Interest,L31,test
2dda31a66be7c11a446a01b8793db72e,/data/FMD_Data_26082026/fmd_temp_images/Updated ICube Categorical Classes 20260915/Low Dose/20260813_111444_L31_PalletGHO0813155059_Cavity15_B01BGV4_Fail7_Score(0.9981803)_0.9992.bmp,Low Dose Obstructing Region of Interest,L31,test
2de23facc59cc01c1508bda6128ff782,/data/FMD_Data_26082026/fmd_temp_images/Updated ICube Categorical Classes 20260915/Low Dose/20260808_095012_L31_PalletGHH0808142605_Cavity11_B01BGTZ_Fail7_Score(0.9996722).bmp,Low Dose Obstructing Region of Interest,L31,test
2de8b0f58cbe50582f14aa749965eda6,/data/FMD_Data_26082026/fmd_temp_images/Updated ICube Categorical Classes 20260915/Low Dose/20260814_054943_L31_PalletGHD0814102546_Cavity8_B01BGV7_Fail6_Score(0.9739454)_0.9997.bmp,Low Dose Obstructing Region of Interest,L31,test
2e200886e569d0534c6c89972987c659,/data/FMD_Data_26082026/fmd_temp_images/Updated ICube Categorical Classes 20260915/Low Dose/20260809_191146_L31_PalletGHD0809234743_Cavity10_B01BGVB_Fail7_Score(0.9983833).bmp,Low Dose Obstructing Region of Interest,L31,test
2fb02ca8b2b585d722c8cdb3b35f24f0,/data/FMD_Data_26082026/fmd_temp_images/Updated ICube Categorical Classes 20260915/Low Dose/20260808_010516_L31_PalletGHD0808054057_Cavity13_B01BG29_Fail7_Score(0.9985551).bmp,Low Dose Obstructing Region of Interest,L31,test
301a57b0c55d30afb3261cabecd94f5d,/data/FMD_Data_26082026/fmd_temp_images/Updated ICube Categorical Classes 20260915/Low Dose/20260808_054818_L31_PalletGHA0808102407_Cavity12_B01BGTX_Fail7_Score(0.9999351).bmp,Low Dose Obstructing Region of Interest,L31,test
304fbf736eeed7f25f11777e97fa6a8b,/data/FMD_Data_26082026/fmd_temp_images/Updated ICube Categorical Classes 20260915/Low Dose/20260809_181900_L31_PalletGHD0809225456_Cavity2_B01BGVB_Fail7_Score(0.9963291).bmp,Low Dose Obstructing Region of Interest,L31,test
309ccb481c7aaf434a167cf716e5a17d,/data/FMD_Data_26082026/fmd_temp_images/Updated ICube Categorical Classes 20260915/Low Dose/20260807_120249_L31_PalletGHA0807163826_Cavity4_B01BGTW_Fail7_Score(0.9897242).bmp,Low Dose Obstructing Region of Interest,L31,test
30dc4233b645f218347d08c2ec3fa3ab,/data/FMD_Data_26082026/fmd_temp_images/Updated ICube Categorical Classes 20260915/Low Dose/20260807_144916_L31_PalletGHJ0807192502_Cavity5_B01BGTW_Fail7_Score(0.9993039).bmp,Low Dose Obstructing Region of Interest,L31,test
33c5fbed62417bbf1dbea739d7ebe404,/data/FMD_Data_26082026/fmd_temp_images/Updated ICube Categorical Classes 20260915/Low Dose/20260813_175032_L31_PalletGHB0813222656_Cavity2_B01BGV5_Fail3_Score(0.921265)_0.9986.bmp,Low Dose Obstructing Region of Interest,L31,test
34aaf3566a64af9406bd393cb43b539b,/data/FMD_Data_26082026/fmd_temp_images/Updated ICube Categorical Classes 20260915/Low Dose/20260814_093142_L31_PalletGHU0814140805_Cavity2_B01BGV7_Fail7_Score(0.9952422)_0.9336.bmp,Low Dose Obstructing Region of Interest,L31,test
34eb78f72c9692c1a6d956295654949e,/data/FMD_Data_26082026/fmd_temp_images/Updated ICube Categorical Classes 20260915/Low Dose/20260813_143935_L31_PalletGHM0813191554_Cavity12_B01BGV4_Fail6_Score(0.9829741)_0.6067.bmp,Low Dose Obstructing Region of Interest,L31,test
3517a6db3a95ce6fc330e7331e0de505,/data/FMD_Data_26082026/fmd_temp_images/Updated ICube Categorical Classes 20260915/Low Dose/20260814_062532_L31_PalletGHA0814110155_Cavity4_B01BGV7_Fail7_Score(0.998819)_0.9948.bmp,Low Dose Obstructing Region of Interest,L31,test
354979ae778f03158175e3bac661706e,/data/FMD_Data_26082026/fmd_temp_images/Updated ICube Categorical Classes 20260915/Low Dose/20260808_121000_L31_PalletGHT0808164552_Cavity13_B01BGTZ_Fail6_Score(0.9770291).bmp,Low Dose Obstructing Region of Interest,L31,test
354d6584c113f6aa2a5dfab92f0c8b8f,/data/FMD_Data_26082026/fmd_temp_images/Updated ICube Categorical Classes 20260915/Low Dose/20260808_182249_L31_PalletGHL0808225847_Cavity11_B01BGV2_Fail5_Score(0.9536936).bmp,Low Dose Obstructing Region of Interest,L31,test
35e999c9d2e385efc4b3c929181d2397,/data/FMD_Data_26082026/fmd_temp_images/Updated ICube Categorical Classes 20260915/Low Dose/20260808_042518_L31_PalletGHB0808090112_Cavity6_B01BGTX_Fail4_Score(0.9483833).bmp,Low Dose Obstructing Region of Interest,L31,test
3609966d38db291895897ccf320cc465,/data/FMD_Data_26082026/fmd_temp_images/Updated ICube Categorical Classes 20260915/Low Dose/20260808_182941_L31_PalletGHU0808230534_Cavity12_B01BGV2_Fail7_Score(0.992269).bmp,Low Dose Obstructing Region of Interest,L31,test
387c468ebecd9b66572ebfe87430e92b,/data/FMD_Data_26082026/fmd_temp_images/Updated ICube Categorical Classes 20260915/Low Dose/20260808_011602_L31_PalletGHO0808055154_Cavity15_B01BG29_Fail5_Score(0.9619308).bmp,Low Dose Obstructing Region of Interest,L31,test
3889c637642a2b5a18b5e966cca377e0,/data/FMD_Data_26082026/fmd_temp_images/Updated ICube Categorical Classes 20260915/Low Dose/20260807_023938_L31_PalletGHK0807071516_Cavity10_B01BGV1_Fail6_Score(0.9749714).bmp,Low Dose Obstructing Region of Interest,L31,test
389a7b5d431dbd1127a9f5a677d43a53,/data/FMD_Data_26082026/fmd_temp_images/Updated ICube Categorical Classes 20260915/Low Dose/20260808_133257_L31_PalletGHO0808180851_Cavity8_B01BGTZ_Fail7_Score(0.9999666).bmp,Low Dose Obstructing Region of Interest,L31,test
38f9be2b2da7aedf6c7783614da92d8f,/data/FMD_Data_26082026/fmd_temp_images/Updated ICube Categorical Classes 20260915/Low Dose/20260808_072058_L31_PalletGHI0808115651_Cavity15_B01BGTX_Fail4_Score(0.9463478).bmp,Low Dose Obstructing Region of Interest,L31,test
39f0f16e7925350366c12cc4dd4b264e,/data/FMD_Data_26082026/fmd_temp_images/Updated ICube Categorical Classes 20260915/Low Dose/20260808_021527_L31_PalletGHC0808065117_Cavity9_B01BGTX_Fail7_Score(0.9953876).bmp,Low Dose Obstructing Region of Interest,L31,test
3a34e16f12507d3f7c64219aa8a30e93,/data/FMD_Data_26082026/fmd_temp_images/Updated ICube Categorical Classes 20260915/Low Dose/20260808_164040_L31_PalletGHL0808211620_Cavity6_B01BGTZ_Fail4_Score(0.9360958).bmp,Low Dose Obstructing Region of Interest,L31,test
3a5fba198791d2c78a8e683e116a285e,/data/FMD_Data_26082026/fmd_temp_images/Updated ICube Categorical Classes 20260915/Low Dose/20260813_160452_L31_PalletGHB0813204110_Cavity14_B01BGV5_Fail7_Score(0.9989434)_0.9995.bmp,Low Dose Obstructing Region of Interest,L31,test
3ab2f94ea315bbaa373cc7af4e13d7fc,/data/FMD_Data_26082026/fmd_temp_images/Updated ICube Categorical Classes 20260915/Low Dose/20260809_175702_L31_PalletGHC0809223255_Cavity12_B01BGVB_Fail6_Score(0.9773736).bmp,Low Dose Obstructing Region of Interest,L31,test
3c39e2dbc5e5279ba19ecba81cfd4b0e,/data/FMD_Data_26082026/fmd_temp_images/Updated ICube Categorical Classes 20260915/Low Dose/20260808_023940_L31_PalletGHA0808071532_Cavity9_B01BGTX_Fail7_Score(0.9976737).bmp,Low Dose Obstructing Region of Interest,L31,test
3c68cda4e8f2e3ae6566e86a121426d9,/data/FMD_Data_26082026/fmd_temp_images/Updated ICube Categorical Classes 20260915/Low Dose/20260814_055150_L31_PalletGHT0814102740_Cavity11_B01BGV7_Fail7_Score(0.9931928)_0.9994.bmp,Low Dose Obstructing Region of Interest,L31,test
3d22eb16fe041247c48728478d4fa686,/data/FMD_Data_26082026/fmd_temp_images/Updated ICube Categorical Classes 20260915/Low Dose/20260813_171537_L31_PalletGHM0813215146_Cavity10_B01BGV5_Fail7_Score(0.9992547)_0.9989.bmp,Low Dose Obstructing Region of Interest,L31,test
3e1c7d385ee584748c6256b4c393dbb0,/data/FMD_Data_26082026/fmd_temp_images/Updated ICube Categorical Classes 20260915/Low Dose/20260814_075711_L31_PalletGHL0814123334_Cavity13_B01BGV7_Fail7_Score(0.9986257)_0.9174.bmp,Low Dose Obstructing Region of Interest,L31,test
3e7c41f40eda28ef3979e88631065979,/data/FMD_Data_26082026/fmd_temp_images/Updated ICube Categorical Classes 20260915/Low Dose/20260810_021342_L31_PalletGHS0810064943_Cavity13_B01BHK3_Fail4_Score(0.9356068).bmp,Low Dose Obstructing Region of Interest,L31,test
3f77d2bc9202050cfd27fabf4662df62,/data/FMD_Data_26082026/fmd_temp_images/Updated ICube Categorical Classes 20260915/Low Dose/20260814_051410_L31_PalletGHU0814095033_Cavity12_B01BGV7_Fail2_Score(0.9031745)_0.9983.bmp,Low Dose Obstructing Region of Interest,L31,test
40bf332f15b48fee6c4ec26e13afab40,/data/FMD_Data_26082026/fmd_temp_images/Updated ICube Categorical Classes 20260915/Low Dose/20260808_144952_L31_PalletGHO0808192545_Cavity4_B01BGTZ_Fail7_Score(0.9995738).bmp,Low Dose Obstructing Region of Interest,L31,test
40c199c97046e8db62233b104e8edc4e,/data/FMD_Data_26082026/fmd_temp_images/Updated ICube Categorical Classes 20260915/Low Dose/20260808_141018_L31_PalletGHP0808184608_Cavity11_B01BGTZ_Fail7_Score(0.9981719).bmp,Low Dose Obstructing Region of Interest,L31,test
413b0f78b419519bc59dec2142b7aaac,/data/FMD_Data_26082026/fmd_temp_images/Updated ICube Categorical Classes 20260915/Low Dose/20260808_230434_L31_PalletGHN0809034025_Cavity14_B01BGV2_Fail7_Score(0.9978221).bmp,Low Dose Obstructing Region of Interest,L31,test
41ad910cfbb5781a51ab572e9b2aeec6,/data/FMD_Data_26082026/fmd_temp_images/Updated ICube Categorical Classes 20260915/Low Dose/20260808_221052_L31_PalletGHD0809024645_Cavity9_B01BGV2_Fail7_Score(0.9990856).bmp,Low Dose Obstructing Region of Interest,L31,test
41e6c490322b6edff1c422759e957530,/data/FMD_Data_26082026/fmd_temp_images/Updated ICube Categorical Classes 20260915/Low Dose/20260809_181241_L31_PalletGHC0809224843_Cavity1_B01BGVB_Fail7_Score(0.9962623).bmp,Low Dose Obstructing Region of Interest,L31,test
4277ef26400abdf128709cc865b0fba1,/data/FMD_Data_26082026/fmd_temp_images/Updated ICube Categorical Classes 20260915/Low Dose/20260814_051436_L31_PalletGHH0814095053_Cavity10_B01BGV7_Fail7_Score(0.9928392)_0.9996.bmp,Low Dose Obstructing Region of Interest,L31,test
431dd2926f34fb412d05ec6cd9e80771,/data/FMD_Data_26082026/fmd_temp_images/Updated ICube Categorical Classes 20260915/Low Dose/20260808_053928_L31_PalletGHS0808101459_Cavity12_B01BGTX_Fail4_Score(0.9353868).bmp,Low Dose Obstructing Region of Interest,L31,test
44a7959f6f1c1a4326e59594d576f846,/data/FMD_Data_26082026/fmd_temp_images/Updated ICube Categorical Classes 20260915/Low Dose/20260809_191506_L31_PalletGHS0809235103_Cavity12_B01BGVB_Fail7_Score(0.9980405).bmp,Low Dose Obstructing Region of Interest,L31,test
44b275e1c480c70775c6291ffbc29ccf,/data/FMD_Data_26082026/fmd_temp_images/Updated ICube Categorical Classes 20260915/Low Dose/20260813_121122_L31_PalletGHF0813164738_Cavity8_B01BGV4_Fail6_Score(0.9724246)_0.9498.bmp,Low Dose Obstructing Region of Interest,L31,test
44b48a4465fe55141c747091c0158f0a,/data/FMD_Data_26082026/fmd_temp_images/Updated ICube Categorical Classes 20260915/Low Dose/20260809_191921_L31_PalletGHP0809235521_Cavity13_B01BGVB_Fail7_Score(0.986977).bmp,Low Dose Obstructing Region of Interest,L31,test
4510c00eeb18cc8bd491613c5b498dc0,/data/FMD_Data_26082026/fmd_temp_images/Updated ICube Categorical Classes 20260915/Low Dose/20260808_164642_L31_PalletGHG0808212233_Cavity11_B01BGTZ_Fail2_Score(0.903828).bmp,Low Dose Obstructing Region of Interest,L31,test
4534e63eee42e596e7d0696a56874eeb,/data/FMD_Data_26082026/fmd_temp_images/Updated ICube Categorical Classes 20260915/Low Dose/20260808_030358_L31_PalletGHO0808073950_Cavity4_B01BGTX_Fail5_Score(0.9559816).bmp,Low Dose Obstructing Region of Interest,L31,test
454b1d3ccc97d923324839aa5c5581f6,/data/FMD_Data_26082026/fmd_temp_images/Updated ICube Categorical Classes 20260915/Low Dose/20260808_094340_L31_PalletGHC0808141933_Cavity4_B01BGTZ_Fail3_Score(0.9211605).bmp,Low Dose Obstructing Region of Interest,L31,test
455c535ef1fd8a416c5c8cf2324fde25,/data/FMD_Data_26082026/fmd_temp_images/Updated ICube Categorical Classes 20260915/Low Dose/20260808_031754_L31_PalletGHC0808075323_Cavity4_B01BGTX_Fail6_Score(0.981261).bmp,Low Dose Obstructing Region of Interest,L31,test
46744e6c16a752af03191edf2a60b8ad,/data/FMD_Data_26082026/fmd_temp_images/Updated ICube Categorical Classes 20260915/Low Dose/20260810_083956_L31_PalletGHS0810131559_Cavity11_B01BHK3_Fail7_Score(0.9978537)_0.7779.bmp,Low Dose Obstructing Region of Interest,L31,test
4715163c810c5115fa0332c3d7432808,/data/FMD_Data_26082026/fmd_temp_images/Updated ICube Categorical Classes 20260915/Low Dose/20260808_000444_L31_PalletGHA0808044032_Cavity14_B01BG28_Fail3_Score(0.929086).bmp,Low Dose Obstructing Region of Interest,L31,test
48a5b5a5021807de4b931024be222d84,/data/FMD_Data_26082026/fmd_temp_images/Updated ICube Categorical Classes 20260915/Low Dose/20260806_190739_L31_PalletGHL0806234317_Cavity8_B01BG2J_Fail6_Score(0.9798944).bmp,Low Dose Obstructing Region of Interest,L31,test
4928f667a3a34ef35b79b943d2a1dbbe,/data/FMD_Data_26082026/fmd_temp_images/Updated ICube Categorical Classes 20260915/Low Dose/20260808_030950_L31_PalletGHG0808074541_Cavity4_B01BGTX_Fail3_Score(0.922316).bmp,Low Dose Obstructing Region of Interest,L31,test
4a2a21401fe1d4229897b25b65d19629,/data/FMD_Data_26082026/fmd_temp_images/Updated ICube Categorical Classes 20260915/Low Dose/20260813_231316_L31_PalletGHL0814034916_Cavity8_B01BGV6_Fail7_Score(0.9908463)_0.9999.bmp,Low Dose Obstructing Region of Interest,L31,test
4b17b1a4de1b1d638f16fa49ba56672b,/data/FMD_Data_26082026/fmd_temp_images/Updated ICube Categorical Classes 20260915/Low Dose/20260808_051309_L31_PalletGHB0808094854_Cavity6_B01BGTX_Fail7_Score(0.9996184).bmp,Low Dose Obstructing Region of Interest,L31,test
4c017bb470d0a7444cf018fe2f90ae45,/data/FMD_Data_26082026/fmd_temp_images/Updated ICube Categorical Classes 20260915/Low Dose/20260808_002130_L31_PalletGHB0808045719_Cavity6_B01BG29_Fail7_Score(0.9938126).bmp,Low Dose Obstructing Region of Interest,L31,test
4cf35fa7acaad3d86961b70ab81efb35,/data/FMD_Data_26082026/fmd_temp_images/Updated ICube Categorical Classes 20260915/Low Dose/20260814_010552_L31_PalletGHO0814054210_Cavity5_B01BGV6_Fail7_Score(0.9909157)_0.9224.bmp,Low Dose Obstructing Region of Interest,L31,test
4e26aa23c9c5ca61a6a9cd1f139c2ef4,/data/FMD_Data_26082026/fmd_temp_images/Updated ICube Categorical Classes 20260915/Low Dose/20260808_160926_L31_PalletGHL0808204517_Cavity2_B01BGTZ_Fail6_Score(0.9777448).bmp,Low Dose Obstructing Region of Interest,L31,test
4e46bd2c5b0bb33cecce8818478d7849,/data/FMD_Data_26082026/fmd_temp_images/Updated ICube Categorical Classes 20260915/Low Dose/20260808_120820_L31_PalletGHC0808164414_Cavity6_B01BGTZ_Fail7_Score(0.9975055).bmp,Low Dose Obstructing Region of Interest,L31,test
4e4fbb3993e2000101244b5cdf2f6418,/data/FMD_Data_26082026/fmd_temp_images/Updated ICube Categorical Classes 20260915/Low Dose/20260808_152712_L31_PalletGHJ0808200306_Cavity8_B01BGTZ_Fail4_Score(0.9457516).bmp,Low Dose Obstructing Region of Interest,L31,test
4f9569f258dfe68e92c051c1321c6665,/data/FMD_Data_26082026/fmd_temp_images/Updated ICube Categorical Classes 20260915/Low Dose/20260810_020404_L31_PalletGHI0810064004_Cavity13_B01BHK3_Fail7_Score(0.9856499).bmp,Low Dose Obstructing Region of Interest,L31,test
50093d093e8935ad1d07b9a3c457a690,/data/FMD_Data_26082026/fmd_temp_images/Updated ICube Categorical Classes 20260915/Low Dose/20260813_232134_L31_PalletGHD0814035751_Cavity14_B01BGV6_Fail7_Score(0.9999999)_0.9986.bmp,Low Dose Obstructing Region of Interest,L31,test
51c1b48ddcea0837acb48fe60c179e5e,/data/FMD_Data_26082026/fmd_temp_images/Updated ICube Categorical Classes 20260915/Low Dose/20260808_115541_L31_PalletGHA0808163135_Cavity14_B01BGTZ_Fail2_Score(0.9112958).bmp,Low Dose Obstructing Region of Interest,L31,test
53196c49e133ad1ef90e2d3e7c301579,/data/FMD_Data_26082026/fmd_temp_images/Updated ICube Categorical Classes 20260915/Low Dose/20260808_043725_L31_PalletGHL0808091314_Cavity13_B01BGTX_Fail7_Score(0.9909946).bmp,Low Dose Obstructing Region of Interest,L31,test
53444b7f9d3a89c21f25200eea576864,/data/FMD_Data_26082026/fmd_temp_images/Updated ICube Categorical Classes 20260915/Low Dose/20260808_120033_L31_PalletGHG0808163622_Cavity10_B01BGTZ_Fail4_Score(0.9419148).bmp,Low Dose Obstructing Region of Interest,L31,test
53fd5ee07842210f6c7d41540216fe77,/data/FMD_Data_26082026/fmd_temp_images/Updated ICube Categorical Classes 20260915/Low Dose/20260808_133641_L31_PalletGHT0808181235_Cavity10_B01BGTZ_Fail6_Score(0.9803864).bmp,Low Dose Obstructing Region of Interest,L31,test
540f3142c861636f33441e3068d9f9de,/data/FMD_Data_26082026/fmd_temp_images/Updated ICube Categorical Classes 20260915/Low Dose/20260808_020653_L31_PalletGHB0808064241_Cavity6_B01BGTX_Fail7_Score(0.9983518).bmp,Low Dose Obstructing Region of Interest,L31,test
5507132979e8fa4d6a2cebd67dd8c3e4,/data/FMD_Data_26082026/fmd_temp_images/ICube Defects Library/Low Dose Obstructing Region of Interest/20260806_015242_L31_PalletGHN0806062823_Cavity1_B01BGTS_Fail7_Score(0.9999967).bmp,Low Dose Obstructing Region of Interest,L31,test
552a69182a334133580066d3b12efc9b,/data/FMD_Data_26082026/fmd_temp_images/Updated ICube Categorical Classes 20260915/Low Dose/20260808_053028_L31_PalletGHT0808100613_Cavity3_B01BGTX_Fail7_Score(0.9982513).bmp,Low Dose Obstructing Region of Interest,L31,test
553be2095505255af517f773b77821c5,/data/FMD_Data_26082026/fmd_temp_images/Updated ICube Categorical Classes 20260915/Low Dose/20260808_042146_L31_PalletGHO0808085649_Cavity5_B01BGTX_Fail7_Score(0.9999973).bmp,Low Dose Obstructing Region of Interest,L31,test
555005cdcb82b0d5161fb26dcd797899,/data/FMD_Data_26082026/fmd_temp_images/Updated ICube Categorical Classes 20260915/Low Dose/20260813_143116_L31_PalletGHI0813190731_Cavity6_B01BGV4_Fail6_Score(0.9787714)_0.9894.bmp,Low Dose Obstructing Region of Interest,L31,test
559bfb2f2ff88f7abca18f8d9511909c,/data/FMD_Data_26082026/fmd_temp_images/Updated ICube Categorical Classes 20260915/Low Dose/20260813_073206_L31_PalletGHA0813120823_Cavity9_B01BHKF_Fail7_Score(0.9989171)_0.9505.bmp,Low Dose Obstructing Region of Interest,L31,test
55a739a5b4dcc71c8393cc6fd4abcbb7,/data/FMD_Data_26082026/fmd_temp_images/Updated ICube Categorical Classes 20260915/Low Dose/20260808_164717_L31_PalletGHA0808212310_Cavity13_B01BGTZ_Fail6_Score(0.9707849).bmp,Low Dose Obstructing Region of Interest,L31,test
56488c26ae805f6fbd2ca97c080686d4,/data/FMD_Data_26082026/fmd_temp_images/Updated ICube Categorical Classes 20260915/Low Dose/20260808_041711_L31_PalletGHB0808085306_Cavity8_B01BGTX_Fail4_Score(0.9450645).bmp,Low Dose Obstructing Region of Interest,L31,test
56f75db7ad4da0f240ca58e19c93b1e1,/data/FMD_Data_26082026/fmd_temp_images/Updated ICube Categorical Classes 20260915/Low Dose/20260808_061047_L31_PalletGHH0808104638_Cavity9_B01BGTX_Fail7_Score(0.9869872).bmp,Low Dose Obstructing Region of Interest,L31,test
57635bd7a81621eb7b370870cd4b48ce,/data/FMD_Data_26082026/fmd_temp_images/Updated ICube Categorical Classes 20260915/Low Dose/20260814_093327_L31_PalletGHT0814140951_Cavity15_B01BGV7_Fail5_Score(0.9574882)_0.7749.bmp,Low Dose Obstructing Region of Interest,L31,test
5795ebc15140c5fa3236ea039f830a36,/data/FMD_Data_26082026/fmd_temp_images/Updated ICube Categorical Classes 20260915/Low Dose/20260806_213401_L31_PalletGHR0807020943_Cavity4_B01BGV1_Fail7_Score(0.9999142).bmp,Low Dose Obstructing Region of Interest,L31,test
57cf06a373d03d69717da2a25ad67a0c,/data/FMD_Data_26082026/fmd_temp_images/Updated ICube Categorical Classes 20260915/Low Dose/20260808_044438_L31_PalletGHM0808092028_Cavity9_B01BGTX_Fail3_Score(0.9257556).bmp,Low Dose Obstructing Region of Interest,L31,test
57eeaa5dd1bfb0c2e72ffb875032d0bc,/data/FMD_Data_26082026/fmd_temp_images/Updated ICube Categorical Classes 20260915/Low Dose/20260806_053732_L31_PalletGHC0806101314_Cavity5_B01BGTR_Fail5_Score(0.9573088).bmp,Low Dose Obstructing Region of Interest,L31,test
586f12f6cb76498ec58a717d919c82f2,/data/FMD_Data_26082026/fmd_temp_images/Updated ICube Categorical Classes 20260915/Low Dose/20260808_145632_L31_PalletGHJ0808193230_Cavity2_B01BGTZ_Fail7_Score(0.985329).bmp,Low Dose Obstructing Region of Interest,L31,test
59071416b1fa7e8521b3619ebb9a4329,/data/FMD_Data_26082026/fmd_temp_images/Updated ICube Categorical Classes 20260915/Low Dose/20260808_040152_L31_PalletGHE0808083738_Cavity2_B01BGTX_Fail7_Score(0.9985772).bmp,Low Dose Obstructing Region of Interest,L31,test
59c274a3340ddc7585730997a8e400ee,/data/FMD_Data_26082026/fmd_temp_images/Updated ICube Categorical Classes 20260915/Low Dose/20260814_065416_L31_PalletGHR0814113040_Cavity15_B01BGV7_Fail7_Score(0.9854971)_0.9989.bmp,Low Dose Obstructing Region of Interest,L31,test
5a166cde197c75442251154eaf12468a,/data/FMD_Data_26082026/fmd_temp_images/Updated ICube Categorical Classes 20260915/Low Dose/20260808_154041_L31_PalletGHJ0808201636_Cavity13_B01BGTZ_Fail7_Score(0.9932016).bmp,Low Dose Obstructing Region of Interest,L31,test
5a2ff903da8994525ab78c9e9ef5d64c,/data/FMD_Data_26082026/fmd_temp_images/Updated ICube Categorical Classes 20260915/Low Dose/20260808_125234_L31_PalletGHT0808172824_Cavity10_B01BGTZ_Fail7_Score(0.9999723).bmp,Low Dose Obstructing Region of Interest,L31,test
5ae3546236ae96f6c3786643e63fdbd9,/data/FMD_Data_26082026/fmd_temp_images/Updated ICube Categorical Classes 20260915/Low Dose/20260807_153700_L31_PalletGHR0807201248_Cavity9_B01BGTW_Fail7_Score(0.9966014).bmp,Low Dose Obstructing Region of Interest,L31,test
5b7714420ae8bacfe539b50735a24e5a,/data/FMD_Data_26082026/fmd_temp_images/Updated ICube Categorical Classes 20260915/Low Dose/20260805_123513_L31_PalletGHP0805171051_Cavity12_B01BGTV_Fail4_Score(0.9435254).bmp,Low Dose Obstructing Region of Interest,L31,test
5be69b5f9660472c52ec9ed99d02f123,/data/FMD_Data_26082026/fmd_temp_images/Updated ICube Categorical Classes 20260915/Low Dose/20260808_225556_L31_PalletGHL0809033152_Cavity8_B01BGV2_Fail7_Score(0.9964604).bmp,Low Dose Obstructing Region of Interest,L31,test
5c62534bcaee1c64c3aefd0880ac03ca,/data/FMD_Data_26082026/fmd_temp_images/Updated ICube Categorical Classes 20260915/Low Dose/20260806_091540_L31_PalletGHC0806135052_Cavity11_B01BGTR_Fail7_Score(0.9959453).bmp,Low Dose Obstructing Region of Interest,L31,test
5c7f7d5426cf050d4deedcc8f302eb3e,/data/FMD_Data_26082026/fmd_temp_images/Updated ICube Categorical Classes 20260915/Low Dose/20260806_165022_L31_PalletGHB0806212607_Cavity10_B01BGTT_Fail4_Score(0.9488058).bmp,Low Dose Obstructing Region of Interest,L31,test
5cd6f28dfa5c383f620ea34a37b28fe7,/data/FMD_Data_26082026/fmd_temp_images/Updated ICube Categorical Classes 20260915/Low Dose/20260807_093952_L31_PalletGHN0807141508_Cavity12_B01BGV0_Fail7_Score(0.9998382).bmp,Low Dose Obstructing Region of Interest,L31,test
5d7fec8db6c4aadd27c427b08e486b50,/data/FMD_Data_26082026/fmd_temp_images/Updated ICube Categorical Classes 20260915/Low Dose/20260809_191931_L31_PalletGHT0809235532_Cavity2_B01BGVB_Fail7_Score(0.9934281).bmp,Low Dose Obstructing Region of Interest,L31,test
5e44e287afdddaec29d7191a301cb4ce,/data/FMD_Data_26082026/fmd_temp_images/Updated ICube Categorical Classes 20260915/Low Dose/20260813_132113_L31_PalletGHD0813175731_Cavity2_B01BGV4_Fail7_Score(0.9994343)_0.9933.bmp,Low Dose Obstructing Region of Interest,L31,test
5ec2bd049464066901fafd51db4684ac,/data/FMD_Data_26082026/fmd_temp_images/Updated ICube Categorical Classes 20260915/Low Dose/20260807_140908_L31_PalletGHS0807184452_Cavity15_B01BGTW_Fail7_Score(0.9996977).bmp,Low Dose Obstructing Region of Interest,L31,test
5f3ebff73484dc1bd56c568094479b37,/data/FMD_Data_26082026/fmd_temp_images/Updated ICube Categorical Classes 20260915/Low Dose/20260808_005428_L31_PalletGHA0808053015_Cavity6_B01BG29_Fail7_Score(0.9975169).bmp,Low Dose Obstructing Region of Interest,L31,test
5fb24c812015033eb5f096f8d1ed5482,/data/FMD_Data_26082026/fmd_temp_images/Updated ICube Categorical Classes 20260915/Low Dose/20260814_032603_L31_PalletGHH0814080223_Cavity7_B01BGV7_Fail4_Score(0.9400067)_0.9982.bmp,Low Dose Obstructing Region of Interest,L31,test
5fba0f2b2fb3048d5173bd044b6babb4,/data/FMD_Data_26082026/fmd_temp_images/Updated ICube Categorical Classes 20260915/Low Dose/20260813_142609_L31_PalletGHN0813190226_Cavity15_B01BGV4_Fail3_Score(0.9305496)_0.9987.bmp,Low Dose Obstructing Region of Interest,L31,test
60483986c83f97362b88fe3692ad1803,/data/FMD_Data_26082026/fmd_temp_images/Updated ICube Categorical Classes 20260915/Low Dose/20260808_214720_L31_PalletGHI0809022317_Cavity10_B01BGV2_Fail5_Score(0.9580577).bmp,Low Dose Obstructing Region of Interest,L31,test
61082d1004947a87979d0e5bf68a9636,/data/FMD_Data_26082026/fmd_temp_images/Updated ICube Categorical Classes 20260915/Low Dose/20260814_043634_L31_PalletGHO0814091251_Cavity9_B01BGV7_Fail6_Score(0.9809507)_0.9893.bmp,Low Dose Obstructing Region of Interest,L31,test
6179258f47d166c860614c051f40b96a,/data/FMD_Data_26082026/fmd_temp_images/Updated ICube Categorical Classes 20260915/Low Dose/20260808_095347_L31_PalletGHG0808142941_Cavity5_B01BGTZ_Fail7_Score(0.9974372).bmp,Low Dose Obstructing Region of Interest,L31,test
618ac7fcdd3876762def79b80542636b,/data/FMD_Data_26082026/fmd_temp_images/Updated ICube Categorical Classes 20260915/Low Dose/20260808_102417_L31_PalletGHJ0808145947_Cavity13_B01BGTZ_Fail7_Score(0.9999751).bmp,Low Dose Obstructing Region of Interest,L31,test
62247d2814bf88bcea7abf5cab644e9c,/data/FMD_Data_26082026/fmd_temp_images/Updated ICube Categorical Classes 20260915/Low Dose/20260814_090631_L31_PalletGHU0814134251_Cavity1_B01BGV7_Fail4_Score(0.9421002)_0.8118.bmp,Low Dose Obstructing Region of Interest,L31,test
62c2160d251d4511242b5986de4b1a9a,/data/FMD_Data_26082026/fmd_temp_images/Updated ICube Categorical Classes 20260915/Low Dose/20260807_184942_L31_PalletGHH0807232532_Cavity9_B01BGTW_Fail7_Score(0.9980131).bmp,Low Dose Obstructing Region of Interest,L31,test
62f0cf7178e9fb0800dae6fddc262647,/data/FMD_Data_26082026/fmd_temp_images/Updated ICube Categorical Classes 20260915/Low Dose/20260808_070152_L31_PalletGHU0808113741_Cavity14_B01BGTX_Fail4_Score(0.9355621).bmp,Low Dose Obstructing Region of Interest,L31,test
6377ecff07ee60a075166cdc352d7d09,/data/FMD_Data_26082026/fmd_temp_images/Updated ICube Categorical Classes 20260915/Low Dose/20260808_185847_L31_PalletGHE0808233430_Cavity14_B01BGV2_Fail4_Score(0.9456995).bmp,Low Dose Obstructing Region of Interest,L31,test
64c38c86ad78a093a5db21b03ecb88da,/data/FMD_Data_26082026/fmd_temp_images/Updated ICube Categorical Classes 20260915/Low Dose/20260808_045241_L31_PalletGHL0808092805_Cavity9_B01BGTX_Fail7_Score(0.995827).bmp,Low Dose Obstructing Region of Interest,L31,test
64c9768cfb38e4462f445347d54e8ab3,/data/FMD_Data_26082026/fmd_temp_images/Updated ICube Categorical Classes 20260915/Low Dose/20260808_195127_L31_PalletGHJ0809002721_Cavity10_B01BGV2_Fail2_Score(0.9047621).bmp,Low Dose Obstructing Region of Interest,L31,test
64eb10bb5d050feb0bd2422ea55a4e16,/data/FMD_Data_26082026/fmd_temp_images/Updated ICube Categorical Classes 20260915/Low Dose/20260808_133550_L31_PalletGHU0808181147_Cavity4_B01BGTZ_Fail7_Score(0.9998466).bmp,Low Dose Obstructing Region of Interest,L31,test
653a4b1a403e7b60f7014afdfd635408,/data/FMD_Data_26082026/fmd_temp_images/Updated ICube Categorical Classes 20260915/Low Dose/20260809_190622_L31_PalletGHT0809234135_Cavity3_B01BGVB_Fail7_Score(0.9954813)_0.6187.bmp,Low Dose Obstructing Region of Interest,L31,test
66c4d4cc9ddf8f3f691070f336de5375,/data/FMD_Data_26082026/fmd_temp_images/Updated ICube Categorical Classes 20260915/Low Dose/20260813_120602_L31_PalletGHE0813164221_Cavity5_B01BGV4_Fail7_Score(0.9994103)_0.9993.bmp,Low Dose Obstructing Region of Interest,L31,test
66f42f04110ab89bfdf952478694a3d1,/data/FMD_Data_26082026/fmd_temp_images/Updated ICube Categorical Classes 20260915/Low Dose/20260813_074517_L31_PalletGHQ0813122132_Cavity9_B01BHKF_Fail7_Score(0.9999985)_0.9998.bmp,Low Dose Obstructing Region of Interest,L31,test
6778ee714fe2e857f08446e7f155ae35,/data/FMD_Data_26082026/fmd_temp_images/ICube Defects Library/Low Dose Obstructing Region of Interest/20260805_173333_L31_PalletGHB0805220908_Cavity10_B01BGTV_Fail7_Score(0.998435).bmp,Low Dose Obstructing Region of Interest,L31,test
68481b9d296032691a00d0da10850d48,/data/FMD_Data_26082026/fmd_temp_images/Updated ICube Categorical Classes 20260915/Low Dose/20260808_075045_L31_PalletGHS0808122632_Cavity9_B01BGTX_Fail5_Score(0.9645412).bmp,Low Dose Obstructing Region of Interest,L31,test
68dd3cac0a352c166d9325dd3d60deff,/data/FMD_Data_26082026/fmd_temp_images/Updated ICube Categorical Classes 20260915/Low Dose/20260805_103204_L31_PalletGHQ0805150738_Cavity8_B01BGTV_Fail5_Score(0.9625368).bmp,Low Dose Obstructing Region of Interest,L31,test
6a19e1c5186bdcd7e6134dafcc88dd89,/data/FMD_Data_26082026/fmd_temp_images/Updated ICube Categorical Classes 20260915/Low Dose/20260808_114305_L31_PalletGHF0808161900_Cavity9_B01BGTZ_Fail7_Score(0.9999217).bmp,Low Dose Obstructing Region of Interest,L31,test
6a8b351c345a5a8be9f7f8ae5ea1ee0e,/data/FMD_Data_26082026/fmd_temp_images/Updated ICube Categorical Classes 20260915/Low Dose/20260807_024302_L31_PalletGHG0807071846_Cavity14_B01BGV1_Fail5_Score(0.956691).bmp,Low Dose Obstructing Region of Interest,L31,test
6a9a45f75eb4a2bc0c4eec29bfadcffc,/data/FMD_Data_26082026/fmd_temp_images/Updated ICube Categorical Classes 20260915/Low Dose/20260808_193406_L31_PalletGHO0809001000_Cavity14_B01BGV2_Fail7_Score(0.9970202)_0.3895.bmp,Low Dose Obstructing Region of Interest,L31,test
6aec575e6b55d89618a4543337b03af9,/data/FMD_Data_26082026/fmd_temp_images/Updated ICube Categorical Classes 20260915/Low Dose/20260807_100533_L31_PalletGHE0807144119_Cavity6_B01BGV0_Fail6_Score(0.9767247).bmp,Low Dose Obstructing Region of Interest,L31,test
6af5de2969c32d591bb1ffbe4c312602,/data/FMD_Data_26082026/fmd_temp_images/Updated ICube Categorical Classes 20260915/Low Dose/20260808_171911_L31_PalletGHJ0808215507_Cavity11_B01BGV2_Fail6_Score(0.9679592).bmp,Low Dose Obstructing Region of Interest,L31,test
6b31f07fa14ccdea6a9c598ed8b5eef9,/data/FMD_Data_26082026/fmd_temp_images/Updated ICube Categorical Classes 20260915/Low Dose/20260814_075041_L31_PalletGHL0814122658_Cavity15_B01BGV7_Fail7_Score(0.9991818)_0.9459.bmp,Low Dose Obstructing Region of Interest,L31,test
6b5d16f3f70912f2e2955c1f6a86dd97,/data/FMD_Data_26082026/fmd_temp_images/Updated ICube Categorical Classes 20260915/Low Dose/20260808_030052_L31_PalletGHE0808073643_Cavity4_B01BGTX_Fail7_Score(0.9947223).bmp,Low Dose Obstructing Region of Interest,L31,test
6d63bd5015ad135d8894ef3a518169a7,/data/FMD_Data_26082026/fmd_temp_images/Updated ICube Categorical Classes 20260915/Low Dose/20260806_221748_L31_PalletGHF0807025338_Cavity11_B01BGV1_Fail7_Score(0.9943579)_0.4556.bmp,Low Dose Obstructing Region of Interest,L31,test
6d8b0f44c9bdea978b103679cf049ddc,/data/FMD_Data_26082026/fmd_temp_images/Updated ICube Categorical Classes 20260915/Low Dose/20260808_133343_L31_PalletGHM0808180938_Cavity14_B01BGTZ_Fail7_Score(1).bmp,Low Dose Obstructing Region of Interest,L31,test
6e303fb6b3081ba7ac997f2a9677de9d,/data/FMD_Data_26082026/fmd_temp_images/Updated ICube Categorical Classes 20260915/Low Dose/20260808_221308_L31_PalletGHM0809024853_Cavity9_B01BGV2_Fail7_Score(0.9998209).bmp,Low Dose Obstructing Region of Interest,L31,test
6e804a953653aab7b9f105945870850f,/data/FMD_Data_26082026/fmd_temp_images/Updated ICube Categorical Classes 20260915/Low Dose/20260809_183737_L31_PalletGHF0809231330_Cavity4_B01BGVB_Fail5_Score(0.9619358).bmp,Low Dose Obstructing Region of Interest,L31,test
6fc8e156ce555533a5d87d6c5c0cfb0f,/data/FMD_Data_26082026/fmd_temp_images/Updated ICube Categorical Classes 20260915/Low Dose/20260808_034217_L31_PalletGHQ0808081806_Cavity5_B01BGTX_Fail3_Score(0.9292394).bmp,Low Dose Obstructing Region of Interest,L31,test
71eee23634fe766e78706800ec51cbf1,/data/FMD_Data_26082026/fmd_temp_images/Updated ICube Categorical Classes 20260915/Low Dose/20260807_041423_L31_PalletGHG0807085009_Cavity11_B01BGV0_Fail7_Score(0.999908)_0.6210.bmp,Low Dose Obstructing Region of Interest,L31,test
71f7c36bdfb458e238e5f186cbaa1d3b,/data/FMD_Data_26082026/fmd_temp_images/Updated ICube Categorical Classes 20260915/Low Dose/20260808_052626_L31_PalletGHP0808100212_Cavity9_B01BGTX_Fail7_Score(0.9878858).bmp,Low Dose Obstructing Region of Interest,L31,test
73a51cb46614f09e3b9276d11a4a1948,/data/FMD_Data_26082026/fmd_temp_images/Updated ICube Categorical Classes 20260915/Low Dose/20260808_105318_L31_PalletGHC0808152910_Cavity1_B01BGTZ_Fail7_Score(0.9994).bmp,Low Dose Obstructing Region of Interest,L31,test
73b0e830d85513d68048a9bc4a7b0e81,/data/FMD_Data_26082026/fmd_temp_images/Updated ICube Categorical Classes 20260915/Low Dose/20260808_035150_L31_PalletGHL0808082742_Cavity2_B01BGTX_Fail7_Score(0.9995103).bmp,Low Dose Obstructing Region of Interest,L31,test
754fc0ccfe49eb6953a9e41604c323f2,/data/FMD_Data_26082026/fmd_temp_images/Updated ICube Categorical Classes 20260915/Low Dose/20260814_091629_L31_PalletGHG0814135245_Cavity1_B01BGV7_Fail3_Score(0.9180936)_0.9967.bmp,Low Dose Obstructing Region of Interest,L31,test
755719685925d79bf6d65e6b7cb14b7b,/data/FMD_Data_26082026/fmd_temp_images/Updated ICube Categorical Classes 20260915/Low Dose/20260808_203502_L31_PalletGHJ0809011057_Cavity14_B01BGV2_Fail7_Score(0.9999998)_0.9180.bmp,Low Dose Obstructing Region of Interest,L31,test
75e2436d2fb217923d668673226e93d5,/data/FMD_Data_26082026/fmd_temp_images/Updated ICube Categorical Classes 20260915/Low Dose/20260808_125116_L31_PalletGHI0808172653_Cavity4_B01BGTZ_Fail7_Score(1).bmp,Low Dose Obstructing Region of Interest,L31,test
76bfefb9d6bab4b0fd01fa862acac6fc,/data/FMD_Data_26082026/fmd_temp_images/Updated ICube Categorical Classes 20260915/Low Dose/20260814_013742_L31_PalletGHA0814061404_Cavity15_B01BGV6_Fail7_Score(0.9896662)_0.8464.bmp,Low Dose Obstructing Region of Interest,L31,test
76e00666004b1a833de9581153b45802,/data/FMD_Data_26082026/fmd_temp_images/Updated ICube Categorical Classes 20260915/Low Dose/20260808_105513_L31_PalletGHH0808153107_Cavity8_B01BGTZ_Fail7_Score(0.9999477).bmp,Low Dose Obstructing Region of Interest,L31,test
77206228e0a51c943d1a220e757790ae,/data/FMD_Data_26082026/fmd_temp_images/Updated ICube Categorical Classes 20260915/Low Dose/20260810_022915_L31_PalletGHG0810070513_Cavity5_B01BHK3_Fail2_Score(0.9053429).bmp,Low Dose Obstructing Region of Interest,L31,test
7852c178ab51f4dd44b565db1ca5d4de,/data/FMD_Data_26082026/fmd_temp_images/Updated ICube Categorical Classes 20260915/Low Dose/20260807_235914_L31_PalletGHG0808043503_Cavity8_B01BG28_Fail7_Score(0.9998223).bmp,Low Dose Obstructing Region of Interest,L31,test
7865e9347d51b93c19da2c8ce44d728f,/data/FMD_Data_26082026/fmd_temp_images/Updated ICube Categorical Classes 20260915/Low Dose/20260808_105944_L31_PalletGHJ0808153538_Cavity3_B01BGTZ_Fail5_Score(0.9565226).bmp,Low Dose Obstructing Region of Interest,L31,test
788f9ca43ef309e90274d6d365e06daa,/data/FMD_Data_26082026/fmd_temp_images/Updated ICube Categorical Classes 20260915/Low Dose/20260813_181241_L31_PalletGHQ0813224850_Cavity2_B01BGV5_Fail7_Score(0.9942496)_0.9992.bmp,Low Dose Obstructing Region of Interest,L31,test
790290fa9b3635468d5d72bacdedf1aa,/data/FMD_Data_26082026/fmd_temp_images/Updated ICube Categorical Classes 20260915/Low Dose/20260814_050632_L31_PalletGHB0814094249_Cavity12_B01BGV7_Fail7_Score(0.9949156)_0.9944.bmp,Low Dose Obstructing Region of Interest,L31,test
7a3e086fdc257fef3fe4eaa2ef36057c,/data/FMD_Data_26082026/fmd_temp_images/Updated ICube Categorical Classes 20260915/Low Dose/20260813_143019_L31_PalletGHG0813190635_Cavity7_B01BGV4_Fail6_Score(0.9702068)_0.9997.bmp,Low Dose Obstructing Region of Interest,L31,test
7a5a0b2ec904dadf3ff611129b28920f,/data/FMD_Data_26082026/fmd_temp_images/Updated ICube Categorical Classes 20260915/Low Dose/20260810_015754_L31_PalletGHS0810063404_Cavity15_B01BHK3_Fail2_Score(0.9079026).bmp,Low Dose Obstructing Region of Interest,L31,test
7a8064099a1a1e55f739cfa03f4f2f88,/data/FMD_Data_26082026/fmd_temp_images/Updated ICube Categorical Classes 20260915/Low Dose/20260808_025759_L31_PalletGHF0808073352_Cavity9_B01BGTX_Fail7_Score(0.9972747).bmp,Low Dose Obstructing Region of Interest,L31,test
7bbe8497b51c22705513e30fcc0ad757,/data/FMD_Data_26082026/fmd_temp_images/Updated ICube Categorical Classes 20260915/Low Dose/20260807_182651_L31_PalletGHL0807230220_Cavity7_B01BGTW_Fail7_Score(0.9999907).bmp,Low Dose Obstructing Region of Interest,L31,test
7bcb90e7724f6b3633f49fd3b539336b,/data/FMD_Data_26082026/fmd_temp_images/Updated ICube Categorical Classes 20260915/Low Dose/20260814_010741_L31_PalletGHP0814054359_Cavity5_B01BGV6_Fail7_Score(0.9995449)_0.7662.bmp,Low Dose Obstructing Region of Interest,L31,test
7c33324167eaa145e23d1f2866664d7b,/data/FMD_Data_26082026/fmd_temp_images/Updated ICube Categorical Classes 20260915/Low Dose/20260808_100958_L31_PalletGHH0808144550_Cavity11_B01BGTZ_Fail7_Score(0.9986305).bmp,Low Dose Obstructing Region of Interest,L31,test
7d39b9075b231c5db400c0140657f87e,/data/FMD_Data_26082026/fmd_temp_images/Updated ICube Categorical Classes 20260915/Low Dose/20260809_190813_L31_PalletGHB0809234407_Cavity9_B01BGVB_Fail6_Score(0.9748218).bmp,Low Dose Obstructing Region of Interest,L31,test
7d44da14d7b5dcb5bbdf96a2d93e50b5,/data/FMD_Data_26082026/fmd_temp_images/Updated ICube Categorical Classes 20260915/Low Dose/20260808_054336_L31_PalletGHQ0808101923_Cavity9_B01BGTX_Fail7_Score(0.9953529).bmp,Low Dose Obstructing Region of Interest,L31,test
7da75ce58bb1e121ca45cd383beffc16,/data/FMD_Data_26082026/fmd_temp_images/Updated ICube Categorical Classes 20260915/Low Dose/20260808_133646_L31_PalletGHB0808181240_Cavity13_B01BGTZ_Fail7_Score(0.9999887).bmp,Low Dose Obstructing Region of Interest,L31,test
7e027aa496672df7eda88bf15af1a372,/data/FMD_Data_26082026/fmd_temp_images/Updated ICube Categorical Classes 20260915/Low Dose/20260808_200649_L31_PalletGHF0809004244_Cavity8_B01BGV2_Fail7_Score(0.9968834).bmp,Low Dose Obstructing Region of Interest,L31,test
7e665f8b616a0317437c8612b919f3af,/data/FMD_Data_26082026/fmd_temp_images/Updated ICube Categorical Classes 20260915/Low Dose/20260808_151636_L31_PalletGHC0808195229_Cavity10_B01BGTZ_Fail6_Score(0.9790226).bmp,Low Dose Obstructing Region of Interest,L31,test
7ee202c08de8ca7cf9ca4853ad8eeb67,/data/FMD_Data_26082026/fmd_temp_images/Updated ICube Categorical Classes 20260915/Low Dose/20260808_135927_L31_PalletGHH0808183517_Cavity14_B01BGTZ_Fail7_Score(0.9998493).bmp,Low Dose Obstructing Region of Interest,L31,test
7f2fb92f0d8bbace313a63f4fd549c80,/data/FMD_Data_26082026/fmd_temp_images/Updated ICube Categorical Classes 20260915/Low Dose/20260813_192431_L31_PalletGHH0814000051_Cavity4_B01BGV5_Fail7_Score(0.9997244)_0.9368.bmp,Low Dose Obstructing Region of Interest,L31,test
7f7ba216b6889a643043b4ce70ce86c5,/data/FMD_Data_26082026/fmd_temp_images/Updated ICube Categorical Classes 20260915/Low Dose/20260813_162301_L31_PalletGHA0813205918_Cavity3_B01BGV5_Fail7_Score(0.9990967)_0.6811.bmp,Low Dose Obstructing Region of Interest,L31,test
80b74becf118073f4cff74b4c68345cf,/data/FMD_Data_26082026/fmd_temp_images/Updated ICube Categorical Classes 20260915/Low Dose/20260813_124838_L31_PalletGHP0813172450_Cavity14_B01BGV4_Fail7_Score(0.9963529)_0.9955.bmp,Low Dose Obstructing Region of Interest,L31,test
812761f94b4a2b8087b9688d02af8cba,/data/FMD_Data_26082026/fmd_temp_images/Updated ICube Categorical Classes 20260915/Low Dose/20260808_075857_L31_PalletGHK0808123445_Cavity12_B01BGTX_Fail4_Score(0.9426473).bmp,Low Dose Obstructing Region of Interest,L31,test
8149ff9b6f1ac1bb13f68196a3cb0a65,/data/FMD_Data_26082026/fmd_temp_images/Updated ICube Categorical Classes 20260915/Low Dose/20260814_034723_L31_PalletGHG0814082342_Cavity12_B01BGV7_Fail3_Score(0.92426)_0.9998.bmp,Low Dose Obstructing Region of Interest,L31,test
8155e788ee923c5566d5f14a1f70ea9c,/data/FMD_Data_26082026/fmd_temp_images/Updated ICube Categorical Classes 20260915/Low Dose/20260814_023728_L31_PalletGHS0814071350_Cavity15_B01BGV7_Fail7_Score(0.9988033)_0.8374.bmp,Low Dose Obstructing Region of Interest,L31,test
81697c1ecea6f29d72aad07843c45f07,/data/FMD_Data_26082026/fmd_temp_images/ICube Defects Library/Low Dose Obstructing Region of Interest/20260805_200754_L31_PalletGHM0806004332_Cavity5_B01BGTV_Fail7_Score(0.9997984).bmp,Low Dose Obstructing Region of Interest,L31,test
81b3c8f86c465a41d6ecfc2dedfc1127,/data/FMD_Data_26082026/fmd_temp_images/Updated ICube Categorical Classes 20260915/Low Dose/20260808_122541_L31_PalletGHU0808170140_Cavity14_B01BGTZ_Fail7_Score(0.998434).bmp,Low Dose Obstructing Region of Interest,L31,test
823429628ef9a97a79e6026e4a3def17,/data/FMD_Data_26082026/fmd_temp_images/Updated ICube Categorical Classes 20260915/Low Dose/20260806_133800_L31_PalletGHE0806181338_Cavity7_B01BGTT_Fail7_Score(0.988294).bmp,Low Dose Obstructing Region of Interest,L31,test
829087c22f036605eff9478a9b600a80,/data/FMD_Data_26082026/fmd_temp_images/Updated ICube Categorical Classes 20260915/Low Dose/20260806_210103_L31_PalletGHL0807013647_Cavity8_B01BGV1_Fail7_Score(0.9999379).bmp,Low Dose Obstructing Region of Interest,L31,test
829494fe5d74a07ab7742f492c6f937a,/data/FMD_Data_26082026/fmd_temp_images/Updated ICube Categorical Classes 20260915/Low Dose/20260808_090901_L31_PalletGHO0808134448_Cavity12_B01BGTZ_Fail7_Score(0.9991998).bmp,Low Dose Obstructing Region of Interest,L31,test
8302e42ff6b84a9c42c07bddeb9f0dda,/data/FMD_Data_26082026/fmd_temp_images/Updated ICube Categorical Classes 20260915/Low Dose/20260808_020551_L31_PalletGHS0808064139_Cavity12_B01BGTX_Fail7_Score(0.9981143).bmp,Low Dose Obstructing Region of Interest,L31,test
8594074b0819410819e4d1a3b282e9dc,/data/FMD_Data_26082026/fmd_temp_images/Updated ICube Categorical Classes 20260915/Low Dose/20260808_013007_L31_PalletGHM0808060518_Cavity6_B01BG29_Fail7_Score(0.9994346).bmp,Low Dose Obstructing Region of Interest,L31,test
8597036361e5e3ab880b0a01e3bc5cc1,/data/FMD_Data_26082026/fmd_temp_images/Updated ICube Categorical Classes 20260915/Low Dose/20260808_003728_L31_PalletGHS0808051320_Cavity11_B01BG29_Fail7_Score(0.9986752).bmp,Low Dose Obstructing Region of Interest,L31,test
8600346e9f9ce2a45385d54e40ceec09,/data/FMD_Data_26082026/fmd_temp_images/Updated ICube Categorical Classes 20260915/Low Dose/20260808_232246_L31_PalletGHQ0809035844_Cavity7_B01BGV2_Fail7_Score(0.9949852).bmp,Low Dose Obstructing Region of Interest,L31,test
87b14e8480136eade03ee0882a95fd8f,/data/FMD_Data_26082026/fmd_temp_images/Updated ICube Categorical Classes 20260915/Low Dose/20260807_093211_L31_PalletGHP0807140749_Cavity10_B01BGV0_Fail3_Score(0.9262754).bmp,Low Dose Obstructing Region of Interest,L31,test
87d9a219601c778686d54ea2fd04bccf,/data/FMD_Data_26082026/fmd_temp_images/Updated ICube Categorical Classes 20260915/Low Dose/20260809_175929_L31_PalletGHN0809223507_Cavity14_B01BGVB_Fail7_Score(0.9995114).bmp,Low Dose Obstructing Region of Interest,L31,test
88147df2b5480e9b8e4236812240ce92,/data/FMD_Data_26082026/fmd_temp_images/Updated ICube Categorical Classes 20260915/Low Dose/20260808_094618_L31_PalletGHS0808142212_Cavity6_B01BGTZ_Fail7_Score(0.9951547).bmp,Low Dose Obstructing Region of Interest,L31,test
882be75c6ca9e1a0162ee10c9087497a,/data/FMD_Data_26082026/fmd_temp_images/Updated ICube Categorical Classes 20260915/Low Dose/20260808_022158_L31_PalletGHK0808065751_Cavity8_B01BGTX_Fail7_Score(0.9986855).bmp,Low Dose Obstructing Region of Interest,L31,test
888d08bad458104e57165742fe261eca,/data/FMD_Data_26082026/fmd_temp_images/Updated ICube Categorical Classes 20260915/Low Dose/20260814_091217_L31_PalletGHS0814134844_Cavity2_B01BGV7_Fail6_Score(0.9818373)_0.9895.bmp,Low Dose Obstructing Region of Interest,L31,test
896cea4cf1f944502e3acf7ca26ebd6e,/data/FMD_Data_26082026/fmd_temp_images/ICube Defects Library/Low Dose Obstructing Region of Interest/20260805_152922_L31_PalletGHO0805200408_Cavity6_B01BGTV_Fail7_Score(0.9985932).bmp,Low Dose Obstructing Region of Interest,L31,test
8a7f5c277cf0efcd985bcb6747944c31,/data/FMD_Data_26082026/fmd_temp_images/Updated ICube Categorical Classes 20260915/Low Dose/20260813_201632_L31_PalletGHE0814005250_Cavity8_B01BGV5_Fail6_Score(0.9756111)_0.9985.bmp,Low Dose Obstructing Region of Interest,L31,test
8b9766303efd54fb6baccf94f7d24503,/data/FMD_Data_26082026/fmd_temp_images/Updated ICube Categorical Classes 20260915/Low Dose/20260813_183541_L31_PalletGHR0813231157_Cavity9_B01BGV5_Fail6_Score(0.9824779)_0.9970.bmp,Low Dose Obstructing Region of Interest,L31,test
8d492cf908278a300219626bcb0e4163,/data/FMD_Data_26082026/fmd_temp_images/Updated ICube Categorical Classes 20260915/Low Dose/20260813_192431_L31_PalletGHH0814000051_Cavity6_B01BGV5_Fail7_Score(0.9986902)_0.9515.bmp,Low Dose Obstructing Region of Interest,L31,test
8d4ae89610409508ccdddc4b8ea31601,/data/FMD_Data_26082026/fmd_temp_images/Updated ICube Categorical Classes 20260915/Low Dose/20260808_232650_L31_PalletGHG0809040247_Cavity10_B01BGV2_Fail7_Score(0.995373).bmp,Low Dose Obstructing Region of Interest,L31,test
8dc578a12c7e9ddd1df2b4ece67196ec,/data/FMD_Data_26082026/fmd_temp_images/Updated ICube Categorical Classes 20260915/Low Dose/20260814_024937_L31_PalletGHU0814072558_Cavity2_B01BGV7_Fail6_Score(0.969499)_0.9961.bmp,Low Dose Obstructing Region of Interest,L31,test
8dd396c64160155aa39bb9f12371f678,/data/FMD_Data_26082026/fmd_temp_images/Updated ICube Categorical Classes 20260915/Low Dose/20260808_085220_L31_PalletGHA0808132816_Cavity6_B01BGTX_Fail7_Score(0.9998264).bmp,Low Dose Obstructing Region of Interest,L31,test
8e833384fba1becab826f091e855ec88,/data/FMD_Data_26082026/fmd_temp_images/Updated ICube Categorical Classes 20260915/Low Dose/20260808_232203_L31_PalletGHU0809035758_Cavity14_B01BGV2_Fail7_Score(0.9843469).bmp,Low Dose Obstructing Region of Interest,L31,test
8e85ffd621172ba5c2441e55b66ee77e,/data/FMD_Data_26082026/fmd_temp_images/Updated ICube Categorical Classes 20260915/Low Dose/20260806_214037_L31_PalletGHA0807021612_Cavity11_B01BGV1_Fail7_Score(0.9998426).bmp,Low Dose Obstructing Region of Interest,L31,test
90ec7d6a92fc56e71a9fcf7a35199b2f,/data/FMD_Data_26082026/fmd_temp_images/Updated ICube Categorical Classes 20260915/Low Dose/20260807_192318_L31_PalletGHA0807235821_Cavity6_B01BG2K_Fail6_Score(0.9749898).bmp,Low Dose Obstructing Region of Interest,L31,test
9310a4d4549db9ab43f0db02bc734e8f,/data/FMD_Data_26082026/fmd_temp_images/Updated ICube Categorical Classes 20260915/Low Dose/20260808_154452_L31_PalletGHR0808202046_Cavity10_B01BGTZ_Fail6_Score(0.9723782).bmp,Low Dose Obstructing Region of Interest,L31,test
9388875dbf5ecd435e48431e7c5da199,/data/FMD_Data_26082026/fmd_temp_images/Updated ICube Categorical Classes 20260915/Low Dose/20260806_232756_L31_PalletGHK0807040337_Cavity2_B01BGV1_Fail7_Score(0.9999736).bmp,Low Dose Obstructing Region of Interest,L31,test
9400af94841151db20d996cf73917b05,/data/FMD_Data_26082026/fmd_temp_images/Updated ICube Categorical Classes 20260915/Low Dose/20260806_125225_L31_PalletGHT0806172757_Cavity14_B01BGTT_Fail6_Score(0.9681475).bmp,Low Dose Obstructing Region of Interest,L31,test
94544ad39c96ae26275c2b5dbac550e7,/data/FMD_Data_26082026/fmd_temp_images/Updated ICube Categorical Classes 20260915/Low Dose/20260808_034806_L31_PalletGHI0808082356_Cavity10_B01BGTX_Fail7_Score(0.9999817).bmp,Low Dose Obstructing Region of Interest,L31,test
94995ee8921f4bb25cbc30c3705d1673,/data/FMD_Data_26082026/fmd_temp_images/Updated ICube Categorical Classes 20260915/Low Dose/20260808_194739_L31_PalletGHB0809002333_Cavity8_B01BGV2_Fail7_Score(0.9999201).bmp,Low Dose Obstructing Region of Interest,L31,test
9504fa2d62e6aeea1ed069c604ac71a4,/data/FMD_Data_26082026/fmd_temp_images/Updated ICube Categorical Classes 20260915/Low Dose/20260813_104810_L31_PalletGHN0813152431_Cavity14_B01BGV4_Fail7_Score(0.9983785)_0.9957.bmp,Low Dose Obstructing Region of Interest,L31,test
9677cb35960472a866ca900eaec020b0,/data/FMD_Data_26082026/fmd_temp_images/Updated ICube Categorical Classes 20260915/Low Dose/20260808_080700_L31_PalletGHO0808124254_Cavity6_B01BGTX_Fail7_Score(0.9971117).bmp,Low Dose Obstructing Region of Interest,L31,test
9702c663e3f6b09fb59f2533ac59638c,/data/FMD_Data_26082026/fmd_temp_images/Updated ICube Categorical Classes 20260915/Low Dose/20260808_111253_L31_PalletGHU0808154852_Cavity14_B01BGTZ_Fail6_Score(0.9766234).bmp,Low Dose Obstructing Region of Interest,L31,test
973778da5b2fde7bb6bfc1f448a1123c,/data/FMD_Data_26082026/fmd_temp_images/Updated ICube Categorical Classes 20260915/Low Dose/20260808_110105_L31_PalletGHU0808153658_Cavity5_B01BGTZ_Fail7_Score(0.9981103).bmp,Low Dose Obstructing Region of Interest,L31,test
9759854ca739dcb5701b74d12800e631,/data/FMD_Data_26082026/fmd_temp_images/Updated ICube Categorical Classes 20260915/Low Dose/20260808_003104_L31_PalletGHQ0808050656_Cavity12_B01BG29_Fail7_Score(0.9997151).bmp,Low Dose Obstructing Region of Interest,L31,test
98e7093f44f2cd234f2678172cedc229,/data/FMD_Data_26082026/fmd_temp_images/Updated ICube Categorical Classes 20260915/Low Dose/20260807_135715_L31_PalletGHS0807183249_Cavity15_B01BGTW_Fail4_Score(0.9391342).bmp,Low Dose Obstructing Region of Interest,L31,test
99dfd0528060800c7979b3d69990022e,/data/FMD_Data_26082026/fmd_temp_images/Updated ICube Categorical Classes 20260915/Low Dose/20260813_185417_L31_PalletGHD0813233035_Cavity1_B01BGV5_Fail7_Score(0.9833446)_0.9947.bmp,Low Dose Obstructing Region of Interest,L31,test
99eca94111ac9e33ec915f33738537f6,/data/FMD_Data_26082026/fmd_temp_images/Updated ICube Categorical Classes 20260915/Low Dose/20260813_143126_L31_PalletGHM0813190742_Cavity13_B01BGV4_Fail7_Score(0.9962087)_0.9940.bmp,Low Dose Obstructing Region of Interest,L31,test
9af1bfa9afcbc52b4ab8d57016dd5b51,/data/FMD_Data_26082026/fmd_temp_images/Updated ICube Categorical Classes 20260915/Low Dose/20260806_095606_L31_PalletGHD0806143149_Cavity7_B01BGTR_Fail5_Score(0.9654042).bmp,Low Dose Obstructing Region of Interest,L31,test
9b66125ad417c4988d6b1cc6b71e24e4,/data/FMD_Data_26082026/fmd_temp_images/Updated ICube Categorical Classes 20260915/Low Dose/20260808_135322_L31_PalletGHB0808182914_Cavity12_B01BGTZ_Fail7_Score(0.9934823).bmp,Low Dose Obstructing Region of Interest,L31,test
9cada72fa256b24ffb63cb9bf8d4af4f,/data/FMD_Data_26082026/fmd_temp_images/Updated ICube Categorical Classes 20260915/Low Dose/20260808_022552_L31_PalletGHR0808070144_Cavity6_B01BGTX_Fail7_Score(0.9991745).bmp,Low Dose Obstructing Region of Interest,L31,test
9de1359b50cd59433c8c5fbf3ee6434f,/data/FMD_Data_26082026/fmd_temp_images/Updated ICube Categorical Classes 20260915/Low Dose/20260807_220510_L31_PalletGHU0808024054_Cavity13_B01BG2P_Fail5_Score(0.9553748).bmp,Low Dose Obstructing Region of Interest,L31,test
9e1db01a42a4f2e0d67f7cf42ccfc824,/data/FMD_Data_26082026/fmd_temp_images/Updated ICube Categorical Classes 20260915/Low Dose/20260813_194730_L31_PalletGHD0814002347_Cavity10_B01BGV5_Fail7_Score(0.9996579)_0.9923.bmp,Low Dose Obstructing Region of Interest,L31,test
9ecb5f681fd52e4162474ed31b8bedb5,/data/FMD_Data_26082026/fmd_temp_images/Updated ICube Categorical Classes 20260915/Low Dose/20260808_045352_L31_PalletGHT0808092939_Cavity9_B01BGTX_Fail7_Score(0.9959351).bmp,Low Dose Obstructing Region of Interest,L31,test
9efdfee34f1f976590620aaa7d903494,/data/FMD_Data_26082026/fmd_temp_images/Updated ICube Categorical Classes 20260915/Low Dose/20260808_220304_L31_PalletGHF0809023858_Cavity9_B01BGV2_Fail7_Score(0.9984508).bmp,Low Dose Obstructing Region of Interest,L31,test
9f59da3ce5f190b5e6afc3b57aa61e23,/data/FMD_Data_26082026/fmd_temp_images/Updated ICube Categorical Classes 20260915/Low Dose/20260813_112930_L31_PalletGHP0813160546_Cavity4_B01BGV4_Fail5_Score(0.9576585)_0.9993.bmp,Low Dose Obstructing Region of Interest,L31,test
9fcbec9818570cd0294095dfd7831667,/data/FMD_Data_26082026/fmd_temp_images/Updated ICube Categorical Classes 20260915/Low Dose/20260807_054806_L31_PalletGHO0807102340_Cavity15_B01BGV0_Fail7_Score(0.9980463).bmp,Low Dose Obstructing Region of Interest,L31,test
a108438ae37fc2057cf1828b9d564c3b,/data/FMD_Data_26082026/fmd_temp_images/Updated ICube Categorical Classes 20260915/Low Dose/20260808_151228_L31_PalletGHB0808194812_Cavity7_B01BGTZ_Fail7_Score(0.9992755).bmp,Low Dose Obstructing Region of Interest,L31,test
a1090f9863366a98213ceeced1cf1594,/data/FMD_Data_26082026/fmd_temp_images/Updated ICube Categorical Classes 20260915/Low Dose/20260807_031301_L31_PalletGHO0807074847_Cavity9_B01BGV1_Fail7_Score(0.9875182).bmp,Low Dose Obstructing Region of Interest,L31,test
a11d997133418027b585a084c20f7d75,/data/FMD_Data_26082026/fmd_temp_images/Updated ICube Categorical Classes 20260915/Low Dose/20260814_011340_L31_PalletGHH0814054957_Cavity14_B01BGV6_Fail6_Score(0.9797735)_0.9885.bmp,Low Dose Obstructing Region of Interest,L31,test
a12a9eefab4915dfcdf4e94e9512d3f5,/data/FMD_Data_26082026/fmd_temp_images/Updated ICube Categorical Classes 20260915/Low Dose/20260808_032354_L31_PalletGHE0808075947_Cavity8_B01BGTX_Fail2_Score(0.9115413).bmp,Low Dose Obstructing Region of Interest,L31,test
a15dfbfcf16c545a99631612eb5a32e2,/data/FMD_Data_26082026/fmd_temp_images/Updated ICube Categorical Classes 20260915/Low Dose/20260807_195537_L31_PalletGHL0808003125_Cavity9_B01BG2K_Fail7_Score(0.9993711).bmp,Low Dose Obstructing Region of Interest,L31,test
a1734b51b21f23f894ccfa8a81fd2f3d,/data/FMD_Data_26082026/fmd_temp_images/Updated ICube Categorical Classes 20260915/Low Dose/20260808_060543_L31_PalletGHB0808104135_Cavity14_B01BGTX_Fail7_Score(0.9997672).bmp,Low Dose Obstructing Region of Interest,L31,test
a18b3d719355043933851d1a96583512,/data/FMD_Data_26082026/fmd_temp_images/Updated ICube Categorical Classes 20260915/Low Dose/20260808_214330_L31_PalletGHF0809021928_Cavity8_B01BGV2_Fail3_Score(0.9252322).bmp,Low Dose Obstructing Region of Interest,L31,test
a1c42287429595ef81c188108933b2b3,/data/FMD_Data_26082026/fmd_temp_images/Updated ICube Categorical Classes 20260915/Low Dose/20260808_223632_L31_PalletGHU0809031226_Cavity11_B01BGV2_Fail7_Score(0.9996158).bmp,Low Dose Obstructing Region of Interest,L31,test
a35b11c0f54af41e9ac9db06d5426a0c,/data/FMD_Data_26082026/fmd_temp_images/Updated ICube Categorical Classes 20260915/Low Dose/20260808_092605_L31_PalletGHJ0808140155_Cavity13_B01BGTZ_Fail7_Score(0.9960067).bmp,Low Dose Obstructing Region of Interest,L31,test
a4357484c4661e227614d9d387050a0e,/data/FMD_Data_26082026/fmd_temp_images/Updated ICube Categorical Classes 20260915/Low Dose/20260809_190823_L31_PalletGHG0809234418_Cavity10_B01BGVB_Fail7_Score(0.9944629)_0.7635.bmp,Low Dose Obstructing Region of Interest,L31,test
a4501bd56091d274cae9cb6e349bbe81,/data/FMD_Data_26082026/fmd_temp_images/Updated ICube Categorical Classes 20260915/Low Dose/20260808_120054_L31_PalletGHP0808163644_Cavity10_B01BGTZ_Fail7_Score(0.989553).bmp,Low Dose Obstructing Region of Interest,L31,test
a462942f195036221a00c3ac6d99527c,/data/FMD_Data_26082026/fmd_temp_images/Updated ICube Categorical Classes 20260915/Low Dose/20260806_224304_L31_PalletGHL0807031844_Cavity11_B01BGV1_Fail7_Score(0.9888179).bmp,Low Dose Obstructing Region of Interest,L31,test
a572aa4f539e784e7d134d4ba5c1721a,/data/FMD_Data_26082026/fmd_temp_images/ICube Defects Library/Low Dose Obstructing Region of Interest/20260807_230807_L31_PalletGHT0808034357_Cavity2_B01BG28_Fail7_Score(0.994734).bmp,Low Dose Obstructing Region of Interest,L31,test
a5c753cf5d53142655773cad6804060b,/data/FMD_Data_26082026/fmd_temp_images/Updated ICube Categorical Classes 20260915/Low Dose/20260808_062202_L31_PalletGHI0808105755_Cavity9_B01BGTX_Fail7_Score(0.9969164).bmp,Low Dose Obstructing Region of Interest,L31,test
a5cab1bb0a13f0fbc952c1bffb78f2ee,/data/FMD_Data_26082026/fmd_temp_images/Updated ICube Categorical Classes 20260915/Low Dose/20260806_194134_L31_PalletGHK0807001716_Cavity12_B01BG2J_Fail7_Score(0.9897857).bmp,Low Dose Obstructing Region of Interest,L31,test
a5dc34b871561cea9425320646449098,/data/FMD_Data_26082026/fmd_temp_images/Updated ICube Categorical Classes 20260915/Low Dose/20260813_110844_L31_PalletGHA0813154456_Cavity6_B01BGV4_Fail7_Score(0.9971876)_0.9996.bmp,Low Dose Obstructing Region of Interest,L31,test
a60a2a49b6350af722584ebe0474589d,/data/FMD_Data_26082026/fmd_temp_images/Updated ICube Categorical Classes 20260915/Low Dose/20260808_020530_L31_PalletGHK0808064119_Cavity8_B01BGTX_Fail7_Score(0.9966049).bmp,Low Dose Obstructing Region of Interest,L31,test
a62c3e3d95f0df3d3fb71ba8cedade25,/data/FMD_Data_26082026/fmd_temp_images/Updated ICube Categorical Classes 20260915/Low Dose/20260808_065155_L31_PalletGHE0808112747_Cavity9_B01BGTX_Fail4_Score(0.9470319).bmp,Low Dose Obstructing Region of Interest,L31,test
a678ab6a2810a3cf7763d213815072ed,/data/FMD_Data_26082026/fmd_temp_images/Updated ICube Categorical Classes 20260915/Low Dose/20260807_101520_L31_PalletGHB0807145109_Cavity12_B01BGV0_Fail3_Score(0.9201706).bmp,Low Dose Obstructing Region of Interest,L31,test
a6c86c718623bb3da5712ff7347beb96,/data/FMD_Data_26082026/fmd_temp_images/Updated ICube Categorical Classes 20260915/Low Dose/20260807_225500_L31_PalletGHS0808033048_Cavity15_B01BG28_Fail4_Score(0.9436454).bmp,Low Dose Obstructing Region of Interest,L31,test
a815024689929c9bfba4f0e2bc7cb67a,/data/FMD_Data_26082026/fmd_temp_images/Updated ICube Categorical Classes 20260915/Low Dose/20260807_203033_L31_PalletGHT0808010613_Cavity2_B01BG2K_Fail6_Score(0.9736658).bmp,Low Dose Obstructing Region of Interest,L31,test
a8d135116d43cc030ce2c0907773da1c,/data/FMD_Data_26082026/fmd_temp_images/Updated ICube Categorical Classes 20260915/Low Dose/20260813_090712_L31_PalletGHE0813134255_Cavity11_B01BGV4_Fail3_Score(0.9258064)_0.9988.bmp,Low Dose Obstructing Region of Interest,L31,test
a95246300470da33d75873ac79e9d13c,/data/FMD_Data_26082026/fmd_temp_images/Updated ICube Categorical Classes 20260915/Low Dose/20260814_043805_L31_PalletGHI0814091422_Cavity5_B01BGV7_Fail6_Score(0.9680068)_0.9986.bmp,Low Dose Obstructing Region of Interest,L31,test
a9650f4bdce30f055d09f437a1966f9f,/data/FMD_Data_26082026/fmd_temp_images/Updated ICube Categorical Classes 20260915/Low Dose/20260807_010013_L31_PalletGHN0807053557_Cavity14_B01BGV1_Fail3_Score(0.9239469).bmp,Low Dose Obstructing Region of Interest,L31,test
aaed2e8ad0e42ac1c1df139a6d0475af,/data/FMD_Data_26082026/fmd_temp_images/Updated ICube Categorical Classes 20260915/Low Dose/20260813_195423_L31_PalletGHS0814003038_Cavity15_B01BGV5_Fail6_Score(0.969081)_0.9549.bmp,Low Dose Obstructing Region of Interest,L31,test
aaf9f3af6361f770237c551107a28c13,/data/FMD_Data_26082026/fmd_temp_images/Updated ICube Categorical Classes 20260915/Low Dose/20260808_092610_L31_PalletGHL0808140200_Cavity10_B01BGTZ_Fail7_Score(0.9992033).bmp,Low Dose Obstructing Region of Interest,L31,test
ab02362272813d286f5b0170896955ab,/data/FMD_Data_26082026/fmd_temp_images/Updated ICube Categorical Classes 20260915/Low Dose/20260808_020323_L31_PalletGHC0808063915_Cavity8_B01BGTX_Fail7_Score(0.9936938).bmp,Low Dose Obstructing Region of Interest,L31,test
abcfe89f1fe4a284bea681aab4bb01b6,/data/FMD_Data_26082026/fmd_temp_images/Updated ICube Categorical Classes 20260915/Low Dose/20260805_134956_L31_PalletGHK0805182533_Cavity2_B01BGTV_Fail7_Score(0.984409).bmp,Low Dose Obstructing Region of Interest,L31,test
abff986891877bd7b8d7f67d91c14b5b,/data/FMD_Data_26082026/fmd_temp_images/Updated ICube Categorical Classes 20260915/Low Dose/20260808_063344_L31_PalletGHH0808110937_Cavity7_B01BGTX_Fail6_Score(0.9725421).bmp,Low Dose Obstructing Region of Interest,L31,test
ac981eb96b1b361de0c4856226f8fe18,/data/FMD_Data_26082026/fmd_temp_images/Updated ICube Categorical Classes 20260915/Low Dose/20260808_060003_L31_PalletGHS0808103550_Cavity11_B01BGTX_Fail7_Score(0.9999655).bmp,Low Dose Obstructing Region of Interest,L31,test
ada3d1040ec742e9eb093dc57702c475,/data/FMD_Data_26082026/fmd_temp_images/Updated ICube Categorical Classes 20260915/Low Dose/20260808_192456_L31_PalletGHI0809000048_Cavity10_B01BGV2_Fail7_Score(0.9999049).bmp,Low Dose Obstructing Region of Interest,L31,test
ada994a2da56cf8f260f4b507ba7de8b,/data/FMD_Data_26082026/fmd_temp_images/Updated ICube Categorical Classes 20260915/Low Dose/20260808_093052_L31_PalletGHQ0808140645_Cavity14_B01BGTZ_Fail7_Score(0.9841244).bmp,Low Dose Obstructing Region of Interest,L31,test
af5d36200e3cdd8a720cf5d509e6bb93,/data/FMD_Data_26082026/fmd_temp_images/Updated ICube Categorical Classes 20260915/Low Dose/20260808_201608_L31_PalletGHK0809005148_Cavity13_B01BGV2_Fail7_Score(0.9995359).bmp,Low Dose Obstructing Region of Interest,L31,test
b37fa7ab523e52197314fe49820ddcb7,/data/FMD_Data_26082026/fmd_temp_images/Updated ICube Categorical Classes 20260915/Low Dose/20260814_070226_L31_PalletGHM0814113843_Cavity8_B01BGV7_Fail5_Score(0.9501822)_0.9993.bmp,Low Dose Obstructing Region of Interest,L31,test
b38464f6eddfae81478f2c0f67333a92,/data/FMD_Data_26082026/fmd_temp_images/Updated ICube Categorical Classes 20260915/Low Dose/20260808_190533_L31_PalletGHT0808234128_Cavity2_B01BGV2_Fail6_Score(0.9811187).bmp,Low Dose Obstructing Region of Interest,L31,test
b41e37d5097f36efe059bdfd50bbaaf3,/data/FMD_Data_26082026/fmd_temp_images/Updated ICube Categorical Classes 20260915/Low Dose/20260805_110935_L31_PalletGHQ0805154513_Cavity4_B01BGTV_Fail5_Score(0.9639983).bmp,Low Dose Obstructing Region of Interest,L31,test
b531b08d42a0061f540245afa721d665,/data/FMD_Data_26082026/fmd_temp_images/Updated ICube Categorical Classes 20260915/Low Dose/20260808_154745_L31_PalletGHM0808202329_Cavity11_B01BGTZ_Fail6_Score(0.9749161).bmp,Low Dose Obstructing Region of Interest,L31,test
b538bcaaf90ee3f3b4d5d105c5818966,/data/FMD_Data_26082026/fmd_temp_images/Updated ICube Categorical Classes 20260915/Low Dose/20260808_155425_L31_PalletGHI0808203025_Cavity12_B01BGTZ_Fail7_Score(0.9998819).bmp,Low Dose Obstructing Region of Interest,L31,test
b62d9d3c4d41b4186ca3f80cac145e0b,/data/FMD_Data_26082026/fmd_temp_images/ICube Defects Library/Low Dose Obstructing Region of Interest/20260806_001443_L31_PalletGHN0806045030_Cavity9_B01BGTS_Fail7_Score(0.9999952).bmp,Low Dose Obstructing Region of Interest,L31,test
b75b272f136ed3faa93c1b42c85d5f18,/data/FMD_Data_26082026/fmd_temp_images/Updated ICube Categorical Classes 20260915/Low Dose/20260806_145452_L31_PalletGHM0806193025_Cavity8_B01BGTT_Fail7_Score(0.9999322).bmp,Low Dose Obstructing Region of Interest,L31,test
b76867503a21581c070e81a9b0b44a87,/data/FMD_Data_26082026/fmd_temp_images/Updated ICube Categorical Classes 20260915/Low Dose/20260808_174559_L31_PalletGHJ0808222111_Cavity11_B01BGV2_Fail7_Score(0.9899716).bmp,Low Dose Obstructing Region of Interest,L31,test
b78cf80f602a5258b4658077b5eb866a,/data/FMD_Data_26082026/fmd_temp_images/Updated ICube Categorical Classes 20260915/Low Dose/20260813_095230_L31_PalletGHJ0813142833_Cavity9_B01BGV4_Fail6_Score(0.9734668)_0.9997.bmp,Low Dose Obstructing Region of Interest,L31,test
b7cac8de4a3fb358f1aaa2423d080fdc,/data/FMD_Data_26082026/fmd_temp_images/Updated ICube Categorical Classes 20260915/Low Dose/20260808_165835_L31_PalletGHH0808213426_Cavity8_B01BGV2_Fail7_Score(0.9996448).bmp,Low Dose Obstructing Region of Interest,L31,test
b86ab6fc799d7c434fc104054462a335,/data/FMD_Data_26082026/fmd_temp_images/Updated ICube Categorical Classes 20260915/Low Dose/20260808_135838_L31_PalletGHJ0808183430_Cavity11_B01BGTZ_Fail4_Score(0.937281).bmp,Low Dose Obstructing Region of Interest,L31,test
ba9fa8600407366ac8d5e7e63aa90f47,/data/FMD_Data_26082026/fmd_temp_images/Updated ICube Categorical Classes 20260915/Low Dose/20260808_200719_L31_PalletGHP0809004307_Cavity10_B01BGV2_Fail7_Score(0.9926859).bmp,Low Dose Obstructing Region of Interest,L31,test
bc94f962f461e622e26e1195e4cb502c,/data/FMD_Data_26082026/fmd_temp_images/Updated ICube Categorical Classes 20260915/Low Dose/20260814_083233_L31_PalletGHS0814130854_Cavity8_B01BGV7_Fail6_Score(0.977419)_0.9922.bmp,Low Dose Obstructing Region of Interest,L31,test
bdef33270cab5f7edc880d82deee795f,/data/FMD_Data_26082026/fmd_temp_images/Updated ICube Categorical Classes 20260915/Low Dose/20260806_214248_L31_PalletGHL0807021827_Cavity15_B01BGV1_Fail5_Score(0.9664764).bmp,Low Dose Obstructing Region of Interest,L31,test
be038edf1edb21212014787cb56ee775,/data/FMD_Data_26082026/fmd_temp_images/Updated ICube Categorical Classes 20260915/Low Dose/20260808_233452_L31_PalletGHJ0809041047_Cavity9_B01BGV2_Fail7_Score(0.9994061).bmp,Low Dose Obstructing Region of Interest,L31,test
bf048bf11a80c1af113ba6bf81db3edb,/data/FMD_Data_26082026/fmd_temp_images/Updated ICube Categorical Classes 20260915/Low Dose/20260808_110555_L31_PalletGHG0808154133_Cavity9_B01BGTZ_Fail7_Score(0.993607).bmp,Low Dose Obstructing Region of Interest,L31,test
c071d2e51e2dcf846c8a7b61da71c4bf,/data/FMD_Data_26082026/fmd_temp_images/Updated ICube Categorical Classes 20260915/Low Dose/20260813_091731_L31_PalletGHE0813135351_Cavity7_B01BGV4_Fail4_Score(0.9487496)_0.5182.bmp,Low Dose Obstructing Region of Interest,L31,test
c1cd3e2a15270e084c93662d51c5a25c,/data/FMD_Data_26082026/fmd_temp_images/Updated ICube Categorical Classes 20260915/Low Dose/20260808_094040_L31_PalletGHT0808141634_Cavity14_B01BGTZ_Fail6_Score(0.9751545).bmp,Low Dose Obstructing Region of Interest,L31,test
c315f3f7275441e2ac48bd8ad2460e12,/data/FMD_Data_26082026/fmd_temp_images/Updated ICube Categorical Classes 20260915/Low Dose/20260807_082428_L31_PalletGHJ0807130005_Cavity14_B01BGV0_Fail7_Score(0.9897389).bmp,Low Dose Obstructing Region of Interest,L31,test
c46311d4c647e35096c21e5e4567395a,/data/FMD_Data_26082026/fmd_temp_images/Updated ICube Categorical Classes 20260915/Low Dose/20260808_072145_L31_PalletGHC0808115730_Cavity15_B01BGTX_Fail7_Score(0.9999297).bmp,Low Dose Obstructing Region of Interest,L31,test
c4f4f868312d0f4284919481ffc92d60,/data/FMD_Data_26082026/fmd_temp_images/Updated ICube Categorical Classes 20260915/Low Dose/20260808_124510_L31_PalletGHF0808172058_Cavity4_B01BGTZ_Fail7_Score(0.9993669).bmp,Low Dose Obstructing Region of Interest,L31,test
c9fd654d09cf86ee5fa4379879c00c5c,/data/FMD_Data_26082026/fmd_temp_images/Updated ICube Categorical Classes 20260915/Low Dose/20260813_092545_L31_PalletGHP0813140200_Cavity4_B01BGV4_Fail7_Score(0.9998446)_0.9312.bmp,Low Dose Obstructing Region of Interest,L31,test
cc3df84e09d6fd40377e37ce7e3eb2e4,/data/FMD_Data_26082026/fmd_temp_images/Updated ICube Categorical Classes 20260915/Low Dose/20260814_004231_L31_PalletGHA0814051852_Cavity13_B01BGV6_Fail5_Score(0.9568903)_0.9991.bmp,Low Dose Obstructing Region of Interest,L31,test
ccde831b4ee171eb38f1f21485f905dc,/data/FMD_Data_26082026/fmd_temp_images/Updated ICube Categorical Classes 20260915/Low Dose/20260807_055305_L31_PalletGHT0807102852_Cavity14_B01BGV0_Fail7_Score(0.99885).bmp,Low Dose Obstructing Region of Interest,L31,test
cdb2d4e1650629fae296870bb468b6d9,/data/FMD_Data_26082026/fmd_temp_images/Updated ICube Categorical Classes 20260915/Low Dose/20260808_074754_L31_PalletGHN0808122343_Cavity8_B01BGTX_Fail7_Score(0.9913614).bmp,Low Dose Obstructing Region of Interest,L31,test
cea49fdcb74fc069ac953f616d0b09a9,/data/FMD_Data_26082026/fmd_temp_images/Updated ICube Categorical Classes 20260915/Low Dose/20260809_175848_L31_PalletGHD0809223443_Cavity15_B01BGVB_Fail4_Score(0.935887).bmp,Low Dose Obstructing Region of Interest,L31,test
cebd2b3755d7c830fb44b10ad4bfd87d,/data/FMD_Data_26082026/fmd_temp_images/Updated ICube Categorical Classes 20260915/Low Dose/20260808_064519_L31_PalletGHG0808112108_Cavity15_B01BGTX_Fail7_Score(0.9955445).bmp,Low Dose Obstructing Region of Interest,L31,test
ced7746850fbd7ecf0bb6b42a01ce38b,/data/FMD_Data_26082026/fmd_temp_images/Updated ICube Categorical Classes 20260915/Low Dose/20260808_215018_L31_PalletGHA0809022607_Cavity5_B01BGV2_Fail7_Score(0.9992002).bmp,Low Dose Obstructing Region of Interest,L31,test
cf5312de85cf5ef06d54f0f91c5c01ab,/data/FMD_Data_26082026/fmd_temp_images/Updated ICube Categorical Classes 20260915/Low Dose/20260806_232304_L31_PalletGHG0807035847_Cavity10_B01BGV1_Fail6_Score(0.9739963).bmp,Low Dose Obstructing Region of Interest,L31,test
cf96bf61094550d93db5bb4defb33110,/data/FMD_Data_26082026/fmd_temp_images/Updated ICube Categorical Classes 20260915/Low Dose/20260808_035011_L31_PalletGHP0808082603_Cavity1_B01BGTX_Fail5_Score(0.9596829).bmp,Low Dose Obstructing Region of Interest,L31,test
cfe48ce45a383f43bfbb51bd075892b1,/data/FMD_Data_26082026/fmd_temp_images/Updated ICube Categorical Classes 20260915/Low Dose/20260814_014017_L31_PalletGHS0814061635_Cavity6_B01BGV6_Fail2_Score(0.9082175)_0.9998.bmp,Low Dose Obstructing Region of Interest,L31,test
cff48668411fafb76295acaed2605f86,/data/FMD_Data_26082026/fmd_temp_images/Updated ICube Categorical Classes 20260915/Low Dose/20260808_150422_L31_PalletGHU0808194012_Cavity13_B01BGTZ_Fail7_Score(0.9999948)_0.4214.bmp,Low Dose Obstructing Region of Interest,L31,test
d0ad0676a52a6b7ca668b30c172510ba,/data/FMD_Data_26082026/fmd_temp_images/Updated ICube Categorical Classes 20260915/Low Dose/20260808_215000_L31_PalletGHT0809022603_Cavity9_B01BGV2_Fail7_Score(0.9985794)_0.3890.bmp,Low Dose Obstructing Region of Interest,L31,test
d1a0757e41b71f165ca326bbb3f0c8c2,/data/FMD_Data_26082026/fmd_temp_images/Updated ICube Categorical Classes 20260915/Low Dose/20260807_100717_L31_PalletGHD0807144302_Cavity9_B01BGV0_Fail7_Score(0.9985274).bmp,Low Dose Obstructing Region of Interest,L31,test
d271de77607d4277f53a07a55ec8717a,/data/FMD_Data_26082026/fmd_temp_images/Updated ICube Categorical Classes 20260915/Low Dose/20260807_153136_L31_PalletGHT0807200724_Cavity3_B01BGTW_Fail5_Score(0.9647537).bmp,Low Dose Obstructing Region of Interest,L31,test
d28f94788a5a613ec19573718babb8a4,/data/FMD_Data_26082026/fmd_temp_images/Updated ICube Categorical Classes 20260915/Low Dose/20260808_133332_L31_PalletGHI0808180929_Cavity11_B01BGTZ_Fail7_Score(0.9999656).bmp,Low Dose Obstructing Region of Interest,L31,test
d35b3967169978729756e43b6fc91cec,/data/FMD_Data_26082026/fmd_temp_images/Updated ICube Categorical Classes 20260915/Low Dose/20260806_112847_L31_PalletGHN0806160430_Cavity10_B01BGTR_Fail7_Score(0.9988749).bmp,Low Dose Obstructing Region of Interest,L31,test
d47efa4ab21bdf8501e3ec6f6848a7ed,/data/FMD_Data_26082026/fmd_temp_images/Updated ICube Categorical Classes 20260915/Low Dose/20260813_085941_L31_PalletGHR0813133559_Cavity8_B01BGV4_Fail7_Score(0.9897773)_0.9936.bmp,Low Dose Obstructing Region of Interest,L31,test
d4e042fc6f8c051703f9bf0a28262f88,/data/FMD_Data_26082026/fmd_temp_images/Updated ICube Categorical Classes 20260915/Low Dose/20260808_065943_L31_PalletGHL0808113533_Cavity7_B01BGTX_Fail7_Score(0.9997339).bmp,Low Dose Obstructing Region of Interest,L31,test
d5f1cb99276b63fb535fcc7af7e75c82,/data/FMD_Data_26082026/fmd_temp_images/Updated ICube Categorical Classes 20260915/Low Dose/20260808_223647_L31_PalletGHF0809031242_Cavity1_B01BGV2_Fail7_Score(0.9864745).bmp,Low Dose Obstructing Region of Interest,L31,test
d75763daa440c6a34713fe16b9af7404,/data/FMD_Data_26082026/fmd_temp_images/Updated ICube Categorical Classes 20260915/Low Dose/20260808_183911_L31_PalletGHH0808231505_Cavity12_B01BGV2_Fail7_Score(0.9995762).bmp,Low Dose Obstructing Region of Interest,L31,test
d8d6816cc7460cfdde76eccf120cc8c2,/data/FMD_Data_26082026/fmd_temp_images/Updated ICube Categorical Classes 20260915/Low Dose/20260805_130038_L31_PalletGHJ0805173617_Cavity9_B01BGTV_Fail7_Score(0.9880593).bmp,Low Dose Obstructing Region of Interest,L31,test
d8d7e4fdbbb79944bb729eaa8f127a0e,/data/FMD_Data_26082026/fmd_temp_images/Updated ICube Categorical Classes 20260915/Low Dose/20260808_194950_L31_PalletGHM0809002545_Cavity8_B01BGV2_Fail7_Score(0.9955587).bmp,Low Dose Obstructing Region of Interest,L31,test
d8fa820ee1f3fc30d90f2065d12fe14f,/data/FMD_Data_26082026/fmd_temp_images/Updated ICube Categorical Classes 20260915/Low Dose/20260807_233053_L31_PalletGHS0808040643_Cavity14_B01BG28_Fail6_Score(0.9759229).bmp,Low Dose Obstructing Region of Interest,L31,test
d991c93d520e61566240f83b6367d86c,/data/FMD_Data_26082026/fmd_temp_images/Updated ICube Categorical Classes 20260915/Low Dose/20260808_144320_L31_PalletGHL0808191913_Cavity1_B01BGTZ_Fail7_Score(0.999214).bmp,Low Dose Obstructing Region of Interest,L31,test
d9fca9431c09f4cd2ae2a188c47c3b3f,/data/FMD_Data_26082026/fmd_temp_images/Updated ICube Categorical Classes 20260915/Low Dose/20260808_164611_L31_PalletGHP0808212202_Cavity2_B01BGTZ_Fail5_Score(0.9609244).bmp,Low Dose Obstructing Region of Interest,L31,test
da8d597576fc75de166da2d21621af29,/data/FMD_Data_26082026/fmd_temp_images/Updated ICube Categorical Classes 20260915/Low Dose/20260808_011502_L31_PalletGHN0808055056_Cavity12_B01BG29_Fail5_Score(0.9605018).bmp,Low Dose Obstructing Region of Interest,L31,test
db1d5c625d6366e1ce05d92aa31970bc,/data/FMD_Data_26082026/fmd_temp_images/Updated ICube Categorical Classes 20260915/Low Dose/20260813_075605_L31_PalletGHD0813123224_Cavity3_B01BHKF_Fail2_Score(0.9086627)_0.9978.bmp,Low Dose Obstructing Region of Interest,L31,test
dc6c308b7183f8f4b3f65d756fb6a997,/data/FMD_Data_26082026/fmd_temp_images/Updated ICube Categorical Classes 20260915/Low Dose/20260808_002733_L31_PalletGHQ0808050318_Cavity9_B01BG29_Fail6_Score(0.973406).bmp,Low Dose Obstructing Region of Interest,L31,test
dd932e57294d0d1f6a50ff93ff296f74,/data/FMD_Data_26082026/fmd_temp_images/Updated ICube Categorical Classes 20260915/Low Dose/20260814_043629_L31_PalletGHL0814091245_Cavity13_B01BGV7_Fail7_Score(0.9946855)_0.9990.bmp,Low Dose Obstructing Region of Interest,L31,test
ddeebe464311c8b9152a96b1683aaf86,/data/FMD_Data_26082026/fmd_temp_images/Updated ICube Categorical Classes 20260915/Low Dose/20260808_164151_L31_PalletGHQ0808211740_Cavity5_B01BGTZ_Fail7_Score(0.9938249).bmp,Low Dose Obstructing Region of Interest,L31,test
de2ead300c7630d6e3dfa1e4d0fd59ea,/data/FMD_Data_26082026/fmd_temp_images/Updated ICube Categorical Classes 20260915/Low Dose/20260813_105721_L31_PalletGHG0813153334_Cavity7_B01BGV4_Fail5_Score(0.9530854)_0.9988.bmp,Low Dose Obstructing Region of Interest,L31,test
df191b9f2ecc599de196b6d262f9e31d,/data/FMD_Data_26082026/fmd_temp_images/ICube Defects Library/Low Dose Obstructing Region of Interest/20260805_183447_L31_PalletGHH0805231027_Cavity3_B01BGTV_Fail7_Score(0.9997689).bmp,Low Dose Obstructing Region of Interest,L31,test
e011cff6e54426c0be73de244071f7c5,/data/FMD_Data_26082026/fmd_temp_images/Updated ICube Categorical Classes 20260915/Low Dose/20260808_072440_L31_PalletGHG0808120029_Cavity3_B01BGTX_Fail4_Score(0.9382074).bmp,Low Dose Obstructing Region of Interest,L31,test
e0c6a064ba3976fffdf521eacecbb215,/data/FMD_Data_26082026/fmd_temp_images/Updated ICube Categorical Classes 20260915/Low Dose/20260806_161538_L31_PalletGHI0806205121_Cavity5_B01BGTT_Fail7_Score(0.99972).bmp,Low Dose Obstructing Region of Interest,L31,test
e0e7c00409a47ddf76a33db20e5fdbe5,/data/FMD_Data_26082026/fmd_temp_images/Updated ICube Categorical Classes 20260915/Low Dose/20260808_052132_L31_PalletGHD0808095724_Cavity2_B01BGTX_Fail6_Score(0.9707827).bmp,Low Dose Obstructing Region of Interest,L31,test
e15bee8c65a8ad7593dd8f0d5432aff1,/data/FMD_Data_26082026/fmd_temp_images/Updated ICube Categorical Classes 20260915/Low Dose/20260808_060926_L31_PalletGHR0808104513_Cavity11_B01BGTX_Fail6_Score(0.9725567).bmp,Low Dose Obstructing Region of Interest,L31,test
e1812c1ae3034795731d4b104e778375,/data/FMD_Data_26082026/fmd_temp_images/Updated ICube Categorical Classes 20260915/Low Dose/20260814_080738_L31_PalletGHR0814124349_Cavity10_B01BGV7_Fail6_Score(0.9800224)_0.9990.bmp,Low Dose Obstructing Region of Interest,L31,test
e1a681ec0039b9661cfec9af61e2f931,/data/FMD_Data_26082026/fmd_temp_images/Updated ICube Categorical Classes 20260915/Low Dose/20260814_055215_L31_PalletGHI0814102831_Cavity4_B01BGV7_Fail6_Score(0.9693728)_0.9998.bmp,Low Dose Obstructing Region of Interest,L31,test
e1b432b70e33f9dcf36a27e3f7895643,/data/FMD_Data_26082026/fmd_temp_images/Updated ICube Categorical Classes 20260915/Low Dose/20260808_093853_L31_PalletGHS0808141446_Cavity13_B01BGTZ_Fail7_Score(0.9932707).bmp,Low Dose Obstructing Region of Interest,L31,test
e3416b10cc2a9052704cc810439ee132,/data/FMD_Data_26082026/fmd_temp_images/Updated ICube Categorical Classes 20260915/Low Dose/20260806_200945_L31_PalletGHN0807004515_Cavity5_B01BG2J_Fail2_Score(0.9085366).bmp,Low Dose Obstructing Region of Interest,L31,test
e511c76f231ea5567ae84f090f52154a,/data/FMD_Data_26082026/fmd_temp_images/Updated ICube Categorical Classes 20260915/Low Dose/20260808_001915_L31_PalletGHO0808045458_Cavity13_B01BG29_Fail2_Score(0.9088766).bmp,Low Dose Obstructing Region of Interest,L31,test
e519b4b8c20628030cde2dec825dc024,/data/FMD_Data_26082026/fmd_temp_images/Updated ICube Categorical Classes 20260915/Low Dose/20260814_052950_L31_PalletGHQ0814100607_Cavity11_B01BGV7_Fail7_Score(0.9941967)_0.9899.bmp,Low Dose Obstructing Region of Interest,L31,test
e5dac965aaebc6e897e61c5ab0c6db36,/data/FMD_Data_26082026/fmd_temp_images/Updated ICube Categorical Classes 20260915/Low Dose/20260813_150032_L31_PalletGHQ0813193646_Cavity10_B01BGV4_Fail7_Score(0.9998491)_0.9994.bmp,Low Dose Obstructing Region of Interest,L31,test
e607f87396a9d419eb1bd7f1f037cbd7,/data/FMD_Data_26082026/fmd_temp_images/Updated ICube Categorical Classes 20260915/Low Dose/20260814_011849_L31_PalletGHL0814055505_Cavity10_B01BGV6_Fail7_Score(0.9952314)_0.9863.bmp,Low Dose Obstructing Region of Interest,L31,test
e6724e6364387f796208259214435eb2,/data/FMD_Data_26082026/fmd_temp_images/Updated ICube Categorical Classes 20260915/Low Dose/20260810_021206_L31_PalletGHB0810064809_Cavity11_B01BHK3_Fail7_Score(0.9999321).bmp,Low Dose Obstructing Region of Interest,L31,test
e70cca1ef7a7cb8972a0d67823163537,/data/FMD_Data_26082026/fmd_temp_images/Updated ICube Categorical Classes 20260915/Low Dose/20260808_025415_L31_PalletGHD0808073002_Cavity8_B01BGTX_Fail5_Score(0.9664321).bmp,Low Dose Obstructing Region of Interest,L31,test
e7d4edd2c10c9dcc4ef6236bee829ea4,/data/FMD_Data_26082026/fmd_temp_images/Updated ICube Categorical Classes 20260915/Low Dose/20260813_232037_L31_PalletGHA0814035652_Cavity9_B01BGV6_Fail5_Score(0.9664266)_0.8387.bmp,Low Dose Obstructing Region of Interest,L31,test
e8507c12d3d88a977ac607675c3ee019,/data/FMD_Data_26082026/fmd_temp_images/Updated ICube Categorical Classes 20260915/Low Dose/20260806_081833_L31_PalletGHJ0806125415_Cavity12_B01BGTR_Fail7_Score(0.9935541).bmp,Low Dose Obstructing Region of Interest,L31,test
e8f3ef5e614a32045132668f9cf37cd1,/data/FMD_Data_26082026/fmd_temp_images/Updated ICube Categorical Classes 20260915/Low Dose/20260808_012133_L31_PalletGHR0808055722_Cavity3_B01BG29_Fail5_Score(0.9506874).bmp,Low Dose Obstructing Region of Interest,L31,test
e9bc53288b0ff8a43725df8c4e22de8e,/data/FMD_Data_26082026/fmd_temp_images/Updated ICube Categorical Classes 20260915/Low Dose/20260808_020632_L31_PalletGHN0808064220_Cavity11_B01BGTX_Fail7_Score(0.9999551).bmp,Low Dose Obstructing Region of Interest,L31,test
e9bcbad11147f54c3241ca05ab000fba,/data/FMD_Data_26082026/fmd_temp_images/Updated ICube Categorical Classes 20260915/Low Dose/20260806_093022_L31_PalletGHQ0806140534_Cavity11_B01BGTR_Fail7_Score(0.9998676).bmp,Low Dose Obstructing Region of Interest,L31,test
eae1f296b98c2f763117e4838f5fbb3b,/data/FMD_Data_26082026/fmd_temp_images/Updated ICube Categorical Classes 20260915/Low Dose/20260808_044514_L31_PalletGHG0808092105_Cavity3_B01BGTX_Fail7_Score(0.9849464).bmp,Low Dose Obstructing Region of Interest,L31,test
ec47d4e14adbbbd7ca11e97c3e5e8947,/data/FMD_Data_26082026/fmd_temp_images/Updated ICube Categorical Classes 20260915/Low Dose/20260808_024335_L31_PalletGHF0808071926_Cavity6_B01BGTX_Fail5_Score(0.9574323).bmp,Low Dose Obstructing Region of Interest,L31,test
efb2ccd8286381358c3ce4f5edba2095,/data/FMD_Data_26082026/fmd_temp_images/Updated ICube Categorical Classes 20260915/Low Dose/20260808_075004_L31_PalletGHA0808122546_Cavity10_B01BGTX_Fail2_Score(0.9124229).bmp,Low Dose Obstructing Region of Interest,L31,test
efc591517fa1e3f6e401a74dc5e338e4,/data/FMD_Data_26082026/fmd_temp_images/Updated ICube Categorical Classes 20260915/Low Dose/20260807_212829_L31_PalletGHS0808020418_Cavity5_B01BG2P_Fail7_Score(0.9970974).bmp,Low Dose Obstructing Region of Interest,L31,test
f196a5614d669c3200cb5d7c9df7f72d,/data/FMD_Data_26082026/fmd_temp_images/Updated ICube Categorical Classes 20260915/Low Dose/20260808_152221_L31_PalletGHB0808195816_Cavity5_B01BGTZ_Fail5_Score(0.9611744).bmp,Low Dose Obstructing Region of Interest,L31,test
f1b26261127fd205f07a8554461a7916,/data/FMD_Data_26082026/fmd_temp_images/Updated ICube Categorical Classes 20260915/Low Dose/20260813_093242_L31_PalletGHU0813140900_Cavity15_B01BGV4_Fail7_Score(0.9931232)_0.9833.bmp,Low Dose Obstructing Region of Interest,L31,test
f1f8082aa1d68bf6b7f044c1a80504ca,/data/FMD_Data_26082026/fmd_temp_images/Updated ICube Categorical Classes 20260915/Low Dose/20260807_212430_L31_PalletGHI0808020025_Cavity3_B01BG2P_Fail6_Score(0.9687177).bmp,Low Dose Obstructing Region of Interest,L31,test
f2a5fad73b93ae979c18cf05b32a0601,/data/FMD_Data_26082026/fmd_temp_images/Updated ICube Categorical Classes 20260915/Low Dose/20260808_015508_L31_PalletGHT0808063059_Cavity7_B01BGTX_Fail7_Score(0.9899584).bmp,Low Dose Obstructing Region of Interest,L31,test
f2a94b069a7def9010448a8650e79f3c,/data/FMD_Data_26082026/fmd_temp_images/Updated ICube Categorical Classes 20260915/Low Dose/20260813_183806_L31_PalletGHL0813231425_Cavity9_B01BGV5_Fail6_Score(0.981817)_0.8423.bmp,Low Dose Obstructing Region of Interest,L31,test
f2da25f6bc76d4b76ab37b98322bbb96,/data/FMD_Data_26082026/fmd_temp_images/Updated ICube Categorical Classes 20260915/Low Dose/20260808_143542_L31_PalletGHI0808191134_Cavity1_B01BGTZ_Fail5_Score(0.9628037).bmp,Low Dose Obstructing Region of Interest,L31,test
f2fd43809434bbea9a4ea41c828bd53d,/data/FMD_Data_26082026/fmd_temp_images/Updated ICube Categorical Classes 20260915/Low Dose/20260808_053658_L31_PalletGHJ0808101244_Cavity10_B01BGTX_Fail7_Score(0.9983868).bmp,Low Dose Obstructing Region of Interest,L31,test
f3a53498a833907dc94b1e123d0d8860,/data/FMD_Data_26082026/fmd_temp_images/Updated ICube Categorical Classes 20260915/Low Dose/20260808_061508_L31_PalletGHA0808105057_Cavity11_B01BGTX_Fail7_Score(0.9992272).bmp,Low Dose Obstructing Region of Interest,L31,test
f505bd1cb89f0defb80d3b12d6e32a80,/data/FMD_Data_26082026/fmd_temp_images/Updated ICube Categorical Classes 20260915/Low Dose/20260808_201826_L31_PalletGHD0809005418_Cavity8_B01BGV2_Fail6_Score(0.9790985).bmp,Low Dose Obstructing Region of Interest,L31,test
f5b54e91c8254855a92218c797252242,/data/FMD_Data_26082026/fmd_temp_images/Updated ICube Categorical Classes 20260915/Low Dose/20260808_201528_L31_PalletGHR0809005022_Cavity7_B01BGV2_Fail7_Score(0.9943684).bmp,Low Dose Obstructing Region of Interest,L31,test
f6464b55c5ffa236fdce1c5facfd6f7d,/data/FMD_Data_26082026/fmd_temp_images/Updated ICube Categorical Classes 20260915/Low Dose/20260809_195734_L31_PalletGHR0810003338_Cavity14_B01BGVB_Fail7_Score(0.9990173).bmp,Low Dose Obstructing Region of Interest,L31,test
f6af605125a4ca597f59d4770689f215,/data/FMD_Data_26082026/fmd_temp_images/Updated ICube Categorical Classes 20260915/Low Dose/20260808_123944_L31_PalletGHH0808171538_Cavity14_B01BGTZ_Fail5_Score(0.9626313).bmp,Low Dose Obstructing Region of Interest,L31,test
f77a959ccc39dcfe50e31ff53943c820,/data/FMD_Data_26082026/fmd_temp_images/Updated ICube Categorical Classes 20260915/Low Dose/20260808_052506_L31_PalletGHF0808100058_Cavity10_B01BGTX_Fail7_Score(0.9880332).bmp,Low Dose Obstructing Region of Interest,L31,test
f81ced0f676b05f7687b1ef0a386a97b,/data/FMD_Data_26082026/fmd_temp_images/Updated ICube Categorical Classes 20260915/Low Dose/20260808_141206_L31_PalletGHR0808184759_Cavity13_B01BGTZ_Fail7_Score(0.9935038).bmp,Low Dose Obstructing Region of Interest,L31,test
f8bff823079e7d919fb6ade9b57b124e,/data/FMD_Data_26082026/fmd_temp_images/ICube Defects Library/Low Dose Obstructing Region of Interest/20260805_141712_L31_PalletGHT0805185251_Cavity6_B01BGTV_Fail7_Score(0.9991335).bmp,Low Dose Obstructing Region of Interest,L31,test
f97101b2440dca529d63dd42cafe02b7,/data/FMD_Data_26082026/fmd_temp_images/Updated ICube Categorical Classes 20260915/Low Dose/20260810_045526_L31_PalletGHE0810093129_Cavity15_B01BHK3_Fail7_Score(0.9988261).bmp,Low Dose Obstructing Region of Interest,L31,test
f98c307230d044b4892d8fb16bb42a94,/data/FMD_Data_26082026/fmd_temp_images/Updated ICube Categorical Classes 20260915/Low Dose/20260808_192701_L31_PalletGHQ0809000257_Cavity2_B01BGV2_Fail7_Score(0.9966458).bmp,Low Dose Obstructing Region of Interest,L31,test
fb079c8ad50df1be548becfd8dd031fd,/data/FMD_Data_26082026/fmd_temp_images/Updated ICube Categorical Classes 20260915/Low Dose/20260808_080645_L31_PalletGHI0808124239_Cavity6_B01BGTX_Fail7_Score(0.9986696).bmp,Low Dose Obstructing Region of Interest,L31,test
fbc783d8a9559bdb756240feaecb3388,/data/FMD_Data_26082026/fmd_temp_images/Updated ICube Categorical Classes 20260915/Low Dose/20260807_113411_L31_PalletGHH0807160949_Cavity5_B01BGTW_Fail7_Score(0.9999979).bmp,Low Dose Obstructing Region of Interest,L31,test
fcee4edb80ba632dbf3bef8c603fe8d2,/data/FMD_Data_26082026/fmd_temp_images/Updated ICube Categorical Classes 20260915/Low Dose/20260813_115605_L31_PalletGHI0813163224_Cavity13_B01BGV4_Fail6_Score(0.9822114)_0.9464.bmp,Low Dose Obstructing Region of Interest,L31,test
fcf5edb84fd14f5276c812a0e691adac,/data/FMD_Data_26082026/fmd_temp_images/Updated ICube Categorical Classes 20260915/Low Dose/20260809_195739_L31_PalletGHT0810003343_Cavity9_B01BGVB_Fail7_Score(0.9921424).bmp,Low Dose Obstructing Region of Interest,L31,test
008587a2e4b092dbb5cb679992cf0035,/data/FMD_Data_26082026/fmd_temp_images/Updated ICube Categorical Classes 20260915/Low Dose/20260808_154745_L31_PalletGHM0808202329_Cavity7_B01BGTZ_Fail7_Score(0.9985604).bmp,Low Dose Obstructing Region of Interest,L31,train
0085cebe3b803535de6d764745ae918b,/data/FMD_Data_26082026/fmd_temp_images/Updated ICube Categorical Classes 20260915/Low Dose/20260807_103121_L31_PalletGHT0807150702_Cavity3_B01BGV0_Fail7_Score(0.9999223).bmp,Low Dose Obstructing Region of Interest,L31,train
00cc801ba512f52addb9a7e36c4a8e4f,/data/FMD_Data_26082026/fmd_temp_images/Updated ICube Categorical Classes 20260915/Low Dose/20260808_053446_L31_PalletGHA0808101013_Cavity7_B01BGTX_Fail6_Score(0.9791113).bmp,Low Dose Obstructing Region of Interest,L31,train
00f578b6a1a0aa6ca4e72d468c21ecda,/data/FMD_Data_26082026/fmd_temp_images/Updated ICube Categorical Classes 20260915/Low Dose/20260808_133241_L31_PalletGHH0808180834_Cavity6_B01BGTZ_Fail7_Score(0.9999679).bmp,Low Dose Obstructing Region of Interest,L31,train
01138fa90e13094f93c1bf07f6c68c7f,/data/FMD_Data_26082026/fmd_temp_images/Updated ICube Categorical Classes 20260915/Low Dose/20260808_213517_L31_PalletGHA0809021115_Cavity4_B01BGV2_Fail7_Score(0.9915783)_0.4636.bmp,Low Dose Obstructing Region of Interest,L31,train
013215566d74397698a9273f612940ab,/data/FMD_Data_26082026/fmd_temp_images/Updated ICube Categorical Classes 20260915/Low Dose/20260808_200654_L31_PalletGHH0809004247_Cavity1_B01BGV2_Fail7_Score(0.9963497).bmp,Low Dose Obstructing Region of Interest,L31,train
013c226990973db0803cd29541408f39,/data/FMD_Data_26082026/fmd_temp_images/Updated ICube Categorical Classes 20260915/Low Dose/20260808_193034_L31_PalletGHQ0809000630_Cavity15_B01BGV2_Fail7_Score(0.9998937).bmp,Low Dose Obstructing Region of Interest,L31,train
013d94bc966a3f03aab4a60b9e1d306c,/data/FMD_Data_26082026/fmd_temp_images/Updated ICube Categorical Classes 20260915/Low Dose/20260814_002142_L31_PalletGHS0814045803_Cavity6_B01BGV6_Fail7_Score(0.987632)_0.9912.bmp,Low Dose Obstructing Region of Interest,L31,train
025fe36008295b66e4e3d7a5acd979e2,/data/FMD_Data_26082026/fmd_temp_images/Updated ICube Categorical Classes 20260915/Low Dose/20260806_233228_L31_PalletGHL0807040808_Cavity15_B01BGV1_Fail7_Score(0.9873276).bmp,Low Dose Obstructing Region of Interest,L31,train
0273963ee9c51817b975c70780cf932c,/data/FMD_Data_26082026/fmd_temp_images/Updated ICube Categorical Classes 20260915/Low Dose/20260808_132028_L31_PalletGHN0808174315_Cavity4_B01BGTZ_Fail7_Score(0.9991564).bmp,Low Dose Obstructing Region of Interest,L31,train
02784540dd4372c4ac453e574036bc71,/data/FMD_Data_26082026/fmd_temp_images/Updated ICube Categorical Classes 20260915/Low Dose/20260808_050935_L31_PalletGHC0808094523_Cavity9_B01BGTX_Fail6_Score(0.9773998).bmp,Low Dose Obstructing Region of Interest,L31,train
02d8d37bbb5421b90370947be64bb101,/data/FMD_Data_26082026/fmd_temp_images/Updated ICube Categorical Classes 20260915/Low Dose/20260808_213947_L31_PalletGHB0809021541_Cavity5_B01BGV2_Fail7_Score(0.9987473)_0.6784.bmp,Low Dose Obstructing Region of Interest,L31,train
03c0a2a858b5754fe07315216859a356,/data/FMD_Data_26082026/fmd_temp_images/Updated ICube Categorical Classes 20260915/Low Dose/20260808_161630_L31_PalletGHN0808205232_Cavity1_B01BGTZ_Fail7_Score(0.9914509).bmp,Low Dose Obstructing Region of Interest,L31,train
03e0465d9e131f772bc57da504f70250,/data/FMD_Data_26082026/fmd_temp_images/Updated ICube Categorical Classes 20260915/Low Dose/20260808_024413_L31_PalletGHU0808072002_Cavity1_B01BGTX_Fail7_Score(0.9997483).bmp,Low Dose Obstructing Region of Interest,L31,train
03e8e45b50d3bfa8154feedfa7fd7268,/data/FMD_Data_26082026/fmd_temp_images/Updated ICube Categorical Classes 20260915/Low Dose/20260808_123117_L31_PalletGHD0808170709_Cavity2_B01BGTZ_Fail2_Score(0.9124031).bmp,Low Dose Obstructing Region of Interest,L31,train
03ff63ea010e4b8c38f32e9b89a31f83,/data/FMD_Data_26082026/fmd_temp_images/Updated ICube Categorical Classes 20260915/Low Dose/20260813_101407_L31_PalletGHB0813145025_Cavity11_B01BGV4_Fail6_Score(0.9804091)_0.9895.bmp,Low Dose Obstructing Region of Interest,L31,train
046c850a2a3a5f45db16989c3dd2255a,/data/FMD_Data_26082026/fmd_temp_images/Updated ICube Categorical Classes 20260915/Low Dose/20260814_013709_L31_PalletGHJ0814061334_Cavity12_B01BGV6_Fail2_Score(0.9050387)_0.9994.bmp,Low Dose Obstructing Region of Interest,L31,train
0483bb9cd71b97aae4fc2d12a95e894b,/data/FMD_Data_26082026/fmd_temp_images/Updated ICube Categorical Classes 20260915/Low Dose/20260808_061631_L31_PalletGHN0808105220_Cavity15_B01BGTX_Fail7_Score(0.9991993).bmp,Low Dose Obstructing Region of Interest,L31,train
04a26437592718f4c26ca3b0f3db229f,/data/FMD_Data_26082026/fmd_temp_images/Updated ICube Categorical Classes 20260915/Low Dose/20260813_091941_L31_PalletGHJ0813135556_Cavity15_B01BGV4_Fail7_Score(0.9994489)_0.9959.bmp,Low Dose Obstructing Region of Interest,L31,train
04ac87b1e9f185bb279cd45e4125a20d,/data/FMD_Data_26082026/fmd_temp_images/Updated ICube Categorical Classes 20260915/Low Dose/20260813_150420_L31_PalletGHD0813194039_Cavity9_B01BGV4_Fail5_Score(0.9634318)_0.8361.bmp,Low Dose Obstructing Region of Interest,L31,train
04c3caaebabff821c94ea549cc19f3a7,/data/FMD_Data_26082026/fmd_temp_images/Updated ICube Categorical Classes 20260915/Low Dose/20260806_202550_L31_PalletGHE0807010135_Cavity2_B01BG2J_Fail5_Score(0.9565617).bmp,Low Dose Obstructing Region of Interest,L31,train
04cab679cf54cc58051718c215138c53,/data/FMD_Data_26082026/fmd_temp_images/Updated ICube Categorical Classes 20260915/Low Dose/20260806_215954_L31_PalletGHO0807023528_Cavity2_B01BGV1_Fail7_Score(0.9959775).bmp,Low Dose Obstructing Region of Interest,L31,train
05083a2e1ac4db29b3651ee651bbd8aa,/data/FMD_Data_26082026/fmd_temp_images/Updated ICube Categorical Classes 20260915/Low Dose/20260813_083249_L31_PalletGHT0813130911_Cavity10_B01BHKF_Fail5_Score(0.9532236)_0.9973.bmp,Low Dose Obstructing Region of Interest,L31,train
051edab56155d74c0dc0afdea2b82cba,/data/FMD_Data_26082026/fmd_temp_images/Updated ICube Categorical Classes 20260915/Low Dose/20260808_092605_L31_PalletGHJ0808140155_Cavity6_B01BGTZ_Fail7_Score(0.9996365).bmp,Low Dose Obstructing Region of Interest,L31,train
0556f3cb45d1ccaf95a42bee69b43590,/data/FMD_Data_26082026/fmd_temp_images/Updated ICube Categorical Classes 20260915/Low Dose/20260808_090901_L31_PalletGHO0808134448_Cavity4_B01BGTZ_Fail7_Score(0.990397).bmp,Low Dose Obstructing Region of Interest,L31,train
0571d34dd6404ee1d2cb43448b7805ab,/data/FMD_Data_26082026/fmd_temp_images/Updated ICube Categorical Classes 20260915/Low Dose/20260808_193343_L31_PalletGHF0809000936_Cavity13_B01BGV2_Fail7_Score(0.9967794).bmp,Low Dose Obstructing Region of Interest,L31,train
057554639d49910fd9889db3760115f8,/data/FMD_Data_26082026/fmd_temp_images/Updated ICube Categorical Classes 20260915/Low Dose/20260808_112759_L31_PalletGHK0808160358_Cavity13_B01BGTZ_Fail7_Score(0.9984329).bmp,Low Dose Obstructing Region of Interest,L31,train
057647a3a4e77458f1e6c9aabebcf803,/data/FMD_Data_26082026/fmd_temp_images/Updated ICube Categorical Classes 20260915/Low Dose/20260808_133217_L31_PalletGHU0808180816_Cavity6_B01BGTZ_Fail7_Score(0.9999114).bmp,Low Dose Obstructing Region of Interest,L31,train
0579eb43896bd7a43c9289cac05fc500,/data/FMD_Data_26082026/fmd_temp_images/Updated ICube Categorical Classes 20260915/Low Dose/20260808_094816_L31_PalletGHD0808142410_Cavity3_B01BGTZ_Fail7_Score(0.9981992).bmp,Low Dose Obstructing Region of Interest,L31,train
06070d6b3b1fa51c56b20482c6cfe6d8,/data/FMD_Data_26082026/fmd_temp_images/Updated ICube Categorical Classes 20260915/Low Dose/20260808_071711_L31_PalletGHD0808115252_Cavity11_B01BGTX_Fail7_Score(0.9947401).bmp,Low Dose Obstructing Region of Interest,L31,train
060d2dce15b7dc23c579e04ca50ce8d2,/data/FMD_Data_26082026/fmd_temp_images/Updated ICube Categorical Classes 20260915/Low Dose/20260806_141618_L31_PalletGHG0806185159_Cavity12_B01BGTT_Fail6_Score(0.9714106).bmp,Low Dose Obstructing Region of Interest,L31,train
06d01689691b47b15a2ccb0da7fd4845,/data/FMD_Data_26082026/fmd_temp_images/Updated ICube Categorical Classes 20260915/Low Dose/20260808_080312_L31_PalletGHH0808123903_Cavity14_B01BGTX_Fail7_Score(0.9975488).bmp,Low Dose Obstructing Region of Interest,L31,train
0716e525111d88b71eb378bc8d6dcc91,/data/FMD_Data_26082026/fmd_temp_images/Updated ICube Categorical Classes 20260915/Low Dose/20260808_050425_L31_PalletGHN0808094014_Cavity15_B01BGTX_Fail7_Score(0.9951162).bmp,Low Dose Obstructing Region of Interest,L31,train
071722224772b370b401c79cd1875cff,/data/FMD_Data_26082026/fmd_temp_images/Updated ICube Categorical Classes 20260915/Low Dose/20260808_113721_L31_PalletGHC0808161316_Cavity10_B01BGTZ_Fail5_Score(0.9567609).bmp,Low Dose Obstructing Region of Interest,L31,train
074291fd13b986197db06847ab7748a6,/data/FMD_Data_26082026/fmd_temp_images/Updated ICube Categorical Classes 20260915/Low Dose/20260808_140947_L31_PalletGHC0808184536_Cavity7_B01BGTZ_Fail6_Score(0.9832051).bmp,Low Dose Obstructing Region of Interest,L31,train
0772f7cec247bb58b0e174e31d4e793b,/data/FMD_Data_26082026/fmd_temp_images/Updated ICube Categorical Classes 20260915/Low Dose/20260808_164746_L31_PalletGHG0808212327_Cavity9_B01BGTZ_Fail7_Score(0.9903376).bmp,Low Dose Obstructing Region of Interest,L31,train
07812fa1fc3e4e72faa52a5dc6a7524a,/data/FMD_Data_26082026/fmd_temp_images/Updated ICube Categorical Classes 20260915/Low Dose/20260813_072651_L31_PalletGHB0813120307_Cavity11_B01BHKF_Fail7_Score(0.995667)_0.9999.bmp,Low Dose Obstructing Region of Interest,L31,train
0848cc2bd2c33cca95196c2a2d04c7ac,/data/FMD_Data_26082026/fmd_temp_images/Updated ICube Categorical Classes 20260915/Low Dose/20260808_174657_L31_PalletGHB0808222217_Cavity10_B01BGV2_Fail5_Score(0.9652271).bmp,Low Dose Obstructing Region of Interest,L31,train
09006db3f3e56632b6ebbcb98d12e35a,/data/FMD_Data_26082026/fmd_temp_images/Updated ICube Categorical Classes 20260915/Low Dose/20260808_042907_L31_PalletGHB0808090459_Cavity7_B01BGTX_Fail7_Score(0.9966713).bmp,Low Dose Obstructing Region of Interest,L31,train
096fd50eddec428158ff64c0bb7c0373,/data/FMD_Data_26082026/fmd_temp_images/Updated ICube Categorical Classes 20260915/Low Dose/20260808_045653_L31_PalletGHF0808093239_Cavity3_B01BGTX_Fail6_Score(0.969988).bmp,Low Dose Obstructing Region of Interest,L31,train
09d0b0102e3c08db2dbda15b35578d77,/data/FMD_Data_26082026/fmd_temp_images/Updated ICube Categorical Classes 20260915/Low Dose/20260808_052213_L31_PalletGHU0808095803_Cavity9_B01BGTX_Fail7_Score(0.9999595).bmp,Low Dose Obstructing Region of Interest,L31,train
0a3a6886d6f44301963433afbc683250,/data/FMD_Data_26082026/fmd_temp_images/Updated ICube Categorical Classes 20260915/Low Dose/20260814_063701_L31_PalletGHP0814111321_Cavity11_B01BGV7_Fail7_Score(0.999792)_0.6581.bmp,Low Dose Obstructing Region of Interest,L31,train
0a41bc3f86e985ca99807ddadc61ff2f,/data/FMD_Data_26082026/fmd_temp_images/Updated ICube Categorical Classes 20260915/Low Dose/20260807_144613_L31_PalletGHK0807192201_Cavity15_B01BGTW_Fail6_Score(0.9691029).bmp,Low Dose Obstructing Region of Interest,L31,train
0a64428b66e374937527721d37e8b849,/data/FMD_Data_26082026/fmd_temp_images/Updated ICube Categorical Classes 20260915/Low Dose/20260808_214508_L31_PalletGHB0809022106_Cavity10_B01BGV2_Fail4_Score(0.9431694).bmp,Low Dose Obstructing Region of Interest,L31,train
0ad0fcea026670921157f155491990a6,/data/FMD_Data_26082026/fmd_temp_images/Updated ICube Categorical Classes 20260915/Low Dose/20260808_173731_L31_PalletGHN0808221322_Cavity1_B01BGV2_Fail7_Score(0.996641)_0.5271.bmp,Low Dose Obstructing Region of Interest,L31,train
0adc304288ff9e141b7536785e16fb49,/data/FMD_Data_26082026/fmd_temp_images/Updated ICube Categorical Classes 20260915/Low Dose/20260808_004004_L31_PalletGHP0808051555_Cavity14_B01BG29_Fail7_Score(0.9955475).bmp,Low Dose Obstructing Region of Interest,L31,train
0b2b37905ae0fc2d2b0e301ba2b0a707,/data/FMD_Data_26082026/fmd_temp_images/ICube Defects Library/Low Dose Obstructing Region of Interest/20260805_133852_L31_PalletGHG0805181432_Cavity14_B01BGTV_Fail7_Score(0.9979139).bmp,Low Dose Obstructing Region of Interest,L31,train
0b32409a4b1f5cee254cd8a2089cd638,/data/FMD_Data_26082026/fmd_temp_images/Updated ICube Categorical Classes 20260915/Low Dose/20260808_060309_L31_PalletGHH0808103903_Cavity8_B01BGTX_Fail4_Score(0.9426218).bmp,Low Dose Obstructing Region of Interest,L31,train
0b53f0f3b4183f59875ffc869d6c0a4d,/data/FMD_Data_26082026/fmd_temp_images/Updated ICube Categorical Classes 20260915/Low Dose/20260808_182159_L31_PalletGHN0808225757_Cavity10_B01BGV2_Fail7_Score(0.9974389).bmp,Low Dose Obstructing Region of Interest,L31,train
0b5d1598326441b0ef33f890060a9d23,/data/FMD_Data_26082026/fmd_temp_images/Updated ICube Categorical Classes 20260915/Low Dose/20260808_000627_L31_PalletGHU0808044217_Cavity1_B01BG28_Fail4_Score(0.9441378).bmp,Low Dose Obstructing Region of Interest,L31,train
0b6f6f70c27264263c3afbf9782a71ab,/data/FMD_Data_26082026/fmd_temp_images/Updated ICube Categorical Classes 20260915/Low Dose/20260814_042049_L31_PalletGHC0814085709_Cavity6_B01BGV7_Fail7_Score(0.9996363)_0.9984.bmp,Low Dose Obstructing Region of Interest,L31,train
0b97ded6af0b1d7748012fd0a361e11f,/data/FMD_Data_26082026/fmd_temp_images/Updated ICube Categorical Classes 20260915/Low Dose/20260808_161402_L31_PalletGHD0808205000_Cavity12_B01BGTZ_Fail7_Score(0.9989931).bmp,Low Dose Obstructing Region of Interest,L31,train
0bdc3a7dde94f9eb092f937c25d22843,/data/FMD_Data_26082026/fmd_temp_images/Updated ICube Categorical Classes 20260915/Low Dose/20260808_200840_L31_PalletGHH0809004435_Cavity8_B01BGV2_Fail7_Score(0.9999596).bmp,Low Dose Obstructing Region of Interest,L31,train
0bea781ecd337cc2c1ccba4af986eb66,/data/FMD_Data_26082026/fmd_temp_images/Updated ICube Categorical Classes 20260915/Low Dose/20260808_115250_L31_PalletGHS0808162842_Cavity7_B01BGTZ_Fail7_Score(0.9969313).bmp,Low Dose Obstructing Region of Interest,L31,train
0c31212b981df1452928a871fe1716da,/data/FMD_Data_26082026/fmd_temp_images/Updated ICube Categorical Classes 20260915/Low Dose/20260808_020133_L31_PalletGHB0808063627_Cavity14_B01BGTX_Fail7_Score(0.9839295).bmp,Low Dose Obstructing Region of Interest,L31,train
0c514241c0301b27563e2c86606348ac,/data/FMD_Data_26082026/fmd_temp_images/Updated ICube Categorical Classes 20260915/Low Dose/20260808_045929_L31_PalletGHE0808093512_Cavity11_B01BGTX_Fail7_Score(0.9896601).bmp,Low Dose Obstructing Region of Interest,L31,train
0c9afa3f934eb4ce77c809a399a5757b,/data/FMD_Data_26082026/fmd_temp_images/Updated ICube Categorical Classes 20260915/Low Dose/20260808_123218_L31_PalletGHI0808170812_Cavity6_B01BGTZ_Fail4_Score(0.9355652).bmp,Low Dose Obstructing Region of Interest,L31,train
0d180690496ea1767c6a6de6c76c47de,/data/FMD_Data_26082026/fmd_temp_images/Updated ICube Categorical Classes 20260915/Low Dose/20260808_060744_L31_PalletGHC0808104338_Cavity1_B01BGTX_Fail4_Score(0.9481669).bmp,Low Dose Obstructing Region of Interest,L31,train
0e3f4e0940e74480ad4169627cdb7e45,/data/FMD_Data_26082026/fmd_temp_images/Updated ICube Categorical Classes 20260915/Low Dose/20260808_184717_L31_PalletGHL0808232308_Cavity14_B01BGV2_Fail7_Score(0.9998653).bmp,Low Dose Obstructing Region of Interest,L31,train
0eceee1a662a877e3c63bf0d9ea09728,/data/FMD_Data_26082026/fmd_temp_images/Updated ICube Categorical Classes 20260915/Low Dose/20260813_125109_L31_PalletGHM0813172721_Cavity5_B01BGV4_Fail7_Score(0.9999997)_0.9994.bmp,Low Dose Obstructing Region of Interest,L31,train
10430faddfcf07ef6145387b51b8d3cb,/data/FMD_Data_26082026/fmd_temp_images/Updated ICube Categorical Classes 20260915/Low Dose/20260808_055739_L31_PalletGHG0808103330_Cavity14_B01BGTX_Fail7_Score(0.9992821).bmp,Low Dose Obstructing Region of Interest,L31,train
10d7a81b888d5efd9d8e63bc4049d567,/data/FMD_Data_26082026/fmd_temp_images/Updated ICube Categorical Classes 20260915/Low Dose/20260806_093322_L31_PalletGHN0806140845_Cavity15_B01BGTR_Fail7_Score(0.9933515)_0.3606.bmp,Low Dose Obstructing Region of Interest,L31,train
1124d0c1c43fbb86a25a04a3ad95196c,/data/FMD_Data_26082026/fmd_temp_images/Updated ICube Categorical Classes 20260915/Low Dose/20260808_054716_L31_PalletGHP0808102257_Cavity1_B01BGTX_Fail7_Score(0.9963613).bmp,Low Dose Obstructing Region of Interest,L31,train
114abcf4cea7ba617a5e76ae5f4b83a9,/data/FMD_Data_26082026/fmd_temp_images/Updated ICube Categorical Classes 20260915/Low Dose/20260808_080603_L31_PalletGHM0808124157_Cavity10_B01BGTX_Fail7_Score(0.9998482).bmp,Low Dose Obstructing Region of Interest,L31,train
11776521a7a72d3b9b3e9281e479d36a,/data/FMD_Data_26082026/fmd_temp_images/Updated ICube Categorical Classes 20260915/Low Dose/20260808_143226_L31_PalletGHN0808190820_Cavity12_B01BGTZ_Fail7_Score(0.9898731).bmp,Low Dose Obstructing Region of Interest,L31,train
11d292d2ec8cdacd328b62014f471e5e,/data/FMD_Data_26082026/fmd_temp_images/Updated ICube Categorical Classes 20260915/Low Dose/20260809_181259_L31_PalletGHH0809224856_Cavity11_B01BGVB_Fail6_Score(0.9786592).bmp,Low Dose Obstructing Region of Interest,L31,train
11d96af5ea9573dd0e8ec2bad39e69f4,/data/FMD_Data_26082026/fmd_temp_images/Updated ICube Categorical Classes 20260915/Low Dose/20260808_115429_L31_PalletGHP0808163021_Cavity11_B01BGTZ_Fail2_Score(0.9078941).bmp,Low Dose Obstructing Region of Interest,L31,train
11e5113185845506ae92fdc0a3bab182,/data/FMD_Data_26082026/fmd_temp_images/Updated ICube Categorical Classes 20260915/Low Dose/20260808_052318_L31_PalletGHF0808095910_Cavity4_B01BGTX_Fail7_Score(0.9917629).bmp,Low Dose Obstructing Region of Interest,L31,train
11e51e46e0b7073c0ac0357f9a8b86bd,/data/FMD_Data_26082026/fmd_temp_images/Updated ICube Categorical Classes 20260915/Low Dose/20260813_132244_L31_PalletGHS0813175902_Cavity13_B01BGV4_Fail7_Score(0.9996436)_0.9964.bmp,Low Dose Obstructing Region of Interest,L31,train
123de6fe0c494ba7309cba1bc80732e4,/data/FMD_Data_26082026/fmd_temp_images/Updated ICube Categorical Classes 20260915/Low Dose/20260808_084827_L31_PalletGHR0808132420_Cavity5_B01BGTX_Fail6_Score(0.9797781).bmp,Low Dose Obstructing Region of Interest,L31,train
12b24eeeb675bfb925dfe7b260accdd6,/data/FMD_Data_26082026/fmd_temp_images/Updated ICube Categorical Classes 20260915/Low Dose/20260808_184845_L31_PalletGHE0808232436_Cavity3_B01BGV2_Fail7_Score(0.9997662).bmp,Low Dose Obstructing Region of Interest,L31,train
12f3a2a43657c6f9a0042b285a5eff8e,/data/FMD_Data_26082026/fmd_temp_images/Updated ICube Categorical Classes 20260915/Low Dose/20260808_174214_L31_PalletGHC0808221808_Cavity4_B01BGV2_Fail7_Score(0.9955309).bmp,Low Dose Obstructing Region of Interest,L31,train
12fc2a842f9343d21b17edf3c57aca32,/data/FMD_Data_26082026/fmd_temp_images/Updated ICube Categorical Classes 20260915/Low Dose/20260808_064807_L31_PalletGHS0808112401_Cavity14_B01BGTX_Fail7_Score(0.9999867).bmp,Low Dose Obstructing Region of Interest,L31,train
134f66dc4679e7cc15fe8687decf19b9,/data/FMD_Data_26082026/fmd_temp_images/Updated ICube Categorical Classes 20260915/Low Dose/20260807_022128_L31_PalletGHT0807065719_Cavity10_B01BGV1_Fail6_Score(0.9706498).bmp,Low Dose Obstructing Region of Interest,L31,train
139988a1114bf91c238e5557e25150d2,/data/FMD_Data_26082026/fmd_temp_images/Updated ICube Categorical Classes 20260915/Low Dose/20260813_184645_L31_PalletGHG0813232301_Cavity2_B01BGV5_Fail6_Score(0.9795015)_0.8889.bmp,Low Dose Obstructing Region of Interest,L31,train
13b37f5c320403ebeb0225dd69c10076,/data/FMD_Data_26082026/fmd_temp_images/Updated ICube Categorical Classes 20260915/Low Dose/20260813_172337_L31_PalletGHL0813215952_Cavity14_B01BGV5_Fail4_Score(0.9446129)_0.9992.bmp,Low Dose Obstructing Region of Interest,L31,train
13b5a514bdaf6c1409768fab930d46ae,/data/FMD_Data_26082026/fmd_temp_images/Updated ICube Categorical Classes 20260915/Low Dose/20260814_034950_L31_PalletGHS0814082615_Cavity7_B01BGV7_Fail6_Score(0.9793072)_0.9932.bmp,Low Dose Obstructing Region of Interest,L31,train
13c42184b2df77638d08dd1d42cb0ae3,/data/FMD_Data_26082026/fmd_temp_images/Updated ICube Categorical Classes 20260915/Low Dose/20260809_183907_L31_PalletGHT0809231500_Cavity4_B01BGVB_Fail7_Score(0.9920135).bmp,Low Dose Obstructing Region of Interest,L31,train
13d0fec2a1cbf17bdc9755fb9363f98d,/data/FMD_Data_26082026/fmd_temp_images/Updated ICube Categorical Classes 20260915/Low Dose/20260808_194534_L31_PalletGHO0809002127_Cavity10_B01BGV2_Fail7_Score(0.9855164).bmp,Low Dose Obstructing Region of Interest,L31,train
146bd4df895d9e85b4c9fd7e9bd65ed6,/data/FMD_Data_26082026/fmd_temp_images/Updated ICube Categorical Classes 20260915/Low Dose/20260808_003142_L31_PalletGHK0808050734_Cavity5_B01BG29_Fail7_Score(0.9904024).bmp,Low Dose Obstructing Region of Interest,L31,train
1510d981965c348b6677b73dc36f23c1,/data/FMD_Data_26082026/fmd_temp_images/Updated ICube Categorical Classes 20260915/Low Dose/20260808_185942_L31_PalletGHF0808233541_Cavity11_B01BGV2_Fail7_Score(0.9992343).bmp,Low Dose Obstructing Region of Interest,L31,train
15264d34ef1a2a70667dd7889b17a766,/data/FMD_Data_26082026/fmd_temp_images/Updated ICube Categorical Classes 20260915/Low Dose/20260809_191901_L31_PalletGHF0809235456_Cavity4_B01BGVB_Fail7_Score(0.9949441).bmp,Low Dose Obstructing Region of Interest,L31,train
1531c12dd3df41e5f55bee22102ec493,/data/FMD_Data_26082026/fmd_temp_images/Updated ICube Categorical Classes 20260915/Low Dose/20260808_165525_L31_PalletGHF0808213122_Cavity9_B01BGV2_Fail4_Score(0.9333916).bmp,Low Dose Obstructing Region of Interest,L31,train
1558b1e819179046f04a21ff1779bab5,/data/FMD_Data_26082026/fmd_temp_images/Updated ICube Categorical Classes 20260915/Low Dose/20260810_024145_L31_PalletGHD0810071748_Cavity6_B01BHK3_Fail5_Score(0.9608721).bmp,Low Dose Obstructing Region of Interest,L31,train
161136b73753412fc7b00850b7bc7ede,/data/FMD_Data_26082026/fmd_temp_images/Updated ICube Categorical Classes 20260915/Low Dose/20260806_232741_L31_PalletGHE0807040320_Cavity5_B01BGV1_Fail7_Score(0.9999096).bmp,Low Dose Obstructing Region of Interest,L31,train
1612398089e35f1b284490ba4f579cbf,/data/FMD_Data_26082026/fmd_temp_images/Updated ICube Categorical Classes 20260915/Low Dose/20260808_020617_L31_PalletGHH0808064205_Cavity7_B01BGTX_Fail7_Score(0.9996042).bmp,Low Dose Obstructing Region of Interest,L31,train
16202510900538986aa2f40c0d84aa3f,/data/FMD_Data_26082026/fmd_temp_images/Updated ICube Categorical Classes 20260915/Low Dose/20260808_214458_L31_PalletGHR0809022052_Cavity10_B01BGV2_Fail6_Score(0.9793166).bmp,Low Dose Obstructing Region of Interest,L31,train
1645310d131e495cb4d6cf63aed15d8a,/data/FMD_Data_26082026/fmd_temp_images/Updated ICube Categorical Classes 20260915/Low Dose/20260808_112226_L31_PalletGHS0808155822_Cavity13_B01BGTZ_Fail6_Score(0.9757757).bmp,Low Dose Obstructing Region of Interest,L31,train
164b57c568e1b6d731beb367b15cbfb4,/data/FMD_Data_26082026/fmd_temp_images/Updated ICube Categorical Classes 20260915/Low Dose/20260808_015740_L31_PalletGHP0808063324_Cavity8_B01BGTX_Fail7_Score(0.9984805)_0.6006.bmp,Low Dose Obstructing Region of Interest,L31,train
165305660040c814e19f6277ba89b6a4,/data/FMD_Data_26082026/fmd_temp_images/Updated ICube Categorical Classes 20260915/Low Dose/20260808_153208_L31_PalletGHL0808200803_Cavity11_B01BGTZ_Fail4_Score(0.9377958).bmp,Low Dose Obstructing Region of Interest,L31,train
166c4ba6aa2ae39a106333b1466436a8,/data/FMD_Data_26082026/fmd_temp_images/Updated ICube Categorical Classes 20260915/Low Dose/20260808_145944_L31_PalletGHO0808193539_Cavity4_B01BGTZ_Fail7_Score(0.9997769).bmp,Low Dose Obstructing Region of Interest,L31,train
16ade284848cb79dc10b642adc46288e,/data/FMD_Data_26082026/fmd_temp_images/Updated ICube Categorical Classes 20260915/Low Dose/20260809_175506_L31_PalletGHT0809223101_Cavity3_B01BGVB_Fail7_Score(0.9951567).bmp,Low Dose Obstructing Region of Interest,L31,train
16d41fe12cd31398d8ab0f4da8bfef50,/data/FMD_Data_26082026/fmd_temp_images/Updated ICube Categorical Classes 20260915/Low Dose/20260813_162402_L31_PalletGHF0813210023_Cavity10_B01BGV5_Fail5_Score(0.9546867)_0.9979.bmp,Low Dose Obstructing Region of Interest,L31,train
16d7ab0cec1ce98d597cf1f4c79be166,/data/FMD_Data_26082026/fmd_temp_images/Updated ICube Categorical Classes 20260915/Low Dose/20260814_034306_L31_PalletGHM0814081926_Cavity8_B01BGV7_Fail5_Score(0.9612048)_0.9940.bmp,Low Dose Obstructing Region of Interest,L31,train
1716e1020c9b6e8879c3255a3bd55ced,/data/FMD_Data_26082026/fmd_temp_images/Updated ICube Categorical Classes 20260915/Low Dose/20260814_042804_L31_PalletGHH0814090425_Cavity2_B01BGV7_Fail7_Score(0.9983624)_0.9838.bmp,Low Dose Obstructing Region of Interest,L31,train
1719daba26c06b33b53e8e3a40c50c7f,/data/FMD_Data_26082026/fmd_temp_images/Updated ICube Categorical Classes 20260915/Low Dose/20260808_223236_L31_PalletGHO0809030833_Cavity13_B01BGV2_Fail5_Score(0.9609169).bmp,Low Dose Obstructing Region of Interest,L31,train
176c71d28de38610f722f1f3a3d299fc,/data/FMD_Data_26082026/fmd_temp_images/Updated ICube Categorical Classes 20260915/Low Dose/20260808_000505_L31_PalletGHI0808044055_Cavity6_B01BG28_Fail7_Score(0.983972).bmp,Low Dose Obstructing Region of Interest,L31,train
177216125d9cdf9453de6e15fb8a9025,/data/FMD_Data_26082026/fmd_temp_images/Updated ICube Categorical Classes 20260915/Low Dose/20260808_111112_L31_PalletGHB0808154654_Cavity10_B01BGTZ_Fail7_Score(0.9992061).bmp,Low Dose Obstructing Region of Interest,L31,train
1778cc28f7b01076c4fdd8655300d3c3,/data/FMD_Data_26082026/fmd_temp_images/Updated ICube Categorical Classes 20260915/Low Dose/20260808_102406_L31_PalletGHF0808145935_Cavity11_B01BGTZ_Fail4_Score(0.9418598).bmp,Low Dose Obstructing Region of Interest,L31,train
179f1f8b0bd42b556d6502ae70aec677,/data/FMD_Data_26082026/fmd_temp_images/Updated ICube Categorical Classes 20260915/Low Dose/20260808_163626_L31_PalletGHU0808211220_Cavity11_B01BGTZ_Fail6_Score(0.9823315).bmp,Low Dose Obstructing Region of Interest,L31,train
17ab51f4343df3741911b1533eea7a68,/data/FMD_Data_26082026/fmd_temp_images/Updated ICube Categorical Classes 20260915/Low Dose/20260808_055918_L31_PalletGHU0808103502_Cavity10_B01BGTX_Fail7_Score(0.9998463).bmp,Low Dose Obstructing Region of Interest,L31,train
17fdee7bd99165d250b0759b29ffd6d1,/data/FMD_Data_26082026/fmd_temp_images/Updated ICube Categorical Classes 20260915/Low Dose/20260813_104151_L31_PalletGHB0813151804_Cavity12_B01BGV4_Fail7_Score(0.9999274)_0.5847.bmp,Low Dose Obstructing Region of Interest,L31,train
183593011f0357c3e0c5af83c1b43c97,/data/FMD_Data_26082026/fmd_temp_images/Updated ICube Categorical Classes 20260915/Low Dose/20260813_185033_L31_PalletGHT0813232656_Cavity1_B01BGV5_Fail7_Score(0.9999974)_0.5814.bmp,Low Dose Obstructing Region of Interest,L31,train
19176f71ae581f33748ce243f358e3fe,/data/FMD_Data_26082026/fmd_temp_images/Updated ICube Categorical Classes 20260915/Low Dose/20260808_073849_L31_PalletGHN0808121427_Cavity7_B01BGTX_Fail7_Score(0.9990667).bmp,Low Dose Obstructing Region of Interest,L31,train
19d67d858ad8f3b0fce9914f66a52f31,/data/FMD_Data_26082026/fmd_temp_images/Updated ICube Categorical Classes 20260915/Low Dose/20260808_034700_L31_PalletGHD0808082252_Cavity4_B01BGTX_Fail7_Score(0.9951274).bmp,Low Dose Obstructing Region of Interest,L31,train
1a255cdbc6484586d1962263e65439f2,/data/FMD_Data_26082026/fmd_temp_images/Updated ICube Categorical Classes 20260915/Low Dose/20260814_002106_L31_PalletGHE0814045727_Cavity12_B01BGV6_Fail5_Score(0.9623919)_0.9841.bmp,Low Dose Obstructing Region of Interest,L31,train
1a64575746006e6079fe0a7e95a11c63,/data/FMD_Data_26082026/fmd_temp_images/Updated ICube Categorical Classes 20260915/Low Dose/20260813_181511_L31_PalletGHL0813225129_Cavity14_B01BGV5_Fail7_Score(0.9843458)_0.9992.bmp,Low Dose Obstructing Region of Interest,L31,train
1a7a80ab38d47c43359e30f21fba12a2,/data/FMD_Data_26082026/fmd_temp_images/Updated ICube Categorical Classes 20260915/Low Dose/20260814_043815_L31_PalletGHM0814091432_Cavity2_B01BGV7_Fail7_Score(0.9956785)_0.9987.bmp,Low Dose Obstructing Region of Interest,L31,train
1a8d3b03137276e777cc8cd7d6c2bc46,/data/FMD_Data_26082026/fmd_temp_images/Updated ICube Categorical Classes 20260915/Low Dose/20260807_002308_L31_PalletGHA0807045853_Cavity7_B01BGV1_Fail6_Score(0.9795954).bmp,Low Dose Obstructing Region of Interest,L31,train
1a9a196c1ce18972def2a0d33968846c,/data/FMD_Data_26082026/fmd_temp_images/Updated ICube Categorical Classes 20260915/Low Dose/20260806_125416_L31_PalletGHD0806172955_Cavity6_B01BGTT_Fail7_Score(0.9951129).bmp,Low Dose Obstructing Region of Interest,L31,train
1ac0b966af7af7c80e443aa850cf41af,/data/FMD_Data_26082026/fmd_temp_images/Updated ICube Categorical Classes 20260915/Low Dose/20260808_091633_L31_PalletGHI0808135225_Cavity12_B01BGTZ_Fail3_Score(0.9276214).bmp,Low Dose Obstructing Region of Interest,L31,train
1b29de6ee12c7614097cdac334bc2430,/data/FMD_Data_26082026/fmd_temp_images/Updated ICube Categorical Classes 20260915/Low Dose/20260808_113920_L31_PalletGHF0808161509_Cavity14_B01BGTZ_Fail4_Score(0.9361799).bmp,Low Dose Obstructing Region of Interest,L31,train
1b5ef3097e5ef6c897b881431cce0088,/data/FMD_Data_26082026/fmd_temp_images/Updated ICube Categorical Classes 20260915/Low Dose/20260806_035720_L31_PalletGHL0806083301_Cavity3_B01BGTR_Fail7_Score(0.9920104).bmp,Low Dose Obstructing Region of Interest,L31,train
1b833f6342c44e5fe5d8e4542a29e17f,/data/FMD_Data_26082026/fmd_temp_images/ICube Defects Library/Low Dose Obstructing Region of Interest/20260805_113201_L31_PalletGHI0805160737_Cavity6_B01BGTV_Fail7_Score(0.9999998).bmp,Low Dose Obstructing Region of Interest,L31,train
1c0a930740f9b5dc3775f75ae43afb5e,/data/FMD_Data_26082026/fmd_temp_images/Updated ICube Categorical Classes 20260915/Low Dose/20260813_195348_L31_PalletGHD0814003002_Cavity3_B01BGV5_Fail7_Score(0.9986425)_0.9995.bmp,Low Dose Obstructing Region of Interest,L31,train
1c98d99e09d467b04e9930db3255cf35,/data/FMD_Data_26082026/fmd_temp_images/Updated ICube Categorical Classes 20260915/Low Dose/20260808_202237_L31_PalletGHL0809005832_Cavity11_B01BGV2_Fail7_Score(0.9999979).bmp,Low Dose Obstructing Region of Interest,L31,train
1caf1098c510c4687665777e476829e0,/data/FMD_Data_26082026/fmd_temp_images/Updated ICube Categorical Classes 20260915/Low Dose/20260813_153503_L31_PalletGHH0813201120_Cavity14_B01BGV5_Fail4_Score(0.9403694)_0.9867.bmp,Low Dose Obstructing Region of Interest,L31,train
1cb4dee1e90457498af87eb0643b9793,/data/FMD_Data_26082026/fmd_temp_images/Updated ICube Categorical Classes 20260915/Low Dose/20260808_155043_L31_PalletGHA0808202634_Cavity10_B01BGTZ_Fail6_Score(0.9811946).bmp,Low Dose Obstructing Region of Interest,L31,train
1cc9104387fcd4a9c6145804fd158532,/data/FMD_Data_26082026/fmd_temp_images/Updated ICube Categorical Classes 20260915/Low Dose/20260808_055403_L31_PalletGHG0808102953_Cavity12_B01BGTX_Fail2_Score(0.9096242).bmp,Low Dose Obstructing Region of Interest,L31,train
1d46f784b92ee56750ccc3ed707ccc40,/data/FMD_Data_26082026/fmd_temp_images/Updated ICube Categorical Classes 20260915/Low Dose/20260808_154046_L31_PalletGHL0808201640_Cavity9_B01BGTZ_Fail6_Score(0.9789408).bmp,Low Dose Obstructing Region of Interest,L31,train
1d8b75b593afea8c166e33ebca886bf0,/data/FMD_Data_26082026/fmd_temp_images/Updated ICube Categorical Classes 20260915/Low Dose/20260808_072657_L31_PalletGHT0808120251_Cavity6_B01BGTX_Fail7_Score(0.9933249).bmp,Low Dose Obstructing Region of Interest,L31,train
1e3959dcfd82fb6a2f574b2940cfd1fe,/data/FMD_Data_26082026/fmd_temp_images/Updated ICube Categorical Classes 20260915/Low Dose/20260808_051128_L31_PalletGHE0808094720_Cavity4_B01BGTX_Fail7_Score(0.9920157).bmp,Low Dose Obstructing Region of Interest,L31,train
1ee99cb538ad5dce375241002a7b8dea,/data/FMD_Data_26082026/fmd_temp_images/Updated ICube Categorical Classes 20260915/Low Dose/20260808_145929_L31_PalletGHI0808193525_Cavity13_B01BGTZ_Fail5_Score(0.9593898).bmp,Low Dose Obstructing Region of Interest,L31,train
1f177f20df6760e65728f0fcc3969f2d,/data/FMD_Data_26082026/fmd_temp_images/Updated ICube Categorical Classes 20260915/Low Dose/20260808_150227_L31_PalletGHQ0808193818_Cavity13_B01BGTZ_Fail6_Score(0.9808397).bmp,Low Dose Obstructing Region of Interest,L31,train
1f4b5fdc55b591d5ff565b7c8fe7f100,/data/FMD_Data_26082026/fmd_temp_images/Updated ICube Categorical Classes 20260915/Low Dose/20260808_061427_L31_PalletGHF0808105014_Cavity6_B01BGTX_Fail6_Score(0.9805291).bmp,Low Dose Obstructing Region of Interest,L31,train
1f7103fc3a5b8fcdcae91350806b779d,/data/FMD_Data_26082026/fmd_temp_images/Updated ICube Categorical Classes 20260915/Low Dose/20260808_194251_L31_PalletGHM0809001852_Cavity13_B01BGV2_Fail7_Score(0.9914359).bmp,Low Dose Obstructing Region of Interest,L31,train
1fe06d4cbf55bbf363de6dc0530070d3,/data/FMD_Data_26082026/fmd_temp_images/Updated ICube Categorical Classes 20260915/Low Dose/20260808_051758_L31_PalletGHD0808095357_Cavity11_B01BGTX_Fail2_Score(0.915846).bmp,Low Dose Obstructing Region of Interest,L31,train
1fedc03447e07506eb58cf1c8dfc2f00,/data/FMD_Data_26082026/fmd_temp_images/Updated ICube Categorical Classes 20260915/Low Dose/20260808_004034_L31_PalletGHG0808051624_Cavity3_B01BG29_Fail2_Score(0.9051384).bmp,Low Dose Obstructing Region of Interest,L31,train
202b2b7cba39209820e839c8e052f2ab,/data/FMD_Data_26082026/fmd_temp_images/Updated ICube Categorical Classes 20260915/Low Dose/20260808_005515_L31_PalletGHS0808053103_Cavity5_B01BG29_Fail6_Score(0.974224).bmp,Low Dose Obstructing Region of Interest,L31,train
203c4565cff981d602e2b8a89eb891f2,/data/FMD_Data_26082026/fmd_temp_images/Updated ICube Categorical Classes 20260915/Low Dose/20260814_020428_L31_PalletGHA0814064044_Cavity6_B01BGV6_Fail5_Score(0.9616166)_0.9426.bmp,Low Dose Obstructing Region of Interest,L31,train
208bc48852b015c125cc941016a85796,/data/FMD_Data_26082026/fmd_temp_images/Updated ICube Categorical Classes 20260915/Low Dose/20260806_135011_L31_PalletGHB0806182544_Cavity2_B01BGTT_Fail7_Score(0.9996892).bmp,Low Dose Obstructing Region of Interest,L31,train
20aa829366bed063deca75282705896b,/data/FMD_Data_26082026/fmd_temp_images/Updated ICube Categorical Classes 20260915/Low Dose/20260813_151613_L31_PalletGHK0813195232_Cavity9_B01BGV5_Fail7_Score(0.9962246)_0.9992.bmp,Low Dose Obstructing Region of Interest,L31,train
20d065b232bf61f03bffcf22f1087609,/data/FMD_Data_26082026/fmd_temp_images/Updated ICube Categorical Classes 20260915/Low Dose/20260806_233735_L31_PalletGHD0807041315_Cavity15_B01BGV1_Fail7_Score(0.9996856).bmp,Low Dose Obstructing Region of Interest,L31,train
20db10ceb36bd70f7827fb19cfff339e,/data/FMD_Data_26082026/fmd_temp_images/Updated ICube Categorical Classes 20260915/Low Dose/20260808_162023_L31_PalletGHG0808205619_Cavity6_B01BGTZ_Fail3_Score(0.9308296).bmp,Low Dose Obstructing Region of Interest,L31,train
2154b3b3e1f86a0adb59aa6b468d63f8,/data/FMD_Data_26082026/fmd_temp_images/Updated ICube Categorical Classes 20260915/Low Dose/20260813_144449_L31_PalletGHJ0813192112_Cavity15_B01BGV4_Fail7_Score(0.999553)_0.9879.bmp,Low Dose Obstructing Region of Interest,L31,train
2191cc424939e07de2632d3fa5c128b3,/data/FMD_Data_26082026/fmd_temp_images/ICube Defects Library/Low Dose Obstructing Region of Interest/20260805_085217_L31_PalletGHC0805132754_Cavity12_B01BH5J_Fail7_Score(0.9993848).bmp,Low Dose Obstructing Region of Interest,L31,train
21b5c41f7a7451122747e4bde01209e5,/data/FMD_Data_26082026/fmd_temp_images/Updated ICube Categorical Classes 20260915/Low Dose/20260814_003345_L31_PalletGHE0814051002_Cavity2_B01BGV6_Fail4_Score(0.933457)_0.9971.bmp,Low Dose Obstructing Region of Interest,L31,train
21d5854087314d3f22416007145a48fb,/data/FMD_Data_26082026/fmd_temp_images/Updated ICube Categorical Classes 20260915/Low Dose/20260813_201611_L31_PalletGHP0814005139_Cavity4_B01BGV5_Fail7_Score(0.9994075)_0.9976.bmp,Low Dose Obstructing Region of Interest,L31,train
22014dfdd7466e53e4ca31882ad0d03e,/data/FMD_Data_26082026/fmd_temp_images/Updated ICube Categorical Classes 20260915/Low Dose/20260809_162956_L31_PalletGHP0809210549_Cavity4_B01BGVB_Fail7_Score(0.9968618)_0.5017.bmp,Low Dose Obstructing Region of Interest,L31,train
22246f8bde2ffae3a207fc15fc736454,/data/FMD_Data_26082026/fmd_temp_images/ICube Defects Library/Low Dose Obstructing Region of Interest/20260805_201245_L31_PalletGHH0806004827_Cavity4_B01BGTV_Fail7_Score(0.9927453).bmp,Low Dose Obstructing Region of Interest,L31,train
2229d971b964516e8519c08a36d2e02d,/data/FMD_Data_26082026/fmd_temp_images/Updated ICube Categorical Classes 20260915/Low Dose/20260808_103329_L31_PalletGHF0808150924_Cavity2_B01BGTZ_Fail7_Score(0.9998101).bmp,Low Dose Obstructing Region of Interest,L31,train
228cb65cb2fdd38228b3248d6425ae00,/data/FMD_Data_26082026/fmd_temp_images/Updated ICube Categorical Classes 20260915/Low Dose/20260808_091537_L31_PalletGHG0808135128_Cavity8_B01BGTZ_Fail4_Score(0.9372642).bmp,Low Dose Obstructing Region of Interest,L31,train
2291cb3c4197b32e17a2d5f3ccf001ea,/data/FMD_Data_26082026/fmd_temp_images/Updated ICube Categorical Classes 20260915/Low Dose/20260808_141636_L31_PalletGHT0808185230_Cavity9_B01BGTZ_Fail2_Score(0.9092288).bmp,Low Dose Obstructing Region of Interest,L31,train
230a957d091033defc9c2277b0ed8910,/data/FMD_Data_26082026/fmd_temp_images/Updated ICube Categorical Classes 20260915/Low Dose/20260808_220745_L31_PalletGHO0809024340_Cavity4_B01BGV2_Fail4_Score(0.9439983).bmp,Low Dose Obstructing Region of Interest,L31,train
234a1f95be14b38deaaef48fc0a49b3f,/data/FMD_Data_26082026/fmd_temp_images/Updated ICube Categorical Classes 20260915/Low Dose/20260806_135625_L31_PalletGHC0806183215_Cavity2_B01BGTT_Fail7_Score(0.9994253).bmp,Low Dose Obstructing Region of Interest,L31,train
2380266acddc1270f6b6c7afbe66150c,/data/FMD_Data_26082026/fmd_temp_images/Updated ICube Categorical Classes 20260915/Low Dose/20260808_081625_L31_PalletGHE0808125217_Cavity3_B01BGTX_Fail7_Score(0.9967103).bmp,Low Dose Obstructing Region of Interest,L31,train
241b447ed39f50dca4e681395f0c49cc,/data/FMD_Data_26082026/fmd_temp_images/Updated ICube Categorical Classes 20260915/Low Dose/20260808_194508_L31_PalletGHD0809002011_Cavity12_B01BGV2_Fail7_Score(0.9968672).bmp,Low Dose Obstructing Region of Interest,L31,train
243909812de59fa655d4921a5996b2ab,/data/FMD_Data_26082026/fmd_temp_images/Updated ICube Categorical Classes 20260915/Low Dose/20260807_235500_L31_PalletGHQ0808043052_Cavity11_B01BG28_Fail3_Score(0.9171118).bmp,Low Dose Obstructing Region of Interest,L31,train
245e0753a2a91cf6dcfd41872fccf321,/data/FMD_Data_26082026/fmd_temp_images/Updated ICube Categorical Classes 20260915/Low Dose/20260808_041737_L31_PalletGHM0808085334_Cavity8_B01BGTX_Fail7_Score(0.9994897).bmp,Low Dose Obstructing Region of Interest,L31,train
24a8f0ded42f11a94cee537531850a29,/data/FMD_Data_26082026/fmd_temp_images/Updated ICube Categorical Classes 20260915/Low Dose/20260808_190834_L31_PalletGHU0808234429_Cavity3_B01BGV2_Fail7_Score(0.9981583).bmp,Low Dose Obstructing Region of Interest,L31,train
2517da2bce55dc45f89b157a7727a850,/data/FMD_Data_26082026/fmd_temp_images/Updated ICube Categorical Classes 20260915/Low Dose/20260814_090243_L31_PalletGHR0814133912_Cavity8_B01BGV7_Fail2_Score(0.9081907)_0.6936.bmp,Low Dose Obstructing Region of Interest,L31,train
25803727e18b84a9b10b672c569730df,/data/FMD_Data_26082026/fmd_temp_images/Updated ICube Categorical Classes 20260915/Low Dose/20260808_144821_L31_PalletGHC0808192421_Cavity8_B01BGTZ_Fail7_Score(0.995816).bmp,Low Dose Obstructing Region of Interest,L31,train
2591a08308391089f6bb4813a2474f56,/data/FMD_Data_26082026/fmd_temp_images/Updated ICube Categorical Classes 20260915/Low Dose/20260808_231212_L31_PalletGHQ0809034809_Cavity15_B01BGV2_Fail7_Score(0.9999242).bmp,Low Dose Obstructing Region of Interest,L31,train
259d28fc037324abd58abb5316b4cd6b,/data/FMD_Data_26082026/fmd_temp_images/Updated ICube Categorical Classes 20260915/Low Dose/20260814_023359_L31_PalletGHR0814071015_Cavity8_B01BGV7_Fail7_Score(0.9932195)_0.9994.bmp,Low Dose Obstructing Region of Interest,L31,train
25a2dc489cc86888bd25ce19fae898fc,/data/FMD_Data_26082026/fmd_temp_images/Updated ICube Categorical Classes 20260915/Low Dose/20260805_113631_L31_PalletGHQ0805161139_Cavity7_B01BGTV_Fail2_Score(0.9160463).bmp,Low Dose Obstructing Region of Interest,L31,train
25a6448ef826dada8031c4108ffe1e57,/data/FMD_Data_26082026/fmd_temp_images/Updated ICube Categorical Classes 20260915/Low Dose/20260805_211906_L31_PalletGHK0806015447_Cavity15_B01BGTS_Fail6_Score(0.9774714).bmp,Low Dose Obstructing Region of Interest,L31,train
263cee753b896aff36c77cd0ed560dcb,/data/FMD_Data_26082026/fmd_temp_images/Updated ICube Categorical Classes 20260915/Low Dose/20260806_232157_L31_PalletGHB0807035740_Cavity13_B01BGV1_Fail7_Score(0.9993649).bmp,Low Dose Obstructing Region of Interest,L31,train
266ce8289c9bd50ebed2d77bb22ebc64,/data/FMD_Data_26082026/fmd_temp_images/Updated ICube Categorical Classes 20260915/Low Dose/20260807_182757_L31_PalletGHR0807230340_Cavity10_B01BGTW_Fail7_Score(0.9981947).bmp,Low Dose Obstructing Region of Interest,L31,train
2670ddacadcd3b0aac1302c5fb6c0a4a,/data/FMD_Data_26082026/fmd_temp_images/Updated ICube Categorical Classes 20260915/Low Dose/20260808_101058_L31_PalletGHL0808144656_Cavity7_B01BGTZ_Fail7_Score(0.9943407).bmp,Low Dose Obstructing Region of Interest,L31,train
269f2ecc8fdcdcf297b59c3fdcd1cd85,/data/FMD_Data_26082026/fmd_temp_images/Updated ICube Categorical Classes 20260915/Low Dose/20260808_161952_L31_PalletGHP0808205547_Cavity3_B01BGTZ_Fail7_Score(0.9850439).bmp,Low Dose Obstructing Region of Interest,L31,train
26b20478a0f3e74cc1b9533dddf9d646,/data/FMD_Data_26082026/fmd_temp_images/Updated ICube Categorical Classes 20260915/Low Dose/20260808_050227_L31_PalletGHN0808093825_Cavity8_B01BGTX_Fail2_Score(0.9110453).bmp,Low Dose Obstructing Region of Interest,L31,train
26bfdb7a17d0f6e4cc2b4f0b9767ecf3,/data/FMD_Data_26082026/fmd_temp_images/Updated ICube Categorical Classes 20260915/Low Dose/20260808_110415_L31_PalletGHO0808154005_Cavity3_B01BGTZ_Fail2_Score(0.9022308).bmp,Low Dose Obstructing Region of Interest,L31,train
26fbe049fc02f8ac8849aabcd5bf7c9c,/data/FMD_Data_26082026/fmd_temp_images/Updated ICube Categorical Classes 20260915/Low Dose/20260805_213456_L31_PalletGHT0806021037_Cavity6_B01BGTS_Fail3_Score(0.9281269).bmp,Low Dose Obstructing Region of Interest,L31,train
275d3d566fb5bef18835db2c26aa8f0b,/data/FMD_Data_26082026/fmd_temp_images/Updated ICube Categorical Classes 20260915/Low Dose/20260806_100942_L31_PalletGHM0806144523_Cavity14_B01BGTR_Fail4_Score(0.9360116).bmp,Low Dose Obstructing Region of Interest,L31,train
27cfe83fe0097a69f7b38b0c16e224e7,/data/FMD_Data_26082026/fmd_temp_images/Updated ICube Categorical Classes 20260915/Low Dose/20260808_231447_L31_PalletGHO0809035041_Cavity11_B01BGV2_Fail6_Score(0.9793731).bmp,Low Dose Obstructing Region of Interest,L31,train
2826ced301610d74508a1ce065bda9ec,/data/FMD_Data_26082026/fmd_temp_images/Updated ICube Categorical Classes 20260915/Low Dose/20260808_200946_L31_PalletGHL0809004541_Cavity5_B01BGV2_Fail7_Score(0.986245).bmp,Low Dose Obstructing Region of Interest,L31,train
282cc8e89ee72f1569150d07ac38245f,/data/FMD_Data_26082026/fmd_temp_images/Updated ICube Categorical Classes 20260915/Low Dose/20260814_082559_L31_PalletGHS0814130221_Cavity14_B01BGV7_Fail4_Score(0.9419614)_0.9953.bmp,Low Dose Obstructing Region of Interest,L31,train
283c01f342a335783c1e68c59ec56963,/data/FMD_Data_26082026/fmd_temp_images/Updated ICube Categorical Classes 20260915/Low Dose/20260806_160344_L31_PalletGHK0806203928_Cavity2_B01BGTT_Fail7_Score(0.9998974).bmp,Low Dose Obstructing Region of Interest,L31,train
28749566834847241e39024702897416,/data/FMD_Data_26082026/fmd_temp_images/Updated ICube Categorical Classes 20260915/Low Dose/20260809_175259_L31_PalletGHC0809222854_Cavity13_B01BGVB_Fail7_Score(0.9999394).bmp,Low Dose Obstructing Region of Interest,L31,train
28a160c4fe18e91f67303c2c6498e6fb,/data/FMD_Data_26082026/fmd_temp_images/Updated ICube Categorical Classes 20260915/Low Dose/20260814_031743_L31_PalletGHE0814075405_Cavity5_B01BGV7_Fail6_Score(0.9717472)_0.9998.bmp,Low Dose Obstructing Region of Interest,L31,train
28d1666ed5560508db403a498b3bcdb7,/data/FMD_Data_26082026/fmd_temp_images/Updated ICube Categorical Classes 20260915/Low Dose/20260808_035240_L31_PalletGHK0808082833_Cavity6_B01BGTX_Fail5_Score(0.9599625).bmp,Low Dose Obstructing Region of Interest,L31,train
292fc974130c2f0636d8b56a6c33d060,/data/FMD_Data_26082026/fmd_temp_images/Updated ICube Categorical Classes 20260915/Low Dose/20260806_093032_L31_PalletGHU0806140549_Cavity9_B01BGTR_Fail3_Score(0.9230937).bmp,Low Dose Obstructing Region of Interest,L31,train
294ffa835b07ab1bd9483b02b17c7a11,/data/FMD_Data_26082026/fmd_temp_images/Updated ICube Categorical Classes 20260915/Low Dose/20260814_041348_L31_PalletGHM0814085004_Cavity2_B01BGV7_Fail7_Score(0.9999883)_0.9984.bmp,Low Dose Obstructing Region of Interest,L31,train
29545104fb4ee81d4d0cac7b148211bd,/data/FMD_Data_26082026/fmd_temp_images/Updated ICube Categorical Classes 20260915/Low Dose/20260806_233559_L31_PalletGHH0807041136_Cavity9_B01BGV1_Fail7_Score(0.9992816).bmp,Low Dose Obstructing Region of Interest,L31,train
29e5a43550e1a05c61e5c5b5c23eb1f4,/data/FMD_Data_26082026/fmd_temp_images/Updated ICube Categorical Classes 20260915/Low Dose/20260814_015339_L31_PalletGHC0814062953_Cavity7_B01BGV6_Fail6_Score(0.9741631)_0.9148.bmp,Low Dose Obstructing Region of Interest,L31,train
29f51af60c8eb3305ba1d92c2011070e,/data/FMD_Data_26082026/fmd_temp_images/Updated ICube Categorical Classes 20260915/Low Dose/20260808_081209_L31_PalletGHM0808124800_Cavity9_B01BGTX_Fail6_Score(0.9689338).bmp,Low Dose Obstructing Region of Interest,L31,train
2a67d3bbf8a38bbe6386f839f7ccb02a,/data/FMD_Data_26082026/fmd_temp_images/Updated ICube Categorical Classes 20260915/Low Dose/20260808_055559_L31_PalletGHL0808103156_Cavity6_B01BGTX_Fail5_Score(0.9608808).bmp,Low Dose Obstructing Region of Interest,L31,train
2ac2bf05452f02a55600c9141e318c21,/data/FMD_Data_26082026/fmd_temp_images/Updated ICube Categorical Classes 20260915/Low Dose/20260814_031421_L31_PalletGHK0814075042_Cavity1_B01BGV7_Fail7_Score(0.9971579)_0.9926.bmp,Low Dose Obstructing Region of Interest,L31,train
2b04ed8343ffa1bb7792371aded18a08,/data/FMD_Data_26082026/fmd_temp_images/Updated ICube Categorical Classes 20260915/Low Dose/20260814_003011_L31_PalletGHR0814050629_Cavity9_B01BGV6_Fail6_Score(0.9734177)_0.9846.bmp,Low Dose Obstructing Region of Interest,L31,train
2b84c0ec950b7fd353f3bbf3e4f5d6c5,/data/FMD_Data_26082026/fmd_temp_images/Updated ICube Categorical Classes 20260915/Low Dose/20260808_160622_L31_PalletGHB0808204216_Cavity6_B01BGTZ_Fail2_Score(0.9038159).bmp,Low Dose Obstructing Region of Interest,L31,train
2bbd1df6210d55808ca9c9c21193d5f9,/data/FMD_Data_26082026/fmd_temp_images/Updated ICube Categorical Classes 20260915/Low Dose/20260808_105800_L31_PalletGHJ0808153353_Cavity10_B01BGTZ_Fail6_Score(0.9739989).bmp,Low Dose Obstructing Region of Interest,L31,train
2c39042a79654a1528107d9fc20594f7,/data/FMD_Data_26082026/fmd_temp_images/Updated ICube Categorical Classes 20260915/Low Dose/20260813_073042_L31_PalletGHH0813120653_Cavity15_B01BHKF_Fail7_Score(0.9973811)_0.9998.bmp,Low Dose Obstructing Region of Interest,L31,train
2caac94133c41808c66d165a618ba959,/data/FMD_Data_26082026/fmd_temp_images/Updated ICube Categorical Classes 20260915/Low Dose/20260806_154428_L31_PalletGHS0806201956_Cavity9_B01BGTT_Fail7_Score(0.9852431).bmp,Low Dose Obstructing Region of Interest,L31,train
2d00eb56db39be8ca077f74fdd344c1c,/data/FMD_Data_26082026/fmd_temp_images/Updated ICube Categorical Classes 20260915/Low Dose/20260813_143223_L31_PalletGHO0813190839_Cavity10_B01BGV4_Fail5_Score(0.9587557)_0.6479.bmp,Low Dose Obstructing Region of Interest,L31,train
2e10b41e0cb4922b5a93139fbbc83df6,/data/FMD_Data_26082026/fmd_temp_images/Updated ICube Categorical Classes 20260915/Low Dose/20260808_053623_L31_PalletGHR0808101208_Cavity11_B01BGTX_Fail3_Score(0.9270346).bmp,Low Dose Obstructing Region of Interest,L31,train
2ec0b059f546723d14358fac2c38c062,/data/FMD_Data_26082026/fmd_temp_images/Updated ICube Categorical Classes 20260915/Low Dose/20260813_183916_L31_PalletGHR0813231533_Cavity6_B01BGV5_Fail7_Score(0.9914519)_0.9973.bmp,Low Dose Obstructing Region of Interest,L31,train
2f10a5b83b80d73f6b392bad12e104d5,/data/FMD_Data_26082026/fmd_temp_images/Updated ICube Categorical Classes 20260915/Low Dose/20260808_095808_L31_PalletGHD0808143401_Cavity15_B01BGTZ_Fail7_Score(0.9946983).bmp,Low Dose Obstructing Region of Interest,L31,train
2f61eb85f25a8e95c88a690e181219b2,/data/FMD_Data_26082026/fmd_temp_images/Updated ICube Categorical Classes 20260915/Low Dose/20260808_054636_L31_PalletGHT0808102212_Cavity9_B01BGTX_Fail7_Score(0.996465).bmp,Low Dose Obstructing Region of Interest,L31,train
30063a855f64c971664a7171479efcdf,/data/FMD_Data_26082026/fmd_temp_images/Updated ICube Categorical Classes 20260915/Low Dose/20260808_035456_L31_PalletGHB0808083048_Cavity4_B01BGTX_Fail7_Score(0.9963446).bmp,Low Dose Obstructing Region of Interest,L31,train
301392d1a7bcb4769e42bc33334344c9,/data/FMD_Data_26082026/fmd_temp_images/Updated ICube Categorical Classes 20260915/Low Dose/20260813_180757_L31_PalletGHO0813224418_Cavity1_B01BGV5_Fail7_Score(0.9999309)_0.3419.bmp,Low Dose Obstructing Region of Interest,L31,train
304b7fdc5cbb2bc7240802d2f8683e45,/data/FMD_Data_26082026/fmd_temp_images/Updated ICube Categorical Classes 20260915/Low Dose/20260808_202051_L31_PalletGHK0809005647_Cavity7_B01BGV2_Fail5_Score(0.9651659).bmp,Low Dose Obstructing Region of Interest,L31,train
30ca9ca75e8e81541c37ed9f071118e8,/data/FMD_Data_26082026/fmd_temp_images/Updated ICube Categorical Classes 20260915/Low Dose/20260808_154052_L31_PalletGHN0808201646_Cavity11_B01BGTZ_Fail7_Score(0.990631).bmp,Low Dose Obstructing Region of Interest,L31,train
30d44da75f9e9b942b8420bbcda9cce4,/data/FMD_Data_26082026/fmd_temp_images/Updated ICube Categorical Classes 20260915/Low Dose/20260813_074421_L31_PalletGHO0813122028_Cavity2_B01BHKF_Fail7_Score(0.9896618)_0.9994.bmp,Low Dose Obstructing Region of Interest,L31,train
3135e82dff48869c33606bddb28cc967,/data/FMD_Data_26082026/fmd_temp_images/Updated ICube Categorical Classes 20260915/Low Dose/20260808_050021_L31_PalletGHE0808093614_Cavity11_B01BGTX_Fail7_Score(0.9997981).bmp,Low Dose Obstructing Region of Interest,L31,train
313fcf7164b46c57177d59a1810f5fea,/data/FMD_Data_26082026/fmd_temp_images/Updated ICube Categorical Classes 20260915/Low Dose/20260813_190916_L31_PalletGHE0813234534_Cavity11_B01BGV5_Fail7_Score(0.9989442)_0.9995.bmp,Low Dose Obstructing Region of Interest,L31,train
31623e273855fc1fca2009b494d31f39,/data/FMD_Data_26082026/fmd_temp_images/Updated ICube Categorical Classes 20260915/Low Dose/20260813_193251_L31_PalletGHJ0814000911_Cavity5_B01BGV5_Fail7_Score(0.9973944)_0.9907.bmp,Low Dose Obstructing Region of Interest,L31,train
32275f1a4db266805f96cbedc28fbbdb,/data/FMD_Data_26082026/fmd_temp_images/Updated ICube Categorical Classes 20260915/Low Dose/20260807_004701_L31_PalletGHO0807052246_Cavity11_B01BGV1_Fail7_Score(0.9998334).bmp,Low Dose Obstructing Region of Interest,L31,train
324732040291f432a0fa9a85bd6cbb26,/data/FMD_Data_26082026/fmd_temp_images/Updated ICube Categorical Classes 20260915/Low Dose/20260814_023315_L31_PalletGHA0814070935_Cavity11_B01BGV7_Fail7_Score(0.9996078)_0.9289.bmp,Low Dose Obstructing Region of Interest,L31,train
32ea0e994c3d67598255c5edbd1562ef,/data/FMD_Data_26082026/fmd_temp_images/Updated ICube Categorical Classes 20260915/Low Dose/20260808_141034_L31_PalletGHA0808184624_Cavity7_B01BGTZ_Fail4_Score(0.9432333).bmp,Low Dose Obstructing Region of Interest,L31,train
3326597ed6c4c66014f64faa621b9cbd,/data/FMD_Data_26082026/fmd_temp_images/Updated ICube Categorical Classes 20260915/Low Dose/20260807_235007_L31_PalletGHH0808042558_Cavity15_B01BG28_Fail5_Score(0.9621153).bmp,Low Dose Obstructing Region of Interest,L31,train
335a5142fbcd95d6c2e849ab9bb9a9a2,/data/FMD_Data_26082026/fmd_temp_images/Updated ICube Categorical Classes 20260915/Low Dose/20260809_195455_L31_PalletGHI0810003040_Cavity4_B01BGVB_Fail7_Score(0.9999702).bmp,Low Dose Obstructing Region of Interest,L31,train
34dab4384c4f085bc77a1aea7ed64390,/data/FMD_Data_26082026/fmd_temp_images/Updated ICube Categorical Classes 20260915/Low Dose/20260807_084810_L31_PalletGHJ0807132356_Cavity5_B01BGV0_Fail6_Score(0.9706865).bmp,Low Dose Obstructing Region of Interest,L31,train
351d6dda381253ac7f28d949c306672e,/data/FMD_Data_26082026/fmd_temp_images/Updated ICube Categorical Classes 20260915/Low Dose/20260808_165601_L31_PalletGHT0808213157_Cavity9_B01BGV2_Fail7_Score(0.9991561).bmp,Low Dose Obstructing Region of Interest,L31,train
352fc29bff7160e0f600e7f791768d42,/data/FMD_Data_26082026/fmd_temp_images/Updated ICube Categorical Classes 20260915/Low Dose/20260813_072625_L31_PalletGHL0813120241_Cavity10_B01BHKF_Fail7_Score(0.9999694)_0.8246.bmp,Low Dose Obstructing Region of Interest,L31,train
353414a0f042303e558e6412b34b1a0d,/data/FMD_Data_26082026/fmd_temp_images/Updated ICube Categorical Classes 20260915/Low Dose/20260807_231420_L31_PalletGHU0808035009_Cavity1_B01BG28_Fail2_Score(0.908469).bmp,Low Dose Obstructing Region of Interest,L31,train
3548757340ed1f92951d184819125ba0,/data/FMD_Data_26082026/fmd_temp_images/Updated ICube Categorical Classes 20260915/Low Dose/20260808_222750_L31_PalletGHI0809030345_Cavity15_B01BGV2_Fail7_Score(0.9998422).bmp,Low Dose Obstructing Region of Interest,L31,train
35786b7815f423bb3007dac90bedf80c,/data/FMD_Data_26082026/fmd_temp_images/ICube Defects Library/Low Dose Obstructing Region of Interest/20260806_012242_L31_PalletGHQ0806055826_Cavity5_B01BGTS_Fail7_Score(1).bmp,Low Dose Obstructing Region of Interest,L31,train
361332a596b09aa5c4aebf4155b4b967,/data/FMD_Data_26082026/fmd_temp_images/Updated ICube Categorical Classes 20260915/Low Dose/20260808_062852_L31_PalletGHU0808110446_Cavity9_B01BGTX_Fail6_Score(0.9826972).bmp,Low Dose Obstructing Region of Interest,L31,train
3695bf5da15dad77eeb1f3c27eb9a4fe,/data/FMD_Data_26082026/fmd_temp_images/Updated ICube Categorical Classes 20260915/Low Dose/20260814_090117_L31_PalletGHO0814133656_Cavity14_B01BGV7_Fail7_Score(0.9996819)_0.9997.bmp,Low Dose Obstructing Region of Interest,L31,train
36d33693b675ac1cc90e88c94d167019,/data/FMD_Data_26082026/fmd_temp_images/Updated ICube Categorical Classes 20260915/Low Dose/20260808_102845_L31_PalletGHU0808150440_Cavity14_B01BGTZ_Fail7_Score(0.9998229).bmp,Low Dose Obstructing Region of Interest,L31,train
36e4c8b39f652d2f8206d80ce7d15d82,/data/FMD_Data_26082026/fmd_temp_images/Updated ICube Categorical Classes 20260915/Low Dose/20260807_182525_L31_PalletGHE0807230108_Cavity13_B01BGTW_Fail7_Score(0.9999999)_0.4451.bmp,Low Dose Obstructing Region of Interest,L31,train
373176a5cd7ae278dac2119f384f57b5,/data/FMD_Data_26082026/fmd_temp_images/Updated ICube Categorical Classes 20260915/Low Dose/20260808_123546_L31_PalletGHD0808171139_Cavity14_B01BGTZ_Fail7_Score(0.9999492).bmp,Low Dose Obstructing Region of Interest,L31,train
37681df0bd7dc32ed920aeeb7f168ef0,/data/FMD_Data_26082026/fmd_temp_images/Updated ICube Categorical Classes 20260915/Low Dose/20260808_024534_L31_PalletGHK0808072128_Cavity10_B01BGTX_Fail7_Score(0.9996712).bmp,Low Dose Obstructing Region of Interest,L31,train
37766ff9c8211d2797a95db3761c0b44,/data/FMD_Data_26082026/fmd_temp_images/Updated ICube Categorical Classes 20260915/Low Dose/20260813_074640_L31_PalletGHH0813122254_Cavity6_B01BHKF_Fail5_Score(0.9615629)_0.3786.bmp,Low Dose Obstructing Region of Interest,L31,train
37826695646aebb43d7aa067b4f0354e,/data/FMD_Data_26082026/fmd_temp_images/Updated ICube Categorical Classes 20260915/Low Dose/20260808_003553_L31_PalletGHD0808051144_Cavity1_B01BG29_Fail7_Score(0.9999992).bmp,Low Dose Obstructing Region of Interest,L31,train
37b32cbf4ff766260df94c933f149541,/data/FMD_Data_26082026/fmd_temp_images/Updated ICube Categorical Classes 20260915/Low Dose/20260808_042403_L31_PalletGHM0808085954_Cavity12_B01BGTX_Fail7_Score(0.9999446).bmp,Low Dose Obstructing Region of Interest,L31,train
37d969c8bd7e87527ba063e4c9461f13,/data/FMD_Data_26082026/fmd_temp_images/Updated ICube Categorical Classes 20260915/Low Dose/20260809_191233_L31_PalletGHA0809234830_Cavity11_B01BGVB_Fail7_Score(0.9981661).bmp,Low Dose Obstructing Region of Interest,L31,train
37ed720e120c4c0980746e1e227f16a2,/data/FMD_Data_26082026/fmd_temp_images/Updated ICube Categorical Classes 20260915/Low Dose/20260809_172036_L31_PalletGHR0809215633_Cavity9_B01BGVB_Fail7_Score(0.9998252)_0.4196.bmp,Low Dose Obstructing Region of Interest,L31,train
381187c16ce6cd3c97ff7540eac010a9,/data/FMD_Data_26082026/fmd_temp_images/Updated ICube Categorical Classes 20260915/Low Dose/20260810_122825_L31_PalletGHB0810170427_Cavity1_B01BHK4_Fail7_Score(0.9968994)_0.4024.bmp,Low Dose Obstructing Region of Interest,L31,train
382c01122eba0a997d02602a765b5723,/data/FMD_Data_26082026/fmd_temp_images/Updated ICube Categorical Classes 20260915/Low Dose/20260807_185148_L31_PalletGHF0807232727_Cavity10_B01BGTW_Fail6_Score(0.9830404).bmp,Low Dose Obstructing Region of Interest,L31,train
38657fdc02758ae1c3d0a208eefbf45b,/data/FMD_Data_26082026/fmd_temp_images/Updated ICube Categorical Classes 20260915/Low Dose/20260808_140233_L31_PalletGHS0808183824_Cavity12_B01BGTZ_Fail7_Score(0.996426).bmp,Low Dose Obstructing Region of Interest,L31,train
38c1c6f316caeed6817e35a05efd74d3,/data/FMD_Data_26082026/fmd_temp_images/Updated ICube Categorical Classes 20260915/Low Dose/20260808_073209_L31_PalletGHI0808120751_Cavity1_B01BGTX_Fail7_Score(0.9886099).bmp,Low Dose Obstructing Region of Interest,L31,train
394f4ae39beff5ec3ff5a1d6edc15437,/data/FMD_Data_26082026/fmd_temp_images/Updated ICube Categorical Classes 20260915/Low Dose/20260808_113203_L31_PalletGHA0808160755_Cavity10_B01BGTZ_Fail7_Score(0.9942808).bmp,Low Dose Obstructing Region of Interest,L31,train
399c60ce6aaf64ad06ada345d9233e16,/data/FMD_Data_26082026/fmd_temp_images/Updated ICube Categorical Classes 20260915/Low Dose/20260813_193251_L31_PalletGHJ0814000911_Cavity13_B01BGV5_Fail6_Score(0.9723184)_0.6225.bmp,Low Dose Obstructing Region of Interest,L31,train
3a09222c68406911de14169ac89f8104,/data/FMD_Data_26082026/fmd_temp_images/Updated ICube Categorical Classes 20260915/Low Dose/20260814_072248_L31_PalletGHM0814115907_Cavity11_B01BGV7_Fail7_Score(0.9991448)_0.6636.bmp,Low Dose Obstructing Region of Interest,L31,train
3a1c6c13dacc6804f5b66e2738c48843,/data/FMD_Data_26082026/fmd_temp_images/Updated ICube Categorical Classes 20260915/Low Dose/20260806_163308_L31_PalletGHG0806210850_Cavity15_B01BGTT_Fail5_Score(0.965748).bmp,Low Dose Obstructing Region of Interest,L31,train
3a2be98825283ca6642b9e20ab92859a,/data/FMD_Data_26082026/fmd_temp_images/Updated ICube Categorical Classes 20260915/Low Dose/20260806_090925_L31_PalletGHJ0806134442_Cavity5_B01BGTR_Fail6_Score(0.9803932).bmp,Low Dose Obstructing Region of Interest,L31,train
3a6d101b65b6701ec130c6d520d9c860,/data/FMD_Data_26082026/fmd_temp_images/Updated ICube Categorical Classes 20260915/Low Dose/20260808_042345_L31_PalletGHG0808085938_Cavity12_B01BGTX_Fail7_Score(0.9946162).bmp,Low Dose Obstructing Region of Interest,L31,train
3a83d88d16349a4638b4ec7a24965e79,/data/FMD_Data_26082026/fmd_temp_images/Updated ICube Categorical Classes 20260915/Low Dose/20260808_164657_L31_PalletGHN0808212249_Cavity1_B01BGTZ_Fail7_Score(0.9999873).bmp,Low Dose Obstructing Region of Interest,L31,train
3ae1e94664da79e387a338d8ce322d90,/data/FMD_Data_26082026/fmd_temp_images/Updated ICube Categorical Classes 20260915/Low Dose/20260808_114209_L31_PalletGHE0808161804_Cavity13_B01BGTZ_Fail7_Score(0.9921637).bmp,Low Dose Obstructing Region of Interest,L31,train
3b2984c6eb43d7ebd3a74ac5f9a0967a,/data/FMD_Data_26082026/fmd_temp_images/Updated ICube Categorical Classes 20260915/Low Dose/20260810_023137_L31_PalletGHA0810070737_Cavity10_B01BHK3_Fail7_Score(0.9999965).bmp,Low Dose Obstructing Region of Interest,L31,train
3b41319319de34ba7c186137f8086a31,/data/FMD_Data_26082026/fmd_temp_images/Updated ICube Categorical Classes 20260915/Low Dose/20260814_045619_L31_PalletGHU0814093236_Cavity3_B01BGV7_Fail2_Score(0.9086503)_0.7976.bmp,Low Dose Obstructing Region of Interest,L31,train
3b61cf34d4320f3023a0aee322f478e6,/data/FMD_Data_26082026/fmd_temp_images/Updated ICube Categorical Classes 20260915/Low Dose/20260807_045701_L31_PalletGHB0807093246_Cavity2_B01BGV0_Fail6_Score(0.969115).bmp,Low Dose Obstructing Region of Interest,L31,train
3b90ca283c0a0fe140dc64d071fabfc1,/data/FMD_Data_26082026/fmd_temp_images/Updated ICube Categorical Classes 20260915/Low Dose/20260808_140254_L31_PalletGHF0808183844_Cavity11_B01BGTZ_Fail3_Score(0.9287115).bmp,Low Dose Obstructing Region of Interest,L31,train
3b90cdfc10f1755a2295ce71328da9e4,/data/FMD_Data_26082026/fmd_temp_images/Updated ICube Categorical Classes 20260915/Low Dose/20260813_115049_L31_PalletGHO0813162700_Cavity15_B01BGV4_Fail7_Score(0.9903034)_0.9796.bmp,Low Dose Obstructing Region of Interest,L31,train
3bd58592d85c01f2c1267240d9723c3c,/data/FMD_Data_26082026/fmd_temp_images/Updated ICube Categorical Classes 20260915/Low Dose/20260814_040721_L31_PalletGHT0814084340_Cavity1_B01BGV7_Fail6_Score(0.9681401)_0.9998.bmp,Low Dose Obstructing Region of Interest,L31,train
3bf23cc85b1282360fb70040e8033045,/data/FMD_Data_26082026/fmd_temp_images/Updated ICube Categorical Classes 20260915/Low Dose/20260807_233429_L31_PalletGHR0808041015_Cavity11_B01BG28_Fail7_Score(0.9862947).bmp,Low Dose Obstructing Region of Interest,L31,train
3c9401e8ce862647f56df11ea49f74d6,/data/FMD_Data_26082026/fmd_temp_images/Updated ICube Categorical Classes 20260915/Low Dose/20260808_145143_L31_PalletGHS0808192738_Cavity4_B01BGTZ_Fail6_Score(0.9795232).bmp,Low Dose Obstructing Region of Interest,L31,train
3ce55331703e32257af7b9fdddc5160a,/data/FMD_Data_26082026/fmd_temp_images/Updated ICube Categorical Classes 20260915/Low Dose/20260808_024259_L31_PalletGHM0808071850_Cavity14_B01BGTX_Fail7_Score(0.9880404).bmp,Low Dose Obstructing Region of Interest,L31,train
3d14bf04393a9a927c8580e739f07854,/data/FMD_Data_26082026/fmd_temp_images/Updated ICube Categorical Classes 20260915/Low Dose/20260813_083606_L31_PalletGHH0813131229_Cavity1_B01BHKF_Fail4_Score(0.9356084)_0.9998.bmp,Low Dose Obstructing Region of Interest,L31,train
3e16b455e20502aef143bf6498df6e61,/data/FMD_Data_26082026/fmd_temp_images/Updated ICube Categorical Classes 20260915/Low Dose/20260808_075442_L31_PalletGHF0808123035_Cavity13_B01BGTX_Fail7_Score(0.9996305).bmp,Low Dose Obstructing Region of Interest,L31,train
3e4123d95d8e37612508dd761fd88377,/data/FMD_Data_26082026/fmd_temp_images/Updated ICube Categorical Classes 20260915/Low Dose/20260808_155803_L31_PalletGHI0808203355_Cavity8_B01BGTZ_Fail7_Score(0.9999874).bmp,Low Dose Obstructing Region of Interest,L31,train
3e58f4228a7d1cd45f669b594a0421da,/data/FMD_Data_26082026/fmd_temp_images/Updated ICube Categorical Classes 20260915/Low Dose/20260808_180529_L31_PalletGHA0808224124_Cavity4_B01BGV2_Fail4_Score(0.9371607).bmp,Low Dose Obstructing Region of Interest,L31,train
3e8c8e70a028333f9f69b1bcdab17613,/data/FMD_Data_26082026/fmd_temp_images/Updated ICube Categorical Classes 20260915/Low Dose/20260813_115153_L31_PalletGHQ0813162817_Cavity6_B01BGV4_Fail7_Score(0.9999076)_0.9936.bmp,Low Dose Obstructing Region of Interest,L31,train
3f5f2615a45d47e7a13b421224cdbea4,/data/FMD_Data_26082026/fmd_temp_images/Updated ICube Categorical Classes 20260915/Low Dose/20260808_111633_L31_PalletGHB0808155227_Cavity10_B01BGTZ_Fail7_Score(0.9997784).bmp,Low Dose Obstructing Region of Interest,L31,train
40288b43ffbc360e616a4d99ce901ad3,/data/FMD_Data_26082026/fmd_temp_images/Updated ICube Categorical Classes 20260915/Low Dose/20260813_235117_L31_PalletGHF0814042738_Cavity2_B01BGV6_Fail7_Score(0.9994109)_0.9993.bmp,Low Dose Obstructing Region of Interest,L31,train
407e93ced6403314bfd1750d6f270899,/data/FMD_Data_26082026/fmd_temp_images/Updated ICube Categorical Classes 20260915/Low Dose/20260808_064948_L31_PalletGHP0808112538_Cavity3_B01BGTX_Fail4_Score(0.9403561).bmp,Low Dose Obstructing Region of Interest,L31,train
407fc41bfb975ecefa341f9b9a9bdbd0,/data/FMD_Data_26082026/fmd_temp_images/Updated ICube Categorical Classes 20260915/Low Dose/20260813_202133_L31_PalletGHM0814005753_Cavity12_B01BGV5_Fail7_Score(0.999553)_0.9987.bmp,Low Dose Obstructing Region of Interest,L31,train
40b73428e88612b4ea59e5e702ec37a7,/data/FMD_Data_26082026/fmd_temp_images/Updated ICube Categorical Classes 20260915/Low Dose/20260807_095633_L31_PalletGHQ0807143216_Cavity4_B01BGV0_Fail7_Score(0.9913788).bmp,Low Dose Obstructing Region of Interest,L31,train
40d2d09eeaf8eac4ea1c8d54600246b2,/data/FMD_Data_26082026/fmd_temp_images/Updated ICube Categorical Classes 20260915/Low Dose/20260809_195216_L31_PalletGHA0810002816_Cavity1_B01BGVB_Fail5_Score(0.954856).bmp,Low Dose Obstructing Region of Interest,L31,train
40f5fdf43e4c23d42251d1e126a86774,/data/FMD_Data_26082026/fmd_temp_images/Updated ICube Categorical Classes 20260915/Low Dose/20260807_020205_L31_PalletGHG0807063751_Cavity15_B01BGV1_Fail7_Score(0.9995961).bmp,Low Dose Obstructing Region of Interest,L31,train
4222be9de39a5f9ca728e449eef06b92,/data/FMD_Data_26082026/fmd_temp_images/Updated ICube Categorical Classes 20260915/Low Dose/20260808_023413_L31_PalletGHT0808071002_Cavity8_B01BGTX_Fail7_Score(0.9998887).bmp,Low Dose Obstructing Region of Interest,L31,train
4230c248001f9d0e1680680497552d25,/data/FMD_Data_26082026/fmd_temp_images/Updated ICube Categorical Classes 20260915/Low Dose/20260808_165707_L31_PalletGHT0808213307_Cavity1_B01BGV2_Fail7_Score(0.9972386).bmp,Low Dose Obstructing Region of Interest,L31,train
42b89910f4dc784e00ca20c33525b6ba,/data/FMD_Data_26082026/fmd_temp_images/Updated ICube Categorical Classes 20260915/Low Dose/20260808_125434_L31_PalletGHC0808173018_Cavity6_B01BGTZ_Fail6_Score(0.9820157).bmp,Low Dose Obstructing Region of Interest,L31,train
4304b82d207c9c99c5171cffbd42cff2,/data/FMD_Data_26082026/fmd_temp_images/Updated ICube Categorical Classes 20260915/Low Dose/20260808_033439_L31_PalletGHH0808081025_Cavity9_B01BGTX_Fail3_Score(0.9257867).bmp,Low Dose Obstructing Region of Interest,L31,train
4315b339e623cd7d086133d62d8816e9,/data/FMD_Data_26082026/fmd_temp_images/Updated ICube Categorical Classes 20260915/Low Dose/20260805_211156_L31_PalletGHN0806014737_Cavity14_B01BGTS_Fail2_Score(0.9108447).bmp,Low Dose Obstructing Region of Interest,L31,train
433fab36e51ebf656aa1beb6a1a8d0d9,/data/FMD_Data_26082026/fmd_temp_images/Updated ICube Categorical Classes 20260915/Low Dose/20260808_195808_L31_PalletGHM0809003352_Cavity6_B01BGV2_Fail7_Score(0.9957955).bmp,Low Dose Obstructing Region of Interest,L31,train
444aa3dd3a31a67df0a844123b7df7cd,/data/FMD_Data_26082026/fmd_temp_images/Updated ICube Categorical Classes 20260915/Low Dose/20260805_232005_L31_PalletGHH0806035550_Cavity12_B01BGTS_Fail7_Score(0.9992356)_0.6413.bmp,Low Dose Obstructing Region of Interest,L31,train
446162ee2e921fd05c7ff8c71174a286,/data/FMD_Data_26082026/fmd_temp_images/Updated ICube Categorical Classes 20260915/Low Dose/20260806_153744_L31_PalletGHL0806201326_Cavity6_B01BGTT_Fail7_Score(0.9991059).bmp,Low Dose Obstructing Region of Interest,L31,train
44ae3d0de523a26236316f07590443f3,/data/FMD_Data_26082026/fmd_temp_images/Updated ICube Categorical Classes 20260915/Low Dose/20260808_042954_L31_PalletGHU0808090546_Cavity2_B01BGTX_Fail7_Score(0.9997667).bmp,Low Dose Obstructing Region of Interest,L31,train
44c3d2cea3bbcc73e9a11e3eb3106316,/data/FMD_Data_26082026/fmd_temp_images/Updated ICube Categorical Classes 20260915/Low Dose/20260808_084531_L31_PalletGHP0808132123_Cavity7_B01BGTX_Fail7_Score(0.9997946).bmp,Low Dose Obstructing Region of Interest,L31,train
451bdf0e3c77c3d8e9794c564367b553,/data/FMD_Data_26082026/fmd_temp_images/Updated ICube Categorical Classes 20260915/Low Dose/20260808_081554_L31_PalletGHO0808125149_Cavity9_B01BGTX_Fail3_Score(0.9283754).bmp,Low Dose Obstructing Region of Interest,L31,train
45415c8d16ece2e61d6024b6af27b1ad,/data/FMD_Data_26082026/fmd_temp_images/Updated ICube Categorical Classes 20260915/Low Dose/20260808_143406_L31_PalletGHK0808190958_Cavity8_B01BGTZ_Fail5_Score(0.9513295).bmp,Low Dose Obstructing Region of Interest,L31,train
45483ea4f770fd5ce0dd9579b69204f8,/data/FMD_Data_26082026/fmd_temp_images/Updated ICube Categorical Classes 20260915/Low Dose/20260808_192456_L31_PalletGHI0809000048_Cavity15_B01BGV2_Fail5_Score(0.9663606).bmp,Low Dose Obstructing Region of Interest,L31,train
455bc101d4d550a59c8f74d4d1602374,/data/FMD_Data_26082026/fmd_temp_images/Updated ICube Categorical Classes 20260915/Low Dose/20260808_052323_L31_PalletGHH0808095914_Cavity1_B01BGTX_Fail5_Score(0.9551377).bmp,Low Dose Obstructing Region of Interest,L31,train
458a5b1879b00e588cabf37126338010,/data/FMD_Data_26082026/fmd_temp_images/Updated ICube Categorical Classes 20260915/Low Dose/20260813_105206_L31_PalletGHI0813152825_Cavity9_B01BGV4_Fail7_Score(0.9991196)_0.9987.bmp,Low Dose Obstructing Region of Interest,L31,train
458c7baf36f8a45c981823073568cd49,/data/FMD_Data_26082026/fmd_temp_images/Updated ICube Categorical Classes 20260915/Low Dose/20260809_174946_L31_PalletGHQ0809222545_Cavity8_B01BGVB_Fail7_Score(0.9991571).bmp,Low Dose Obstructing Region of Interest,L31,train
45920be0840a9f71f15c49beb06807f8,/data/FMD_Data_26082026/fmd_temp_images/Updated ICube Categorical Classes 20260915/Low Dose/20260806_135107_L31_PalletGHE0806182645_Cavity5_B01BGTT_Fail5_Score(0.9562302).bmp,Low Dose Obstructing Region of Interest,L31,train
463fe072e3c2f3098d43f06199c21b27,/data/FMD_Data_26082026/fmd_temp_images/Updated ICube Categorical Classes 20260915/Low Dose/20260813_203544_L31_PalletGHA0814011204_Cavity7_B01BGV5_Fail7_Score(0.9998206)_0.4519.bmp,Low Dose Obstructing Region of Interest,L31,train
469c27bf39868432f9cf9d652313c3e6,/data/FMD_Data_26082026/fmd_temp_images/ICube Defects Library/Low Dose Obstructing Region of Interest/20260805_133542_L31_PalletGHP0805181122_Cavity14_B01BGTV_Fail7_Score(0.9948695).bmp,Low Dose Obstructing Region of Interest,L31,train
475c0438cc0d9df6c3ddd98a3779a6f3,/data/FMD_Data_26082026/fmd_temp_images/Updated ICube Categorical Classes 20260915/Low Dose/20260808_194623_L31_PalletGHM0809002218_Cavity3_B01BGV2_Fail7_Score(0.999764).bmp,Low Dose Obstructing Region of Interest,L31,train
476ca3c5738739b8ce767a60b452b0f2,/data/FMD_Data_26082026/fmd_temp_images/ICube Defects Library/Low Dose Obstructing Region of Interest/20260805_213047_L31_PalletGHE0806020629_Cavity14_B01BGTS_Fail7_Score(0.9968225).bmp,Low Dose Obstructing Region of Interest,L31,train
477f36bcd1e235b28a9f5c673420ffee,/data/FMD_Data_26082026/fmd_temp_images/Updated ICube Categorical Classes 20260915/Low Dose/20260808_033146_L31_PalletGHE0808080737_Cavity4_B01BGTX_Fail7_Score(0.9915601).bmp,Low Dose Obstructing Region of Interest,L31,train
47c083b54564ad53388c06e68a808859,/data/FMD_Data_26082026/fmd_temp_images/Updated ICube Categorical Classes 20260915/Low Dose/20260808_111418_L31_PalletGHJ0808155009_Cavity11_B01BGTZ_Fail7_Score(0.9932743).bmp,Low Dose Obstructing Region of Interest,L31,train
47fa57f2cc1e3564c34f57f40878d9a5,/data/FMD_Data_26082026/fmd_temp_images/Updated ICube Categorical Classes 20260915/Low Dose/20260808_064902_L31_PalletGHS0808112452_Cavity12_B01BGTX_Fail7_Score(0.9998633).bmp,Low Dose Obstructing Region of Interest,L31,train
4845208a35b0805860266d4c0ac854c8,/data/FMD_Data_26082026/fmd_temp_images/Updated ICube Categorical Classes 20260915/Low Dose/20260809_190944_L31_PalletGHQ0809234539_Cavity10_B01BGVB_Fail7_Score(0.9902362).bmp,Low Dose Obstructing Region of Interest,L31,train
4851d0e20a79e8635db9ce979f8e084e,/data/FMD_Data_26082026/fmd_temp_images/Updated ICube Categorical Classes 20260915/Low Dose/20260808_100024_L31_PalletGHN0808143618_Cavity15_B01BGTZ_Fail3_Score(0.9190436).bmp,Low Dose Obstructing Region of Interest,L31,train
48961e03951578d120b6167c87ebfa0d,/data/FMD_Data_26082026/fmd_temp_images/Updated ICube Categorical Classes 20260915/Low Dose/20260808_083842_L31_PalletGHS0808131437_Cavity12_B01BGTX_Fail7_Score(0.9999679).bmp,Low Dose Obstructing Region of Interest,L31,train
498bcda9e8f4a58175677c6132ef6442,/data/FMD_Data_26082026/fmd_temp_images/Updated ICube Categorical Classes 20260915/Low Dose/20260808_101433_L31_PalletGHI0808145024_Cavity3_B01BGTZ_Fail6_Score(0.9747974).bmp,Low Dose Obstructing Region of Interest,L31,train
49bf9d1e5cef5764b8135de68a7c8215,/data/FMD_Data_26082026/fmd_temp_images/Updated ICube Categorical Classes 20260915/Low Dose/20260808_080035_L31_PalletGHH0808123629_Cavity5_B01BGTX_Fail3_Score(0.9238856).bmp,Low Dose Obstructing Region of Interest,L31,train
4a43ec305e13f58e014a14366326f226,/data/FMD_Data_26082026/fmd_temp_images/Updated ICube Categorical Classes 20260915/Low Dose/20260808_220825_L31_PalletGHJ0809024419_Cavity12_B01BGV2_Fail5_Score(0.9642755).bmp,Low Dose Obstructing Region of Interest,L31,train
4a6251938ff4f8a31c63957b3952c947,/data/FMD_Data_26082026/fmd_temp_images/Updated ICube Categorical Classes 20260915/Low Dose/20260813_154449_L31_PalletGHJ0813202107_Cavity14_B01BGV5_Fail7_Score(0.9885295)_0.9992.bmp,Low Dose Obstructing Region of Interest,L31,train
4bcdb65ece5cc75748258259c58cc48a,/data/FMD_Data_26082026/fmd_temp_images/Updated ICube Categorical Classes 20260915/Low Dose/20260807_232909_L31_PalletGHT0808040459_Cavity8_B01BG28_Fail5_Score(0.9505882).bmp,Low Dose Obstructing Region of Interest,L31,train
4be8cd39b5cbf9a770466dfd2ab9aac0,/data/FMD_Data_26082026/fmd_temp_images/Updated ICube Categorical Classes 20260915/Low Dose/20260813_103522_L31_PalletGHC0813151135_Cavity4_B01BGV4_Fail7_Score(0.9999782)_0.9997.bmp,Low Dose Obstructing Region of Interest,L31,train
4c018526e90df9d7a215c8d453e64586,/data/FMD_Data_26082026/fmd_temp_images/Updated ICube Categorical Classes 20260915/Low Dose/20260809_174946_L31_PalletGHQ0809222545_Cavity9_B01BGVB_Fail7_Score(0.9957825).bmp,Low Dose Obstructing Region of Interest,L31,train
4c29da77ee04fda36d549f7190bdd278,/data/FMD_Data_26082026/fmd_temp_images/Updated ICube Categorical Classes 20260915/Low Dose/20260813_164213_L31_PalletGHM0813211833_Cavity12_B01BGV5_Fail7_Score(0.9865893)_0.9923.bmp,Low Dose Obstructing Region of Interest,L31,train
4c56e21f4c426139aafdc77769cfa2df,/data/FMD_Data_26082026/fmd_temp_images/Updated ICube Categorical Classes 20260915/Low Dose/20260808_162241_L31_PalletGHU0808205835_Cavity4_B01BGTZ_Fail7_Score(0.9860364).bmp,Low Dose Obstructing Region of Interest,L31,train
4c5d192470c1301933f5bcf6515b83cb,/data/FMD_Data_26082026/fmd_temp_images/Updated ICube Categorical Classes 20260915/Low Dose/20260807_220228_L31_PalletGHA0808023811_Cavity4_B01BG2P_Fail2_Score(0.9052752).bmp,Low Dose Obstructing Region of Interest,L31,train
4d51ae720e070201d86c85818cb8763c,/data/FMD_Data_26082026/fmd_temp_images/Updated ICube Categorical Classes 20260915/Low Dose/20260808_145123_L31_PalletGHJ0808192717_Cavity12_B01BGTZ_Fail6_Score(0.9791102).bmp,Low Dose Obstructing Region of Interest,L31,train
4d7cc9767c40fdba6260354182f1a429,/data/FMD_Data_26082026/fmd_temp_images/Updated ICube Categorical Classes 20260915/Low Dose/20260808_150503_L31_PalletGHQ0808194056_Cavity14_B01BGTZ_Fail7_Score(0.9997134).bmp,Low Dose Obstructing Region of Interest,L31,train
4ea8266bdcf66b7eeca517e6d9cb2e75,/data/FMD_Data_26082026/fmd_temp_images/Updated ICube Categorical Classes 20260915/Low Dose/20260808_164652_L31_PalletGHL0808212244_Cavity15_B01BGTZ_Fail6_Score(0.9797847).bmp,Low Dose Obstructing Region of Interest,L31,train
4eb5179766e3f46b4f43816911375817,/data/FMD_Data_26082026/fmd_temp_images/Updated ICube Categorical Classes 20260915/Low Dose/20260813_194725_L31_PalletGHB0814002341_Cavity10_B01BGV5_Fail2_Score(0.914868)_0.9996.bmp,Low Dose Obstructing Region of Interest,L31,train
4ed67ba99288087a81b19ec5339e8f14,/data/FMD_Data_26082026/fmd_temp_images/Updated ICube Categorical Classes 20260915/Low Dose/20260807_023216_L31_PalletGHO0807070803_Cavity6_B01BGV1_Fail7_Score(0.9996608).bmp,Low Dose Obstructing Region of Interest,L31,train
4ed8d34083df61304e1c300e7584122e,/data/FMD_Data_26082026/fmd_temp_images/Updated ICube Categorical Classes 20260915/Low Dose/20260808_114417_L31_PalletGHL0808162008_Cavity7_B01BGTZ_Fail6_Score(0.971052).bmp,Low Dose Obstructing Region of Interest,L31,train
4f4be47854d39d3e7e7d64955c2acaef,/data/FMD_Data_26082026/fmd_temp_images/Updated ICube Categorical Classes 20260915/Low Dose/20260808_090213_L31_PalletGHU0808133807_Cavity9_B01BGTX_Fail7_Score(0.9995105).bmp,Low Dose Obstructing Region of Interest,L31,train
4fb3ee2604640d90b1544aaa5d1424c3,/data/FMD_Data_26082026/fmd_temp_images/Updated ICube Categorical Classes 20260915/Low Dose/20260808_135050_L31_PalletGHD0808182644_Cavity9_B01BGTZ_Fail6_Score(0.9814537).bmp,Low Dose Obstructing Region of Interest,L31,train
501460aae98450e20d528919a99d0ce7,/data/FMD_Data_26082026/fmd_temp_images/Updated ICube Categorical Classes 20260915/Low Dose/20260814_074911_L31_PalletGHS0814122534_Cavity7_B01BGV7_Fail4_Score(0.9421145)_0.5736.bmp,Low Dose Obstructing Region of Interest,L31,train
504e9af15107d337e735b4a486ca01c1,/data/FMD_Data_26082026/fmd_temp_images/Updated ICube Categorical Classes 20260915/Low Dose/20260808_021126_L31_PalletGHF0808064718_Cavity6_B01BGTX_Fail7_Score(0.993998).bmp,Low Dose Obstructing Region of Interest,L31,train
505ef7fea4b7ae344fb9709db6e8615e,/data/FMD_Data_26082026/fmd_temp_images/Updated ICube Categorical Classes 20260915/Low Dose/20260808_042938_L31_PalletGHN0808090530_Cavity15_B01BGTX_Fail5_Score(0.951626).bmp,Low Dose Obstructing Region of Interest,L31,train
50b89954a80e4d8936f2294c7f5d2766,/data/FMD_Data_26082026/fmd_temp_images/Updated ICube Categorical Classes 20260915/Low Dose/20260807_202806_L31_PalletGHI0808010359_Cavity12_B01BG2K_Fail4_Score(0.941865).bmp,Low Dose Obstructing Region of Interest,L31,train
510baf62c08854e1c70cf2bd6e367f12,/data/FMD_Data_26082026/fmd_temp_images/Updated ICube Categorical Classes 20260915/Low Dose/20260808_100254_L31_PalletGHK0808143847_Cavity7_B01BGTZ_Fail6_Score(0.9718366).bmp,Low Dose Obstructing Region of Interest,L31,train
5139313104f0fc72de372e666401ffca,/data/FMD_Data_26082026/fmd_temp_images/Updated ICube Categorical Classes 20260915/Low Dose/20260808_090213_L31_PalletGHU0808133807_Cavity11_B01BGTX_Fail7_Score(0.992682).bmp,Low Dose Obstructing Region of Interest,L31,train
51c6c6772845d4959122c99d1eeeaa76,/data/FMD_Data_26082026/fmd_temp_images/Updated ICube Categorical Classes 20260915/Low Dose/20260807_002642_L31_PalletGHA0807050225_Cavity1_B01BGV1_Fail6_Score(0.9773962).bmp,Low Dose Obstructing Region of Interest,L31,train
51e7c43c72c930ca70b941cc9b28ff0f,/data/FMD_Data_26082026/fmd_temp_images/Updated ICube Categorical Classes 20260915/Low Dose/20260808_004302_L31_PalletGHU0808051849_Cavity10_B01BG29_Fail7_Score(0.9999924).bmp,Low Dose Obstructing Region of Interest,L31,train
5249db94118d36efb445997e14d7542f,/data/FMD_Data_26082026/fmd_temp_images/Updated ICube Categorical Classes 20260915/Low Dose/20260806_081110_L31_PalletGHI0806124654_Cavity13_B01BGTR_Fail7_Score(0.99762).bmp,Low Dose Obstructing Region of Interest,L31,train
5287816fcb71c687be1784ad00135197,/data/FMD_Data_26082026/fmd_temp_images/Updated ICube Categorical Classes 20260915/Low Dose/20260808_003728_L31_PalletGHS0808051320_Cavity9_B01BG29_Fail7_Score(0.9965992).bmp,Low Dose Obstructing Region of Interest,L31,train
52c0f457242813ce9d57497409d35da0,/data/FMD_Data_26082026/fmd_temp_images/Updated ICube Categorical Classes 20260915/Low Dose/20260808_083656_L31_PalletGHR0808131245_Cavity14_B01BGTX_Fail7_Score(0.9865611).bmp,Low Dose Obstructing Region of Interest,L31,train
52c5ca11ef9b0aed8449c7e6cea16602,/data/FMD_Data_26082026/fmd_temp_images/Updated ICube Categorical Classes 20260915/Low Dose/20260808_041122_L31_PalletGHT0808084715_Cavity14_B01BGTX_Fail6_Score(0.98295).bmp,Low Dose Obstructing Region of Interest,L31,train
53247d3388c904a73cd8ad492f6b3b4f,/data/FMD_Data_26082026/fmd_temp_images/Updated ICube Categorical Classes 20260915/Low Dose/20260808_104057_L31_PalletGHO0808151651_Cavity7_B01BGTZ_Fail5_Score(0.9619197).bmp,Low Dose Obstructing Region of Interest,L31,train
53294ee45e82a90572dab6e9911d5e8b,/data/FMD_Data_26082026/fmd_temp_images/Updated ICube Categorical Classes 20260915/Low Dose/20260813_155239_L31_PalletGHM0813202900_Cavity15_B01BGV5_Fail5_Score(0.9558824)_0.6198.bmp,Low Dose Obstructing Region of Interest,L31,train
538a5c94e099f1305414f8cceb9e09c6,/data/FMD_Data_26082026/fmd_temp_images/Updated ICube Categorical Classes 20260915/Low Dose/20260808_085511_L31_PalletGHB0808133005_Cavity6_B01BGTX_Fail7_Score(0.9905705).bmp,Low Dose Obstructing Region of Interest,L31,train
53ac3be6c083b2122fb9f9a2c14c06c1,/data/FMD_Data_26082026/fmd_temp_images/Updated ICube Categorical Classes 20260915/Low Dose/20260806_110721_L31_PalletGHH0806154255_Cavity15_B01BGTR_Fail7_Score(0.9937691).bmp,Low Dose Obstructing Region of Interest,L31,train
53e6970f193682c3ace8d77969307a40,/data/FMD_Data_26082026/fmd_temp_images/Updated ICube Categorical Classes 20260915/Low Dose/20260807_151456_L31_PalletGHN0807195040_Cavity13_B01BGTW_Fail7_Score(0.9999685).bmp,Low Dose Obstructing Region of Interest,L31,train
544a299654c7234e196ccdf70ff77ea5,/data/FMD_Data_26082026/fmd_temp_images/Updated ICube Categorical Classes 20260915/Low Dose/20260808_080127_L31_PalletGHH0808123721_Cavity11_B01BGTX_Fail7_Score(0.9837344).bmp,Low Dose Obstructing Region of Interest,L31,train
54604c0ec7054806d5da78e2691047b0,/data/FMD_Data_26082026/fmd_temp_images/Updated ICube Categorical Classes 20260915/Low Dose/20260807_000544_L31_PalletGHH0807044126_Cavity7_B01BGV1_Fail7_Score(0.9922472).bmp,Low Dose Obstructing Region of Interest,L31,train
548770c601edef1302568b853b175d2a,/data/FMD_Data_26082026/fmd_temp_images/Updated ICube Categorical Classes 20260915/Low Dose/20260808_121040_L31_PalletGHO0808164634_Cavity3_B01BGTZ_Fail7_Score(0.9999815).bmp,Low Dose Obstructing Region of Interest,L31,train
54e6600f3646cf46eb181caf45f58140,/data/FMD_Data_26082026/fmd_temp_images/Updated ICube Categorical Classes 20260915/Low Dose/20260808_231749_L31_PalletGHM0809035343_Cavity9_B01BGV2_Fail7_Score(0.9908333).bmp,Low Dose Obstructing Region of Interest,L31,train
5527a5bb626662964a677ad7d67a81c2,/data/FMD_Data_26082026/fmd_temp_images/Updated ICube Categorical Classes 20260915/Low Dose/20260808_045633_L31_PalletGHS0808093220_Cavity4_B01BGTX_Fail7_Score(0.9926723).bmp,Low Dose Obstructing Region of Interest,L31,train
554b8c2d06da256973f080896b20af6a,/data/FMD_Data_26082026/fmd_temp_images/Updated ICube Categorical Classes 20260915/Low Dose/20260808_114102_L31_PalletGHA0808161651_Cavity8_B01BGTZ_Fail6_Score(0.9790776).bmp,Low Dose Obstructing Region of Interest,L31,train
55a131e78c315fcbc5dba9ea6afc5460,/data/FMD_Data_26082026/fmd_temp_images/Updated ICube Categorical Classes 20260915/Low Dose/20260808_084935_L31_PalletGHC0808132528_Cavity4_B01BGTX_Fail7_Score(0.9913861).bmp,Low Dose Obstructing Region of Interest,L31,train
55af4ddb6a3b42094b86a66c93432a7c,/data/FMD_Data_26082026/fmd_temp_images/Updated ICube Categorical Classes 20260915/Low Dose/20260808_054501_L31_PalletGHI0808102050_Cavity2_B01BGTX_Fail7_Score(0.9989318).bmp,Low Dose Obstructing Region of Interest,L31,train
5616a40894368de9654a7b668bad7989,/data/FMD_Data_26082026/fmd_temp_images/Updated ICube Categorical Classes 20260915/Low Dose/20260813_084051_L31_PalletGHP0813131615_Cavity13_B01BHKF_Fail7_Score(0.9998139)_0.7305.bmp,Low Dose Obstructing Region of Interest,L31,train
5620b96fbb92684395f8bdc465438bd7,/data/FMD_Data_26082026/fmd_temp_images/Updated ICube Categorical Classes 20260915/Low Dose/20260807_120208_L31_PalletGHE0807163740_Cavity4_B01BGTW_Fail7_Score(0.9971238).bmp,Low Dose Obstructing Region of Interest,L31,train
5707393dcf0be040da4af8b4dec45697,/data/FMD_Data_26082026/fmd_temp_images/Updated ICube Categorical Classes 20260915/Low Dose/20260813_142641_L31_PalletGHF0813190300_Cavity6_B01BGV4_Fail4_Score(0.944278)_0.9984.bmp,Low Dose Obstructing Region of Interest,L31,train
5806c366a5dd77cc51d89bb6a9086b68,/data/FMD_Data_26082026/fmd_temp_images/Updated ICube Categorical Classes 20260915/Low Dose/20260813_132103_L31_PalletGHU0813175721_Cavity5_B01BGV4_Fail7_Score(0.9931303)_0.9958.bmp,Low Dose Obstructing Region of Interest,L31,train
582635798a51a8776c1d6776531ec5bc,/data/FMD_Data_26082026/fmd_temp_images/Updated ICube Categorical Classes 20260915/Low Dose/20260808_152315_L31_PalletGHA0808195910_Cavity7_B01BGTZ_Fail6_Score(0.9687071).bmp,Low Dose Obstructing Region of Interest,L31,train
582cab478fc27e0485c929a6dd463aa0,/data/FMD_Data_26082026/fmd_temp_images/Updated ICube Categorical Classes 20260915/Low Dose/20260808_144210_L31_PalletGHD0808191803_Cavity15_B01BGTZ_Fail7_Score(0.9996717).bmp,Low Dose Obstructing Region of Interest,L31,train
5861f0c400f5802c3356a1a9256e8128,/data/FMD_Data_26082026/fmd_temp_images/Updated ICube Categorical Classes 20260915/Low Dose/20260808_184813_L31_PalletGHM0808232405_Cavity1_B01BGV2_Fail2_Score(0.9016423).bmp,Low Dose Obstructing Region of Interest,L31,train
58a22657b8980ac551be41ede4bf097e,/data/FMD_Data_26082026/fmd_temp_images/Updated ICube Categorical Classes 20260915/Low Dose/20260808_004225_L31_PalletGHF0808051810_Cavity11_B01BG29_Fail5_Score(0.9652621).bmp,Low Dose Obstructing Region of Interest,L31,train
58a66a96caeff07b3a25280e978f4277,/data/FMD_Data_26082026/fmd_temp_images/Updated ICube Categorical Classes 20260915/Low Dose/20260814_050752_L31_PalletGHM0814094409_Cavity1_B01BGV7_Fail6_Score(0.9713903)_0.9982.bmp,Low Dose Obstructing Region of Interest,L31,train
5900f451b5b78cabc64a1c49a2152b20,/data/FMD_Data_26082026/fmd_temp_images/Updated ICube Categorical Classes 20260915/Low Dose/20260806_183425_L31_PalletGHJ0806231002_Cavity15_B01BGTT_Fail7_Score(0.9991927).bmp,Low Dose Obstructing Region of Interest,L31,train
591288e48d2d1536511848cd2c920303,/data/FMD_Data_26082026/fmd_temp_images/Updated ICube Categorical Classes 20260915/Low Dose/20260808_141251_L31_PalletGHP0808184845_Cavity5_B01BGTZ_Fail7_Score(0.9855491).bmp,Low Dose Obstructing Region of Interest,L31,train
59bf93d8ac214476e7b8278baec49c41,/data/FMD_Data_26082026/fmd_temp_images/Updated ICube Categorical Classes 20260915/Low Dose/20260809_180207_L31_PalletGHN0809223804_Cavity13_B01BGVB_Fail6_Score(0.9736889).bmp,Low Dose Obstructing Region of Interest,L31,train
59ee48c6d43ae2ed26d3687d4c32e0da,/data/FMD_Data_26082026/fmd_temp_images/Updated ICube Categorical Classes 20260915/Low Dose/20260808_025603_L31_PalletGHA0808073153_Cavity9_B01BGTX_Fail7_Score(0.9986723).bmp,Low Dose Obstructing Region of Interest,L31,train
5a3c7f8f622bfa74e5359706bdb3d091,/data/FMD_Data_26082026/fmd_temp_images/Updated ICube Categorical Classes 20260915/Low Dose/20260806_212052_L31_PalletGHG0807015626_Cavity5_B01BGV1_Fail7_Score(0.9996444).bmp,Low Dose Obstructing Region of Interest,L31,train
5a66e4b37653296431b90d62d44845d5,/data/FMD_Data_26082026/fmd_temp_images/Updated ICube Categorical Classes 20260915/Low Dose/20260813_172955_L31_PalletGHS0813220535_Cavity2_B01BGV5_Fail4_Score(0.9395682)_0.9962.bmp,Low Dose Obstructing Region of Interest,L31,train
5ad7b279ddd46903ee683dfc882eaa07,/data/FMD_Data_26082026/fmd_temp_images/Updated ICube Categorical Classes 20260915/Low Dose/20260808_162815_L31_PalletGHD0808210412_Cavity10_B01BGTZ_Fail7_Score(0.9950109).bmp,Low Dose Obstructing Region of Interest,L31,train
5b8c03ccbf0c0660d983e53f9cd9e216,/data/FMD_Data_26082026/fmd_temp_images/Updated ICube Categorical Classes 20260915/Low Dose/20260808_065331_L31_PalletGHU0808112922_Cavity8_B01BGTX_Fail7_Score(0.9998924).bmp,Low Dose Obstructing Region of Interest,L31,train
5b8d503ebdd1d51c256465db7afe7a38,/data/FMD_Data_26082026/fmd_temp_images/Updated ICube Categorical Classes 20260915/Low Dose/20260808_074658_L31_PalletGHL0808122244_Cavity8_B01BGTX_Fail7_Score(0.9958286).bmp,Low Dose Obstructing Region of Interest,L31,train
5c1ff80f77c934822d285eb0598cc4e8,/data/FMD_Data_26082026/fmd_temp_images/Updated ICube Categorical Classes 20260915/Low Dose/20260806_090810_L31_PalletGHI0806134341_Cavity9_B01BGTR_Fail6_Score(0.9765593).bmp,Low Dose Obstructing Region of Interest,L31,train
5c41bc649b6ccbd37762393529a8538c,/data/FMD_Data_26082026/fmd_temp_images/Updated ICube Categorical Classes 20260915/Low Dose/20260806_172946_L31_PalletGHH0806220518_Cavity2_B01BGTT_Fail7_Score(0.9999806).bmp,Low Dose Obstructing Region of Interest,L31,train
5d0ec2c164e77b275a28abc133264e26,/data/FMD_Data_26082026/fmd_temp_images/Updated ICube Categorical Classes 20260915/Low Dose/20260807_061859_L31_PalletGHT0807105346_Cavity11_B01BGV0_Fail7_Score(0.9992639).bmp,Low Dose Obstructing Region of Interest,L31,train
5d3069a82aa6aff61e6cc78ee8854611,/data/FMD_Data_26082026/fmd_temp_images/Updated ICube Categorical Classes 20260915/Low Dose/20260806_082606_L31_PalletGHL0806130128_Cavity4_B01BGTR_Fail2_Score(0.9018531).bmp,Low Dose Obstructing Region of Interest,L31,train
5d332ec8e0909c7096cd9090e289cb5f,/data/FMD_Data_26082026/fmd_temp_images/Updated ICube Categorical Classes 20260915/Low Dose/20260808_085845_L31_PalletGHG0808133353_Cavity13_B01BGTX_Fail7_Score(0.9998143).bmp,Low Dose Obstructing Region of Interest,L31,train
5d62e9b725d0a2c11ece73a6f50d0f39,/data/FMD_Data_26082026/fmd_temp_images/Updated ICube Categorical Classes 20260915/Low Dose/20260814_082113_L31_PalletGHM0814125736_Cavity2_B01BGV7_Fail6_Score(0.9824753)_0.9952.bmp,Low Dose Obstructing Region of Interest,L31,train
5d700a4628a431845ce50485dd7002be,/data/FMD_Data_26082026/fmd_temp_images/Updated ICube Categorical Classes 20260915/Low Dose/20260814_094337_L31_PalletGHU0814141954_Cavity1_B01BGV7_Fail6_Score(0.9690151)_0.9760.bmp,Low Dose Obstructing Region of Interest,L31,train
5dfa82af9f13f921bcdb200a8f608be7,/data/FMD_Data_26082026/fmd_temp_images/Updated ICube Categorical Classes 20260915/Low Dose/20260808_230455_L31_PalletGHB0809034048_Cavity6_B01BGV2_Fail7_Score(0.9980128).bmp,Low Dose Obstructing Region of Interest,L31,train
5e5be2ac2b513756d7c72f0ae6951512,/data/FMD_Data_26082026/fmd_temp_images/Updated ICube Categorical Classes 20260915/Low Dose/20260813_183850_L31_PalletGHG0813231506_Cavity6_B01BGV5_Fail7_Score(0.9906709)_0.8886.bmp,Low Dose Obstructing Region of Interest,L31,train
5fbd1809cc04586d8a438e192f90f0f4,/data/FMD_Data_26082026/fmd_temp_images/Updated ICube Categorical Classes 20260915/Low Dose/20260806_202414_L31_PalletGHF0807005944_Cavity1_B01BG2J_Fail6_Score(0.9799829).bmp,Low Dose Obstructing Region of Interest,L31,train
5ff093854110120484382969cef9e8b4,/data/FMD_Data_26082026/fmd_temp_images/Updated ICube Categorical Classes 20260915/Low Dose/20260806_113645_L31_PalletGHO0806161227_Cavity7_B01BGTR_Fail7_Score(0.999871).bmp,Low Dose Obstructing Region of Interest,L31,train
60139cc841955b0de1c0aeaf9cb9f4ba,/data/FMD_Data_26082026/fmd_temp_images/Updated ICube Categorical Classes 20260915/Low Dose/20260809_181554_L31_PalletGHN0809225153_Cavity6_B01BGVB_Fail7_Score(0.9936675).bmp,Low Dose Obstructing Region of Interest,L31,train
60556106f380ec63ba50c6defbf03389,/data/FMD_Data_26082026/fmd_temp_images/Updated ICube Categorical Classes 20260915/Low Dose/20260808_053331_L31_PalletGHR0808100912_Cavity4_B01BGTX_Fail7_Score(0.9837309).bmp,Low Dose Obstructing Region of Interest,L31,train
61643bac736955fc11c942f1ce74df27,/data/FMD_Data_26082026/fmd_temp_images/Updated ICube Categorical Classes 20260915/Low Dose/20260807_040729_L31_PalletGHN0807084301_Cavity2_B01BGV0_Fail7_Score(0.9881626).bmp,Low Dose Obstructing Region of Interest,L31,train
618f2973c1c89706693efbb253c50236,/data/FMD_Data_26082026/fmd_temp_images/Updated ICube Categorical Classes 20260915/Low Dose/20260807_120459_L31_PalletGHG0807164031_Cavity2_B01BGTW_Fail4_Score(0.9496599).bmp,Low Dose Obstructing Region of Interest,L31,train
61cb81d481dae78e33118b3ef9c7c716,/data/FMD_Data_26082026/fmd_temp_images/Updated ICube Categorical Classes 20260915/Low Dose/20260808_051952_L31_PalletGHI0808095504_Cavity12_B01BGTX_Fail6_Score(0.9762731).bmp,Low Dose Obstructing Region of Interest,L31,train
61d1cd45fcf09b0025e76a7f95e6e0fd,/data/FMD_Data_26082026/fmd_temp_images/Updated ICube Categorical Classes 20260915/Low Dose/20260808_062940_L31_PalletGHQ0808110529_Cavity5_B01BGTX_Fail7_Score(0.9994198).bmp,Low Dose Obstructing Region of Interest,L31,train
621724af423588d782cd067d3a65aed2,/data/FMD_Data_26082026/fmd_temp_images/Updated ICube Categorical Classes 20260915/Low Dose/20260808_045432_L31_PalletGHK0808093007_Cavity11_B01BGTX_Fail7_Score(0.9962015).bmp,Low Dose Obstructing Region of Interest,L31,train
624ba12d19ab7f0e2e9d05453f3f9afd,/data/FMD_Data_26082026/fmd_temp_images/Updated ICube Categorical Classes 20260915/Low Dose/20260813_153743_L31_PalletGHD0813201358_Cavity10_B01BGV5_Fail6_Score(0.9798137)_0.9993.bmp,Low Dose Obstructing Region of Interest,L31,train
62cd85e1fba961d8cd6b79450d3f97c1,/data/FMD_Data_26082026/fmd_temp_images/Updated ICube Categorical Classes 20260915/Low Dose/20260808_154628_L31_PalletGHN0808202144_Cavity4_B01BGTZ_Fail6_Score(0.9789129).bmp,Low Dose Obstructing Region of Interest,L31,train
62e06f3c269fe2eb8262bd33baff7aa1,/data/FMD_Data_26082026/fmd_temp_images/Updated ICube Categorical Classes 20260915/Low Dose/20260808_023017_L31_PalletGHP0808070610_Cavity13_B01BGTX_Fail7_Score(0.9846451).bmp,Low Dose Obstructing Region of Interest,L31,train
62f2330984e51d652ce5b30f5319163e,/data/FMD_Data_26082026/fmd_temp_images/Updated ICube Categorical Classes 20260915/Low Dose/20260813_130258_L31_PalletGHD0813173837_Cavity8_B01BGV4_Fail7_Score(0.9908894)_0.9985.bmp,Low Dose Obstructing Region of Interest,L31,train
632fbd7a58cf3ee2a39f142db6a966ce,/data/FMD_Data_26082026/fmd_temp_images/Updated ICube Categorical Classes 20260915/Low Dose/20260808_122848_L31_PalletGHI0808170445_Cavity9_B01BGTZ_Fail7_Score(0.9999819).bmp,Low Dose Obstructing Region of Interest,L31,train
63c6474d7d39d3597fe1ff306e3a53d3,/data/FMD_Data_26082026/fmd_temp_images/Updated ICube Categorical Classes 20260915/Low Dose/20260808_044247_L31_PalletGHL0808091836_Cavity8_B01BGTX_Fail5_Score(0.9577917).bmp,Low Dose Obstructing Region of Interest,L31,train
6434e887496aca25fc1a4e4dac1bab37,/data/FMD_Data_26082026/fmd_temp_images/Updated ICube Categorical Classes 20260915/Low Dose/20260813_102036_L31_PalletGHC0813145651_Cavity14_B01BGV4_Fail7_Score(0.9996042)_0.9810.bmp,Low Dose Obstructing Region of Interest,L31,train
644f76ea28977e61db968e688b809416,/data/FMD_Data_26082026/fmd_temp_images/Updated ICube Categorical Classes 20260915/Low Dose/20260808_160303_L31_PalletGHO0808203858_Cavity7_B01BGTZ_Fail4_Score(0.9399006).bmp,Low Dose Obstructing Region of Interest,L31,train
64566c4069be11be8f94249bc0e13fd1,/data/FMD_Data_26082026/fmd_temp_images/Updated ICube Categorical Classes 20260915/Low Dose/20260807_220849_L31_PalletGHB0808024437_Cavity13_B01BG2P_Fail7_Score(0.9946123).bmp,Low Dose Obstructing Region of Interest,L31,train
64d818f12ed05c9aa65f8dca7859a28b,/data/FMD_Data_26082026/fmd_temp_images/Updated ICube Categorical Classes 20260915/Low Dose/20260813_172619_L31_PalletGHK0813220234_Cavity3_B01BGV5_Fail7_Score(0.9999878)_1.0000.bmp,Low Dose Obstructing Region of Interest,L31,train
651c978d0dc7ab97eab31207f2d2695f,/data/FMD_Data_26082026/fmd_temp_images/Updated ICube Categorical Classes 20260915/Low Dose/20260808_174840_L31_PalletGHC0808222435_Cavity4_B01BGV2_Fail7_Score(0.9982823).bmp,Low Dose Obstructing Region of Interest,L31,train
65589be3482af13335b1f9c6222b8535,/data/FMD_Data_26082026/fmd_temp_images/Updated ICube Categorical Classes 20260915/Low Dose/20260807_082217_L31_PalletGHB0807125803_Cavity8_B01BGV0_Fail2_Score(0.9019083).bmp,Low Dose Obstructing Region of Interest,L31,train
656c4123d01ba6c11f955ce278540920,/data/FMD_Data_26082026/fmd_temp_images/Updated ICube Categorical Classes 20260915/Low Dose/20260808_105032_L31_PalletGHB0808152631_Cavity14_B01BGTZ_Fail4_Score(0.9357491).bmp,Low Dose Obstructing Region of Interest,L31,train
658b796ab74ef752b6ebf79137c518f1,/data/FMD_Data_26082026/fmd_temp_images/Updated ICube Categorical Classes 20260915/Low Dose/20260808_043059_L31_PalletGHF0808090652_Cavity7_B01BGTX_Fail7_Score(0.9986536).bmp,Low Dose Obstructing Region of Interest,L31,train
659ae2eecd79be1a9322fa1380698c16,/data/FMD_Data_26082026/fmd_temp_images/Updated ICube Categorical Classes 20260915/Low Dose/20260813_220446_L31_PalletGHL0814024107_Cavity15_B01BGV6_Fail7_Score(0.9998829)_0.8480.bmp,Low Dose Obstructing Region of Interest,L31,train
65c850d572ed63afc2f9310730550239,/data/FMD_Data_26082026/fmd_temp_images/Updated ICube Categorical Classes 20260915/Low Dose/20260807_105848_L31_PalletGHM0807153433_Cavity13_B01BGTW_Fail7_Score(0.9990111).bmp,Low Dose Obstructing Region of Interest,L31,train
65cac881025b5a9845701e9a12783747,/data/FMD_Data_26082026/fmd_temp_images/Updated ICube Categorical Classes 20260915/Low Dose/20260807_165352_L31_PalletGHH0807212938_Cavity10_B01BGTW_Fail2_Score(0.9044253).bmp,Low Dose Obstructing Region of Interest,L31,train
66099150ed54f63183b6388b0d49c016,/data/FMD_Data_26082026/fmd_temp_images/Updated ICube Categorical Classes 20260915/Low Dose/20260808_024544_L31_PalletGHO0808072137_Cavity13_B01BGTX_Fail6_Score(0.97799).bmp,Low Dose Obstructing Region of Interest,L31,train
663c779fb9e457bdb93d5bcb7e2131e1,/data/FMD_Data_26082026/fmd_temp_images/Updated ICube Categorical Classes 20260915/Low Dose/20260808_183457_L31_PalletGHU0808231052_Cavity13_B01BGV2_Fail7_Score(0.9996713).bmp,Low Dose Obstructing Region of Interest,L31,train
66d0aab85d77a626ef37522a1f1df3c1,/data/FMD_Data_26082026/fmd_temp_images/Updated ICube Categorical Classes 20260915/Low Dose/20260808_173158_L31_PalletGHH0808220751_Cavity15_B01BGV2_Fail5_Score(0.9605812).bmp,Low Dose Obstructing Region of Interest,L31,train
66ed537c9786052d619d3a21115649fd,/data/FMD_Data_26082026/fmd_temp_images/Updated ICube Categorical Classes 20260915/Low Dose/20260813_203504_L31_PalletGHE0814011124_Cavity11_B01BGV5_Fail7_Score(0.9962411)_0.9968.bmp,Low Dose Obstructing Region of Interest,L31,train
670e4b58a8213d2aa5e9fda1e4df0be9,/data/FMD_Data_26082026/fmd_temp_images/Updated ICube Categorical Classes 20260915/Low Dose/20260808_174734_L31_PalletGHQ0808222325_Cavity4_B01BGV2_Fail6_Score(0.9676742).bmp,Low Dose Obstructing Region of Interest,L31,train
67585e415fe7bfcc486eabb570c1570b,/data/FMD_Data_26082026/fmd_temp_images/Updated ICube Categorical Classes 20260915/Low Dose/20260808_061539_L31_PalletGHN0808105128_Cavity15_B01BGTX_Fail7_Score(0.9963086).bmp,Low Dose Obstructing Region of Interest,L31,train
675e8e1487fa6f963bad0c6abf7c4020,/data/FMD_Data_26082026/fmd_temp_images/Updated ICube Categorical Classes 20260915/Low Dose/20260806_010424_L31_PalletGHR0806054004_Cavity13_B01BGTS_Fail6_Score(0.9805984).bmp,Low Dose Obstructing Region of Interest,L31,train
6767521cd733d5d34185fad0695ff597,/data/FMD_Data_26082026/fmd_temp_images/Updated ICube Categorical Classes 20260915/Low Dose/20260808_184250_L31_PalletGHM0808231845_Cavity8_B01BGV2_Fail7_Score(0.9911891).bmp,Low Dose Obstructing Region of Interest,L31,train
67a27315c68d397637fdce9c62e9d562,/data/FMD_Data_26082026/fmd_temp_images/Updated ICube Categorical Classes 20260915/Low Dose/20260808_232547_L31_PalletGHC0809040143_Cavity13_B01BGV2_Fail7_Score(0.9984487).bmp,Low Dose Obstructing Region of Interest,L31,train
67ba52497170dfae4660bffb6e9c54d3,/data/FMD_Data_26082026/fmd_temp_images/Updated ICube Categorical Classes 20260915/Low Dose/20260814_072156_L31_PalletGHN0814115815_Cavity4_B01BGV7_Fail6_Score(0.9775875)_0.9992.bmp,Low Dose Obstructing Region of Interest,L31,train
67cbc1831f743514f88ce46274bc5e11,/data/FMD_Data_26082026/fmd_temp_images/Updated ICube Categorical Classes 20260915/Low Dose/20260808_151535_L31_PalletGHB0808195136_Cavity15_B01BGTZ_Fail6_Score(0.982811).bmp,Low Dose Obstructing Region of Interest,L31,train
67e482e1d9e7dd8c94f9ea8d566c1061,/data/FMD_Data_26082026/fmd_temp_images/Updated ICube Categorical Classes 20260915/Low Dose/20260808_015327_L31_PalletGHB0808062921_Cavity1_B01BGTX_Fail7_Score(0.9990482).bmp,Low Dose Obstructing Region of Interest,L31,train
6867e5b1eaae7e9198b095d291e7bd0e,/data/FMD_Data_26082026/fmd_temp_images/Updated ICube Categorical Classes 20260915/Low Dose/20260806_200814_L31_PalletGHD0807004348_Cavity9_B01BG2J_Fail7_Score(0.9975848).bmp,Low Dose Obstructing Region of Interest,L31,train
68e9a6d8c858d308f53c6df7d8545e32,/data/FMD_Data_26082026/fmd_temp_images/Updated ICube Categorical Classes 20260915/Low Dose/20260807_220429_L31_PalletGHE0808024009_Cavity8_B01BG2P_Fail6_Score(0.9808694).bmp,Low Dose Obstructing Region of Interest,L31,train
692aa19b6000d0da36ded07fdfc75bf9,/data/FMD_Data_26082026/fmd_temp_images/Updated ICube Categorical Classes 20260915/Low Dose/20260808_032740_L31_PalletGHJ0808080328_Cavity10_B01BGTX_Fail2_Score(0.9156162).bmp,Low Dose Obstructing Region of Interest,L31,train
69c63e4839715ea14f12490f2f7a3c0e,/data/FMD_Data_26082026/fmd_temp_images/Updated ICube Categorical Classes 20260915/Low Dose/20260813_230724_L31_PalletGHA0814034342_Cavity3_B01BGV6_Fail6_Score(0.9740291)_0.9975.bmp,Low Dose Obstructing Region of Interest,L31,train
6a2633b36e5504965b6045e55a3c6d85,/data/FMD_Data_26082026/fmd_temp_images/Updated ICube Categorical Classes 20260915/Low Dose/20260808_032453_L31_PalletGHH0808080045_Cavity5_B01BGTX_Fail2_Score(0.9087234).bmp,Low Dose Obstructing Region of Interest,L31,train
6a30a1d083faba0d1326aadab1b8b4a4,/data/FMD_Data_26082026/fmd_temp_images/Updated ICube Categorical Classes 20260915/Low Dose/20260813_102207_L31_PalletGHT0813145826_Cavity12_B01BGV4_Fail6_Score(0.9752008)_0.9963.bmp,Low Dose Obstructing Region of Interest,L31,train
6a4a8281e019f9bf0e23267e8ef97942,/data/FMD_Data_26082026/fmd_temp_images/Updated ICube Categorical Classes 20260915/Low Dose/20260808_191503_L31_PalletGHC0808235059_Cavity9_B01BGV2_Fail6_Score(0.9722226).bmp,Low Dose Obstructing Region of Interest,L31,train
6b97afc0af804f63410deb5ca324c927,/data/FMD_Data_26082026/fmd_temp_images/Updated ICube Categorical Classes 20260915/Low Dose/20260809_183033_L31_PalletGHB0809230631_Cavity8_B01BGVB_Fail7_Score(0.9977086).bmp,Low Dose Obstructing Region of Interest,L31,train
6be781f2f2d47fb13c609be38d009e2f,/data/FMD_Data_26082026/fmd_temp_images/Updated ICube Categorical Classes 20260915/Low Dose/20260807_041433_L31_PalletGHK0807085019_Cavity15_B01BGV0_Fail7_Score(0.9999472).bmp,Low Dose Obstructing Region of Interest,L31,train
6c1caf94d44b0fe1d4780646c0a118e1,/data/FMD_Data_26082026/fmd_temp_images/Updated ICube Categorical Classes 20260915/Low Dose/20260806_195020_L31_PalletGHN0807002550_Cavity9_B01BG2J_Fail3_Score(0.9211716).bmp,Low Dose Obstructing Region of Interest,L31,train
6c44c118b21f9d4bef2c1fb05b510aaa,/data/FMD_Data_26082026/fmd_temp_images/Updated ICube Categorical Classes 20260915/Low Dose/20260806_082545_L31_PalletGHD0806130058_Cavity8_B01BGTR_Fail7_Score(0.9977376).bmp,Low Dose Obstructing Region of Interest,L31,train
6c94d4600598c11fedeb617401a9d8fd,/data/FMD_Data_26082026/fmd_temp_images/Updated ICube Categorical Classes 20260915/Low Dose/20260808_030254_L31_PalletGHK0808073846_Cavity9_B01BGTX_Fail3_Score(0.9326192).bmp,Low Dose Obstructing Region of Interest,L31,train
6cb6c3ee2b7717665ab039eeee6aaa03,/data/FMD_Data_26082026/fmd_temp_images/Updated ICube Categorical Classes 20260915/Low Dose/20260808_073154_L31_PalletGHC0808120737_Cavity3_B01BGTX_Fail2_Score(0.915235).bmp,Low Dose Obstructing Region of Interest,L31,train
6cd20de165f070748098be221b313a97,/data/FMD_Data_26082026/fmd_temp_images/Updated ICube Categorical Classes 20260915/Low Dose/20260808_224256_L31_PalletGHK0809031851_Cavity14_B01BGV2_Fail4_Score(0.9413532).bmp,Low Dose Obstructing Region of Interest,L31,train
6cd4bbb1707ae4f2c6a15df920dc6ce2,/data/FMD_Data_26082026/fmd_temp_images/Updated ICube Categorical Classes 20260915/Low Dose/20260806_164315_L31_PalletGHN0806211857_Cavity6_B01BGTT_Fail7_Score(0.9982145).bmp,Low Dose Obstructing Region of Interest,L31,train
6d58c69d5dad180557dd1ded2b7979b2,/data/FMD_Data_26082026/fmd_temp_images/Updated ICube Categorical Classes 20260915/Low Dose/20260813_162843_L31_PalletGHD0813210302_Cavity4_B01BGV5_Fail3_Score(0.9286534)_0.9990.bmp,Low Dose Obstructing Region of Interest,L31,train
6d772669cd2f1432382f3eda7cc9823c,/data/FMD_Data_26082026/fmd_temp_images/Updated ICube Categorical Classes 20260915/Low Dose/20260814_044914_L31_PalletGHL0814092536_Cavity15_B01BGV7_Fail7_Score(0.9998034)_0.9986.bmp,Low Dose Obstructing Region of Interest,L31,train
6d8d703e8e7270f22ed450ddf5fae239,/data/FMD_Data_26082026/fmd_temp_images/Updated ICube Categorical Classes 20260915/Low Dose/20260814_013522_L31_PalletGHO0814061140_Cavity3_B01BGV6_Fail7_Score(0.9997367)_0.9909.bmp,Low Dose Obstructing Region of Interest,L31,train
6e46e0ae31bf286a20010d5e57c5d400,/data/FMD_Data_26082026/fmd_temp_images/Updated ICube Categorical Classes 20260915/Low Dose/20260808_152724_L31_PalletGHO0808200318_Cavity15_B01BGTZ_Fail7_Score(0.9987912).bmp,Low Dose Obstructing Region of Interest,L31,train
6eef0c8c244ee8699aa93f751eae76da,/data/FMD_Data_26082026/fmd_temp_images/Updated ICube Categorical Classes 20260915/Low Dose/20260808_045145_L31_PalletGHU0808092734_Cavity5_B01BGTX_Fail7_Score(0.9958739).bmp,Low Dose Obstructing Region of Interest,L31,train
6f0e5255dd3cb51bebac15b12f9108b8,/data/FMD_Data_26082026/fmd_temp_images/Updated ICube Categorical Classes 20260915/Low Dose/20260808_164211_L31_PalletGHE0808211801_Cavity9_B01BGTZ_Fail7_Score(0.9934142).bmp,Low Dose Obstructing Region of Interest,L31,train
6f1013b4fd6689b7d167fc83bf9db0b9,/data/FMD_Data_26082026/fmd_temp_images/Updated ICube Categorical Classes 20260915/Low Dose/20260808_185325_L31_PalletGHK0808232921_Cavity9_B01BGV2_Fail4_Score(0.9340719).bmp,Low Dose Obstructing Region of Interest,L31,train
6f4b6c5fb3cd78d9b78a4830b48d0171,/data/FMD_Data_26082026/fmd_temp_images/Updated ICube Categorical Classes 20260915/Low Dose/20260808_145746_L31_PalletGHP0808193340_Cavity1_B01BGTZ_Fail7_Score(0.9938425).bmp,Low Dose Obstructing Region of Interest,L31,train
6f7ed90ca7b07220d80b056f25f6058f,/data/FMD_Data_26082026/fmd_temp_images/Updated ICube Categorical Classes 20260915/Low Dose/20260808_154901_L31_PalletGHA0808202449_Cavity1_B01BGTZ_Fail7_Score(0.9996559).bmp,Low Dose Obstructing Region of Interest,L31,train
6f7f5475d432e39c3299a972cab0a4bb,/data/FMD_Data_26082026/fmd_temp_images/Updated ICube Categorical Classes 20260915/Low Dose/20260808_030607_L31_PalletGHB0808074153_Cavity8_B01BGTX_Fail6_Score(0.9737104).bmp,Low Dose Obstructing Region of Interest,L31,train
6fc3d0487e28619b7ce5b07d94435ccd,/data/FMD_Data_26082026/fmd_temp_images/Updated ICube Categorical Classes 20260915/Low Dose/20260808_184506_L31_PalletGHU0808232053_Cavity6_B01BGV2_Fail5_Score(0.9628092).bmp,Low Dose Obstructing Region of Interest,L31,train
701fc925612bc9ff5fc4e60d9668a301,/data/FMD_Data_26082026/fmd_temp_images/Updated ICube Categorical Classes 20260915/Low Dose/20260808_040324_L31_PalletGHB0808083916_Cavity2_B01BGTX_Fail7_Score(0.9999346).bmp,Low Dose Obstructing Region of Interest,L31,train
702cabcff7eaa301a544ede5353719aa,/data/FMD_Data_26082026/fmd_temp_images/Updated ICube Categorical Classes 20260915/Low Dose/20260808_152156_L31_PalletGHL0808195750_Cavity12_B01BGTZ_Fail2_Score(0.9072074).bmp,Low Dose Obstructing Region of Interest,L31,train
7049e02fb4d18e9884822c301684d879,/data/FMD_Data_26082026/fmd_temp_images/Updated ICube Categorical Classes 20260915/Low Dose/20260813_092545_L31_PalletGHP0813140200_Cavity13_B01BGV4_Fail5_Score(0.9610673)_0.9980.bmp,Low Dose Obstructing Region of Interest,L31,train
70b169ae458030e08f507e970223ed01,/data/FMD_Data_26082026/fmd_temp_images/Updated ICube Categorical Classes 20260915/Low Dose/20260814_021419_L31_PalletGHR0814065038_Cavity1_B01BGV7_Fail7_Score(0.9837325)_0.9932.bmp,Low Dose Obstructing Region of Interest,L31,train
70b393243c23263166de1f87b8cf7157,/data/FMD_Data_26082026/fmd_temp_images/ICube Defects Library/Low Dose Obstructing Region of Interest/20260806_021433_L31_PalletGHT0806065011_Cavity2_B01BGTS_Fail7_Score(0.9943393).bmp,Low Dose Obstructing Region of Interest,L31,train
7142c6ab5d3fd25ae46857591d8449ba,/data/FMD_Data_26082026/fmd_temp_images/Updated ICube Categorical Classes 20260915/Low Dose/20260814_015037_L31_PalletGHM0814062647_Cavity2_B01BGV6_Fail6_Score(0.9732298)_0.4645.bmp,Low Dose Obstructing Region of Interest,L31,train
7179f977649e0adbcd43a514161d21fb,/data/FMD_Data_26082026/fmd_temp_images/Updated ICube Categorical Classes 20260915/Low Dose/20260813_174721_L31_PalletGHN0813222342_Cavity15_B01BGV5_Fail5_Score(0.9577505)_0.9959.bmp,Low Dose Obstructing Region of Interest,L31,train
719976811eb85f7e81f9326b7fa59d19,/data/FMD_Data_26082026/fmd_temp_images/Updated ICube Categorical Classes 20260915/Low Dose/20260814_033107_L31_PalletGHN0814080729_Cavity2_B01BGV7_Fail7_Score(0.9849374)_0.9885.bmp,Low Dose Obstructing Region of Interest,L31,train
71ec57591b877f25727dd234375fef78,/data/FMD_Data_26082026/fmd_temp_images/Updated ICube Categorical Classes 20260915/Low Dose/20260813_202900_L31_PalletGHI0814010519_Cavity6_B01BGV5_Fail7_Score(0.9957188)_0.9998.bmp,Low Dose Obstructing Region of Interest,L31,train
727ce11f5bcd70b562d9e09cfc3c6a63,/data/FMD_Data_26082026/fmd_temp_images/Updated ICube Categorical Classes 20260915/Low Dose/20260808_142616_L31_PalletGHQ0808190208_Cavity12_B01BGTZ_Fail4_Score(0.9357381).bmp,Low Dose Obstructing Region of Interest,L31,train
7349510952675e94a56f962f0b4f22da,/data/FMD_Data_26082026/fmd_temp_images/Updated ICube Categorical Classes 20260915/Low Dose/20260807_235956_L31_PalletGHC0808043547_Cavity9_B01BG28_Fail2_Score(0.9108814).bmp,Low Dose Obstructing Region of Interest,L31,train
736cda928a220e8b714b9bd31bf8f132,/data/FMD_Data_26082026/fmd_temp_images/Updated ICube Categorical Classes 20260915/Low Dose/20260808_134917_L31_PalletGHK0808182514_Cavity11_B01BGTZ_Fail7_Score(0.9988302).bmp,Low Dose Obstructing Region of Interest,L31,train
73d2925f4f2d10abe15670f25437d418,/data/FMD_Data_26082026/fmd_temp_images/Updated ICube Categorical Classes 20260915/Low Dose/20260813_115023_L31_PalletGHE0813162637_Cavity3_B01BGV4_Fail5_Score(0.9545931)_0.9998.bmp,Low Dose Obstructing Region of Interest,L31,train
745c549b80a8f887e22d11259959bec4,/data/FMD_Data_26082026/fmd_temp_images/Updated ICube Categorical Classes 20260915/Low Dose/20260807_094134_L31_PalletGHK0807141722_Cavity10_B01BGV0_Fail7_Score(0.9962742).bmp,Low Dose Obstructing Region of Interest,L31,train
74993753380fcf9dc4e49cdb18ba042b,/data/FMD_Data_26082026/fmd_temp_images/Updated ICube Categorical Classes 20260915/Low Dose/20260806_214012_L31_PalletGHQ0807021558_Cavity6_B01BGV1_Fail7_Score(0.9973203).bmp,Low Dose Obstructing Region of Interest,L31,train
76057f092a1d1ce13363b668913207b4,/data/FMD_Data_26082026/fmd_temp_images/Updated ICube Categorical Classes 20260915/Low Dose/20260807_225017_L31_PalletGHK0808032604_Cavity4_B01BG28_Fail2_Score(0.9030415).bmp,Low Dose Obstructing Region of Interest,L31,train
7657b4e0a54cdbecbd5301b6754202eb,/data/FMD_Data_26082026/fmd_temp_images/Updated ICube Categorical Classes 20260915/Low Dose/20260808_113010_L31_PalletGHS0808160603_Cavity10_B01BGTZ_Fail7_Score(0.9999349).bmp,Low Dose Obstructing Region of Interest,L31,train
7694bddd2d61e8d23e9c88838d92c9ed,/data/FMD_Data_26082026/fmd_temp_images/Updated ICube Categorical Classes 20260915/Low Dose/20260808_103823_L31_PalletGHR0808151415_Cavity8_B01BGTZ_Fail7_Score(0.9999428).bmp,Low Dose Obstructing Region of Interest,L31,train
76ac2aabd11fd79d7379516c9ebb6364,/data/FMD_Data_26082026/fmd_temp_images/Updated ICube Categorical Classes 20260915/Low Dose/20260808_171139_L31_PalletGHL0808214730_Cavity4_B01BGV2_Fail7_Score(0.9891598).bmp,Low Dose Obstructing Region of Interest,L31,train
76dd5782fd0c2638440231c089a690f2,/data/FMD_Data_26082026/fmd_temp_images/Updated ICube Categorical Classes 20260915/Low Dose/20260805_091928_L31_PalletGHB0805135505_Cavity8_B01BH5J_Fail7_Score(0.9884571).bmp,Low Dose Obstructing Region of Interest,L31,train
778695e154e607318e768cb6a9ed6870,/data/FMD_Data_26082026/fmd_temp_images/Updated ICube Categorical Classes 20260915/Low Dose/20260813_184207_L31_PalletGHB0813231823_Cavity2_B01BGV5_Fail7_Score(0.9992512)_0.9905.bmp,Low Dose Obstructing Region of Interest,L31,train
77b6d7feade8fb758c33dd1ef2e3bb9b,/data/FMD_Data_26082026/fmd_temp_images/Updated ICube Categorical Classes 20260915/Low Dose/20260813_152851_L31_PalletGHJ0813200426_Cavity11_B01BGV5_Fail7_Score(0.9998515)_0.5557.bmp,Low Dose Obstructing Region of Interest,L31,train
77e4909cc267b36799762d5ef804cf8a,/data/FMD_Data_26082026/fmd_temp_images/Updated ICube Categorical Classes 20260915/Low Dose/20260813_202815_L31_PalletGHN0814010436_Cavity8_B01BGV5_Fail6_Score(0.9790226)_0.9967.bmp,Low Dose Obstructing Region of Interest,L31,train
782edb04b7e03c94f92051d0757192ef,/data/FMD_Data_26082026/fmd_temp_images/Updated ICube Categorical Classes 20260915/Low Dose/20260808_181553_L31_PalletGHL0808225149_Cavity6_B01BGV2_Fail5_Score(0.9535154).bmp,Low Dose Obstructing Region of Interest,L31,train
78872d1b6bca49d5fe7537a76bf48b90,/data/FMD_Data_26082026/fmd_temp_images/ICube Defects Library/Low Dose Obstructing Region of Interest/20260805_230124_L31_PalletGHM0806033701_Cavity8_B01BGTS_Fail7_Score(0.9992173).bmp,Low Dose Obstructing Region of Interest,L31,train
78b718a8574d48b01bd6a7557fa4f1da,/data/FMD_Data_26082026/fmd_temp_images/Updated ICube Categorical Classes 20260915/Low Dose/20260808_141620_L31_PalletGHN0808185214_Cavity8_B01BGTZ_Fail7_Score(0.9967075).bmp,Low Dose Obstructing Region of Interest,L31,train
79ae7a9607888a65e67b4baa624bbb42,/data/FMD_Data_26082026/fmd_temp_images/ICube Defects Library/Low Dose Obstructing Region of Interest/20260806_021926_L31_PalletGHG0806065509_Cavity7_B01BGTS_Fail7_Score(0.996117).bmp,Low Dose Obstructing Region of Interest,L31,train
7a64a7d05080e521b27f253b791d53ee,/data/FMD_Data_26082026/fmd_temp_images/Updated ICube Categorical Classes 20260915/Low Dose/20260805_104035_L31_PalletGHK0805151519_Cavity7_B01BGTV_Fail7_Score(0.9834735).bmp,Low Dose Obstructing Region of Interest,L31,train
7a7cede361098e53a7403b1da7dc4376,/data/FMD_Data_26082026/fmd_temp_images/Updated ICube Categorical Classes 20260915/Low Dose/20260808_221258_L31_PalletGHH0809024839_Cavity5_B01BGV2_Fail7_Score(0.997722).bmp,Low Dose Obstructing Region of Interest,L31,train
7a7f026c9cdab2603e4decbf1c22f6da,/data/FMD_Data_26082026/fmd_temp_images/Updated ICube Categorical Classes 20260915/Low Dose/20260809_191110_L31_PalletGHJ0809234707_Cavity15_B01BGVB_Fail2_Score(0.9160315).bmp,Low Dose Obstructing Region of Interest,L31,train
7a864c1dacbb84296a0afb5d25567184,/data/FMD_Data_26082026/fmd_temp_images/Updated ICube Categorical Classes 20260915/Low Dose/20260813_073538_L31_PalletGHF0813121154_Cavity5_B01BHKF_Fail7_Score(0.9947367)_0.9392.bmp,Low Dose Obstructing Region of Interest,L31,train
7ab2dbc36572a4fad5b3438992821f81,/data/FMD_Data_26082026/fmd_temp_images/Updated ICube Categorical Classes 20260915/Low Dose/20260813_163108_L31_PalletGHE0813210729_Cavity7_B01BGV5_Fail7_Score(0.9974222)_0.9375.bmp,Low Dose Obstructing Region of Interest,L31,train
7b30c1998a37a5e0e885ecbaee49a5ec,/data/FMD_Data_26082026/fmd_temp_images/Updated ICube Categorical Classes 20260915/Low Dose/20260808_052722_L31_PalletGHP0808100307_Cavity9_B01BGTX_Fail2_Score(0.911446).bmp,Low Dose Obstructing Region of Interest,L31,train
7ba39ac1b4ef89dabc771b1ead434b41,/data/FMD_Data_26082026/fmd_temp_images/ICube Defects Library/Low Dose Obstructing Region of Interest/20260805_093051_L31_PalletGHT0805140627_Cavity6_B01BH5J_Fail7_Score(0.9996637).bmp,Low Dose Obstructing Region of Interest,L31,train
7ba799d8978a88abe1382b8290328ae8,/data/FMD_Data_26082026/fmd_temp_images/Updated ICube Categorical Classes 20260915/Low Dose/20260807_175535_L31_PalletGHF0807223051_Cavity6_B01BGTW_Fail5_Score(0.9640657).bmp,Low Dose Obstructing Region of Interest,L31,train
7baf480f99144b6eb9d93f0d16764246,/data/FMD_Data_26082026/fmd_temp_images/Updated ICube Categorical Classes 20260915/Low Dose/20260814_084439_L31_PalletGHS0814132058_Cavity12_B01BGV7_Fail6_Score(0.975129)_0.9995.bmp,Low Dose Obstructing Region of Interest,L31,train
7c1dea9b0eb74bb1f2f0b5f9b87c9e45,/data/FMD_Data_26082026/fmd_temp_images/Updated ICube Categorical Classes 20260915/Low Dose/20260808_085609_L31_PalletGHG0808133204_Cavity8_B01BGTX_Fail7_Score(0.9975887).bmp,Low Dose Obstructing Region of Interest,L31,train
7c210c1ba87272792b57ca0b598d3c82,/data/FMD_Data_26082026/fmd_temp_images/Updated ICube Categorical Classes 20260915/Low Dose/20260809_194742_L31_PalletGHQ0810002342_Cavity9_B01BGVB_Fail4_Score(0.9481199).bmp,Low Dose Obstructing Region of Interest,L31,train
7c21a66f7d6231d904399cd67093ef59,/data/FMD_Data_26082026/fmd_temp_images/Updated ICube Categorical Classes 20260915/Low Dose/20260813_092940_L31_PalletGHJ0813140556_Cavity2_B01BGV4_Fail5_Score(0.9521576)_0.9960.bmp,Low Dose Obstructing Region of Interest,L31,train
7c37d39c3476f1cafe32874493a00fc1,/data/FMD_Data_26082026/fmd_temp_images/Updated ICube Categorical Classes 20260915/Low Dose/20260813_092418_L31_PalletGHT0813140024_Cavity5_B01BGV4_Fail4_Score(0.9377376)_0.9977.bmp,Low Dose Obstructing Region of Interest,L31,train
7c9db96271a3d5119e95f1c2b44f6741,/data/FMD_Data_26082026/fmd_temp_images/Updated ICube Categorical Classes 20260915/Low Dose/20260808_043649_L31_PalletGHT0808091240_Cavity10_B01BGTX_Fail7_Score(0.9962006).bmp,Low Dose Obstructing Region of Interest,L31,train
7ced95df2eb4524ea1d3214eebbd245f,/data/FMD_Data_26082026/fmd_temp_images/Updated ICube Categorical Classes 20260915/Low Dose/20260807_060122_L31_PalletGHA0807103711_Cavity6_B01BGV0_Fail6_Score(0.9676204).bmp,Low Dose Obstructing Region of Interest,L31,train
7d28180a142d1df41d708f3d34fc1ef3,/data/FMD_Data_26082026/fmd_temp_images/Updated ICube Categorical Classes 20260915/Low Dose/20260808_054425_L31_PalletGHO0808102012_Cavity13_B01BGTX_Fail5_Score(0.9619144).bmp,Low Dose Obstructing Region of Interest,L31,train
7d3a15a0b8ef94fbeb23b0b90852b5e1,/data/FMD_Data_26082026/fmd_temp_images/Updated ICube Categorical Classes 20260915/Low Dose/20260814_040411_L31_PalletGHE0814084012_Cavity12_B01BGV7_Fail5_Score(0.9666321)_0.9996.bmp,Low Dose Obstructing Region of Interest,L31,train
7d49edcaf0a2acac63e2902420fb007b,/data/FMD_Data_26082026/fmd_temp_images/Updated ICube Categorical Classes 20260915/Low Dose/20260808_195451_L31_PalletGHG0809003046_Cavity6_B01BGV2_Fail3_Score(0.9204847).bmp,Low Dose Obstructing Region of Interest,L31,train
7db9babbf07c4ee0bc0af55c45d8ce2f,/data/FMD_Data_26082026/fmd_temp_images/Updated ICube Categorical Classes 20260915/Low Dose/20260808_190834_L31_PalletGHU0808234429_Cavity4_B01BGV2_Fail7_Score(0.9998628).bmp,Low Dose Obstructing Region of Interest,L31,train
7dd80be21b45b2d15ff77791fa8ced58,/data/FMD_Data_26082026/fmd_temp_images/Updated ICube Categorical Classes 20260915/Low Dose/20260813_102443_L31_PalletGHI0813150105_Cavity11_B01BGV4_Fail7_Score(0.999925)_0.9968.bmp,Low Dose Obstructing Region of Interest,L31,train
7e35f9679b745ee9763063fc7a085561,/data/FMD_Data_26082026/fmd_temp_images/Updated ICube Categorical Classes 20260915/Low Dose/20260807_211045_L31_PalletGHR0808014625_Cavity7_B01BG2P_Fail7_Score(0.9990766).bmp,Low Dose Obstructing Region of Interest,L31,train
7f375620461be4da81d516e1b8de9dd6,/data/FMD_Data_26082026/fmd_temp_images/Updated ICube Categorical Classes 20260915/Low Dose/20260808_071700_L31_PalletGHB0808115242_Cavity9_B01BGTX_Fail5_Score(0.9508928).bmp,Low Dose Obstructing Region of Interest,L31,train
7fe028ac7808b6f44d2ebb3ae8d4ab67,/data/FMD_Data_26082026/fmd_temp_images/Updated ICube Categorical Classes 20260915/Low Dose/20260813_170926_L31_PalletGHH0813214543_Cavity13_B01BGV5_Fail7_Score(0.9871226)_0.9999.bmp,Low Dose Obstructing Region of Interest,L31,train
8045e9aedabad0204e511fc8adefec95,/data/FMD_Data_26082026/fmd_temp_images/Updated ICube Categorical Classes 20260915/Low Dose/20260814_094146_L31_PalletGHS0814141802_Cavity10_B01BGV7_Fail7_Score(0.9999937)_0.9963.bmp,Low Dose Obstructing Region of Interest,L31,train
806834f68dafa6a0ed487156cbd5b724,/data/FMD_Data_26082026/fmd_temp_images/Updated ICube Categorical Classes 20260915/Low Dose/20260814_004231_L31_PalletGHA0814051852_Cavity1_B01BGV6_Fail7_Score(0.9998241)_0.9694.bmp,Low Dose Obstructing Region of Interest,L31,train
816a304cc5f9326656ee2f11a98e3264,/data/FMD_Data_26082026/fmd_temp_images/Updated ICube Categorical Classes 20260915/Low Dose/20260814_021042_L31_PalletGHC0814064706_Cavity13_B01BGV7_Fail7_Score(0.9917972)_0.9925.bmp,Low Dose Obstructing Region of Interest,L31,train
817292a2d959437abc25ec73cee312f2,/data/FMD_Data_26082026/fmd_temp_images/Updated ICube Categorical Classes 20260915/Low Dose/20260808_064422_L31_PalletGHC0808111958_Cavity15_B01BGTX_Fail4_Score(0.9407902).bmp,Low Dose Obstructing Region of Interest,L31,train
8198e1b939a98bd9e9bbf09104a3e3fa,/data/FMD_Data_26082026/fmd_temp_images/Updated ICube Categorical Classes 20260915/Low Dose/20260807_164539_L31_PalletGHB0807212120_Cavity9_B01BGTW_Fail7_Score(0.9893049).bmp,Low Dose Obstructing Region of Interest,L31,train
81cdf01f6893efa947effa2f27d8f7de,/data/FMD_Data_26082026/fmd_temp_images/Updated ICube Categorical Classes 20260915/Low Dose/20260808_053301_L31_PalletGHH0808100847_Cavity14_B01BGTX_Fail7_Score(0.9914021).bmp,Low Dose Obstructing Region of Interest,L31,train
82cdeb89106af583f2dab521dd6b039d,/data/FMD_Data_26082026/fmd_temp_images/Updated ICube Categorical Classes 20260915/Low Dose/20260808_172906_L31_PalletGHU0808220446_Cavity11_B01BGV2_Fail6_Score(0.9762605).bmp,Low Dose Obstructing Region of Interest,L31,train
83026f054b7a46f704951758a2f006d9,/data/FMD_Data_26082026/fmd_temp_images/Updated ICube Categorical Classes 20260915/Low Dose/20260813_094743_L31_PalletGHG0813142401_Cavity4_B01BGV4_Fail7_Score(0.9992962)_0.9989.bmp,Low Dose Obstructing Region of Interest,L31,train
83bce38974f5fe442bb797497bbc1655,/data/FMD_Data_26082026/fmd_temp_images/Updated ICube Categorical Classes 20260915/Low Dose/20260808_063208_L31_PalletGHM0808110803_Cavity15_B01BGTX_Fail7_Score(0.9999998).bmp,Low Dose Obstructing Region of Interest,L31,train
83c23debeaff7bdd3f9c093c560b6ce1,/data/FMD_Data_26082026/fmd_temp_images/Updated ICube Categorical Classes 20260915/Low Dose/20260808_230928_L31_PalletGHP0809034525_Cavity12_B01BGV2_Fail4_Score(0.9429047).bmp,Low Dose Obstructing Region of Interest,L31,train
83d1c6005fd5b9d7d5dcfc161c7469a7,/data/FMD_Data_26082026/fmd_temp_images/Updated ICube Categorical Classes 20260915/Low Dose/20260813_183337_L31_PalletGHK0813230952_Cavity13_B01BGV5_Fail7_Score(0.9992369)_0.8647.bmp,Low Dose Obstructing Region of Interest,L31,train
83d256e48e5c14f883591180ae952c9d,/data/FMD_Data_26082026/fmd_temp_images/Updated ICube Categorical Classes 20260915/Low Dose/20260813_181800_L31_PalletGHK0813225421_Cavity7_B01BGV5_Fail7_Score(0.9999987)_0.9960.bmp,Low Dose Obstructing Region of Interest,L31,train
83d82fc00ab1b0327bc20e2d66f7301d,/data/FMD_Data_26082026/fmd_temp_images/Updated ICube Categorical Classes 20260915/Low Dose/20260808_125056_L31_PalletGHU0808172626_Cavity13_B01BGTZ_Fail6_Score(0.9734082).bmp,Low Dose Obstructing Region of Interest,L31,train
83fbf6e3a3a567f5b72cefd665641713,/data/FMD_Data_26082026/fmd_temp_images/Updated ICube Categorical Classes 20260915/Low Dose/20260809_142148_L31_PalletGHP0809185747_Cavity4_B01BGVB_Fail7_Score(0.9939142)_0.3821.bmp,Low Dose Obstructing Region of Interest,L31,train
840c9510283ae91c5eee8cd72bab5d0c,/data/FMD_Data_26082026/fmd_temp_images/Updated ICube Categorical Classes 20260915/Low Dose/20260814_025218_L31_PalletGHB0814072835_Cavity1_B01BGV7_Fail7_Score(0.9972678)_0.8899.bmp,Low Dose Obstructing Region of Interest,L31,train
844e7f24874d7ed268ceb45073475885,/data/FMD_Data_26082026/fmd_temp_images/Updated ICube Categorical Classes 20260915/Low Dose/20260813_143141_L31_PalletGHS0813190757_Cavity5_B01BGV4_Fail7_Score(0.9917835)_0.9997.bmp,Low Dose Obstructing Region of Interest,L31,train
8468c7662c27103d01b67a34829b15ce,/data/FMD_Data_26082026/fmd_temp_images/Updated ICube Categorical Classes 20260915/Low Dose/20260814_041116_L31_PalletGHL0814084655_Cavity4_B01BGV7_Fail6_Score(0.9806142)_0.9999.bmp,Low Dose Obstructing Region of Interest,L31,train
848dc271cd97a459245fd01d815f416d,/data/FMD_Data_26082026/fmd_temp_images/Updated ICube Categorical Classes 20260915/Low Dose/20260814_091303_L31_PalletGHK0814134917_Cavity5_B01BGV7_Fail6_Score(0.9823036)_0.9978.bmp,Low Dose Obstructing Region of Interest,L31,train
84b6e4202911c2ffe2764a2a60e54fc6,/data/FMD_Data_26082026/fmd_temp_images/Updated ICube Categorical Classes 20260915/Low Dose/20260808_215904_L31_PalletGHR0809023506_Cavity7_B01BGV2_Fail4_Score(0.9430466).bmp,Low Dose Obstructing Region of Interest,L31,train
84c9eee05a267c95eccc27c69f2dda01,/data/FMD_Data_26082026/fmd_temp_images/Updated ICube Categorical Classes 20260915/Low Dose/20260808_152056_L31_PalletGHI0808195651_Cavity4_B01BGTZ_Fail7_Score(0.9999949).bmp,Low Dose Obstructing Region of Interest,L31,train
85069d05d0a1e495a9c0f5f5f33da2fa,/data/FMD_Data_26082026/fmd_temp_images/Updated ICube Categorical Classes 20260915/Low Dose/20260813_193316_L31_PalletGHT0814000934_Cavity15_B01BGV5_Fail3_Score(0.9189035)_0.7543.bmp,Low Dose Obstructing Region of Interest,L31,train
8516d2102a3341a65d0cf1af1419d67b,/data/FMD_Data_26082026/fmd_temp_images/Updated ICube Categorical Classes 20260915/Low Dose/20260808_110232_L31_PalletGHL0808153824_Cavity9_B01BGTZ_Fail7_Score(0.9914625).bmp,Low Dose Obstructing Region of Interest,L31,train
858ab0159076ef8289fa694a15bc30ef,/data/FMD_Data_26082026/fmd_temp_images/Updated ICube Categorical Classes 20260915/Low Dose/20260807_114826_L31_PalletGHU0807162414_Cavity4_B01BGTW_Fail2_Score(0.911316).bmp,Low Dose Obstructing Region of Interest,L31,train
85b970bd1ba814072547348d89b299c2,/data/FMD_Data_26082026/fmd_temp_images/Updated ICube Categorical Classes 20260915/Low Dose/20260808_033221_L31_PalletGHQ0808080808_Cavity12_B01BGTX_Fail6_Score(0.9739654).bmp,Low Dose Obstructing Region of Interest,L31,train
85be1984033b7958d096b313c466e917,/data/FMD_Data_26082026/fmd_temp_images/Updated ICube Categorical Classes 20260915/Low Dose/20260901_235000_L31_PalletGHR0902042149_Cavity3_B01BM8Q_Fail7_Score(0.9997284).bmp,Low Dose Obstructing Region of Interest,L31,train
861095a37a4351d4fab232898f52290e,/data/FMD_Data_26082026/fmd_temp_images/Updated ICube Categorical Classes 20260915/Low Dose/20260808_030745_L31_PalletGHA0808074335_Cavity10_B01BGTX_Fail7_Score(0.9988207).bmp,Low Dose Obstructing Region of Interest,L31,train
869ceeea5a234cda76b4e125924a0fa4,/data/FMD_Data_26082026/fmd_temp_images/Updated ICube Categorical Classes 20260915/Low Dose/20260808_040445_L31_PalletGHL0808084037_Cavity3_B01BGTX_Fail4_Score(0.9335874).bmp,Low Dose Obstructing Region of Interest,L31,train
86bbb68c8de5d9a61841469507acd041,/data/FMD_Data_26082026/fmd_temp_images/Updated ICube Categorical Classes 20260915/Low Dose/20260807_015642_L31_PalletGHF0807062931_Cavity7_B01BGV1_Fail7_Score(0.9997884).bmp,Low Dose Obstructing Region of Interest,L31,train
876e4b3fae98dd3a2bb869867591a547,/data/FMD_Data_26082026/fmd_temp_images/Updated ICube Categorical Classes 20260915/Low Dose/20260808_053718_L31_PalletGHQ0808101305_Cavity11_B01BGTX_Fail4_Score(0.9374892).bmp,Low Dose Obstructing Region of Interest,L31,train
87cd6d2b43faddb5df1383e41abb66a6,/data/FMD_Data_26082026/fmd_temp_images/Updated ICube Categorical Classes 20260915/Low Dose/20260813_160319_L31_PalletGHJ0813203931_Cavity13_B01BGV5_Fail7_Score(0.9979341)_0.9988.bmp,Low Dose Obstructing Region of Interest,L31,train
882e3dddaf122b3257e6a6170a515ff2,/data/FMD_Data_26082026/fmd_temp_images/Updated ICube Categorical Classes 20260915/Low Dose/20260807_231520_L31_PalletGHB0808035107_Cavity7_B01BG28_Fail2_Score(0.9049275).bmp,Low Dose Obstructing Region of Interest,L31,train
885b7fc9e75dc5e59afe4186ff32bb07,/data/FMD_Data_26082026/fmd_temp_images/Updated ICube Categorical Classes 20260915/Low Dose/20260813_200506_L31_PalletGHB0814004123_Cavity2_B01BGV5_Fail6_Score(0.9798819)_0.9978.bmp,Low Dose Obstructing Region of Interest,L31,train
88705eabd3b8150448967a7ac86d5ac5,/data/FMD_Data_26082026/fmd_temp_images/Updated ICube Categorical Classes 20260915/Low Dose/20260813_075316_L31_PalletGHG0813122937_Cavity9_B01BHKF_Fail6_Score(0.9717715)_0.5106.bmp,Low Dose Obstructing Region of Interest,L31,train
88ca824ab62fb2abf19da2f8bc2ace1f,/data/FMD_Data_26082026/fmd_temp_images/Updated ICube Categorical Classes 20260915/Low Dose/20260807_172456_L31_PalletGHN0807220034_Cavity2_B01BGTW_Fail5_Score(0.9656166).bmp,Low Dose Obstructing Region of Interest,L31,train
890bba90988828ae11e478765979e657,/data/FMD_Data_26082026/fmd_temp_images/Updated ICube Categorical Classes 20260915/Low Dose/20260806_112947_L31_PalletGHP0806160529_Cavity4_B01BGTR_Fail7_Score(0.9959783).bmp,Low Dose Obstructing Region of Interest,L31,train
893b5726574f43d684afa07c608b7139,/data/FMD_Data_26082026/fmd_temp_images/Updated ICube Categorical Classes 20260915/Low Dose/20260809_001740_L31_PalletGHM0809045342_Cavity15_B01BGV3_Fail6_Score(0.9741785).bmp,Low Dose Obstructing Region of Interest,L31,train
89a2340a42b405e0dda921d77318b23b,/data/FMD_Data_26082026/fmd_temp_images/Updated ICube Categorical Classes 20260915/Low Dose/20260807_012429_L31_PalletGHO0807060011_Cavity6_B01BGV1_Fail7_Score(0.9854428).bmp,Low Dose Obstructing Region of Interest,L31,train
8a1205d79ff65fa6d961d52886f125ad,/data/FMD_Data_26082026/fmd_temp_images/Updated ICube Categorical Classes 20260915/Low Dose/20260813_093618_L31_PalletGHT0813141230_Cavity10_B01BGV4_Fail7_Score(0.9914883)_0.9988.bmp,Low Dose Obstructing Region of Interest,L31,train
8a20087c60648fab59a7b0b0e503949d,/data/FMD_Data_26082026/fmd_temp_images/Updated ICube Categorical Classes 20260915/Low Dose/20260808_053416_L31_PalletGHJ0808100942_Cavity2_B01BGTX_Fail7_Score(0.9891237).bmp,Low Dose Obstructing Region of Interest,L31,train
8b116fa0ed6f70a56aca37d196490c82,/data/FMD_Data_26082026/fmd_temp_images/Updated ICube Categorical Classes 20260915/Low Dose/20260808_085350_L31_PalletGHN0808132942_Cavity8_B01BGTX_Fail7_Score(0.9878178).bmp,Low Dose Obstructing Region of Interest,L31,train
8b574b9835373cad8b66bd54dae4f02d,/data/FMD_Data_26082026/fmd_temp_images/Updated ICube Categorical Classes 20260915/Low Dose/20260808_045603_L31_PalletGHE0808093145_Cavity8_B01BGTX_Fail6_Score(0.9738986).bmp,Low Dose Obstructing Region of Interest,L31,train
8b6fab8c4499edfe3e5c902c7de4deff,/data/FMD_Data_26082026/fmd_temp_images/Updated ICube Categorical Classes 20260915/Low Dose/20260814_045700_L31_PalletGHP0814093319_Cavity10_B01BGV7_Fail7_Score(0.9970517)_0.9963.bmp,Low Dose Obstructing Region of Interest,L31,train
8b71d4ff507f891986ef8be8f2dae4fd,/data/FMD_Data_26082026/fmd_temp_images/ICube Defects Library/Low Dose Obstructing Region of Interest/20260805_140959_L31_PalletGHJ0805184542_Cavity6_B01BGTV_Fail7_Score(0.9999945).bmp,Low Dose Obstructing Region of Interest,L31,train
8bacd184caecff982e73c42927d2c35d,/data/FMD_Data_26082026/fmd_temp_images/Updated ICube Categorical Classes 20260915/Low Dose/20260808_160038_L31_PalletGHE0808203630_Cavity15_B01BGTZ_Fail7_Score(0.9845527).bmp,Low Dose Obstructing Region of Interest,L31,train
8bd369b3828950ee697f9cf0fc65f25b,/data/FMD_Data_26082026/fmd_temp_images/Updated ICube Categorical Classes 20260915/Low Dose/20260808_110515_L31_PalletGHS0808154107_Cavity8_B01BGTZ_Fail7_Score(0.9999934).bmp,Low Dose Obstructing Region of Interest,L31,train
8c2787e7111062b23a72db19237723a8,/data/FMD_Data_26082026/fmd_temp_images/Updated ICube Categorical Classes 20260915/Low Dose/20260814_061449_L31_PalletGHD0814104945_Cavity9_B01BGV7_Fail6_Score(0.97123)_0.9993.bmp,Low Dose Obstructing Region of Interest,L31,train
8cce3b4ebb8fb52f2d18bc540067274f,/data/FMD_Data_26082026/fmd_temp_images/Updated ICube Categorical Classes 20260915/Low Dose/20260808_225315_L31_PalletGHJ0809032911_Cavity7_B01BGV2_Fail7_Score(0.9975501).bmp,Low Dose Obstructing Region of Interest,L31,train
8cd5a1a27ff3bc4cafe048bced05ddd0,/data/FMD_Data_26082026/fmd_temp_images/Updated ICube Categorical Classes 20260915/Low Dose/20260813_103231_L31_PalletGHT0813150850_Cavity9_B01BGV4_Fail7_Score(0.9856803)_0.9979.bmp,Low Dose Obstructing Region of Interest,L31,train
8d1c68e4c7a5d10ae31e177b53ce0544,/data/FMD_Data_26082026/fmd_temp_images/Updated ICube Categorical Classes 20260915/Low Dose/20260808_024842_L31_PalletGHS0808072430_Cavity14_B01BGTX_Fail7_Score(0.9999961).bmp,Low Dose Obstructing Region of Interest,L31,train
8d38eef85c17deb3df49a23ba1fe4fd5,/data/FMD_Data_26082026/fmd_temp_images/Updated ICube Categorical Classes 20260915/Low Dose/20260813_155737_L31_PalletGHQ0813203352_Cavity4_B01BGV5_Fail7_Score(0.9928104)_0.9984.bmp,Low Dose Obstructing Region of Interest,L31,train
8d777c002cb10a93ffee3b27d2c77e9d,/data/FMD_Data_26082026/fmd_temp_images/Updated ICube Categorical Classes 20260915/Low Dose/20260808_050536_L31_PalletGHA0808094129_Cavity2_B01BGTX_Fail3_Score(0.9206026).bmp,Low Dose Obstructing Region of Interest,L31,train
8dc8f78595439cfc094cfc3708dff29f,/data/FMD_Data_26082026/fmd_temp_images/ICube Defects Library/Low Dose Obstructing Region of Interest/20260805_222240_L31_PalletGHS0806025821_Cavity14_B01BGTS_Fail7_Score(0.9906869).bmp,Low Dose Obstructing Region of Interest,L31,train
8dc994f9d48b25fa28dc1dcffcd4e641,/data/FMD_Data_26082026/fmd_temp_images/Updated ICube Categorical Classes 20260915/Low Dose/20260813_160958_L31_PalletGHO0813204616_Cavity13_B01BGV5_Fail7_Score(0.9998956)_0.9988.bmp,Low Dose Obstructing Region of Interest,L31,train
8e317b47a7925de91e3b51df94c946a1,/data/FMD_Data_26082026/fmd_temp_images/Updated ICube Categorical Classes 20260915/Low Dose/20260806_192450_L31_PalletGHJ0807000023_Cavity15_B01BG2J_Fail6_Score(0.9823192).bmp,Low Dose Obstructing Region of Interest,L31,train
8e327a7eba27be87fe602452b7e0d90b,/data/FMD_Data_26082026/fmd_temp_images/Updated ICube Categorical Classes 20260915/Low Dose/20260807_200020_L31_PalletGHF0808003613_Cavity15_B01BG2K_Fail7_Score(0.9964949).bmp,Low Dose Obstructing Region of Interest,L31,train
8e60ce5064ec010823502c9a9d08ab6f,/data/FMD_Data_26082026/fmd_temp_images/Updated ICube Categorical Classes 20260915/Low Dose/20260809_001509_L31_PalletGHO0809045106_Cavity11_B01BGV3_Fail7_Score(0.9981377).bmp,Low Dose Obstructing Region of Interest,L31,train
8eab28ac5aa90c5885f137af970031e6,/data/FMD_Data_26082026/fmd_temp_images/ICube Defects Library/Low Dose Obstructing Region of Interest/20260805_205821_L31_PalletGHC0806013400_Cavity11_B01BGTS_Fail7_Score(0.9975132).bmp,Low Dose Obstructing Region of Interest,L31,train
8ebe2f08c8f319224d3ab8be237e2db2,/data/FMD_Data_26082026/fmd_temp_images/Updated ICube Categorical Classes 20260915/Low Dose/20260805_211833_L31_PalletGHT0806015416_Cavity13_B01BGTS_Fail5_Score(0.9562452).bmp,Low Dose Obstructing Region of Interest,L31,train
8f092e2096a6d3452a32d51774be743a,/data/FMD_Data_26082026/fmd_temp_images/Updated ICube Categorical Classes 20260915/Low Dose/20260806_101536_L31_PalletGHM0806145048_Cavity4_B01BGTR_Fail7_Score(0.9995828).bmp,Low Dose Obstructing Region of Interest,L31,train
8f76c4b9900ee12e8dea3cae1ea7214a,/data/FMD_Data_26082026/fmd_temp_images/Updated ICube Categorical Classes 20260915/Low Dose/20260807_122812_L31_PalletGHT0807170318_Cavity9_B01BGTW_Fail4_Score(0.9386021).bmp,Low Dose Obstructing Region of Interest,L31,train
8fac01e62f3cd3717ae8cdfe68b32c8c,/data/FMD_Data_26082026/fmd_temp_images/Updated ICube Categorical Classes 20260915/Low Dose/20260808_075517_L31_PalletGHT0808123110_Cavity10_B01BGTX_Fail6_Score(0.9815994).bmp,Low Dose Obstructing Region of Interest,L31,train
8fe2ad0e4d464721d60e87bcb5f60718,/data/FMD_Data_26082026/fmd_temp_images/Updated ICube Categorical Classes 20260915/Low Dose/20260808_185537_L31_PalletGHF0808233106_Cavity10_B01BGV2_Fail7_Score(0.9996858).bmp,Low Dose Obstructing Region of Interest,L31,train
8ff5f1d6325006975e248dd172adde96,/data/FMD_Data_26082026/fmd_temp_images/Updated ICube Categorical Classes 20260915/Low Dose/20260806_185458_L31_PalletGHS0806233031_Cavity2_B01BGTT_Fail3_Score(0.9265623).bmp,Low Dose Obstructing Region of Interest,L31,train
9005c7f087b51eb4c4e3581794fc9fdc,/data/FMD_Data_26082026/fmd_temp_images/Updated ICube Categorical Classes 20260915/Low Dose/20260808_014052_L31_PalletGHD0808061644_Cavity11_B01BG29_Fail7_Score(0.9993752).bmp,Low Dose Obstructing Region of Interest,L31,train
901cdd85c5ee6fa79d685d9345294642,/data/FMD_Data_26082026/fmd_temp_images/Updated ICube Categorical Classes 20260915/Low Dose/20260808_234239_L31_PalletGHH0809041825_Cavity9_B01BGV2_Fail7_Score(0.9965615).bmp,Low Dose Obstructing Region of Interest,L31,train
9061c771c89b2dee16255b8567cf20e2,/data/FMD_Data_26082026/fmd_temp_images/Updated ICube Categorical Classes 20260915/Low Dose/20260806_183329_L31_PalletGHK0806230908_Cavity6_B01BGTT_Fail7_Score(0.9907678).bmp,Low Dose Obstructing Region of Interest,L31,train
90d92ee75e7ad3d55ad67d66899df1f9,/data/FMD_Data_26082026/fmd_temp_images/Updated ICube Categorical Classes 20260915/Low Dose/20260808_050143_L31_PalletGHQ0808093734_Cavity8_B01BGTX_Fail4_Score(0.9387413).bmp,Low Dose Obstructing Region of Interest,L31,train
910ba2e1f0f4189dfcee9e5ed011ceb7,/data/FMD_Data_26082026/fmd_temp_images/Updated ICube Categorical Classes 20260915/Low Dose/20260808_075106_L31_PalletGHF0808122655_Cavity8_B01BGTX_Fail7_Score(0.9891021).bmp,Low Dose Obstructing Region of Interest,L31,train
919cbeec234f4d608aa679c448ee50bc,/data/FMD_Data_26082026/fmd_temp_images/Updated ICube Categorical Classes 20260915/Low Dose/20260809_191105_L31_PalletGHH0809234700_Cavity3_B01BGVB_Fail7_Score(0.9984658).bmp,Low Dose Obstructing Region of Interest,L31,train
91ebc35e8f4cf05d20413454f2d1eeff,/data/FMD_Data_26082026/fmd_temp_images/Updated ICube Categorical Classes 20260915/Low Dose/20260808_072450_L31_PalletGHJ0808120039_Cavity6_B01BGTX_Fail2_Score(0.9141099).bmp,Low Dose Obstructing Region of Interest,L31,train
91f33e6e5fb96ed7865c26efb88c1d77,/data/FMD_Data_26082026/fmd_temp_images/Updated ICube Categorical Classes 20260915/Low Dose/20260813_140856_L31_PalletGHH0813184509_Cavity10_B01BGV4_Fail3_Score(0.9290155)_0.9992.bmp,Low Dose Obstructing Region of Interest,L31,train
91f4c922aaae92b1cb907b0558e9f95c,/data/FMD_Data_26082026/fmd_temp_images/Updated ICube Categorical Classes 20260915/Low Dose/20260805_144248_L31_PalletGHI0805191759_Cavity6_B01BGTV_Fail7_Score(0.9886888).bmp,Low Dose Obstructing Region of Interest,L31,train
91fddfdeea0b8641940959d6bd6cc3f2,/data/FMD_Data_26082026/fmd_temp_images/Updated ICube Categorical Classes 20260915/Low Dose/20260808_225040_L31_PalletGHL0809032635_Cavity10_B01BGV2_Fail3_Score(0.9192346).bmp,Low Dose Obstructing Region of Interest,L31,train
92d75143e43b602803b2886734d4ad3b,/data/FMD_Data_26082026/fmd_temp_images/Updated ICube Categorical Classes 20260915/Low Dose/20260807_132711_L31_PalletGHA0807180257_Cavity14_B01BGTW_Fail6_Score(0.9771317).bmp,Low Dose Obstructing Region of Interest,L31,train
9331ad59a4cda4f11e8153045d838af8,/data/FMD_Data_26082026/fmd_temp_images/Updated ICube Categorical Classes 20260915/Low Dose/20260808_123415_L31_PalletGHK0808171008_Cavity11_B01BGTZ_Fail7_Score(0.989741).bmp,Low Dose Obstructing Region of Interest,L31,train
934e6e46e3475eabea331bc13dfef0bc,/data/FMD_Data_26082026/fmd_temp_images/Updated ICube Categorical Classes 20260915/Low Dose/20260808_233512_L31_PalletGHR0809041108_Cavity1_B01BGV2_Fail7_Score(0.9962669).bmp,Low Dose Obstructing Region of Interest,L31,train
93957967c41443c77e60169c2667e59f,/data/FMD_Data_26082026/fmd_temp_images/Updated ICube Categorical Classes 20260915/Low Dose/20260808_000243_L31_PalletGHH0808043834_Cavity7_B01BG28_Fail7_Score(0.9998135).bmp,Low Dose Obstructing Region of Interest,L31,train
93c070c6732f4acfafc93aa8d9411cb1,/data/FMD_Data_26082026/fmd_temp_images/ICube Defects Library/Low Dose Obstructing Region of Interest/20260805_175530_L31_PalletGHO0805223104_Cavity10_B01BGTV_Fail7_Score(0.9988051).bmp,Low Dose Obstructing Region of Interest,L31,train
93dda834c25baa077ea520f8ca0e50db,/data/FMD_Data_26082026/fmd_temp_images/ICube Defects Library/Low Dose Obstructing Region of Interest/20260805_192612_L31_PalletGHC0806000153_Cavity10_B01BGTV_Fail7_Score(0.9911042).bmp,Low Dose Obstructing Region of Interest,L31,train
9492722fefd8e108a1c95af81b258ea2,/data/FMD_Data_26082026/fmd_temp_images/Updated ICube Categorical Classes 20260915/Low Dose/20260810_021136_L31_PalletGHJ0810064738_Cavity11_B01BHK3_Fail7_Score(0.9950585)_0.4145.bmp,Low Dose Obstructing Region of Interest,L31,train
94b77b836593e13d537733a676ed4842,/data/FMD_Data_26082026/fmd_temp_images/Updated ICube Categorical Classes 20260915/Low Dose/20260814_012340_L31_PalletGHO0814055958_Cavity11_B01BGV6_Fail4_Score(0.9478381)_0.9993.bmp,Low Dose Obstructing Region of Interest,L31,train
953c7f232ce0094e4ede202eb3fc0193,/data/FMD_Data_26082026/fmd_temp_images/Updated ICube Categorical Classes 20260915/Low Dose/20260814_032917_L31_PalletGHK0814080537_Cavity8_B01BGV7_Fail3_Score(0.9167892)_0.9999.bmp,Low Dose Obstructing Region of Interest,L31,train
9555762e3fd92e04b36b6f5e4e9bd65d,/data/FMD_Data_26082026/fmd_temp_images/Updated ICube Categorical Classes 20260915/Low Dose/20260814_024443_L31_PalletGHP0814072053_Cavity11_B01BGV7_Fail7_Score(0.9994223)_0.9929.bmp,Low Dose Obstructing Region of Interest,L31,train
9575e359ad6b31ad158d861e298f059f,/data/FMD_Data_26082026/fmd_temp_images/Updated ICube Categorical Classes 20260915/Low Dose/20260808_125032_L31_PalletGHO0808172527_Cavity9_B01BGTZ_Fail6_Score(0.97743).bmp,Low Dose Obstructing Region of Interest,L31,train
960c32c591dbd11f1ca1bf838b93cbba,/data/FMD_Data_26082026/fmd_temp_images/Updated ICube Categorical Classes 20260915/Low Dose/20260808_045739_L31_PalletGHC0808093326_Cavity14_B01BGTX_Fail7_Score(0.998832).bmp,Low Dose Obstructing Region of Interest,L31,train
96a69945e243259514fe82b5a82b2986,/data/FMD_Data_26082026/fmd_temp_images/Updated ICube Categorical Classes 20260915/Low Dose/20260808_114655_L31_PalletGHL0808162249_Cavity9_B01BGTZ_Fail7_Score(0.9976059).bmp,Low Dose Obstructing Region of Interest,L31,train
96bab4828f23491b1e1748eadba8d193,/data/FMD_Data_26082026/fmd_temp_images/Updated ICube Categorical Classes 20260915/Low Dose/20260807_220646_L31_PalletGHP0808024225_Cavity1_B01BG2P_Fail7_Score(0.9961495).bmp,Low Dose Obstructing Region of Interest,L31,train
97ad68305f8cb3074368871a3893e4ad,/data/FMD_Data_26082026/fmd_temp_images/Updated ICube Categorical Classes 20260915/Low Dose/20260805_205650_L31_PalletGHI0806013232_Cavity10_B01BGTS_Fail6_Score(0.968879).bmp,Low Dose Obstructing Region of Interest,L31,train
97c087fa266bebca25b624ed1cd7f231,/data/FMD_Data_26082026/fmd_temp_images/Updated ICube Categorical Classes 20260915/Low Dose/20260808_073320_L31_PalletGHQ0808120907_Cavity13_B01BGTX_Fail7_Score(0.9988586).bmp,Low Dose Obstructing Region of Interest,L31,train
982875e20eea6b1e75097a7f837a887f,/data/FMD_Data_26082026/fmd_temp_images/Updated ICube Categorical Classes 20260915/Low Dose/20260813_205702_L31_PalletGHG0814013313_Cavity9_B01BGV6_Fail7_Score(0.9982202)_0.9985.bmp,Low Dose Obstructing Region of Interest,L31,train
983b5186b0f61e4c5eb23fbb4543ec39,/data/FMD_Data_26082026/fmd_temp_images/Updated ICube Categorical Classes 20260915/Low Dose/20260813_133341_L31_PalletGHQ0813180953_Cavity6_B01BGV4_Fail7_Score(0.9999955)_0.9989.bmp,Low Dose Obstructing Region of Interest,L31,train
98675dfa078962d088c912e401bfc04f,/data/FMD_Data_26082026/fmd_temp_images/Updated ICube Categorical Classes 20260915/Low Dose/20260814_063627_L31_PalletGHD0814111249_Cavity12_B01BGV7_Fail7_Score(0.9868322)_0.9995.bmp,Low Dose Obstructing Region of Interest,L31,train
986a1158a7ab4ea68c34b2190eb8c60b,/data/FMD_Data_26082026/fmd_temp_images/Updated ICube Categorical Classes 20260915/Low Dose/20260806_224158_L31_PalletGHG0807031737_Cavity2_B01BGV1_Fail7_Score(0.9988484).bmp,Low Dose Obstructing Region of Interest,L31,train
98c5e1a62aaadbebf7b8e72a16c238e8,/data/FMD_Data_26082026/fmd_temp_images/Updated ICube Categorical Classes 20260915/Low Dose/20260808_114635_L31_PalletGHF0808162231_Cavity13_B01BGTZ_Fail7_Score(0.9915603).bmp,Low Dose Obstructing Region of Interest,L31,train
995bd833d13778a312c2bf2127727d5b,/data/FMD_Data_26082026/fmd_temp_images/Updated ICube Categorical Classes 20260915/Low Dose/20260807_125844_L31_PalletGHG0807173430_Cavity11_B01BGTW_Fail7_Score(0.9999899).bmp,Low Dose Obstructing Region of Interest,L31,train
99a44a01b7fef111bce2894ba7c67636,/data/FMD_Data_26082026/fmd_temp_images/Updated ICube Categorical Classes 20260915/Low Dose/20260814_075348_L31_PalletGHA0814123000_Cavity11_B01BGV7_Fail7_Score(0.9973463)_0.9990.bmp,Low Dose Obstructing Region of Interest,L31,train
99abe1c7f901cd3a49095321f6dd70b8,/data/FMD_Data_26082026/fmd_temp_images/Updated ICube Categorical Classes 20260915/Low Dose/20260813_143126_L31_PalletGHM0813190742_Cavity9_B01BGV4_Fail5_Score(0.9630749)_0.9995.bmp,Low Dose Obstructing Region of Interest,L31,train
99ba26950c7b34586a7d95155d31312c,/data/FMD_Data_26082026/fmd_temp_images/Updated ICube Categorical Classes 20260915/Low Dose/20260808_114448_L31_PalletGHC0808162040_Cavity5_B01BGTZ_Fail7_Score(0.9916881).bmp,Low Dose Obstructing Region of Interest,L31,train
9a03c16765677f6d95edc3bd6cec83f3,/data/FMD_Data_26082026/fmd_temp_images/Updated ICube Categorical Classes 20260915/Low Dose/20260813_181511_L31_PalletGHL0813225129_Cavity13_B01BGV5_Fail5_Score(0.9604386)_0.7987.bmp,Low Dose Obstructing Region of Interest,L31,train
9a08e3e8b268069addc2143e424f5cde,/data/FMD_Data_26082026/fmd_temp_images/Updated ICube Categorical Classes 20260915/Low Dose/20260808_085537_L31_PalletGHM0808133124_Cavity8_B01BGTX_Fail2_Score(0.9105698).bmp,Low Dose Obstructing Region of Interest,L31,train
9a19a1233bb3edd4109a4a92a0e7e7a2,/data/FMD_Data_26082026/fmd_temp_images/Updated ICube Categorical Classes 20260915/Low Dose/20260808_140003_L31_PalletGHA0808183554_Cavity15_B01BGTZ_Fail7_Score(0.997534).bmp,Low Dose Obstructing Region of Interest,L31,train
9b3deae4287614c522e834ef7af93223,/data/FMD_Data_26082026/fmd_temp_images/Updated ICube Categorical Classes 20260915/Low Dose/20260806_151737_L31_PalletGHH0806195207_Cavity9_B01BGTT_Fail3_Score(0.9221887).bmp,Low Dose Obstructing Region of Interest,L31,train
9bbe72d1b8a96dce81c71197ff245ab4,/data/FMD_Data_26082026/fmd_temp_images/Updated ICube Categorical Classes 20260915/Low Dose/20260808_154906_L31_PalletGHD0808202454_Cavity12_B01BGTZ_Fail7_Score(0.9997447).bmp,Low Dose Obstructing Region of Interest,L31,train
9bc7e727cf6c62d38f5beb9962552eed,/data/FMD_Data_26082026/fmd_temp_images/Updated ICube Categorical Classes 20260915/Low Dose/20260806_145123_L31_PalletGHS0806192704_Cavity4_B01BGTT_Fail2_Score(0.9095063).bmp,Low Dose Obstructing Region of Interest,L31,train
9bd3dc3f04168b8e5545abf6ce8ecf87,/data/FMD_Data_26082026/fmd_temp_images/Updated ICube Categorical Classes 20260915/Low Dose/20260809_175748_L31_PalletGHA0809223342_Cavity13_B01BGVB_Fail4_Score(0.9496309).bmp,Low Dose Obstructing Region of Interest,L31,train
9c0593aef3258d475445316ee1b27beb,/data/FMD_Data_26082026/fmd_temp_images/Updated ICube Categorical Classes 20260915/Low Dose/20260808_194915_L31_PalletGHS0809002507_Cavity6_B01BGV2_Fail7_Score(0.9990426).bmp,Low Dose Obstructing Region of Interest,L31,train
9c456717599ef633aa840b1bf6e34ae4,/data/FMD_Data_26082026/fmd_temp_images/Updated ICube Categorical Classes 20260915/Low Dose/20260806_003658_L31_PalletGHN0806051240_Cavity14_B01BGTS_Fail6_Score(0.9754081).bmp,Low Dose Obstructing Region of Interest,L31,train
9cf32ddcc34ec017de1bcb6baf544b09,/data/FMD_Data_26082026/fmd_temp_images/Updated ICube Categorical Classes 20260915/Low Dose/20260808_232349_L31_PalletGHT0809035944_Cavity14_B01BGV2_Fail7_Score(0.9883794).bmp,Low Dose Obstructing Region of Interest,L31,train
9d896e27177d01a26244885a8641c5fb,/data/FMD_Data_26082026/fmd_temp_images/Updated ICube Categorical Classes 20260915/Low Dose/20260813_232447_L31_PalletGHN0814040107_Cavity3_B01BGV6_Fail6_Score(0.9742578)_0.9996.bmp,Low Dose Obstructing Region of Interest,L31,train
9e3c2fe3fd9d404064720e31ccb4544c,/data/FMD_Data_26082026/fmd_temp_images/Updated ICube Categorical Classes 20260915/Low Dose/20260808_181415_L31_PalletGHM0808225004_Cavity2_B01BGV2_Fail2_Score(0.9051308).bmp,Low Dose Obstructing Region of Interest,L31,train
9eaf096010873b0825c66076372f9b50,/data/FMD_Data_26082026/fmd_temp_images/Updated ICube Categorical Classes 20260915/Low Dose/20260809_212341_L31_PalletGHG0810015941_Cavity6_B01BGVC_Fail7_Score(0.9952804).bmp,Low Dose Obstructing Region of Interest,L31,train
9f09f52a5a4460c3aa59d6acd8e224b6,/data/FMD_Data_26082026/fmd_temp_images/Updated ICube Categorical Classes 20260915/Low Dose/20260807_225403_L31_PalletGHR0808032950_Cavity7_B01BG28_Fail5_Score(0.951975).bmp,Low Dose Obstructing Region of Interest,L31,train
9f9dd730baf1cd08b2a7e7efbbe6c164,/data/FMD_Data_26082026/fmd_temp_images/Updated ICube Categorical Classes 20260915/Low Dose/20260808_004236_L31_PalletGHJ0808051822_Cavity4_B01BG29_Fail6_Score(0.9816662).bmp,Low Dose Obstructing Region of Interest,L31,train
9fd346317d0f1993f871840926ddd976,/data/FMD_Data_26082026/fmd_temp_images/ICube Defects Library/Low Dose Obstructing Region of Interest/20260805_215234_L31_PalletGHI0806022335_Cavity13_B01BGTS_Fail7_Score(0.9997279).bmp,Low Dose Obstructing Region of Interest,L31,train
9fd4fc8c21869195f849a2ae605d1139,/data/FMD_Data_26082026/fmd_temp_images/Updated ICube Categorical Classes 20260915/Low Dose/20260808_123730_L31_PalletGHC0808171323_Cavity8_B01BGTZ_Fail2_Score(0.9035249).bmp,Low Dose Obstructing Region of Interest,L31,train
a00f658264e4c075e3e1d2fa151f6064,/data/FMD_Data_26082026/fmd_temp_images/Updated ICube Categorical Classes 20260915/Low Dose/20260808_164555_L31_PalletGHJ0808212148_Cavity7_B01BGTZ_Fail7_Score(0.9918135).bmp,Low Dose Obstructing Region of Interest,L31,train
a087da932a2374ba0750e5804e573bca,/data/FMD_Data_26082026/fmd_temp_images/Updated ICube Categorical Classes 20260915/Low Dose/20260813_182129_L31_PalletGHH0813225747_Cavity7_B01BGV5_Fail6_Score(0.9702899)_0.9984.bmp,Low Dose Obstructing Region of Interest,L31,train
a0cf3bb3d106971f7b97622374b7cb1e,/data/FMD_Data_26082026/fmd_temp_images/Updated ICube Categorical Classes 20260915/Low Dose/20260808_180654_L31_PalletGHK0808224241_Cavity9_B01BGV2_Fail6_Score(0.9813349).bmp,Low Dose Obstructing Region of Interest,L31,train
a12afddececc6f3379bd6f7c9721157d,/data/FMD_Data_26082026/fmd_temp_images/Updated ICube Categorical Classes 20260915/Low Dose/20260808_093541_L31_PalletGHF0808141133_Cavity8_B01BGTZ_Fail3_Score(0.9317713).bmp,Low Dose Obstructing Region of Interest,L31,train
a1568bbd8a1dae8f20c49307d34a733b,/data/FMD_Data_26082026/fmd_temp_images/Updated ICube Categorical Classes 20260915/Low Dose/20260808_163308_L31_PalletGHM0808210905_Cavity13_B01BGTZ_Fail7_Score(0.9898697).bmp,Low Dose Obstructing Region of Interest,L31,train
a1ca9e09c76ad5b13fd5ddb30ffd95c6,/data/FMD_Data_26082026/fmd_temp_images/Updated ICube Categorical Classes 20260915/Low Dose/20260807_172127_L31_PalletGHB0807215710_Cavity14_B01BGTW_Fail5_Score(0.950184).bmp,Low Dose Obstructing Region of Interest,L31,train
a23c0c763739fd85a32e664cdd42f839,/data/FMD_Data_26082026/fmd_temp_images/Updated ICube Categorical Classes 20260915/Low Dose/20260808_040528_L31_PalletGHF0808084117_Cavity4_B01BGTX_Fail7_Score(0.9861212).bmp,Low Dose Obstructing Region of Interest,L31,train
a23c650aed7b4f1073eef06d92e3f6fc,/data/FMD_Data_26082026/fmd_temp_images/Updated ICube Categorical Classes 20260915/Low Dose/20260806_214620_L31_PalletGHS0807022207_Cavity2_B01BGV1_Fail5_Score(0.9577808).bmp,Low Dose Obstructing Region of Interest,L31,train
a2ae14d5bc8f084b63bea3a9e6244de0,/data/FMD_Data_26082026/fmd_temp_images/Updated ICube Categorical Classes 20260915/Low Dose/20260806_130345_L31_PalletGHM0806173917_Cavity2_B01BGTT_Fail2_Score(0.9143322).bmp,Low Dose Obstructing Region of Interest,L31,train
a2c1a1775a78025422d9573a3cddb216,/data/FMD_Data_26082026/fmd_temp_images/Updated ICube Categorical Classes 20260915/Low Dose/20260808_005142_L31_PalletGHU0808052731_Cavity6_B01BG29_Fail7_Score(0.9993624).bmp,Low Dose Obstructing Region of Interest,L31,train
a35afedb8bc00f52d979950980ae30b8,/data/FMD_Data_26082026/fmd_temp_images/Updated ICube Categorical Classes 20260915/Low Dose/20260813_233417_L31_PalletGHI0814041037_Cavity4_B01BGV6_Fail7_Score(0.9999522)_0.9999.bmp,Low Dose Obstructing Region of Interest,L31,train
a40f05b1cf08ac03f1861757ed97e476,/data/FMD_Data_26082026/fmd_temp_images/Updated ICube Categorical Classes 20260915/Low Dose/20260808_190059_L31_PalletGHN0808233656_Cavity12_B01BGV2_Fail7_Score(0.9999762).bmp,Low Dose Obstructing Region of Interest,L31,train
a45286a031d49c73217908e85142ce26,/data/FMD_Data_26082026/fmd_temp_images/Updated ICube Categorical Classes 20260915/Low Dose/20260809_183013_L31_PalletGHO0809230612_Cavity5_B01BGVB_Fail4_Score(0.9421082).bmp,Low Dose Obstructing Region of Interest,L31,train
a49f27b089194b8505061ff0d3e94c8a,/data/FMD_Data_26082026/fmd_temp_images/Updated ICube Categorical Classes 20260915/Low Dose/20260814_044030_L31_PalletGHB0814091647_Cavity8_B01BGV7_Fail7_Score(0.9997468)_0.9992.bmp,Low Dose Obstructing Region of Interest,L31,train
a4d2ec87d337caa63b268468ebd86b83,/data/FMD_Data_26082026/fmd_temp_images/Updated ICube Categorical Classes 20260915/Low Dose/20260807_032042_L31_PalletGHC0807075623_Cavity9_B01BGV1_Fail4_Score(0.9409388).bmp,Low Dose Obstructing Region of Interest,L31,train
a503144e3e021e3c65f2d7515919648d,/data/FMD_Data_26082026/fmd_temp_images/Updated ICube Categorical Classes 20260915/Low Dose/20260814_084633_L31_PalletGHA0814132252_Cavity4_B01BGV7_Fail3_Score(0.9299645)_0.9624.bmp,Low Dose Obstructing Region of Interest,L31,train
a5248974c661cc8ff4928d468e43052f,/data/FMD_Data_26082026/fmd_temp_images/Updated ICube Categorical Classes 20260915/Low Dose/20260808_051345_L31_PalletGHQ0808094934_Cavity1_B01BGTX_Fail4_Score(0.9373866).bmp,Low Dose Obstructing Region of Interest,L31,train
a56c34165810f5547d2cf85e1c7ffb55,/data/FMD_Data_26082026/fmd_temp_images/Updated ICube Categorical Classes 20260915/Low Dose/20260808_091414_L31_PalletGHO0808135003_Cavity9_B01BGTZ_Fail7_Score(0.9996394).bmp,Low Dose Obstructing Region of Interest,L31,train
a612eeee380dfe5c18c7b0cbb5b75909,/data/FMD_Data_26082026/fmd_temp_images/Updated ICube Categorical Classes 20260915/Low Dose/20260806_185523_L31_PalletGHJ0806233103_Cavity6_B01BGTT_Fail7_Score(0.9940881).bmp,Low Dose Obstructing Region of Interest,L31,train
a66f47d92ca0ccb7927e317f3be65158,/data/FMD_Data_26082026/fmd_temp_images/Updated ICube Categorical Classes 20260915/Low Dose/20260806_015132_L31_PalletGHF0806062709_Cavity15_B01BGTS_Fail6_Score(0.9767723).bmp,Low Dose Obstructing Region of Interest,L31,train
a6958199ef6bce14b4b388c1485011f6,/data/FMD_Data_26082026/fmd_temp_images/Updated ICube Categorical Classes 20260915/Low Dose/20260808_054903_L31_PalletGHR0808102449_Cavity1_B01BGTX_Fail6_Score(0.977083).bmp,Low Dose Obstructing Region of Interest,L31,train
a6bf40d1cfe2311b42a53e988b4fee38,/data/FMD_Data_26082026/fmd_temp_images/Updated ICube Categorical Classes 20260915/Low Dose/20260808_192830_L31_PalletGHJ0809000424_Cavity10_B01BGV2_Fail4_Score(0.9476615).bmp,Low Dose Obstructing Region of Interest,L31,train
a72e2fb743e05034d54cdf4229c432b5,/data/FMD_Data_26082026/fmd_temp_images/Updated ICube Categorical Classes 20260915/Low Dose/20260808_145731_L31_PalletGHJ0808193325_Cavity12_B01BGTZ_Fail7_Score(0.9979088).bmp,Low Dose Obstructing Region of Interest,L31,train
a8069f005ebaa895f4823a671abd04a2,/data/FMD_Data_26082026/fmd_temp_images/Updated ICube Categorical Classes 20260915/Low Dose/20260808_200257_L31_PalletGHR0809003852_Cavity5_B01BGV2_Fail2_Score(0.9095055).bmp,Low Dose Obstructing Region of Interest,L31,train
a8578011044f922e545ec4549318ad59,/data/FMD_Data_26082026/fmd_temp_images/Updated ICube Categorical Classes 20260915/Low Dose/20260806_211515_L31_PalletGHJ0807015054_Cavity7_B01BGV1_Fail7_Score(0.9959472).bmp,Low Dose Obstructing Region of Interest,L31,train
a88c177a11d6ff5a927ac98e20a0815a,/data/FMD_Data_26082026/fmd_temp_images/Updated ICube Categorical Classes 20260915/Low Dose/20260808_151100_L31_PalletGHL0808194653_Cavity5_B01BGTZ_Fail3_Score(0.9209536).bmp,Low Dose Obstructing Region of Interest,L31,train
a8b8c1d118b97138b6a9187de161dbbd,/data/FMD_Data_26082026/fmd_temp_images/Updated ICube Categorical Classes 20260915/Low Dose/20260808_085516_L31_PalletGHE0808133013_Cavity14_B01BGTX_Fail6_Score(0.9780406).bmp,Low Dose Obstructing Region of Interest,L31,train
a8c37ae0e065a4ac4fcf5b7f1c59b6b1,/data/FMD_Data_26082026/fmd_temp_images/Updated ICube Categorical Classes 20260915/Low Dose/20260807_230952_L31_PalletGHT0808034543_Cavity11_B01BG28_Fail6_Score(0.982493).bmp,Low Dose Obstructing Region of Interest,L31,train
a8c42190822ec2ab2441f654fc8f21d7,/data/FMD_Data_26082026/fmd_temp_images/Updated ICube Categorical Classes 20260915/Low Dose/20260808_112554_L31_PalletGHN0808160132_Cavity4_B01BGTZ_Fail7_Score(0.9925491).bmp,Low Dose Obstructing Region of Interest,L31,train
a91ebeb14014653c47a4c6a82fad0a55,/data/FMD_Data_26082026/fmd_temp_images/Updated ICube Categorical Classes 20260915/Low Dose/20260808_201755_L31_PalletGHL0809005347_Cavity8_B01BGV2_Fail7_Score(0.9921518).bmp,Low Dose Obstructing Region of Interest,L31,train
a9258858f64402c6857b6d879009c035,/data/FMD_Data_26082026/fmd_temp_images/Updated ICube Categorical Classes 20260915/Low Dose/20260808_065018_L31_PalletGHH0808112609_Cavity10_B01BGTX_Fail6_Score(0.971733).bmp,Low Dose Obstructing Region of Interest,L31,train
a9856878a98bac621cc8fb5ef62c0da9,/data/FMD_Data_26082026/fmd_temp_images/Updated ICube Categorical Classes 20260915/Low Dose/20260806_165843_L31_PalletGHE0806213427_Cavity3_B01BGTT_Fail7_Score(0.999738).bmp,Low Dose Obstructing Region of Interest,L31,train
a999153c2e75f855111e85d2c81d4fb5,/data/FMD_Data_26082026/fmd_temp_images/Updated ICube Categorical Classes 20260915/Low Dose/20260806_133846_L31_PalletGHU0806181418_Cavity3_B01BGTT_Fail5_Score(0.9521964).bmp,Low Dose Obstructing Region of Interest,L31,train
a99e0c1678a3de01ee888b15843a8fc4,/data/FMD_Data_26082026/fmd_temp_images/Updated ICube Categorical Classes 20260915/Low Dose/20260808_220147_L31_PalletGHQ0809023744_Cavity8_B01BGV2_Fail6_Score(0.9713143).bmp,Low Dose Obstructing Region of Interest,L31,train
aa474ebfbbd9b4184c844054ff43d080,/data/FMD_Data_26082026/fmd_temp_images/Updated ICube Categorical Classes 20260915/Low Dose/20260808_231806_L31_PalletGHT0809035402_Cavity5_B01BGV2_Fail6_Score(0.9705009).bmp,Low Dose Obstructing Region of Interest,L31,train
aa4a7301ce0cc893859a5e64d07d5eea,/data/FMD_Data_26082026/fmd_temp_images/Updated ICube Categorical Classes 20260915/Low Dose/20260806_130148_L31_PalletGHK0806173726_Cavity11_B01BGTT_Fail7_Score(0.9945961).bmp,Low Dose Obstructing Region of Interest,L31,train
aa5a2a477c26c7034bf492e720e64154,/data/FMD_Data_26082026/fmd_temp_images/Updated ICube Categorical Classes 20260915/Low Dose/20260806_100226_L31_PalletGHM0806143802_Cavity2_B01BGTR_Fail7_Score(0.9995252)_0.3428.bmp,Low Dose Obstructing Region of Interest,L31,train
ab6a13b3e01e378b238991fff4b87ab9,/data/FMD_Data_26082026/fmd_temp_images/Updated ICube Categorical Classes 20260915/Low Dose/20260809_141225_L31_PalletGHU0809184812_Cavity13_B01BGVB_Fail7_Score(0.9900999)_0.3327.bmp,Low Dose Obstructing Region of Interest,L31,train
acccf886fd857bb19261dff77e2d64b4,/data/FMD_Data_26082026/fmd_temp_images/Updated ICube Categorical Classes 20260915/Low Dose/20260813_151724_L31_PalletGHS0813195344_Cavity10_B01BGV5_Fail7_Score(0.9999985)_0.9993.bmp,Low Dose Obstructing Region of Interest,L31,train
ad1248220dcfe5804738d7e0d6d4392a,/data/FMD_Data_26082026/fmd_temp_images/Updated ICube Categorical Classes 20260915/Low Dose/20260809_001643_L31_PalletGHJ0809045240_Cavity1_B01BGV3_Fail7_Score(0.9999962).bmp,Low Dose Obstructing Region of Interest,L31,train
ad1939c4fe4bc2e766ed8c8f2780010b,/data/FMD_Data_26082026/fmd_temp_images/Updated ICube Categorical Classes 20260915/Low Dose/20260808_095541_L31_PalletGHH0808143134_Cavity9_B01BGTZ_Fail7_Score(0.9999806).bmp,Low Dose Obstructing Region of Interest,L31,train
ad3cf004993a976ba3cbdc827b3ac722,/data/FMD_Data_26082026/fmd_temp_images/Updated ICube Categorical Classes 20260915/Low Dose/20260807_065236_L31_PalletGHJ0807112824_Cavity12_B01BGV0_Fail7_Score(0.996866).bmp,Low Dose Obstructing Region of Interest,L31,train
ad3cf9f8d7f99f1f3a17e9e1deb8f2e7,/data/FMD_Data_26082026/fmd_temp_images/Updated ICube Categorical Classes 20260915/Low Dose/20260808_204057_L31_PalletGHU0809011651_Cavity7_B01BGV2_Fail7_Score(0.9999444)_0.5038.bmp,Low Dose Obstructing Region of Interest,L31,train
add98b0884cba14247239ce79977c5fb,/data/FMD_Data_26082026/fmd_temp_images/Updated ICube Categorical Classes 20260915/Low Dose/20260813_093257_L31_PalletGHE0813140914_Cavity11_B01BGV4_Fail7_Score(0.9999883)_0.9999.bmp,Low Dose Obstructing Region of Interest,L31,train
ae1397527825b36364dbbb020f3b15ec,/data/FMD_Data_26082026/fmd_temp_images/Updated ICube Categorical Classes 20260915/Low Dose/20260808_120836_L31_PalletGHI0808164429_Cavity5_B01BGTZ_Fail7_Score(0.9888508).bmp,Low Dose Obstructing Region of Interest,L31,train
ae452377d5879f03bdb68bcc31e1dff6,/data/FMD_Data_26082026/fmd_temp_images/Updated ICube Categorical Classes 20260915/Low Dose/20260808_024946_L31_PalletGHC0808072538_Cavity2_B01BGTX_Fail7_Score(0.9940814).bmp,Low Dose Obstructing Region of Interest,L31,train
ae9247638057b37c092bc4bcfe029d4f,/data/FMD_Data_26082026/fmd_temp_images/ICube Defects Library/Low Dose Obstructing Region of Interest/20260805_182118_L31_PalletGHN0805225700_Cavity7_B01BGTV_Fail7_Score(0.9998474).bmp,Low Dose Obstructing Region of Interest,L31,train
aed47a35a3a87f86dd60959ca04592a2,/data/FMD_Data_26082026/fmd_temp_images/Updated ICube Categorical Classes 20260915/Low Dose/20260813_195944_L31_PalletGHU0814003558_Cavity9_B01BGV5_Fail4_Score(0.9372333)_0.9986.bmp,Low Dose Obstructing Region of Interest,L31,train
af0d9a6f9fd9dcfca729b23f6277da6d,/data/FMD_Data_26082026/fmd_temp_images/Updated ICube Categorical Classes 20260915/Low Dose/20260813_183408_L31_PalletGHD0813231027_Cavity10_B01BGV5_Fail7_Score(0.9999479)_0.9986.bmp,Low Dose Obstructing Region of Interest,L31,train
af58d688af8790c2d820c61c5493da8b,/data/FMD_Data_26082026/fmd_temp_images/Updated ICube Categorical Classes 20260915/Low Dose/20260808_071806_L31_PalletGHE0808115359_Cavity15_B01BGTX_Fail7_Score(0.9947549).bmp,Low Dose Obstructing Region of Interest,L31,train
af93901fad0e9ee7e656b17f753844d9,/data/FMD_Data_26082026/fmd_temp_images/Updated ICube Categorical Classes 20260915/Low Dose/20260809_175642_L31_PalletGHP0809223235_Cavity10_B01BGVB_Fail7_Score(0.9968057).bmp,Low Dose Obstructing Region of Interest,L31,train
afcf72e7dbecb7b54cd950c5e4dee787,/data/FMD_Data_26082026/fmd_temp_images/Updated ICube Categorical Classes 20260915/Low Dose/20260813_220407_L31_PalletGHR0814024028_Cavity13_B01BGV6_Fail7_Score(0.9996605)_0.6208.bmp,Low Dose Obstructing Region of Interest,L31,train
b088dc4aaf5f6c0f0018224be574af40,/data/FMD_Data_26082026/fmd_temp_images/Updated ICube Categorical Classes 20260915/Low Dose/20260808_221600_L31_PalletGHL0809025139_Cavity8_B01BGV2_Fail6_Score(0.9691331).bmp,Low Dose Obstructing Region of Interest,L31,train
b0927e1b6c3b0fd4968743eef60c6f84,/data/FMD_Data_26082026/fmd_temp_images/Updated ICube Categorical Classes 20260915/Low Dose/20260807_065654_L31_PalletGHF0807113238_Cavity13_B01BGV0_Fail7_Score(0.9934665).bmp,Low Dose Obstructing Region of Interest,L31,train
b0d7f700a345b2b1b7524c97337536a7,/data/FMD_Data_26082026/fmd_temp_images/Updated ICube Categorical Classes 20260915/Low Dose/20260805_205149_L31_PalletGHO0806012726_Cavity1_B01BGTS_Fail7_Score(0.9885828).bmp,Low Dose Obstructing Region of Interest,L31,train
b13645cc0a471725723ad215a0207e47,/data/FMD_Data_26082026/fmd_temp_images/Updated ICube Categorical Classes 20260915/Low Dose/20260813_111434_L31_PalletGHK0813155049_Cavity6_B01BGV4_Fail7_Score(0.9995269)_0.4501.bmp,Low Dose Obstructing Region of Interest,L31,train
b19202b5fc58712de9c9d4f72a5e0306,/data/FMD_Data_26082026/fmd_temp_images/Updated ICube Categorical Classes 20260915/Low Dose/20260814_043725_L31_PalletGHN0814091342_Cavity3_B01BGV7_Fail4_Score(0.9454613)_0.9987.bmp,Low Dose Obstructing Region of Interest,L31,train
b2283dfda015772592bf65961389b595,/data/FMD_Data_26082026/fmd_temp_images/Updated ICube Categorical Classes 20260915/Low Dose/20260808_170619_L31_PalletGHT0808214213_Cavity11_B01BGV2_Fail7_Score(0.9866628).bmp,Low Dose Obstructing Region of Interest,L31,train
b2d0b273307718ddf1fd075ee045d1ff,/data/FMD_Data_26082026/fmd_temp_images/Updated ICube Categorical Classes 20260915/Low Dose/20260808_043213_L31_PalletGHN0808090806_Cavity3_B01BGTX_Fail7_Score(0.998007).bmp,Low Dose Obstructing Region of Interest,L31,train
b3af61a59ef31df2c470382445f653de,/data/FMD_Data_26082026/fmd_temp_images/Updated ICube Categorical Classes 20260915/Low Dose/20260808_141429_L31_PalletGHK0808185019_Cavity8_B01BGTZ_Fail7_Score(0.9930983).bmp,Low Dose Obstructing Region of Interest,L31,train
b42797cf8acf6189bae1d9b154816df7,/data/FMD_Data_26082026/fmd_temp_images/Updated ICube Categorical Classes 20260915/Low Dose/20260807_140115_L31_PalletGHF0807183709_Cavity14_B01BGTW_Fail7_Score(0.9999678).bmp,Low Dose Obstructing Region of Interest,L31,train
b43c9e21dfe18295c944fa90887db967,/data/FMD_Data_26082026/fmd_temp_images/Updated ICube Categorical Classes 20260915/Low Dose/20260808_020203_L31_PalletGHN0808063754_Cavity12_B01BGTX_Fail7_Score(0.9998841).bmp,Low Dose Obstructing Region of Interest,L31,train
b456256b9459f5fe65d7aefab16cdc4f,/data/FMD_Data_26082026/fmd_temp_images/Updated ICube Categorical Classes 20260915/Low Dose/20260808_173102_L31_PalletGHH0808220657_Cavity5_B01BGV2_Fail2_Score(0.9018294).bmp,Low Dose Obstructing Region of Interest,L31,train
b4877471002785bae0271181fb83286e,/data/FMD_Data_26082026/fmd_temp_images/Updated ICube Categorical Classes 20260915/Low Dose/20260808_050139_L31_PalletGHO0808093731_Cavity11_B01BGTX_Fail7_Score(0.9971523).bmp,Low Dose Obstructing Region of Interest,L31,train
b5030497c71d0fbffbe330e009a0e7c5,/data/FMD_Data_26082026/fmd_temp_images/Updated ICube Categorical Classes 20260915/Low Dose/20260808_075100_L31_PalletGHD0808122650_Cavity11_B01BGTX_Fail2_Score(0.9021333).bmp,Low Dose Obstructing Region of Interest,L31,train
b50395d41ebb22527249b3dd2617637a,/data/FMD_Data_26082026/fmd_temp_images/Updated ICube Categorical Classes 20260915/Low Dose/20260814_081917_L31_PalletGHH0814125538_Cavity1_B01BGV7_Fail3_Score(0.931091)_0.9944.bmp,Low Dose Obstructing Region of Interest,L31,train
b543196ad7eeadb7807ca4e1dd5da4d7,/data/FMD_Data_26082026/fmd_temp_images/Updated ICube Categorical Classes 20260915/Low Dose/20260808_221308_L31_PalletGHM0809024853_Cavity10_B01BGV2_Fail7_Score(0.9938766).bmp,Low Dose Obstructing Region of Interest,L31,train
b57a3258a4f376c2c08fe949f70f0ef9,/data/FMD_Data_26082026/fmd_temp_images/Updated ICube Categorical Classes 20260915/Low Dose/20260808_053913_L31_PalletGHO0808101449_Cavity11_B01BGTX_Fail7_Score(0.9953538).bmp,Low Dose Obstructing Region of Interest,L31,train
b65eb9c68b692f68d7cdf77fe200f1c4,/data/FMD_Data_26082026/fmd_temp_images/Updated ICube Categorical Classes 20260915/Low Dose/20260808_154132_L31_PalletGHJ0808201726_Cavity15_B01BGTZ_Fail4_Score(0.9389808).bmp,Low Dose Obstructing Region of Interest,L31,train
b6bd768559a32a17449b13a5e93b10f0,/data/FMD_Data_26082026/fmd_temp_images/Updated ICube Categorical Classes 20260915/Low Dose/20260806_071407_L31_PalletGHH0806114425_Cavity14_B01BGTR_Fail7_Score(0.9992587)_0.3519.bmp,Low Dose Obstructing Region of Interest,L31,train
b71dc6a9969dd0667019d7ad4282058e,/data/FMD_Data_26082026/fmd_temp_images/Updated ICube Categorical Classes 20260915/Low Dose/20260813_221315_L31_PalletGHQ0814024934_Cavity4_B01BGV6_Fail3_Score(0.9274793)_0.9987.bmp,Low Dose Obstructing Region of Interest,L31,train
b73264d860be10b4742bbb5eb3cf4802,/data/FMD_Data_26082026/fmd_temp_images/Updated ICube Categorical Classes 20260915/Low Dose/20260808_144432_L31_PalletGHS0808192025_Cavity10_B01BGTZ_Fail4_Score(0.9419799).bmp,Low Dose Obstructing Region of Interest,L31,train
b74f4fc2e26557802bd4aa691d85c6b5,/data/FMD_Data_26082026/fmd_temp_images/Updated ICube Categorical Classes 20260915/Low Dose/20260808_024823_L31_PalletGHM0808072415_Cavity13_B01BGTX_Fail4_Score(0.9343638).bmp,Low Dose Obstructing Region of Interest,L31,train
b7fe6b9508d1b08583bb7a97f9590cf5,/data/FMD_Data_26082026/fmd_temp_images/Updated ICube Categorical Classes 20260915/Low Dose/20260808_030000_L31_PalletGHD0808073538_Cavity4_B01BGTX_Fail7_Score(0.9963273).bmp,Low Dose Obstructing Region of Interest,L31,train
b80f6ab60b160b4d174f3334712fe1dc,/data/FMD_Data_26082026/fmd_temp_images/Updated ICube Categorical Classes 20260915/Low Dose/20260808_053753_L31_PalletGHI0808101339_Cavity11_B01BGTX_Fail5_Score(0.9524089).bmp,Low Dose Obstructing Region of Interest,L31,train
b97edfb37767df552fb51700256b0c4a,/data/FMD_Data_26082026/fmd_temp_images/Updated ICube Categorical Classes 20260915/Low Dose/20260806_220924_L31_PalletGHI0807024448_Cavity7_B01BGV1_Fail2_Score(0.9023187).bmp,Low Dose Obstructing Region of Interest,L31,train
ba05bb09e6e50166c2b6cb0de374b9d0,/data/FMD_Data_26082026/fmd_temp_images/Updated ICube Categorical Classes 20260915/Low Dose/20260813_163450_L31_PalletGHI0813211104_Cavity14_B01BGV5_Fail7_Score(0.9981381)_0.9992.bmp,Low Dose Obstructing Region of Interest,L31,train
ba14d31471a8b76b71e06aa12cb90198,/data/FMD_Data_26082026/fmd_temp_images/Updated ICube Categorical Classes 20260915/Low Dose/20260809_192022_L31_PalletGHP0809235615_Cavity9_B01BGVB_Fail7_Score(0.9851534).bmp,Low Dose Obstructing Region of Interest,L31,train
ba724c9223aaa735d7e7b25f150413a7,/data/FMD_Data_26082026/fmd_temp_images/Updated ICube Categorical Classes 20260915/Low Dose/20260813_184527_L31_PalletGHR0813232144_Cavity13_B01BGV5_Fail7_Score(0.9852355)_0.9970.bmp,Low Dose Obstructing Region of Interest,L31,train
ba9eaa45f16de1ba0a7999b938df1b33,/data/FMD_Data_26082026/fmd_temp_images/Updated ICube Categorical Classes 20260915/Low Dose/20260805_211750_L31_PalletGHD0806015331_Cavity9_B01BGTS_Fail5_Score(0.9538659).bmp,Low Dose Obstructing Region of Interest,L31,train
bad20bee08a8805908ae19a394473475,/data/FMD_Data_26082026/fmd_temp_images/Updated ICube Categorical Classes 20260915/Low Dose/20260808_122727_L31_PalletGHS0808170324_Cavity8_B01BGTZ_Fail7_Score(0.99911).bmp,Low Dose Obstructing Region of Interest,L31,train
bae5195a13a448b56b32c713424dfca2,/data/FMD_Data_26082026/fmd_temp_images/Updated ICube Categorical Classes 20260915/Low Dose/20260809_191608_L31_PalletGHA0809235205_Cavity13_B01BGVB_Fail7_Score(0.993076).bmp,Low Dose Obstructing Region of Interest,L31,train
bae5bbb1228658a4ab4eec3c720cd7e9,/data/FMD_Data_26082026/fmd_temp_images/Updated ICube Categorical Classes 20260915/Low Dose/20260808_101348_L31_PalletGHM0808144940_Cavity10_B01BGTZ_Fail6_Score(0.9799157).bmp,Low Dose Obstructing Region of Interest,L31,train
baef4c1c7c0f89e241355024ab83d788,/data/FMD_Data_26082026/fmd_temp_images/Updated ICube Categorical Classes 20260915/Low Dose/20260808_053326_L31_PalletGHT0808100918_Cavity8_B01BGTX_Fail5_Score(0.961406).bmp,Low Dose Obstructing Region of Interest,L31,train
bc3032ef87a2c99a58c7fe1cf7ce2ac3,/data/FMD_Data_26082026/fmd_temp_images/Updated ICube Categorical Classes 20260915/Low Dose/20260813_115453_L31_PalletGHB0813163107_Cavity9_B01BGV4_Fail7_Score(0.9994377)_0.9960.bmp,Low Dose Obstructing Region of Interest,L31,train
bd2ada5fc7f45292feb4bd9dc3c8a240,/data/FMD_Data_26082026/fmd_temp_images/Updated ICube Categorical Classes 20260915/Low Dose/20260808_032532_L31_PalletGHB0808080125_Cavity4_B01BGTX_Fail5_Score(0.950155).bmp,Low Dose Obstructing Region of Interest,L31,train
bd44018d9404a74a8b7b209e0b65a856,/data/FMD_Data_26082026/fmd_temp_images/Updated ICube Categorical Classes 20260915/Low Dose/20260808_093521_L31_PalletGHS0808141112_Cavity12_B01BGTZ_Fail6_Score(0.9811795).bmp,Low Dose Obstructing Region of Interest,L31,train
be4d3c8216d33133327f62bdb3749ff5,/data/FMD_Data_26082026/fmd_temp_images/Updated ICube Categorical Classes 20260915/Low Dose/20260808_145647_L31_PalletGHM0808193238_Cavity7_B01BGTZ_Fail7_Score(0.9969717).bmp,Low Dose Obstructing Region of Interest,L31,train
be73c3061a47f8215f8d3a03a5d77c84,/data/FMD_Data_26082026/fmd_temp_images/Updated ICube Categorical Classes 20260915/Low Dose/20260808_182147_L31_PalletGHJ0808225747_Cavity4_B01BGV2_Fail7_Score(0.9866074).bmp,Low Dose Obstructing Region of Interest,L31,train
bf53b40a53f81f9ce6ca853ac650d377,/data/FMD_Data_26082026/fmd_temp_images/Updated ICube Categorical Classes 20260915/Low Dose/20260813_132650_L31_PalletGHF0813180308_Cavity15_B01BGV4_Fail7_Score(0.986337)_0.9991.bmp,Low Dose Obstructing Region of Interest,L31,train
bfc10bdfdd2d3a589ae7ffca4c610668,/data/FMD_Data_26082026/fmd_temp_images/Updated ICube Categorical Classes 20260915/Low Dose/20260808_034212_L31_PalletGHO0808081801_Cavity15_B01BGTX_Fail7_Score(0.985194).bmp,Low Dose Obstructing Region of Interest,L31,train
bfc6ca5310115da11a0f4f75d412dd25,/data/FMD_Data_26082026/fmd_temp_images/Updated ICube Categorical Classes 20260915/Low Dose/20260808_095551_L31_PalletGHL0808143144_Cavity9_B01BGTZ_Fail7_Score(0.9998667).bmp,Low Dose Obstructing Region of Interest,L31,train
c014f7553a6db188e7521c844ab910dc,/data/FMD_Data_26082026/fmd_temp_images/Updated ICube Categorical Classes 20260915/Low Dose/20260813_183612_L31_PalletGHI0813231228_Cavity1_B01BGV5_Fail2_Score(0.903749)_0.9921.bmp,Low Dose Obstructing Region of Interest,L31,train
c04c3fd648cba2062239abcd7c2014d8,/data/FMD_Data_26082026/fmd_temp_images/Updated ICube Categorical Classes 20260915/Low Dose/20260814_072534_L31_PalletGHI0814120140_Cavity6_B01BGV7_Fail7_Score(0.9962598)_0.9595.bmp,Low Dose Obstructing Region of Interest,L31,train
c06c6dd1304a8dc29eb50dda30df463e,/data/FMD_Data_26082026/fmd_temp_images/Updated ICube Categorical Classes 20260915/Low Dose/20260808_100756_L31_PalletGHC0808144349_Cavity14_B01BGTZ_Fail7_Score(0.9985607).bmp,Low Dose Obstructing Region of Interest,L31,train
c09c720bcc685a4d6c4b581b802c4b36,/data/FMD_Data_26082026/fmd_temp_images/Updated ICube Categorical Classes 20260915/Low Dose/20260806_102916_L31_PalletGHB0806150456_Cavity7_B01BGTR_Fail7_Score(0.9988022).bmp,Low Dose Obstructing Region of Interest,L31,train
c0b953026434b9b41b0265dcb63d3113,/data/FMD_Data_26082026/fmd_temp_images/Updated ICube Categorical Classes 20260915/Low Dose/20260808_233140_L31_PalletGHN0809040655_Cavity4_B01BGV2_Fail7_Score(0.9999251).bmp,Low Dose Obstructing Region of Interest,L31,train
c108fbd2d80ebecccdfffd52de743772,/data/FMD_Data_26082026/fmd_temp_images/Updated ICube Categorical Classes 20260915/Low Dose/20260813_163130_L31_PalletGHM0813210748_Cavity12_B01BGV5_Fail5_Score(0.9662384)_0.9909.bmp,Low Dose Obstructing Region of Interest,L31,train
c145e9458a58ec984764d505d81e7857,/data/FMD_Data_26082026/fmd_temp_images/Updated ICube Categorical Classes 20260915/Low Dose/20260807_225309_L31_PalletGHR0808032900_Cavity8_B01BG28_Fail7_Score(0.9845892).bmp,Low Dose Obstructing Region of Interest,L31,train
c2051de771b55fbc2259e86781f4c619,/data/FMD_Data_26082026/fmd_temp_images/Updated ICube Categorical Classes 20260915/Low Dose/20260806_094443_L31_PalletGHQ0806142011_Cavity15_B01BGTR_Fail7_Score(0.9963268).bmp,Low Dose Obstructing Region of Interest,L31,train
c2e42ba0f6ed7aec7255ef5e4b3ce18b,/data/FMD_Data_26082026/fmd_temp_images/Updated ICube Categorical Classes 20260915/Low Dose/20260807_124208_L31_PalletGHH0807171754_Cavity14_B01BGTW_Fail6_Score(0.9749411).bmp,Low Dose Obstructing Region of Interest,L31,train
c2f76173aecea06be8085083fbd81468,/data/FMD_Data_26082026/fmd_temp_images/Updated ICube Categorical Classes 20260915/Low Dose/20260805_221619_L31_PalletGHM0806025149_Cavity4_B01BGTS_Fail3_Score(0.9327702).bmp,Low Dose Obstructing Region of Interest,L31,train
c45403eb68f11fffa00963ac024de549,/data/FMD_Data_26082026/fmd_temp_images/Updated ICube Categorical Classes 20260915/Low Dose/20260813_133026_L31_PalletGHE0813180641_Cavity11_B01BGV4_Fail7_Score(0.9985757)_0.6954.bmp,Low Dose Obstructing Region of Interest,L31,train
c472f13e60b9b786a2d01e43fdea93ed,/data/FMD_Data_26082026/fmd_temp_images/Updated ICube Categorical Classes 20260915/Low Dose/20260813_103909_L31_PalletGHB0813151528_Cavity12_B01BGV4_Fail6_Score(0.9732175)_0.9978.bmp,Low Dose Obstructing Region of Interest,L31,train
c479b46b13393d42fec4afdb2d69e037,/data/FMD_Data_26082026/fmd_temp_images/Updated ICube Categorical Classes 20260915/Low Dose/20260808_140822_L31_PalletGHL0808184412_Cavity8_B01BGTZ_Fail4_Score(0.9381453).bmp,Low Dose Obstructing Region of Interest,L31,train
c47fb3bb788be72dca76a4c59fe31f70,/data/FMD_Data_26082026/fmd_temp_images/Updated ICube Categorical Classes 20260915/Low Dose/20260807_140232_L31_PalletGHL0807183822_Cavity4_B01BGTW_Fail7_Score(0.9898846).bmp,Low Dose Obstructing Region of Interest,L31,train
c4e1077b425d1ee2557117f989a4c6d8,/data/FMD_Data_26082026/fmd_temp_images/Updated ICube Categorical Classes 20260915/Low Dose/20260808_024217_L31_PalletGHS0808071809_Cavity12_B01BGTX_Fail6_Score(0.9712455).bmp,Low Dose Obstructing Region of Interest,L31,train
c56266130de6c274d43d4a79d09889c0,/data/FMD_Data_26082026/fmd_temp_images/Updated ICube Categorical Classes 20260915/Low Dose/20260807_225103_L31_PalletGHI0808032651_Cavity9_B01BG28_Fail7_Score(0.994159).bmp,Low Dose Obstructing Region of Interest,L31,train
c56952bdd3225b181c2f6f87238d8f59,/data/FMD_Data_26082026/fmd_temp_images/Updated ICube Categorical Classes 20260915/Low Dose/20260808_173102_L31_PalletGHH0808220657_Cavity2_B01BGV2_Fail2_Score(0.9161714).bmp,Low Dose Obstructing Region of Interest,L31,train
c5c60bec1e0c464fed40f439050a442c,/data/FMD_Data_26082026/fmd_temp_images/Updated ICube Categorical Classes 20260915/Low Dose/20260809_185946_L31_PalletGHF0809233543_Cavity13_B01BGVB_Fail4_Score(0.9499823).bmp,Low Dose Obstructing Region of Interest,L31,train
c5e091543ebe6063f09744b5f0642f79,/data/FMD_Data_26082026/fmd_temp_images/Updated ICube Categorical Classes 20260915/Low Dose/20260810_025346_L31_PalletGHQ0810072937_Cavity7_B01BHK3_Fail6_Score(0.9726395).bmp,Low Dose Obstructing Region of Interest,L31,train
c60b37e4f032a1a6dc63106c81ff7f24,/data/FMD_Data_26082026/fmd_temp_images/Updated ICube Categorical Classes 20260915/Low Dose/20260808_125050_L31_PalletGHB0808172634_Cavity10_B01BGTZ_Fail4_Score(0.9449046).bmp,Low Dose Obstructing Region of Interest,L31,train
c6f7671c8320d99e2915d24cf450ee79,/data/FMD_Data_26082026/fmd_temp_images/Updated ICube Categorical Classes 20260915/Low Dose/20260808_052616_L31_PalletGHL0808100202_Cavity6_B01BGTX_Fail4_Score(0.946533).bmp,Low Dose Obstructing Region of Interest,L31,train
c7372088fcc194c5fe2fb33304be6d1b,/data/FMD_Data_26082026/fmd_temp_images/Updated ICube Categorical Classes 20260915/Low Dose/20260808_072121_L31_PalletGHQ0808115713_Cavity7_B01BGTX_Fail6_Score(0.9790601).bmp,Low Dose Obstructing Region of Interest,L31,train
c7f1c830e0e71735a98570abeb08c636,/data/FMD_Data_26082026/fmd_temp_images/Updated ICube Categorical Classes 20260915/Low Dose/20260808_084744_L31_PalletGHA0808132334_Cavity5_B01BGTX_Fail3_Score(0.9285175).bmp,Low Dose Obstructing Region of Interest,L31,train
c80c8f40cb97146bd1109c5848e15781,/data/FMD_Data_26082026/fmd_temp_images/Updated ICube Categorical Classes 20260915/Low Dose/20260808_232444_L31_PalletGHR0809040035_Cavity2_B01BGV2_Fail6_Score(0.9777156).bmp,Low Dose Obstructing Region of Interest,L31,train
c9352e3fe3355eab1e45f9e84f4165ef,/data/FMD_Data_26082026/fmd_temp_images/Updated ICube Categorical Classes 20260915/Low Dose/20260808_052621_L31_PalletGHN0808100208_Cavity15_B01BGTX_Fail7_Score(0.9993711).bmp,Low Dose Obstructing Region of Interest,L31,train
c9874f3e83590f324615376c080f94dd,/data/FMD_Data_26082026/fmd_temp_images/Updated ICube Categorical Classes 20260915/Low Dose/20260808_031449_L31_PalletGHR0808075042_Cavity9_B01BGTX_Fail6_Score(0.97811).bmp,Low Dose Obstructing Region of Interest,L31,train
c9e6cf98d48957b65fe6f32216c32368,/data/FMD_Data_26082026/fmd_temp_images/Updated ICube Categorical Classes 20260915/Low Dose/20260808_181325_L31_PalletGHO0808224916_Cavity3_B01BGV2_Fail4_Score(0.9406916).bmp,Low Dose Obstructing Region of Interest,L31,train
ca3736d15ea246f1792541dd492a69b4,/data/FMD_Data_26082026/fmd_temp_images/Updated ICube Categorical Classes 20260915/Low Dose/20260808_064039_L31_PalletGHK0808111638_Cavity3_B01BGTX_Fail7_Score(1).bmp,Low Dose Obstructing Region of Interest,L31,train
ca5b27e0c5bed2c2d5e6f8c6b666beb9,/data/FMD_Data_26082026/fmd_temp_images/Updated ICube Categorical Classes 20260915/Low Dose/20260808_043137_L31_PalletGHU0808090729_Cavity11_B01BGTX_Fail3_Score(0.9253858).bmp,Low Dose Obstructing Region of Interest,L31,train
ca60e3cfac98e0e3ccb7535b5e3231d7,/data/FMD_Data_26082026/fmd_temp_images/Updated ICube Categorical Classes 20260915/Low Dose/20260808_002208_L31_PalletGHR0808045800_Cavity10_B01BG29_Fail7_Score(0.9972532).bmp,Low Dose Obstructing Region of Interest,L31,train
cad12f05cff388caa959bd0a604fe364,/data/FMD_Data_26082026/fmd_temp_images/Updated ICube Categorical Classes 20260915/Low Dose/20260807_184721_L31_PalletGHO0807232255_Cavity9_B01BGTW_Fail7_Score(0.9994125).bmp,Low Dose Obstructing Region of Interest,L31,train
cad2f80eb12eac6f7341add27d58a046,/data/FMD_Data_26082026/fmd_temp_images/Updated ICube Categorical Classes 20260915/Low Dose/20260814_092346_L31_PalletGHG0814140010_Cavity11_B01BGV7_Fail7_Score(0.997274)_0.9996.bmp,Low Dose Obstructing Region of Interest,L31,train
cadc421ba0a2d6d577c70e06cf89980e,/data/FMD_Data_26082026/fmd_temp_images/Updated ICube Categorical Classes 20260915/Low Dose/20260808_064524_L31_PalletGHI0808112113_Cavity14_B01BGTX_Fail3_Score(0.9182742).bmp,Low Dose Obstructing Region of Interest,L31,train
cae0939824bb16dd151d1d5517021dc4,/data/FMD_Data_26082026/fmd_temp_images/Updated ICube Categorical Classes 20260915/Low Dose/20260808_160038_L31_PalletGHE0808203630_Cavity14_B01BGTZ_Fail5_Score(0.9623508).bmp,Low Dose Obstructing Region of Interest,L31,train
cb8690e7a1e8f7771a65f1256f8f48fa,/data/FMD_Data_26082026/fmd_temp_images/Updated ICube Categorical Classes 20260915/Low Dose/20260808_171300_L31_PalletGHC0808214856_Cavity12_B01BGV2_Fail7_Score(0.9984156).bmp,Low Dose Obstructing Region of Interest,L31,train
cb91222097045fa0667f129fe4c7d9ae,/data/FMD_Data_26082026/fmd_temp_images/Updated ICube Categorical Classes 20260915/Low Dose/20260814_090133_L31_PalletGHU0814133711_Cavity4_B01BGV7_Fail7_Score(0.9899516)_0.9991.bmp,Low Dose Obstructing Region of Interest,L31,train
cbef20724b976dab291e85aad7959b10,/data/FMD_Data_26082026/fmd_temp_images/Updated ICube Categorical Classes 20260915/Low Dose/20260806_202625_L31_PalletGHO0807010159_Cavity6_B01BG2J_Fail6_Score(0.9828071).bmp,Low Dose Obstructing Region of Interest,L31,train
cc10121f4aca4d55a1fc3f1054bbd9d3,/data/FMD_Data_26082026/fmd_temp_images/Updated ICube Categorical Classes 20260915/Low Dose/20260806_063318_L31_PalletGHN0806110857_Cavity11_B01BGTR_Fail7_Score(0.998037).bmp,Low Dose Obstructing Region of Interest,L31,train
cc27b901768212bb0cfd94055619f281,/data/FMD_Data_26082026/fmd_temp_images/Updated ICube Categorical Classes 20260915/Low Dose/20260808_220525_L31_PalletGHU0809024121_Cavity9_B01BGV2_Fail5_Score(0.9647014).bmp,Low Dose Obstructing Region of Interest,L31,train
cc35db124f1047c003185974e712003f,/data/FMD_Data_26082026/fmd_temp_images/Updated ICube Categorical Classes 20260915/Low Dose/20260813_082152_L31_PalletGHE0813125810_Cavity10_B01BHKF_Fail2_Score(0.9117534)_0.9998.bmp,Low Dose Obstructing Region of Interest,L31,train
cc40967ba8c3beb68550e0df00e5110b,/data/FMD_Data_26082026/fmd_temp_images/Updated ICube Categorical Classes 20260915/Low Dose/20260809_214041_L31_PalletGHM0810021639_Cavity14_B01BGVC_Fail7_Score(0.9968712)_0.7243.bmp,Low Dose Obstructing Region of Interest,L31,train
cc72d35660f95a089054946fc2f0da6f,/data/FMD_Data_26082026/fmd_temp_images/Updated ICube Categorical Classes 20260915/Low Dose/20260808_092442_L31_PalletGHS0808140034_Cavity7_B01BGTZ_Fail7_Score(0.9989055).bmp,Low Dose Obstructing Region of Interest,L31,train
cc8cf0dcf34584d9681ca2a223c6b1bb,/data/FMD_Data_26082026/fmd_temp_images/Updated ICube Categorical Classes 20260915/Low Dose/20260814_021551_L31_PalletGHN0814065211_Cavity7_B01BGV7_Fail7_Score(0.9998318)_0.7025.bmp,Low Dose Obstructing Region of Interest,L31,train
ccab8ae64fb2247a5cc234e9aaa1ed67,/data/FMD_Data_26082026/fmd_temp_images/Updated ICube Categorical Classes 20260915/Low Dose/20260814_075425_L31_PalletGHO0814123039_Cavity13_B01BGV7_Fail7_Score(0.9891124)_0.9954.bmp,Low Dose Obstructing Region of Interest,L31,train
ccb3f49b775ea2c319b6f3b1be58ad05,/data/FMD_Data_26082026/fmd_temp_images/Updated ICube Categorical Classes 20260915/Low Dose/20260808_015704_L31_PalletGHB0808063252_Cavity3_B01BGTX_Fail7_Score(0.9999501).bmp,Low Dose Obstructing Region of Interest,L31,train
ccbc28256e812a8f475ae9a5b9e49914,/data/FMD_Data_26082026/fmd_temp_images/Updated ICube Categorical Classes 20260915/Low Dose/20260814_074226_L31_PalletGHA0814121823_Cavity15_B01BGV7_Fail7_Score(0.9999582)_0.9820.bmp,Low Dose Obstructing Region of Interest,L31,train
cce4739af139899474f4e8e2cb14851d,/data/FMD_Data_26082026/fmd_temp_images/Updated ICube Categorical Classes 20260915/Low Dose/20260808_200231_L31_PalletGHH0809003826_Cavity7_B01BGV2_Fail7_Score(0.9993058).bmp,Low Dose Obstructing Region of Interest,L31,train
cd304621c82962526284340e1e9ad5a5,/data/FMD_Data_26082026/fmd_temp_images/Updated ICube Categorical Classes 20260915/Low Dose/20260813_074401_L31_PalletGHF0813121956_Cavity2_B01BHKF_Fail7_Score(0.9953967)_0.9968.bmp,Low Dose Obstructing Region of Interest,L31,train
cd5975fb1adb071390523cbf942d9828,/data/FMD_Data_26082026/fmd_temp_images/Updated ICube Categorical Classes 20260915/Low Dose/20260808_214240_L31_PalletGHH0809021834_Cavity4_B01BGV2_Fail7_Score(0.9992875).bmp,Low Dose Obstructing Region of Interest,L31,train
cd829beef261a1f3e093a60afc87952b,/data/FMD_Data_26082026/fmd_temp_images/Updated ICube Categorical Classes 20260915/Low Dose/20260808_153406_L31_PalletGHN0808200955_Cavity11_B01BGTZ_Fail5_Score(0.9635308).bmp,Low Dose Obstructing Region of Interest,L31,train
cdd5e1cddbbd27c2473b7df85f1bf80c,/data/FMD_Data_26082026/fmd_temp_images/Updated ICube Categorical Classes 20260915/Low Dose/20260808_190110_L31_PalletGHR0808233705_Cavity6_B01BGV2_Fail7_Score(0.9908524).bmp,Low Dose Obstructing Region of Interest,L31,train
cddf388dcdfa809e426253774ef8447d,/data/FMD_Data_26082026/fmd_temp_images/Updated ICube Categorical Classes 20260915/Low Dose/20260808_071920_L31_PalletGHM0808115513_Cavity14_B01BGTX_Fail7_Score(0.9838142).bmp,Low Dose Obstructing Region of Interest,L31,train
ce19283caa4de960ba3bef9324091b86,/data/FMD_Data_26082026/fmd_temp_images/Updated ICube Categorical Classes 20260915/Low Dose/20260808_002329_L31_PalletGHH0808045921_Cavity8_B01BG29_Fail7_Score(0.9998661).bmp,Low Dose Obstructing Region of Interest,L31,train
ce2791d75c144bb0ee9e78bce3db8e71,/data/FMD_Data_26082026/fmd_temp_images/Updated ICube Categorical Classes 20260915/Low Dose/20260813_182441_L31_PalletGHF0813230024_Cavity8_B01BGV5_Fail7_Score(0.9844432)_0.9953.bmp,Low Dose Obstructing Region of Interest,L31,train
cfa18402a3af500ac1a5cbe99f1ac2da,/data/FMD_Data_26082026/fmd_temp_images/Updated ICube Categorical Classes 20260915/Low Dose/20260806_051624_L31_PalletGHE0806095212_Cavity10_B01BGTR_Fail7_Score(0.999244).bmp,Low Dose Obstructing Region of Interest,L31,train
cfa3c0d7acbfcabe48603017c68dbf0c,/data/FMD_Data_26082026/fmd_temp_images/Updated ICube Categorical Classes 20260915/Low Dose/20260813_103512_L31_PalletGHT0813151125_Cavity15_B01BGV4_Fail7_Score(0.9999879)_0.5650.bmp,Low Dose Obstructing Region of Interest,L31,train
cfaf124b1dec171f1173ba1645c2cb73,/data/FMD_Data_26082026/fmd_temp_images/Updated ICube Categorical Classes 20260915/Low Dose/20260813_160422_L31_PalletGHK0813204040_Cavity11_B01BGV5_Fail7_Score(0.9997826)_0.9996.bmp,Low Dose Obstructing Region of Interest,L31,train
cfbd068791149b88d3e25cc459a93bf7,/data/FMD_Data_26082026/fmd_temp_images/Updated ICube Categorical Classes 20260915/Low Dose/20260808_153306_L31_PalletGHM0808200902_Cavity11_B01BGTZ_Fail7_Score(0.9878056).bmp,Low Dose Obstructing Region of Interest,L31,train
cff0c26c5a0a71fbf0e3c196c15f9ab6,/data/FMD_Data_26082026/fmd_temp_images/Updated ICube Categorical Classes 20260915/Low Dose/20260806_213032_L31_PalletGHN0807020613_Cavity1_B01BGV1_Fail7_Score(0.9850668).bmp,Low Dose Obstructing Region of Interest,L31,train
cff4055b714a8257de7b025a7299f6d7,/data/FMD_Data_26082026/fmd_temp_images/Updated ICube Categorical Classes 20260915/Low Dose/20260808_051034_L31_PalletGHE0808094626_Cavity13_B01BGTX_Fail7_Score(0.9990045).bmp,Low Dose Obstructing Region of Interest,L31,train
d010ccf16a1c3af8d55b4eb707ee049c,/data/FMD_Data_26082026/fmd_temp_images/Updated ICube Categorical Classes 20260915/Low Dose/20260806_063211_L31_PalletGHI0806110750_Cavity12_B01BGTR_Fail3_Score(0.929426).bmp,Low Dose Obstructing Region of Interest,L31,train
d09134597dc891e0e5fc3d02daaf583a,/data/FMD_Data_26082026/fmd_temp_images/Updated ICube Categorical Classes 20260915/Low Dose/20260808_071654_L31_PalletGHU0808115235_Cavity2_B01BGTX_Fail6_Score(0.9689082).bmp,Low Dose Obstructing Region of Interest,L31,train
d099b2592ba7c5adfc675503aa27380c,/data/FMD_Data_26082026/fmd_temp_images/Updated ICube Categorical Classes 20260915/Low Dose/20260808_184803_L31_PalletGHI0808232355_Cavity12_B01BGV2_Fail7_Score(0.9997581).bmp,Low Dose Obstructing Region of Interest,L31,train
d09ae399845f97ec1b31802384f91585,/data/FMD_Data_26082026/fmd_temp_images/Updated ICube Categorical Classes 20260915/Low Dose/20260817_174026_L31_PalletGHC0817221517_Cavity9_B01BHQ4_Fail7_Score(0.9934868).bmp,Low Dose Obstructing Region of Interest,L31,train
d0bfea9a2e0ae65a71babae6c1b0a946,/data/FMD_Data_26082026/fmd_temp_images/Updated ICube Categorical Classes 20260915/Low Dose/20260808_144155_L31_PalletGHT0808191750_Cavity13_B01BGTZ_Fail3_Score(0.9184151).bmp,Low Dose Obstructing Region of Interest,L31,train
d1193a74937b44e59968f01e61a415af,/data/FMD_Data_26082026/fmd_temp_images/Updated ICube Categorical Classes 20260915/Low Dose/20260806_105153_L31_PalletGHB0806152740_Cavity15_B01BGTR_Fail7_Score(0.999553).bmp,Low Dose Obstructing Region of Interest,L31,train
d18a373c269f7c2954bf8fef36e32dbb,/data/FMD_Data_26082026/fmd_temp_images/Updated ICube Categorical Classes 20260915/Low Dose/20260813_100151_L31_PalletGHD0813143808_Cavity14_B01BGV4_Fail6_Score(0.9676492)_0.9955.bmp,Low Dose Obstructing Region of Interest,L31,train
d28190e8d1a095df6b9dad8151f7ce13,/data/FMD_Data_26082026/fmd_temp_images/Updated ICube Categorical Classes 20260915/Low Dose/20260808_004024_L31_PalletGHC0808051615_Cavity2_B01BG29_Fail7_Score(0.9872546).bmp,Low Dose Obstructing Region of Interest,L31,train
d2d9c21e778ac4bc307dcacec7cbb987,/data/FMD_Data_26082026/fmd_temp_images/Updated ICube Categorical Classes 20260915/Low Dose/20260808_190907_L31_PalletGHM0808234500_Cavity2_B01BGV2_Fail7_Score(0.9966348).bmp,Low Dose Obstructing Region of Interest,L31,train
d3126ca410864a6b50c4b24fac8300f0,/data/FMD_Data_26082026/fmd_temp_images/Updated ICube Categorical Classes 20260915/Low Dose/20260808_071953_L31_PalletGHD0808115546_Cavity6_B01BGTX_Fail7_Score(0.9999953).bmp,Low Dose Obstructing Region of Interest,L31,train
d35a93dd5f878cc22db6e47a479c7c11,/data/FMD_Data_26082026/fmd_temp_images/Updated ICube Categorical Classes 20260915/Low Dose/20260808_180917_L31_PalletGHT0808224505_Cavity8_B01BGV2_Fail3_Score(0.9288869).bmp,Low Dose Obstructing Region of Interest,L31,train
d3be23c0ccd0609a264368d3b74db788,/data/FMD_Data_26082026/fmd_temp_images/Updated ICube Categorical Classes 20260915/Low Dose/20260813_110257_L31_PalletGHM0813153913_Cavity15_B01BGV4_Fail6_Score(0.9705468)_0.9981.bmp,Low Dose Obstructing Region of Interest,L31,train
d3ed0b3d8857381b0e34cf289b0d0820,/data/FMD_Data_26082026/fmd_temp_images/Updated ICube Categorical Classes 20260915/Low Dose/20260806_091545_L31_PalletGHU0806135040_Cavity6_B01BGTR_Fail6_Score(0.9730874).bmp,Low Dose Obstructing Region of Interest,L31,train
d44c9b612a58ae1973ed5d41e71475e1,/data/FMD_Data_26082026/fmd_temp_images/Updated ICube Categorical Classes 20260915/Low Dose/20260814_093935_L31_PalletGHI0814141551_Cavity8_B01BGV7_Fail3_Score(0.9167919)_0.9975.bmp,Low Dose Obstructing Region of Interest,L31,train
d470c4f87890a9410b4fed78bad07068,/data/FMD_Data_26082026/fmd_temp_images/Updated ICube Categorical Classes 20260915/Low Dose/20260813_155732_L31_PalletGHP0813203352_Cavity5_B01BGV5_Fail5_Score(0.9506298)_0.9978.bmp,Low Dose Obstructing Region of Interest,L31,train
d474b085900da0947c4b457bca20d275,/data/FMD_Data_26082026/fmd_temp_images/Updated ICube Categorical Classes 20260915/Low Dose/20260808_052328_L31_PalletGHK0808095920_Cavity7_B01BGTX_Fail6_Score(0.9670952).bmp,Low Dose Obstructing Region of Interest,L31,train
d4ac88bc401346d7d56a465e99455228,/data/FMD_Data_26082026/fmd_temp_images/Updated ICube Categorical Classes 20260915/Low Dose/20260808_100040_L31_PalletGHT0808143633_Cavity8_B01BGTZ_Fail2_Score(0.9093152).bmp,Low Dose Obstructing Region of Interest,L31,train
d4b587044382a3783c906da93cc6b04c,/data/FMD_Data_26082026/fmd_temp_images/Updated ICube Categorical Classes 20260915/Low Dose/20260807_234548_L31_PalletGHJ0808042138_Cavity1_B01BG28_Fail7_Score(0.9971088).bmp,Low Dose Obstructing Region of Interest,L31,train
d4c81412f88e70721bc77b872c3ddfd7,/data/FMD_Data_26082026/fmd_temp_images/Updated ICube Categorical Classes 20260915/Low Dose/20260807_080953_L31_PalletGHR0807124535_Cavity2_B01BGV0_Fail7_Score(0.9992607).bmp,Low Dose Obstructing Region of Interest,L31,train
d554de394b4b6d94d373d733efb4d997,/data/FMD_Data_26082026/fmd_temp_images/Updated ICube Categorical Classes 20260915/Low Dose/20260808_022828_L31_PalletGHP0808070419_Cavity13_B01BGTX_Fail7_Score(0.9903294).bmp,Low Dose Obstructing Region of Interest,L31,train
d61d3b7fc56a4e3ecfeed5cc10a5d549,/data/FMD_Data_26082026/fmd_temp_images/Updated ICube Categorical Classes 20260915/Low Dose/20260813_120818_L31_PalletGHR0813164435_Cavity5_B01BGV4_Fail7_Score(0.9969631)_0.9999.bmp,Low Dose Obstructing Region of Interest,L31,train
d6f8861327fdd1cac880fbfe885ead4d,/data/FMD_Data_26082026/fmd_temp_images/Updated ICube Categorical Classes 20260915/Low Dose/20260808_091106_L31_PalletGHG0808134705_Cavity9_B01BGTZ_Fail7_Score(0.9999441).bmp,Low Dose Obstructing Region of Interest,L31,train
d7182d6f9c4788f05c6a1766289f60d8,/data/FMD_Data_26082026/fmd_temp_images/Updated ICube Categorical Classes 20260915/Low Dose/20260808_174254_L31_PalletGHS0808221849_Cavity11_B01BGV2_Fail7_Score(0.9999988).bmp,Low Dose Obstructing Region of Interest,L31,train
d79a4cad6f49c558e5cbbe2a9aaed9b2,/data/FMD_Data_26082026/fmd_temp_images/Updated ICube Categorical Classes 20260915/Low Dose/20260808_170522_L31_PalletGHR0808214116_Cavity11_B01BGV2_Fail6_Score(0.9763879).bmp,Low Dose Obstructing Region of Interest,L31,train
d7b4cde852c18a759de34f1c3b4d6a8b,/data/FMD_Data_26082026/fmd_temp_images/Updated ICube Categorical Classes 20260915/Low Dose/20260808_191233_L31_PalletGHH0808234829_Cavity13_B01BGV2_Fail7_Score(0.9976071).bmp,Low Dose Obstructing Region of Interest,L31,train
d7b67b0fa04afe7218693222a7ebc5c7,/data/FMD_Data_26082026/fmd_temp_images/Updated ICube Categorical Classes 20260915/Low Dose/20260808_124621_L31_PalletGHJ0808172210_Cavity5_B01BGTZ_Fail6_Score(0.977212).bmp,Low Dose Obstructing Region of Interest,L31,train
d7be3df1ed84a76d8681f79dad7fa311,/data/FMD_Data_26082026/fmd_temp_images/Updated ICube Categorical Classes 20260915/Low Dose/20260808_110215_L31_PalletGHG0808153809_Cavity13_B01BGTZ_Fail7_Score(0.9917128).bmp,Low Dose Obstructing Region of Interest,L31,train
d7ddbda94456fba692316706a2e813f6,/data/FMD_Data_26082026/fmd_temp_images/Updated ICube Categorical Classes 20260915/Low Dose/20260808_031032_L31_PalletGHC0808074623_Cavity3_B01BGTX_Fail7_Score(0.9999995).bmp,Low Dose Obstructing Region of Interest,L31,train
d7eab2b939f72534bcb743a0e094a3fc,/data/FMD_Data_26082026/fmd_temp_images/Updated ICube Categorical Classes 20260915/Low Dose/20260808_063601_L31_PalletGHK0808111136_Cavity8_B01BGTX_Fail7_Score(0.99976).bmp,Low Dose Obstructing Region of Interest,L31,train
d819503334dd7cbd75f78796c0f18e07,/data/FMD_Data_26082026/fmd_temp_images/Updated ICube Categorical Classes 20260915/Low Dose/20260808_150652_L31_PalletGHQ0808194244_Cavity7_B01BGTZ_Fail4_Score(0.934815).bmp,Low Dose Obstructing Region of Interest,L31,train
d81b4741978f8c0213d967525ecbebe1,/data/FMD_Data_26082026/fmd_temp_images/Updated ICube Categorical Classes 20260915/Low Dose/20260808_150319_L31_PalletGHQ0808193910_Cavity7_B01BGTZ_Fail4_Score(0.9349633).bmp,Low Dose Obstructing Region of Interest,L31,train
d8745221cb12a29cdf9d4e2486533369,/data/FMD_Data_26082026/fmd_temp_images/Updated ICube Categorical Classes 20260915/Low Dose/20260807_152724_L31_PalletGHE0807200313_Cavity15_B01BGTW_Fail5_Score(0.9650753).bmp,Low Dose Obstructing Region of Interest,L31,train
d8851339042ad9927fbc9b09ca8578ef,/data/FMD_Data_26082026/fmd_temp_images/Updated ICube Categorical Classes 20260915/Low Dose/20260808_215254_L31_PalletGHT0809022847_Cavity7_B01BGV2_Fail6_Score(0.978078).bmp,Low Dose Obstructing Region of Interest,L31,train
d8dff677b3420f68dae997e2f3806beb,/data/FMD_Data_26082026/fmd_temp_images/Updated ICube Categorical Classes 20260915/Low Dose/20260813_150017_L31_PalletGHJ0813193630_Cavity8_B01BGV4_Fail7_Score(0.9972488)_0.9914.bmp,Low Dose Obstructing Region of Interest,L31,train
d8eb8a6a2df04c28945e31f37fdcd500,/data/FMD_Data_26082026/fmd_temp_images/Updated ICube Categorical Classes 20260915/Low Dose/20260810_024930_L31_PalletGHJ0810072530_Cavity10_B01BHK3_Fail7_Score(0.9991249).bmp,Low Dose Obstructing Region of Interest,L31,train
d904155bd23c34a26c5c6635d2d4c8e0,/data/FMD_Data_26082026/fmd_temp_images/Updated ICube Categorical Classes 20260915/Low Dose/20260808_140506_L31_PalletGHR0808184100_Cavity6_B01BGTZ_Fail7_Score(0.9942136).bmp,Low Dose Obstructing Region of Interest,L31,train
d91b29d71d9be143d52d91cee9ded0b7,/data/FMD_Data_26082026/fmd_temp_images/Updated ICube Categorical Classes 20260915/Low Dose/20260813_114130_L31_PalletGHL0813161749_Cavity13_B01BGV4_Fail7_Score(0.999854)_0.9887.bmp,Low Dose Obstructing Region of Interest,L31,train
d91caac60e68f109b65a6f30e5931b66,/data/FMD_Data_26082026/fmd_temp_images/Updated ICube Categorical Classes 20260915/Low Dose/20260808_145320_L31_PalletGHO0808192912_Cavity15_B01BGTZ_Fail7_Score(0.9972358).bmp,Low Dose Obstructing Region of Interest,L31,train
d9a9d60eea9a7139f03537966f71a6d5,/data/FMD_Data_26082026/fmd_temp_images/Updated ICube Categorical Classes 20260915/Low Dose/20260806_034250_L31_PalletGHG0806081833_Cavity14_B01BGTS_Fail2_Score(0.9130345).bmp,Low Dose Obstructing Region of Interest,L31,train
d9bacb3736bbccafeef0a2bbd51f605f,/data/FMD_Data_26082026/fmd_temp_images/Updated ICube Categorical Classes 20260915/Low Dose/20260807_225659_L31_PalletGHC0808033247_Cavity11_B01BG28_Fail7_Score(0.9978005).bmp,Low Dose Obstructing Region of Interest,L31,train
da0c28bf2689651bd99502ee1cb69546,/data/FMD_Data_26082026/fmd_temp_images/Updated ICube Categorical Classes 20260915/Low Dose/20260813_123222_L31_PalletGHO0813170839_Cavity8_B01BGV4_Fail3_Score(0.9267795)_0.9998.bmp,Low Dose Obstructing Region of Interest,L31,train
da2ae9be46a71706afa44f4fc915e791,/data/FMD_Data_26082026/fmd_temp_images/Updated ICube Categorical Classes 20260915/Low Dose/20260814_002824_L31_PalletGHS0814050444_Cavity13_B01BGV6_Fail7_Score(0.9999878)_0.9993.bmp,Low Dose Obstructing Region of Interest,L31,train
da421d74a58edb9b5743c75abc5be8c5,/data/FMD_Data_26082026/fmd_temp_images/Updated ICube Categorical Classes 20260915/Low Dose/20260806_154845_L31_PalletGHM0806202418_Cavity9_B01BGTT_Fail3_Score(0.9219643).bmp,Low Dose Obstructing Region of Interest,L31,train
da54cebddd03261e4fda35759d240f43,/data/FMD_Data_26082026/fmd_temp_images/Updated ICube Categorical Classes 20260915/Low Dose/20260808_192322_L31_PalletGHO0808235915_Cavity12_B01BGV2_Fail7_Score(0.991205).bmp,Low Dose Obstructing Region of Interest,L31,train
daacd68a0f28314206b12731603cbe7c,/data/FMD_Data_26082026/fmd_temp_images/Updated ICube Categorical Classes 20260915/Low Dose/20260814_065528_L31_PalletGHD0814113151_Cavity12_B01BGV7_Fail4_Score(0.9403355)_0.9993.bmp,Low Dose Obstructing Region of Interest,L31,train
dab7e61a6a042a3b109be3b663d5abaf,/data/FMD_Data_26082026/fmd_temp_images/Updated ICube Categorical Classes 20260915/Low Dose/20260807_043538_L31_PalletGHR0807091126_Cavity10_B01BGV0_Fail7_Score(0.9998322).bmp,Low Dose Obstructing Region of Interest,L31,train
db30f1b1a8b673ed71889158ac4942ae,/data/FMD_Data_26082026/fmd_temp_images/Updated ICube Categorical Classes 20260915/Low Dose/20260808_005253_L31_PalletGHF0808052842_Cavity13_B01BG29_Fail4_Score(0.9450914).bmp,Low Dose Obstructing Region of Interest,L31,train
db99fcb43c55ed3ac88340e1a5735a4d,/data/FMD_Data_26082026/fmd_temp_images/Updated ICube Categorical Classes 20260915/Low Dose/20260808_221153_L31_PalletGHI0809024749_Cavity3_B01BGV2_Fail3_Score(0.9274135).bmp,Low Dose Obstructing Region of Interest,L31,train
dbaaadc34d2d0853c2cd52116f492e89,/data/FMD_Data_26082026/fmd_temp_images/Updated ICube Categorical Classes 20260915/Low Dose/20260808_221213_L31_PalletGHQ0809024809_Cavity10_B01BGV2_Fail7_Score(0.9997048).bmp,Low Dose Obstructing Region of Interest,L31,train
dc50d8f95b4cc047cef07a024087ceae,/data/FMD_Data_26082026/fmd_temp_images/Updated ICube Categorical Classes 20260915/Low Dose/20260806_143614_L31_PalletGHH0806191157_Cavity7_B01BGTT_Fail7_Score(0.9975005).bmp,Low Dose Obstructing Region of Interest,L31,train
dca06dc1f22927a389bfd1fce6eb6816,/data/FMD_Data_26082026/fmd_temp_images/Updated ICube Categorical Classes 20260915/Low Dose/20260814_065908_L31_PalletGHC0814113532_Cavity14_B01BGV7_Fail7_Score(0.9906759)_0.9046.bmp,Low Dose Obstructing Region of Interest,L31,train
dcacc7060abb6a26680439b00b78e3f4,/data/FMD_Data_26082026/fmd_temp_images/Updated ICube Categorical Classes 20260915/Low Dose/20260808_172110_L31_PalletGHM0808215709_Cavity1_B01BGV2_Fail7_Score(0.9886102).bmp,Low Dose Obstructing Region of Interest,L31,train
dd0b1c87ed7184e9dbc29f13d05fd4ce,/data/FMD_Data_26082026/fmd_temp_images/Updated ICube Categorical Classes 20260915/Low Dose/20260808_031022_L31_PalletGHS0808074612_Cavity13_B01BGTX_Fail7_Score(0.9996683).bmp,Low Dose Obstructing Region of Interest,L31,train
dd259b664ed56de741dfc89daaff8e27,/data/FMD_Data_26082026/fmd_temp_images/Updated ICube Categorical Classes 20260915/Low Dose/20260814_074347_L31_PalletGHH0814121954_Cavity14_B01BGV7_Fail7_Score(0.9876634)_0.9796.bmp,Low Dose Obstructing Region of Interest,L31,train
dd3e3e78b45fa1c7495534c1de5c529f,/data/FMD_Data_26082026/fmd_temp_images/Updated ICube Categorical Classes 20260915/Low Dose/20260808_175943_L31_PalletGHI0808223536_Cavity15_B01BGV2_Fail7_Score(0.9992951).bmp,Low Dose Obstructing Region of Interest,L31,train
dd51cade06540f614147e70ead8f1953,/data/FMD_Data_26082026/fmd_temp_images/Updated ICube Categorical Classes 20260915/Low Dose/20260813_233523_L31_PalletGHN0814041144_Cavity13_B01BGV6_Fail7_Score(0.9994725)_0.9996.bmp,Low Dose Obstructing Region of Interest,L31,train
ddc4f412710be5ce6d974236d1c95e55,/data/FMD_Data_26082026/fmd_temp_images/Updated ICube Categorical Classes 20260915/Low Dose/20260808_020016_L31_PalletGHN0808063603_Cavity3_B01BGTX_Fail4_Score(0.9426789).bmp,Low Dose Obstructing Region of Interest,L31,train
de2816afd4e005388db04406c0f2afdd,/data/FMD_Data_26082026/fmd_temp_images/Updated ICube Categorical Classes 20260915/Low Dose/20260806_234001_L31_PalletGHO0807041531_Cavity3_B01BGV1_Fail7_Score(0.9984053).bmp,Low Dose Obstructing Region of Interest,L31,train
de5344e7755ebb0d9f99a7f29772df94,/data/FMD_Data_26082026/fmd_temp_images/Updated ICube Categorical Classes 20260915/Low Dose/20260809_184119_L31_PalletGHM0809231640_Cavity15_B01BGVB_Fail7_Score(0.9960572).bmp,Low Dose Obstructing Region of Interest,L31,train
df4c3b0e878123c72f56beef2c16d390,/data/FMD_Data_26082026/fmd_temp_images/Updated ICube Categorical Classes 20260915/Low Dose/20260806_082606_L31_PalletGHL0806130128_Cavity1_B01BGTR_Fail7_Score(0.984445).bmp,Low Dose Obstructing Region of Interest,L31,train
df9c3c996f0f06cca1f8641cd5fcc993,/data/FMD_Data_26082026/fmd_temp_images/Updated ICube Categorical Classes 20260915/Low Dose/20260810_084224_L31_PalletGHN0810131831_Cavity6_B01BHK3_Fail7_Score(0.999372)_0.4734.bmp,Low Dose Obstructing Region of Interest,L31,train
dfcaecbf2faba37c25b10e774eaff58f,/data/FMD_Data_26082026/fmd_temp_images/Updated ICube Categorical Classes 20260915/Low Dose/20260808_232226_L31_PalletGHI0809035824_Cavity9_B01BGV2_Fail5_Score(0.9602927).bmp,Low Dose Obstructing Region of Interest,L31,train
dfda41931ae00df193bec2a748d323d4,/data/FMD_Data_26082026/fmd_temp_images/Updated ICube Categorical Classes 20260915/Low Dose/20260807_022043_L31_PalletGHA0807065630_Cavity9_B01BGV1_Fail7_Score(0.9958299).bmp,Low Dose Obstructing Region of Interest,L31,train
e0092a02498f07cf114a80cc484f8067,/data/FMD_Data_26082026/fmd_temp_images/Updated ICube Categorical Classes 20260915/Low Dose/20260808_040242_L31_PalletGHF0808083834_Cavity8_B01BGTX_Fail7_Score(0.9980214).bmp,Low Dose Obstructing Region of Interest,L31,train
e05f2d45315f50576d2ff4851bd40509,/data/FMD_Data_26082026/fmd_temp_images/Updated ICube Categorical Classes 20260915/Low Dose/20260808_220642_L31_PalletGHJ0809024234_Cavity9_B01BGV2_Fail7_Score(0.9981154).bmp,Low Dose Obstructing Region of Interest,L31,train
e0a539a6d65270a6157b62192b90a744,/data/FMD_Data_26082026/fmd_temp_images/Updated ICube Categorical Classes 20260915/Low Dose/20260808_192522_L31_PalletGHB0809000122_Cavity15_B01BGV2_Fail7_Score(0.9999156).bmp,Low Dose Obstructing Region of Interest,L31,train
e0c7fc292cd26823017f660b8384e0dc,/data/FMD_Data_26082026/fmd_temp_images/Updated ICube Categorical Classes 20260915/Low Dose/20260808_061208_L31_PalletGHO0808104746_Cavity4_B01BGTX_Fail7_Score(0.9999828).bmp,Low Dose Obstructing Region of Interest,L31,train
e114457cfff2172639e1bf8e9c3f5ee9,/data/FMD_Data_26082026/fmd_temp_images/Updated ICube Categorical Classes 20260915/Low Dose/20260805_211102_L31_PalletGHN0806014645_Cavity15_B01BGTS_Fail2_Score(0.9055379).bmp,Low Dose Obstructing Region of Interest,L31,train
e168391e45e6076bbff8ec6bb33f7d5c,/data/FMD_Data_26082026/fmd_temp_images/ICube Defects Library/Low Dose Obstructing Region of Interest/20260805_212556_L31_PalletGHU0806020136_Cavity11_B01BGTS_Fail7_Score(0.9989335).bmp,Low Dose Obstructing Region of Interest,L31,train
e176c9b35c7b07c9cffeb9c02dd90871,/data/FMD_Data_26082026/fmd_temp_images/Updated ICube Categorical Classes 20260915/Low Dose/20260808_052601_L31_PalletGHF0808100148_Cavity3_B01BGTX_Fail7_Score(0.9973558).bmp,Low Dose Obstructing Region of Interest,L31,train
e1deb6a465594148b44c1d22243a074c,/data/FMD_Data_26082026/fmd_temp_images/Updated ICube Categorical Classes 20260915/Low Dose/20260809_181458_L31_PalletGHL0809225057_Cavity15_B01BGVB_Fail5_Score(0.9511178).bmp,Low Dose Obstructing Region of Interest,L31,train
e254ef4974a5577f439e25608225cd6b,/data/FMD_Data_26082026/fmd_temp_images/Updated ICube Categorical Classes 20260915/Low Dose/20260806_061615_L31_PalletGHJ0806105157_Cavity3_B01BGTR_Fail7_Score(0.997691).bmp,Low Dose Obstructing Region of Interest,L31,train
e2553eb42ee5bec5b857240b481fbb75,/data/FMD_Data_26082026/fmd_temp_images/Updated ICube Categorical Classes 20260915/Low Dose/20260814_040336_L31_PalletGHO0814083941_Cavity6_B01BGV7_Fail7_Score(0.9998878)_0.9972.bmp,Low Dose Obstructing Region of Interest,L31,train
e2ac32229b1399855b5018d938789ca9,/data/FMD_Data_26082026/fmd_temp_images/Updated ICube Categorical Classes 20260915/Low Dose/20260808_091511_L31_PalletGHQ0808135101_Cavity10_B01BGTZ_Fail2_Score(0.9061727).bmp,Low Dose Obstructing Region of Interest,L31,train
e2be34efd940f96c14f061185aed9eaa,/data/FMD_Data_26082026/fmd_temp_images/Updated ICube Categorical Classes 20260915/Low Dose/20260808_105406_L31_PalletGHU0808152954_Cavity14_B01BGTZ_Fail4_Score(0.9438591).bmp,Low Dose Obstructing Region of Interest,L31,train
e31bb0b03ddd2bb183c2aca3392b5628,/data/FMD_Data_26082026/fmd_temp_images/Updated ICube Categorical Classes 20260915/Low Dose/20260808_005408_L31_PalletGHN0808052955_Cavity8_B01BG29_Fail6_Score(0.9683068).bmp,Low Dose Obstructing Region of Interest,L31,train
e31e4f6fabcfe3fd0e1e44c6b8f9954f,/data/FMD_Data_26082026/fmd_temp_images/Updated ICube Categorical Classes 20260915/Low Dose/20260808_043613_L31_PalletGHD0808091200_Cavity11_B01BGTX_Fail6_Score(0.9776175).bmp,Low Dose Obstructing Region of Interest,L31,train
e3c4492a6d1db11b46ac47575b22a37c,/data/FMD_Data_26082026/fmd_temp_images/Updated ICube Categorical Classes 20260915/Low Dose/20260808_073703_L31_PalletGHO0808121233_Cavity6_B01BGTX_Fail7_Score(0.9999479).bmp,Low Dose Obstructing Region of Interest,L31,train
e47e652e4fb6677623a9379a2a735c59,/data/FMD_Data_26082026/fmd_temp_images/Updated ICube Categorical Classes 20260915/Low Dose/20260814_002025_L31_PalletGHI0814045646_Cavity10_B01BGV6_Fail5_Score(0.9557549)_0.9999.bmp,Low Dose Obstructing Region of Interest,L31,train
e4fc1a11a387d4e8cfe252cf90b082b9,/data/FMD_Data_26082026/fmd_temp_images/Updated ICube Categorical Classes 20260915/Low Dose/20260813_150916_L31_PalletGHA0813194537_Cavity5_B01BGV5_Fail7_Score(0.9996614)_0.9994.bmp,Low Dose Obstructing Region of Interest,L31,train
e55d1e0fe5a73ea1b636a8ebe7eabd3a,/data/FMD_Data_26082026/fmd_temp_images/Updated ICube Categorical Classes 20260915/Low Dose/20260808_053421_L31_PalletGHP0808100959_Cavity15_B01BGTX_Fail6_Score(0.9783728).bmp,Low Dose Obstructing Region of Interest,L31,train
e572c44e592906f41fe8c6aa8b1a7042,/data/FMD_Data_26082026/fmd_temp_images/Updated ICube Categorical Classes 20260915/Low Dose/20260808_062831_L31_PalletGHM0808110425_Cavity14_B01BGTX_Fail7_Score(0.9974139).bmp,Low Dose Obstructing Region of Interest,L31,train
e61172e7b01dd1c09456fbb7c4b99e69,/data/FMD_Data_26082026/fmd_temp_images/Updated ICube Categorical Classes 20260915/Low Dose/20260807_232941_L31_PalletGHL0808040531_Cavity13_B01BG28_Fail7_Score(0.9875317).bmp,Low Dose Obstructing Region of Interest,L31,train
e6709602aaab61510d0a61244398337c,/data/FMD_Data_26082026/fmd_temp_images/Updated ICube Categorical Classes 20260915/Low Dose/20260808_044755_L31_PalletGHG0808092345_Cavity9_B01BGTX_Fail7_Score(0.999822).bmp,Low Dose Obstructing Region of Interest,L31,train
e68ffdd7a8ad4e7ef6dccb9745de8d6f,/data/FMD_Data_26082026/fmd_temp_images/Updated ICube Categorical Classes 20260915/Low Dose/20260808_140100_L31_PalletGHB0808183650_Cavity13_B01BGTZ_Fail7_Score(0.9912467)_0.6208.bmp,Low Dose Obstructing Region of Interest,L31,train
e6a26cc836bd469cd0ba19f789fe4923,/data/FMD_Data_26082026/fmd_temp_images/Updated ICube Categorical Classes 20260915/Low Dose/20260808_114443_L31_PalletGHA0808162036_Cavity3_B01BGTZ_Fail7_Score(0.9980428).bmp,Low Dose Obstructing Region of Interest,L31,train
e6b29b134629bd8b5f17aa66566a6d42,/data/FMD_Data_26082026/fmd_temp_images/Updated ICube Categorical Classes 20260915/Low Dose/20260807_195456_L31_PalletGHQ0808003045_Cavity14_B01BG2K_Fail7_Score(0.9871535).bmp,Low Dose Obstructing Region of Interest,L31,train
e6dcfa8da70e3e41861a14a3d8d12076,/data/FMD_Data_26082026/fmd_temp_images/Updated ICube Categorical Classes 20260915/Low Dose/20260813_180523_L31_PalletGHE0813224143_Cavity4_B01BGV5_Fail7_Score(0.9979858)_0.4770.bmp,Low Dose Obstructing Region of Interest,L31,train
e6e9ebe2de31d3707475c62b03a22544,/data/FMD_Data_26082026/fmd_temp_images/Updated ICube Categorical Classes 20260915/Low Dose/20260814_053233_L31_PalletGHN0814100852_Cavity1_B01BGV7_Fail6_Score(0.97585)_0.9985.bmp,Low Dose Obstructing Region of Interest,L31,train
e6efc4596a772373ae4e53bc3725b84a,/data/FMD_Data_26082026/fmd_temp_images/Updated ICube Categorical Classes 20260915/Low Dose/20260808_110720_L31_PalletGHN0808154304_Cavity6_B01BGTZ_Fail7_Score(0.9995981).bmp,Low Dose Obstructing Region of Interest,L31,train
e7670c4ee4810cf20997d4d7fefb5d9a,/data/FMD_Data_26082026/fmd_temp_images/Updated ICube Categorical Classes 20260915/Low Dose/20260806_113841_L31_PalletGHR0806161414_Cavity12_B01BGTR_Fail3_Score(0.9226565).bmp,Low Dose Obstructing Region of Interest,L31,train
e7714fa7fa18a89c894e91e6c7283ec1,/data/FMD_Data_26082026/fmd_temp_images/Updated ICube Categorical Classes 20260915/Low Dose/20260808_115011_L31_PalletGHR0808162448_Cavity5_B01BGTZ_Fail7_Score(0.9991826).bmp,Low Dose Obstructing Region of Interest,L31,train
e7c0e0845a50a2b3fd6cfc755e0576a5,/data/FMD_Data_26082026/fmd_temp_images/Updated ICube Categorical Classes 20260915/Low Dose/20260808_083709_L31_PalletGHD0808131305_Cavity13_B01BGTX_Fail6_Score(0.979673).bmp,Low Dose Obstructing Region of Interest,L31,train
e7ec57b6114f76280b4ef8534488aef2,/data/FMD_Data_26082026/fmd_temp_images/Updated ICube Categorical Classes 20260915/Low Dose/20260808_071107_L31_PalletGHC0808114701_Cavity14_B01BGTX_Fail3_Score(0.9233005).bmp,Low Dose Obstructing Region of Interest,L31,train
e7f1c5d0ca06f7cf42af2d33632c4249,/data/FMD_Data_26082026/fmd_temp_images/Updated ICube Categorical Classes 20260915/Low Dose/20260813_100640_L31_PalletGHM0813144255_Cavity8_B01BGV4_Fail4_Score(0.9434901)_0.9982.bmp,Low Dose Obstructing Region of Interest,L31,train
e8be61d4fbc2884fef71cad440a683c6,/data/FMD_Data_26082026/fmd_temp_images/Updated ICube Categorical Classes 20260915/Low Dose/20260808_020006_L31_PalletGHJ0808063553_Cavity14_B01BGTX_Fail7_Score(0.9990611).bmp,Low Dose Obstructing Region of Interest,L31,train
e91a00f4c379b35830660a1273b566c8,/data/FMD_Data_26082026/fmd_temp_images/Updated ICube Categorical Classes 20260915/Low Dose/20260813_181001_L31_PalletGHU0813224620_Cavity4_B01BGV5_Fail5_Score(0.9620162)_0.9984.bmp,Low Dose Obstructing Region of Interest,L31,train
e98a370e0d90df397d60a4a81ca62cc1,/data/FMD_Data_26082026/fmd_temp_images/Updated ICube Categorical Classes 20260915/Low Dose/20260806_153341_L31_PalletGHE0806200924_Cavity6_B01BGTT_Fail7_Score(0.9994295).bmp,Low Dose Obstructing Region of Interest,L31,train
e9e72351406ccc437551f90dcdf59de1,/data/FMD_Data_26082026/fmd_temp_images/Updated ICube Categorical Classes 20260915/Low Dose/20260808_170528_L31_PalletGHT0808214120_Cavity11_B01BGV2_Fail7_Score(0.9967576).bmp,Low Dose Obstructing Region of Interest,L31,train
ea43a04e9f693b8cd1d668968647ddd5,/data/FMD_Data_26082026/fmd_temp_images/Updated ICube Categorical Classes 20260915/Low Dose/20260814_033309_L31_PalletGHT0814080930_Cavity13_B01BGV7_Fail7_Score(0.9998161)_0.9996.bmp,Low Dose Obstructing Region of Interest,L31,train
eaa5d451786e733648cb4da781cd0125,/data/FMD_Data_26082026/fmd_temp_images/Updated ICube Categorical Classes 20260915/Low Dose/20260807_120635_L31_PalletGHA0807164207_Cavity11_B01BGTW_Fail2_Score(0.9013668).bmp,Low Dose Obstructing Region of Interest,L31,train
eb04eb67fd9d30c5fe165a5a4ff72004,/data/FMD_Data_26082026/fmd_temp_images/Updated ICube Categorical Classes 20260915/Low Dose/20260814_010552_L31_PalletGHO0814054210_Cavity10_B01BGV6_Fail7_Score(0.9860036)_0.9903.bmp,Low Dose Obstructing Region of Interest,L31,train
eb2fdf0720c6785882412a47c73383c1,/data/FMD_Data_26082026/fmd_temp_images/Updated ICube Categorical Classes 20260915/Low Dose/20260808_043539_L31_PalletGHM0808091131_Cavity8_B01BGTX_Fail7_Score(0.9984918).bmp,Low Dose Obstructing Region of Interest,L31,train
eb6e94b15c5b56fb25ea974998b48f60,/data/FMD_Data_26082026/fmd_temp_images/Updated ICube Categorical Classes 20260915/Low Dose/20260808_133909_L31_PalletGHO0808181459_Cavity14_B01BGTZ_Fail7_Score(0.986508).bmp,Low Dose Obstructing Region of Interest,L31,train
eb9f7cce0bf8471280d6da8a115851aa,/data/FMD_Data_26082026/fmd_temp_images/Updated ICube Categorical Classes 20260915/Low Dose/20260807_234410_L31_PalletGHN0808041956_Cavity9_B01BG28_Fail7_Score(0.9950972).bmp,Low Dose Obstructing Region of Interest,L31,train
ec4cf4463f3dcf7ec0cea0dee54a2d27,/data/FMD_Data_26082026/fmd_temp_images/Updated ICube Categorical Classes 20260915/Low Dose/20260808_222539_L31_PalletGHA0809030135_Cavity9_B01BGV2_Fail6_Score(0.9672183).bmp,Low Dose Obstructing Region of Interest,L31,train
ec74589e7bf547f91b17efc76e1fa30e,/data/FMD_Data_26082026/fmd_temp_images/Updated ICube Categorical Classes 20260915/Low Dose/20260806_084950_L31_PalletGHD0806132505_Cavity1_B01BGTR_Fail7_Score(0.9988739).bmp,Low Dose Obstructing Region of Interest,L31,train
ec8383bdd4819fffcc2dc826061d2fe8,/data/FMD_Data_26082026/fmd_temp_images/Updated ICube Categorical Classes 20260915/Low Dose/20260808_000722_L31_PalletGHB0808044313_Cavity11_B01BG28_Fail7_Score(0.999919).bmp,Low Dose Obstructing Region of Interest,L31,train
ec86d875d6fd5c24ff687ba533f32530,/data/FMD_Data_26082026/fmd_temp_images/Updated ICube Categorical Classes 20260915/Low Dose/20260807_062044_L31_PalletGHO0807105637_Cavity10_B01BGV0_Fail7_Score(0.9938517).bmp,Low Dose Obstructing Region of Interest,L31,train
ec93b699bd08ce78ce7236e33876e649,/data/FMD_Data_26082026/fmd_temp_images/Updated ICube Categorical Classes 20260915/Low Dose/20260810_020935_L31_PalletGHD0810064536_Cavity5_B01BHK3_Fail6_Score(0.9771878).bmp,Low Dose Obstructing Region of Interest,L31,train
ec9478d49681264b74ddb6bf350a8c7a,/data/FMD_Data_26082026/fmd_temp_images/Updated ICube Categorical Classes 20260915/Low Dose/20260808_105332_L31_PalletGHI0808152927_Cavity3_B01BGTZ_Fail7_Score(0.9979868).bmp,Low Dose Obstructing Region of Interest,L31,train
ecd79b179f4d7c3169e53c0780ffd901,/data/FMD_Data_26082026/fmd_temp_images/Updated ICube Categorical Classes 20260915/Low Dose/20260807_110939_L31_PalletGHE0807154516_Cavity11_B01BGTW_Fail7_Score(0.9997049).bmp,Low Dose Obstructing Region of Interest,L31,train
ecf2eec43122726910eb8fc37efbc929,/data/FMD_Data_26082026/fmd_temp_images/Updated ICube Categorical Classes 20260915/Low Dose/20260814_055034_L31_PalletGHU0814102634_Cavity9_B01BGV7_Fail7_Score(0.9952317)_0.9995.bmp,Low Dose Obstructing Region of Interest,L31,train
ed871ac00c9f44b3dfdecf86959b36ed,/data/FMD_Data_26082026/fmd_temp_images/Updated ICube Categorical Classes 20260915/Low Dose/20260808_140330_L31_PalletGHU0808183921_Cavity4_B01BGTZ_Fail7_Score(0.9999592).bmp,Low Dose Obstructing Region of Interest,L31,train
edbf9b4b12335b81cfb98003c307f69e,/data/FMD_Data_26082026/fmd_temp_images/Updated ICube Categorical Classes 20260915/Low Dose/20260808_150606_L31_PalletGHS0808194157_Cavity2_B01BGTZ_Fail6_Score(0.9789345).bmp,Low Dose Obstructing Region of Interest,L31,train
ee1b9de70dcf0b0a431230f1691bd2fb,/data/FMD_Data_26082026/fmd_temp_images/Updated ICube Categorical Classes 20260915/Low Dose/20260808_234249_L31_PalletGHL0809041839_Cavity3_B01BGV2_Fail7_Score(0.9998623).bmp,Low Dose Obstructing Region of Interest,L31,train
ee29af2af02b93767b1cf66d22b6022a,/data/FMD_Data_26082026/fmd_temp_images/Updated ICube Categorical Classes 20260915/Low Dose/20260808_024335_L31_PalletGHF0808071926_Cavity10_B01BGTX_Fail4_Score(0.9496824).bmp,Low Dose Obstructing Region of Interest,L31,train
eed2a35e6c5d6738766effdde5a7bd68,/data/FMD_Data_26082026/fmd_temp_images/Updated ICube Categorical Classes 20260915/Low Dose/20260808_140330_L31_PalletGHU0808183921_Cavity14_B01BGTZ_Fail7_Score(0.9999006).bmp,Low Dose Obstructing Region of Interest,L31,train
eedb482ce36e09e13faae7df50d3864c,/data/FMD_Data_26082026/fmd_temp_images/Updated ICube Categorical Classes 20260915/Low Dose/20260809_191741_L31_PalletGHR0809235338_Cavity6_B01BGVB_Fail4_Score(0.9451382).bmp,Low Dose Obstructing Region of Interest,L31,train
eeebdeb73449c813c382edafeb0c0a7f,/data/FMD_Data_26082026/fmd_temp_images/Updated ICube Categorical Classes 20260915/Low Dose/20260813_235514_L31_PalletGHH0814043133_Cavity9_B01BGV6_Fail7_Score(0.9942102)_0.9992.bmp,Low Dose Obstructing Region of Interest,L31,train
ef58b4d30249563f651b0ad72396b491,/data/FMD_Data_26082026/fmd_temp_images/Updated ICube Categorical Classes 20260915/Low Dose/20260808_135301_L31_PalletGHO0808182854_Cavity4_B01BGTZ_Fail7_Score(0.9999881).bmp,Low Dose Obstructing Region of Interest,L31,train
ef79301ece245358fd5095ab751f18c1,/data/FMD_Data_26082026/fmd_temp_images/Updated ICube Categorical Classes 20260915/Low Dose/20260809_153038_L31_PalletGHJ0809200638_Cavity14_B01BGVB_Fail7_Score(0.999999)_0.3693.bmp,Low Dose Obstructing Region of Interest,L31,train
ef86e4d2890c17e43a63dde0749a545c,/data/FMD_Data_26082026/fmd_temp_images/Updated ICube Categorical Classes 20260915/Low Dose/20260813_113352_L31_PalletGHL0813160959_Cavity13_B01BGV4_Fail4_Score(0.9436061)_0.9985.bmp,Low Dose Obstructing Region of Interest,L31,train
efd5664f373c6ef1cb429101745f40ea,/data/FMD_Data_26082026/fmd_temp_images/Updated ICube Categorical Classes 20260915/Low Dose/20260808_133825_L31_PalletGHT0808181420_Cavity7_B01BGTZ_Fail5_Score(0.9548346).bmp,Low Dose Obstructing Region of Interest,L31,train
effb9443ca3dc0f6364f7a1b4d967a15,/data/FMD_Data_26082026/fmd_temp_images/Updated ICube Categorical Classes 20260915/Low Dose/20260808_113158_L31_PalletGHU0808160751_Cavity8_B01BGTZ_Fail7_Score(0.9999152).bmp,Low Dose Obstructing Region of Interest,L31,train
f0115d5a6c910d2072313881bd46d045,/data/FMD_Data_26082026/fmd_temp_images/Updated ICube Categorical Classes 20260915/Low Dose/20260813_195814_L31_PalletGHH0814003431_Cavity8_B01BGV5_Fail4_Score(0.9463636)_0.9955.bmp,Low Dose Obstructing Region of Interest,L31,train
f062361f821c07fb0c6f1b5b74781ad1,/data/FMD_Data_26082026/fmd_temp_images/Updated ICube Categorical Classes 20260915/Low Dose/20260813_181215_L31_PalletGHJ0813224834_Cavity8_B01BGV5_Fail7_Score(0.9923679)_0.9910.bmp,Low Dose Obstructing Region of Interest,L31,train
f0bf277b6fde35eaff9bcd810c7afe5c,/data/FMD_Data_26082026/fmd_temp_images/Updated ICube Categorical Classes 20260915/Low Dose/20260808_143327_L31_PalletGHQ0808190919_Cavity10_B01BGTZ_Fail7_Score(0.9998511).bmp,Low Dose Obstructing Region of Interest,L31,train
f0e553936d241f51058dbf49d882a067,/data/FMD_Data_26082026/fmd_temp_images/Updated ICube Categorical Classes 20260915/Low Dose/20260808_094951_L31_PalletGHU0808142542_Cavity9_B01BGTZ_Fail7_Score(0.9993702).bmp,Low Dose Obstructing Region of Interest,L31,train
f10e149ba59a617bd6e2098c807f2906,/data/FMD_Data_26082026/fmd_temp_images/Updated ICube Categorical Classes 20260915/Low Dose/20260813_092337_L31_PalletGHF0813135948_Cavity6_B01BGV4_Fail6_Score(0.9778208)_0.9997.bmp,Low Dose Obstructing Region of Interest,L31,train
f1106adb57629e9a1b3c2c5e547319a5,/data/FMD_Data_26082026/fmd_temp_images/Updated ICube Categorical Classes 20260915/Low Dose/20260808_031132_L31_PalletGHG0808074724_Cavity15_B01BGTX_Fail7_Score(0.9983971).bmp,Low Dose Obstructing Region of Interest,L31,train
f13169e35afaf16ada1146335d88db8c,/data/FMD_Data_26082026/fmd_temp_images/Updated ICube Categorical Classes 20260915/Low Dose/20260808_124551_L31_PalletGHO0808172121_Cavity6_B01BGTZ_Fail6_Score(0.9832064).bmp,Low Dose Obstructing Region of Interest,L31,train
f252e76cb99a59f1785f3a0c51b7248f,/data/FMD_Data_26082026/fmd_temp_images/Updated ICube Categorical Classes 20260915/Low Dose/20260813_094758_L31_PalletGHM0813142415_Cavity13_B01BGV4_Fail6_Score(0.9680294)_0.4671.bmp,Low Dose Obstructing Region of Interest,L31,train
f258fd2acc9f17c083c498231c24bd15,/data/FMD_Data_26082026/fmd_temp_images/Updated ICube Categorical Classes 20260915/Low Dose/20260813_092031_L31_PalletGHE0813135643_Cavity10_B01BGV4_Fail7_Score(0.9996694)_0.9998.bmp,Low Dose Obstructing Region of Interest,L31,train
f25b2e39c810e9d528111bf284c578bf,/data/FMD_Data_26082026/fmd_temp_images/Updated ICube Categorical Classes 20260915/Low Dose/20260807_103258_L31_PalletGHQ0807150843_Cavity14_B01BGV0_Fail7_Score(0.9934368).bmp,Low Dose Obstructing Region of Interest,L31,train
f291873f2fe7c3935518c413849d4120,/data/FMD_Data_26082026/fmd_temp_images/Updated ICube Categorical Classes 20260915/Low Dose/20260808_044033_L31_PalletGHU0808091621_Cavity7_B01BGTX_Fail4_Score(0.9394611).bmp,Low Dose Obstructing Region of Interest,L31,train
f2c0cbad43e8c96fa42e8ee47e86139f,/data/FMD_Data_26082026/fmd_temp_images/Updated ICube Categorical Classes 20260915/Low Dose/20260806_215613_L31_PalletGHP0807023153_Cavity5_B01BGV1_Fail7_Score(0.9958127).bmp,Low Dose Obstructing Region of Interest,L31,train
f3508392bc599c05c5e1bb7f5f4e24cb,/data/FMD_Data_26082026/fmd_temp_images/Updated ICube Categorical Classes 20260915/Low Dose/20260807_225730_L31_PalletGHP0808033318_Cavity9_B01BG28_Fail7_Score(0.9996998).bmp,Low Dose Obstructing Region of Interest,L31,train
f3542c06cfcdb13d148e67a84c771175,/data/FMD_Data_26082026/fmd_temp_images/Updated ICube Categorical Classes 20260915/Low Dose/20260808_010632_L31_PalletGHF0808054158_Cavity3_B01BG29_Fail7_Score(0.9837388).bmp,Low Dose Obstructing Region of Interest,L31,train
f3859f06e3d8be16f4fbf6cf656ac30c,/data/FMD_Data_26082026/fmd_temp_images/Updated ICube Categorical Classes 20260915/Low Dose/20260813_162006_L31_PalletGHF0813205624_Cavity6_B01BGV5_Fail3_Score(0.9320748)_0.9999.bmp,Low Dose Obstructing Region of Interest,L31,train
f3c519331e0996a10faa1e0915d48efa,/data/FMD_Data_26082026/fmd_temp_images/Updated ICube Categorical Classes 20260915/Low Dose/20260808_052028_L31_PalletGHB0808095622_Cavity14_B01BGTX_Fail7_Score(0.9903462).bmp,Low Dose Obstructing Region of Interest,L31,train
f46c52afbbdab1c84e82f1086286ec9d,/data/FMD_Data_26082026/fmd_temp_images/Updated ICube Categorical Classes 20260915/Low Dose/20260806_105804_L31_PalletGHB0806153347_Cavity7_B01BGTR_Fail7_Score(0.9890793).bmp,Low Dose Obstructing Region of Interest,L31,train
f46e685d13236e7ca633524719ca0497,/data/FMD_Data_26082026/fmd_temp_images/Updated ICube Categorical Classes 20260915/Low Dose/20260813_182858_L31_PalletGHH0813230459_Cavity3_B01BGV5_Fail6_Score(0.9813393)_0.8894.bmp,Low Dose Obstructing Region of Interest,L31,train
f46edf761dcf1a63230af4475125d3a8,/data/FMD_Data_26082026/fmd_temp_images/Updated ICube Categorical Classes 20260915/Low Dose/20260808_034120_L31_PalletGHO0808081709_Cavity12_B01BGTX_Fail7_Score(0.9973934).bmp,Low Dose Obstructing Region of Interest,L31,train
f4ca901f2d643c8beab1b027729f85c1,/data/FMD_Data_26082026/fmd_temp_images/Updated ICube Categorical Classes 20260915/Low Dose/20260808_065405_L31_PalletGHK0808112948_Cavity5_B01BGTX_Fail7_Score(0.9996271).bmp,Low Dose Obstructing Region of Interest,L31,train
f4fe9bc06b6369edf7163966f3c2460b,/data/FMD_Data_26082026/fmd_temp_images/Updated ICube Categorical Classes 20260915/Low Dose/20260808_102251_L31_PalletGHG0808145844_Cavity14_B01BGTZ_Fail6_Score(0.97658).bmp,Low Dose Obstructing Region of Interest,L31,train
f5362359e822e6bf1c01a7b269c560a0,/data/FMD_Data_26082026/fmd_temp_images/Updated ICube Categorical Classes 20260915/Low Dose/20260813_135502_L31_PalletGHQ0813183050_Cavity4_B01BGV4_Fail7_Score(0.9875733)_0.8651.bmp,Low Dose Obstructing Region of Interest,L31,train
f5483289e395fc3eb32f88cbee33b030,/data/FMD_Data_26082026/fmd_temp_images/Updated ICube Categorical Classes 20260915/Low Dose/20260808_010816_L31_PalletGHF0808054408_Cavity13_B01BG29_Fail5_Score(0.9580344).bmp,Low Dose Obstructing Region of Interest,L31,train
f554b7ebf637929c9db589c9569af358,/data/FMD_Data_26082026/fmd_temp_images/Updated ICube Categorical Classes 20260915/Low Dose/20260806_005857_L31_PalletGHP0806053438_Cavity9_B01BGTS_Fail3_Score(0.9197036).bmp,Low Dose Obstructing Region of Interest,L31,train
f58e55be6592c5e655e19173d0a620a7,/data/FMD_Data_26082026/fmd_temp_images/Updated ICube Categorical Classes 20260915/Low Dose/20260806_195041_L31_PalletGHD0807002621_Cavity10_B01BG2J_Fail7_Score(0.9907598).bmp,Low Dose Obstructing Region of Interest,L31,train
f5a8476675d0e5b0d7e4fbb4097b5baf,/data/FMD_Data_26082026/fmd_temp_images/Updated ICube Categorical Classes 20260915/Low Dose/20260808_025613_L31_PalletGHE0808073204_Cavity13_B01BGTX_Fail7_Score(0.9998392).bmp,Low Dose Obstructing Region of Interest,L31,train
f5b6b18bf16086fb759124decc8236eb,/data/FMD_Data_26082026/fmd_temp_images/Updated ICube Categorical Classes 20260915/Low Dose/20260808_164432_L31_PalletGHR0808212020_Cavity8_B01BGTZ_Fail7_Score(0.9999622).bmp,Low Dose Obstructing Region of Interest,L31,train
f655f4f6dfe553bd247f9ac374aa6829,/data/FMD_Data_26082026/fmd_temp_images/Updated ICube Categorical Classes 20260915/Low Dose/20260813_181355_L31_PalletGHB0813225014_Cavity14_B01BGV5_Fail4_Score(0.9345624)_0.9996.bmp,Low Dose Obstructing Region of Interest,L31,train
f6de0475dceddb6945535dac7f65e3a6,/data/FMD_Data_26082026/fmd_temp_images/Updated ICube Categorical Classes 20260915/Low Dose/20260808_113102_L31_PalletGHS0808160654_Cavity11_B01BGTZ_Fail5_Score(0.9641068).bmp,Low Dose Obstructing Region of Interest,L31,train
f6f5a467a61c8dc18f1800eb50e936e2,/data/FMD_Data_26082026/fmd_temp_images/Updated ICube Categorical Classes 20260915/Low Dose/20260808_025139_L31_PalletGHF0808072731_Cavity9_B01BGTX_Fail6_Score(0.9702673).bmp,Low Dose Obstructing Region of Interest,L31,train
f783b11bca5edf27a4c079e6162bb82f,/data/FMD_Data_26082026/fmd_temp_images/Updated ICube Categorical Classes 20260915/Low Dose/20260813_075415_L31_PalletGHI0813123032_Cavity11_B01BHKF_Fail7_Score(0.999991)_0.9991.bmp,Low Dose Obstructing Region of Interest,L31,train
f79b4c58fa73e89fc608d0bc291584e1,/data/FMD_Data_26082026/fmd_temp_images/Updated ICube Categorical Classes 20260915/Low Dose/20260808_010722_L31_PalletGHE0808054311_Cavity14_B01BG29_Fail3_Score(0.9244149).bmp,Low Dose Obstructing Region of Interest,L31,train
f7f9a81a61200ed95305413f9e14d573,/data/FMD_Data_26082026/fmd_temp_images/Updated ICube Categorical Classes 20260915/Low Dose/20260808_190917_L31_PalletGHQ0808234510_Cavity15_B01BGV2_Fail7_Score(0.9903225).bmp,Low Dose Obstructing Region of Interest,L31,train
f873964e71ae80057f17c38eb4f787fb,/data/FMD_Data_26082026/fmd_temp_images/Updated ICube Categorical Classes 20260915/Low Dose/20260808_194403_L31_PalletGHS0809001956_Cavity11_B01BGV2_Fail7_Score(0.9920681).bmp,Low Dose Obstructing Region of Interest,L31,train
f8ac2bb2456682f4014473111cc80799,/data/FMD_Data_26082026/fmd_temp_images/Updated ICube Categorical Classes 20260915/Low Dose/20260808_022115_L31_PalletGHO0808065705_Cavity14_B01BGTX_Fail7_Score(0.9953895).bmp,Low Dose Obstructing Region of Interest,L31,train
f94dd7e8ba2f8ecf0ded608e1b8e8dd8,/data/FMD_Data_26082026/fmd_temp_images/Updated ICube Categorical Classes 20260915/Low Dose/20260808_075712_L31_PalletGHC0808123305_Cavity15_B01BGTX_Fail6_Score(0.9670183).bmp,Low Dose Obstructing Region of Interest,L31,train
f94e01420f2917d88a452be520b57c34,/data/FMD_Data_26082026/fmd_temp_images/Updated ICube Categorical Classes 20260915/Low Dose/20260808_020328_L31_PalletGHF0808063921_Cavity4_B01BGTX_Fail7_Score(0.9978386).bmp,Low Dose Obstructing Region of Interest,L31,train
f9a1c5526102f4ccb8fdd99437632836,/data/FMD_Data_26082026/fmd_temp_images/Updated ICube Categorical Classes 20260915/Low Dose/20260806_210920_L31_PalletGHE0807014444_Cavity5_B01BGV1_Fail6_Score(0.9765615).bmp,Low Dose Obstructing Region of Interest,L31,train
f9dc0f616770ad7d8e62ada942e2b6a4,/data/FMD_Data_26082026/fmd_temp_images/Updated ICube Categorical Classes 20260915/Low Dose/20260808_054641_L31_PalletGHE0808102228_Cavity6_B01BGTX_Fail6_Score(0.9724336).bmp,Low Dose Obstructing Region of Interest,L31,train
f9e9fac341ea833de30e3a0bdd9f609d,/data/FMD_Data_26082026/fmd_temp_images/Updated ICube Categorical Classes 20260915/Low Dose/20260808_060852_L31_PalletGHF0808104446_Cavity1_B01BGTX_Fail6_Score(0.9681948).bmp,Low Dose Obstructing Region of Interest,L31,train
fabb898aa85219b28e8b5c3a0ea1ab51,/data/FMD_Data_26082026/fmd_temp_images/Updated ICube Categorical Classes 20260915/Low Dose/20260814_091629_L31_PalletGHG0814135245_Cavity9_B01BGV7_Fail4_Score(0.9369584)_0.9981.bmp,Low Dose Obstructing Region of Interest,L31,train
fb5d0981f2130a6d48c4ea545224a462,/data/FMD_Data_26082026/fmd_temp_images/Updated ICube Categorical Classes 20260915/Low Dose/20260808_101143_L31_PalletGHE0808144736_Cavity10_B01BGTZ_Fail5_Score(0.9538287).bmp,Low Dose Obstructing Region of Interest,L31,train
fbbf4c77137ea9b63e8a74c291b0a819,/data/FMD_Data_26082026/fmd_temp_images/Updated ICube Categorical Classes 20260915/Low Dose/20260808_223203_L31_PalletGHB0809030800_Cavity8_B01BGV2_Fail7_Score(0.9835745).bmp,Low Dose Obstructing Region of Interest,L31,train
fc0f7f20dfa9394107c04155c5e987e5,/data/FMD_Data_26082026/fmd_temp_images/Updated ICube Categorical Classes 20260915/Low Dose/20260808_121319_L31_PalletGHO0808164915_Cavity15_B01BGTZ_Fail7_Score(0.9998305).bmp,Low Dose Obstructing Region of Interest,L31,train
fc237aaad8268db64ed17843bc6dd99a,/data/FMD_Data_26082026/fmd_temp_images/Updated ICube Categorical Classes 20260915/Low Dose/20260808_094623_L31_PalletGHU0808142215_Cavity11_B01BGTZ_Fail5_Score(0.9637879).bmp,Low Dose Obstructing Region of Interest,L31,train
fc8b0a868a634c5089122f040a4467b2,/data/FMD_Data_26082026/fmd_temp_images/Updated ICube Categorical Classes 20260915/Low Dose/20260806_163222_L31_PalletGHJ0806210801_Cavity4_B01BGTT_Fail7_Score(0.9951672).bmp,Low Dose Obstructing Region of Interest,L31,train
fc92d028872a60790d525f4da87e3636,/data/FMD_Data_26082026/fmd_temp_images/Updated ICube Categorical Classes 20260915/Low Dose/20260813_220254_L31_PalletGHP0814023914_Cavity15_B01BGV6_Fail7_Score(0.9999913)_0.8244.bmp,Low Dose Obstructing Region of Interest,L31,train
fccf7f461b2b1673fb8d43ee3e003f7d,/data/FMD_Data_26082026/fmd_temp_images/Updated ICube Categorical Classes 20260915/Low Dose/20260813_172559_L31_PalletGHD0813220214_Cavity1_B01BGV5_Fail7_Score(0.9857318)_0.9957.bmp,Low Dose Obstructing Region of Interest,L31,train
fd202996febc0915249f4231638ea8d0,/data/FMD_Data_26082026/fmd_temp_images/Updated ICube Categorical Classes 20260915/Low Dose/20260809_184400_L31_PalletGHB0809231956_Cavity11_B01BGVB_Fail5_Score(0.9525777).bmp,Low Dose Obstructing Region of Interest,L31,train
fd25ad8ff60c57025b701ec7c45e4627,/data/FMD_Data_26082026/fmd_temp_images/Updated ICube Categorical Classes 20260915/Low Dose/20260808_201956_L31_PalletGHJ0809005554_Cavity3_B01BGV2_Fail7_Score(0.9935629).bmp,Low Dose Obstructing Region of Interest,L31,train
fd303752fa1d2377c30be39d8eb2fb89,/data/FMD_Data_26082026/fmd_temp_images/Updated ICube Categorical Classes 20260915/Low Dose/20260806_192420_L31_PalletGHB0806235959_Cavity4_B01BG2J_Fail7_Score(0.9969035).bmp,Low Dose Obstructing Region of Interest,L31,train
fdaabb5f52086d2e916ceea56271b4f9,/data/FMD_Data_26082026/fmd_temp_images/Updated ICube Categorical Classes 20260915/Low Dose/20260814_041453_L31_PalletGHL0814085117_Cavity4_B01BGV7_Fail7_Score(0.994985)_0.9978.bmp,Low Dose Obstructing Region of Interest,L31,train
fdaf6c6deab7c3462057bcb5950404df,/data/FMD_Data_26082026/fmd_temp_images/Updated ICube Categorical Classes 20260915/Low Dose/20260808_030755_L31_PalletGHE0808074345_Cavity13_B01BGTX_Fail7_Score(0.9969476).bmp,Low Dose Obstructing Region of Interest,L31,train
fde23cc8f1a24b48488ec3cf44ab118e,/data/FMD_Data_26082026/fmd_temp_images/Updated ICube Categorical Classes 20260915/Low Dose/20260806_114547_L31_PalletGHN0806162126_Cavity5_B01BGTR_Fail3_Score(0.9278946).bmp,Low Dose Obstructing Region of Interest,L31,train
fe067319834616dcbd4d470836af1b8d,/data/FMD_Data_26082026/fmd_temp_images/Updated ICube Categorical Classes 20260915/Low Dose/20260813_171712_L31_PalletGHI0813215331_Cavity6_B01BGV5_Fail7_Score(0.9952013)_0.9732.bmp,Low Dose Obstructing Region of Interest,L31,train
fe2e0949690fa38408b2a28793846082,/data/FMD_Data_26082026/fmd_temp_images/Updated ICube Categorical Classes 20260915/Low Dose/20260808_112655_L31_PalletGHF0808160212_Cavity6_B01BGTZ_Fail7_Score(0.9949231).bmp,Low Dose Obstructing Region of Interest,L31,train
fef1c86a76cfbfe50898a9060a90eda4,/data/FMD_Data_26082026/fmd_temp_images/Updated ICube Categorical Classes 20260915/Low Dose/20260808_160957_L31_PalletGHE0808204552_Cavity5_B01BGTZ_Fail7_Score(0.9999968)_0.4734.bmp,Low Dose Obstructing Region of Interest,L31,train
ff1a21e7ab3246c3dd26d2e702b2a140,/data/FMD_Data_26082026/fmd_temp_images/Updated ICube Categorical Classes 20260915/Low Dose/20260813_180236_L31_PalletGHF0813223730_Cavity5_B01BGV5_Fail7_Score(0.9999909)_0.9995.bmp,Low Dose Obstructing Region of Interest,L31,train
ff2971d3ed96b8e7e926257e6abb801e,/data/FMD_Data_26082026/fmd_temp_images/Updated ICube Categorical Classes 20260915/Low Dose/20260808_230450_L31_PalletGHU0809034042_Cavity13_B01BGV2_Fail7_Score(0.9999928).bmp,Low Dose Obstructing Region of Interest,L31,train
ff522bf838c5b1c574d84a8bf49d7457,/data/FMD_Data_26082026/fmd_temp_images/Updated ICube Categorical Classes 20260915/Low Dose/20260814_063442_L31_PalletGHE0814111056_Cavity10_B01BGV7_Fail5_Score(0.950695)_0.9998.bmp,Low Dose Obstructing Region of Interest,L31,train
ff6374b3b2d7cdcb308bc83efa1e5be9,/data/FMD_Data_26082026/fmd_temp_images/Updated ICube Categorical Classes 20260915/Low Dose/20260808_064303_L31_PalletGHR0808111853_Cavity14_B01BGTX_Fail7_Score(0.9982144).bmp,Low Dose Obstructing Region of Interest,L31,train
0828e798960adc34f22d9d89762cacc0,/data/FMD_Data_26082026/fmd_temp_images/Updated ICube Categorical Classes 20260915/Missing Lens/20260822_003230_L31_PalletGHQ0822050644_Cavity6_B01BK8K_Fail7_Score(0.9999998).bmp,Missing Lens,L31,test
11f6d61d4fb5db5620fc926141a440ec,/data/FMD_Data_26082026/fmd_temp_images/Updated ICube Categorical Classes 20260915/Missing Lens/20260825_092235_L31_PalletGHT0825135749_Cavity12_B01BK8X_Fail4_Score(0.9473972).bmp,Missing Lens,L31,test
1612d6199ad62dfcf5dd020f6653cdba,/data/FMD_Data_26082026/fmd_temp_images/ICube Defects Library/Missing Lens/20260806_174423_L31_PalletGHC0806221830_Cavity15_B01BGTT_Fail7_Score(1).bmp,Missing Lens,L31,test
169b023aff44f4d1d5cadf84cef38fe2,/data/FMD_Data_26082026/fmd_temp_images/Updated ICube Categorical Classes 20260915/Missing Lens/20260808_175320_L31_PalletGHJ0808222628_Cavity15_B01BGV2_Fail6_Score(0.9717956).bmp,Missing Lens,L31,test
22ddfd63412584d590aecbb085d867e3,/data/FMD_Data_26082026/fmd_temp_images/Updated ICube Categorical Classes 20260915/Missing Lens/20260905_173229_L31_PalletGHG0905220435_Cavity15_B01BM8R_Fail7_Score(0.9999994).bmp,Missing Lens,L31,test
3a4f375e56ffdcdc5ee51cc842909e36,/data/FMD_Data_26082026/fmd_temp_images/Updated ICube Categorical Classes 20260915/Missing Lens/20260905_173229_L31_PalletGHG0905220435_Cavity3_B01BM8R_Fail7_Score(0.9858751).bmp,Missing Lens,L31,test
4bb27b96475a3088c41252c8bc79026f,/data/FMD_Data_26082026/fmd_temp_images/Updated ICube Categorical Classes 20260915/Missing Lens/20260905_173229_L31_PalletGHG0905220435_Cavity6_B01BM8R_Fail6_Score(0.9742289).bmp,Missing Lens,L31,test
5bf845cc1bf6a7744f97eabfb3ff7902,/data/FMD_Data_26082026/fmd_temp_images/Updated ICube Categorical Classes 20260915/Missing Lens/20260819_031756_L31_PalletGHO0819074928_Cavity8_B01BHQD_Fail7_Score(0.9999581).bmp,Missing Lens,L31,test
64d18af7bbc7b82b2d4ab52b75b42fd2,/data/FMD_Data_26082026/fmd_temp_images/Updated ICube Categorical Classes 20260915/Missing Lens/20260821_222144_L31_PalletGHF0822025630_Cavity14_B01BK8K_Fail3_Score(0.9175668).bmp,Missing Lens,L31,test
86892ed6cb5b161489faf1368691216e,/data/FMD_Data_26082026/fmd_temp_images/Updated ICube Categorical Classes 20260915/Missing Lens/20260822_003230_L31_PalletGHQ0822050644_Cavity14_B01BK8K_Fail7_Score(0.9999999).bmp,Missing Lens,L31,test
96a67a17119895cf0e87dcc22ff74b3c,/data/FMD_Data_26082026/fmd_temp_images/Updated ICube Categorical Classes 20260915/Missing Lens/20260822_003230_L31_PalletGHQ0822050644_Cavity2_B01BK8K_Fail7_Score(0.9999996).bmp,Missing Lens,L31,test
9c741c7864a3473fc1ef3ac5b3973698,/data/FMD_Data_26082026/fmd_temp_images/Updated ICube Categorical Classes 20260915/Missing Lens/20260806_174847_L31_PalletGHD0806222253_Cavity9_B01BGTT_Fail3_Score(0.9250723).bmp,Missing Lens,L31,test
b7ac34b963b2e386a14231d096f4da04,/data/FMD_Data_26082026/fmd_temp_images/Updated ICube Categorical Classes 20260915/Missing Lens/20260813_173800_L31_PalletGHC0813220714_Cavity15_B01BGV5_Fail2_Score(0.9153662).bmp,Missing Lens,L31,test
e174773cc1b003dcc110f1a4c7f972e9,/data/FMD_Data_26082026/fmd_temp_images/Updated ICube Categorical Classes 20260915/Missing Lens/20260825_083148_L31_PalletGHK0825130630_Cavity14_B01BK8X_Fail7_Score(0.9999053).bmp,Missing Lens,L31,test
f0d425eb06ac3cd89b628e2621c25fce,/data/FMD_Data_26082026/fmd_temp_images/Updated ICube Categorical Classes 20260915/Missing Lens/20260822_003230_L31_PalletGHQ0822050644_Cavity10_B01BK8K_Fail7_Score(0.9999982).bmp,Missing Lens,L31,test
00e761599e0209e2fba919dc08003e84,/data/FMD_Data_26082026/fmd_temp_images/Updated ICube Categorical Classes 20260915/Missing Lens/20260824_092823_L31_PalletGHT0824140303_Cavity5_B01BK8V_Fail7_Score(0.9989753).bmp,Missing Lens,L31,train
0475e94c4e1d702ce19afcf2b4172704,/data/FMD_Data_26082026/fmd_temp_images/Updated ICube Categorical Classes 20260915/Missing Lens/20260818_180010_L31_PalletGHE0818223516_Cavity15_B01BHQK_Fail7_Score(0.9999993).bmp,Missing Lens,L31,train
1576522d7de00da932d9731035543a4d,/data/FMD_Data_26082026/fmd_temp_images/Updated ICube Categorical Classes 20260915/Missing Lens/20260825_215859_L31_PalletGHI0826023316_Cavity10_B01BK9K_Fail7_Score(0.9994531).bmp,Missing Lens,L31,train
1c920d78e83050ee50af240274d25640,/data/FMD_Data_26082026/fmd_temp_images/ICube Defects Library/Missing Lens/20260806_174847_L31_PalletGHD0806222253_Cavity2_B01BGTT_Fail7_Score(1).bmp,Missing Lens,L31,train
1d403dd0d5d1ee7c620b4bbf8f8de305,/data/FMD_Data_26082026/fmd_temp_images/Updated ICube Categorical Classes 20260915/Missing Lens/20260806_090430_L31_PalletGHS0806133838_Cavity14_B01BGTR_Fail7_Score(0.9998633).bmp,Missing Lens,L31,train
35f18e220935be71d01d65e74ef0ae58,/data/FMD_Data_26082026/fmd_temp_images/Updated ICube Categorical Classes 20260915/Missing Lens/20260814_022925_L31_PalletGHO0814070441_Cavity2_B01BGV7_Fail6_Score(0.9747446).bmp,Missing Lens,L31,train
3f2da58e383cb6164445701e95d451c4,/data/FMD_Data_26082026/fmd_temp_images/Updated ICube Categorical Classes 20260915/Missing Lens/20260824_092823_L31_PalletGHT0824140303_Cavity3_B01BK8V_Fail7_Score(0.9999334).bmp,Missing Lens,L31,train
3f701b813db608ba9f9ed71ae21134a4,/data/FMD_Data_26082026/fmd_temp_images/Updated ICube Categorical Classes 20260915/Missing Lens/20260905_173229_L31_PalletGHG0905220435_Cavity12_B01BM8R_Fail7_Score(0.9999948).bmp,Missing Lens,L31,train
4b0b813438ae4adf2d3c4fc5698baff0,/data/FMD_Data_26082026/fmd_temp_images/ICube Defects Library/Missing Lens/20260806_073850_L31_PalletGHB0806120959_Cavity1_B01BGTR_Fail7_Score(0.9999999).bmp,Missing Lens,L31,train
54ac8f1adcf432de9ba9a859d3bbdbac,/data/FMD_Data_26082026/fmd_temp_images/Updated ICube Categorical Classes 20260915/Missing Lens/20260902_071029_L31_PalletGHN0902114630_Cavity2_B01BM8Q_Fail7_Score(0.9996794).bmp,Missing Lens,L31,train
55400d7efb72ef5a8b7b3d9a694f0545,/data/FMD_Data_26082026/fmd_temp_images/Updated ICube Categorical Classes 20260915/Missing Lens/20260824_094748_L31_PalletGHT0824142312_Cavity9_B01BK8V_Fail7_Score(0.9998886).bmp,Missing Lens,L31,train
5a8eba41b91e9e9353b06618dc7136c5,/data/FMD_Data_26082026/fmd_temp_images/Updated ICube Categorical Classes 20260915/Missing Lens/20260821_200541_L31_PalletGHO0822004033_Cavity9_B01BK8K_Fail7_Score(0.9994346).bmp,Missing Lens,L31,train
5bd6bfd882b651351d905475b40b149f,/data/FMD_Data_26082026/fmd_temp_images/ICube Defects Library/Missing Lens/20260806_173806_L31_PalletGHQ0806221225_Cavity13_B01BGTT_Fail7_Score(0.9998537).bmp,Missing Lens,L31,train
65dae8c92f67d5d65baf80e7f2a15287,/data/FMD_Data_26082026/fmd_temp_images/Updated ICube Categorical Classes 20260915/Missing Lens/20260908_160645_L31_PalletGHH0908203754_Cavity10_B01BM7K_Fail7_Score(0.9999966).bmp,Missing Lens,L31,train
689fafee9fe0447bf9f01db33e411067,/data/FMD_Data_26082026/fmd_temp_images/ICube Defects Library/Missing Lens/20260806_174423_L31_PalletGHC0806221830_Cavity10_B01BGTT_Fail7_Score(1).bmp,Missing Lens,L31,train
73c672812dc36540327553e157db455c,/data/FMD_Data_26082026/fmd_temp_images/Updated ICube Categorical Classes 20260915/Missing Lens/20260813_104629_L31_PalletGHE0813152124_Cavity15_B01BGV4_Fail7_Score(0.9998122).bmp,Missing Lens,L31,train
7c0c7da130abbb63d2ccd96710038a6f,/data/FMD_Data_26082026/fmd_temp_images/Updated ICube Categorical Classes 20260915/Missing Lens/20260813_093950_L31_PalletGHM0813141401_Cavity15_B01BGV4_Fail7_Score(0.9963893).bmp,Missing Lens,L31,train
7ef79aacbe57718a9235bd64c9f801c3,/data/FMD_Data_26082026/fmd_temp_images/ICube Defects Library/Missing Lens/20260806_173806_L31_PalletGHQ0806221225_Cavity7_B01BGTT_Fail7_Score(0.9999995).bmp,Missing Lens,L31,train
8274c8cf81c05ca770b6b6b600948e42,/data/FMD_Data_26082026/fmd_temp_images/Updated ICube Categorical Classes 20260915/Missing Lens/20260824_094748_L31_PalletGHT0824142312_Cavity5_B01BK8V_Fail7_Score(0.9967186).bmp,Missing Lens,L31,train
8ff737757128d00b834b89ad9a59e785,/data/FMD_Data_26082026/fmd_temp_images/Updated ICube Categorical Classes 20260915/Missing Lens/20260824_094748_L31_PalletGHT0824142312_Cavity7_B01BK8V_Fail4_Score(0.9348058).bmp,Missing Lens,L31,train
982e0e0997d6e4600749941af6c2fe26,/data/FMD_Data_26082026/fmd_temp_images/Updated ICube Categorical Classes 20260915/Missing Lens/20260824_092823_L31_PalletGHT0824140303_Cavity7_B01BK8V_Fail7_Score(0.9999967).bmp,Missing Lens,L31,train
9fc558d1b6314cd628a99d06860bcec2,/data/FMD_Data_26082026/fmd_temp_images/Updated ICube Categorical Classes 20260915/Missing Lens/20260821_181459_L31_PalletGHG0821224959_Cavity9_B01BK8K_Fail6_Score(0.9723569).bmp,Missing Lens,L31,train
a6d5c0331950e87ff77f6d93c9e62f0f,/data/FMD_Data_26082026/fmd_temp_images/Updated ICube Categorical Classes 20260915/Missing Lens/20260824_092823_L31_PalletGHT0824140303_Cavity1_B01BK8V_Fail7_Score(0.9978101).bmp,Missing Lens,L31,train
a8b57cb99f0c01f72a3d3416fb19e9f0,/data/FMD_Data_26082026/fmd_temp_images/Updated ICube Categorical Classes 20260915/Missing Lens/20260824_095405_L31_PalletGHF0824142931_Cavity11_B01BK8V_Fail3_Score(0.9243791).bmp,Missing Lens,L31,train
afae32d9a43a03002988c7eaa7842afa,/data/FMD_Data_26082026/fmd_temp_images/ICube Defects Library/Missing Lens/20260806_174847_L31_PalletGHD0806222253_Cavity14_B01BGTT_Fail7_Score(0.999985).bmp,Missing Lens,L31,train
b6ccefa13d606d1fbc5c524a8da289ac,/data/FMD_Data_26082026/fmd_temp_images/Updated ICube Categorical Classes 20260915/Missing Lens/20260825_083148_L31_PalletGHK0825130630_Cavity9_B01BK8X_Fail7_Score(0.9903972).bmp,Missing Lens,L31,train
b8f44a0af44c24155cf0534aa2a396ae,/data/FMD_Data_26082026/fmd_temp_images/Updated ICube Categorical Classes 20260915/Missing Lens/20260905_052902_L31_PalletGHD0905100218_Cavity15_B01BM8L_Fail7_Score(0.9999744).bmp,Missing Lens,L31,train
c580ccd922e818f094c00063195cf63e,/data/FMD_Data_26082026/fmd_temp_images/Updated ICube Categorical Classes 20260915/Missing Lens/20260831_124324_L31_PalletGHI0831171841_Cavity12_B01BM0S_Fail7_Score(0.9969417).bmp,Missing Lens,L31,train
c9af0de4950c89e5cdfb46d4a2a4cc5e,/data/FMD_Data_26082026/fmd_temp_images/Updated ICube Categorical Classes 20260915/Missing Lens/20260820_071405_L31_PalletGHD0820114820_Cavity14_B01BK90_Fail7_Score(0.9999632).bmp,Missing Lens,L31,train
d28713430b8d39cef80b5f14501765bc,/data/FMD_Data_26082026/fmd_temp_images/Updated ICube Categorical Classes 20260915/Missing Lens/20260909_085447_L31_PalletGHD0909133004_Cavity1_B01BM55_Fail7_Score(0.9992799).bmp,Missing Lens,L31,train
d749ee94dc3db4787808dbc106b677e6,/data/FMD_Data_26082026/fmd_temp_images/ICube Defects Library/Missing Lens/20260806_051340_L31_PalletGHH0806094729_Cavity14_B01BGTR_Fail7_Score(0.999975).bmp,Missing Lens,L31,train
eb96c37fd27b2f799c9e683916358cbb,/data/FMD_Data_26082026/fmd_temp_images/Updated ICube Categorical Classes 20260915/Missing Lens/20260813_112626_L31_PalletGHK0813160048_Cavity1_B01BGV4_Fail7_Score(0.9995135).bmp,Missing Lens,L31,train
ef1469e2af21d0580db3dfd3ab73ac0a,/data/FMD_Data_26082026/fmd_temp_images/Updated ICube Categorical Classes 20260915/Missing Lens/20260824_095405_L31_PalletGHF0824142931_Cavity7_B01BK8V_Fail4_Score(0.9368719).bmp,Missing Lens,L31,train
f1671503898a387b4ccb1d209343d75a,/data/FMD_Data_26082026/fmd_temp_images/Updated ICube Categorical Classes 20260915/Missing Lens/20260821_201714_L31_PalletGHQ0822005055_Cavity15_B01BK8K_Fail2_Score(0.9032701).bmp,Missing Lens,L31,train
f5870be28f319eaca342d7b0d0b49d1b,/data/FMD_Data_26082026/fmd_temp_images/Updated ICube Categorical Classes 20260915/Missing Lens/20260901_180122_L31_PalletGHU0901223335_Cavity15_B01BKV9_Fail7_Score(0.9987866).bmp,Missing Lens,L31,train
f819e476e9d3b1b8a775bd81772686d9,/data/FMD_Data_26082026/fmd_temp_images/Updated ICube Categorical Classes 20260915/Missing Lens/20260822_012342_L31_PalletGHL0822055837_Cavity3_B01BK8K_Fail7_Score(0.9894471).bmp,Missing Lens,L31,train
04a2c97621221e811d39ef0bc2dccb99,/data/FMD_Data_26082026/fmd_temp_images/Updated ICube Categorical Classes 20260915/Missing Primary Package/20260807_231352_L31_PalletGHJ0808034942_Cavity8_B01BG28_Fail5_Score(0.9520407).bmp,Missing Primary Package,L31,test
0c71e771571b47de52229b38b6f696b9,/data/FMD_Data_26082026/fmd_temp_images/Updated ICube Categorical Classes 20260915/Missing Primary Package/20260908_102319_L31_PalletGHJ0908145944_Cavity2_B01BM7H_Fail4_Score(0.9402804).bmp,Missing Primary Package,L31,test
1d63dec44cee8f5fa7972f9fbf142685,/data/FMD_Data_26082026/fmd_temp_images/Updated ICube Categorical Classes 20260915/Missing Primary Package/20260904_075458_L31_PalletGHU0904123102_Cavity4_B01BKVK_Fail7_Score(0.9970795).bmp,Missing Primary Package,L31,test
1f26870e959515d85bccc31c54a12bc9,/data/FMD_Data_26082026/fmd_temp_images/Updated ICube Categorical Classes 20260915/Missing Primary Package/20260905_003510_L31_PalletGHR0905051122_Cavity5_B01BM8L_Fail7_Score(0.9925693).bmp,Missing Primary Package,L31,test
1f4965bd2db809c2554c4a04eac66bb5,/data/FMD_Data_26082026/fmd_temp_images/Updated ICube Categorical Classes 20260915/Missing Primary Package/20260907_093912_L31_PalletGHI0907141403_Cavity6_B01BM8S_Fail7_Score(0.990422).bmp,Missing Primary Package,L31,test
221f8db432e7e023848a28778c3e2657,/data/FMD_Data_26082026/fmd_temp_images/Updated ICube Categorical Classes 20260915/Missing Primary Package/20260831_005028_L31_PalletGHI0831052716_Cavity9_B01BKV8_Fail7_Score(0.9934663).bmp,Missing Primary Package,L31,test
252e63ff3d774c30531834a9ab6a464e,/data/FMD_Data_26082026/fmd_temp_images/Updated ICube Categorical Classes 20260915/Missing Primary Package/20260831_014409_L31_PalletGHR0831062003_Cavity6_B01BKV8_Fail7_Score(0.9933984).bmp,Missing Primary Package,L31,test
27adcf3728a102dfdfe4486bc50e6bee,/data/FMD_Data_26082026/fmd_temp_images/Updated ICube Categorical Classes 20260915/Missing Primary Package/20260821_091824_L31_PalletGHH0821135208_Cavity6_B01BK84_Fail7_Score(0.9985363).bmp,Missing Primary Package,L31,test
2d15a860de58042e0816ced9053307e8,/data/FMD_Data_26082026/fmd_temp_images/Updated ICube Categorical Classes 20260915/Missing Primary Package/20260808_045906_L31_PalletGHQ0808093359_Cavity5_B01BGTX_Fail6_Score(0.9771662).bmp,Missing Primary Package,L31,test
39427af160e92794d8c2ef2e052c7587,/data/FMD_Data_26082026/fmd_temp_images/Updated ICube Categorical Classes 20260915/Missing Primary Package/20260826_031042_L31_PalletGHM0826074702_Cavity5_B01BK9K_Fail5_Score(0.9655462).bmp,Missing Primary Package,L31,test
3c8bae59143ed63202167f40e7c0897a,/data/FMD_Data_26082026/fmd_temp_images/Updated ICube Categorical Classes 20260915/Missing Primary Package/20260905_211223_L31_PalletGHL0906014756_Cavity14_B01BM8R_Fail6_Score(0.9818879).bmp,Missing Primary Package,L31,test
4232a85b391a083aab27be0795827064,/data/FMD_Data_26082026/fmd_temp_images/Updated ICube Categorical Classes 20260915/Missing Primary Package/20260904_012823_L31_PalletGHH0904055903_Cavity6_B01BKVH_Fail4_Score(0.9391068).bmp,Missing Primary Package,L31,test
4bdc621169cd343f40cbb8999cea88cb,/data/FMD_Data_26082026/fmd_temp_images/Updated ICube Categorical Classes 20260915/Missing Primary Package/20260908_102320_L31_PalletGHJ0908145944_Cavity3_B01BM7H_Fail7_Score(0.9996707).bmp,Missing Primary Package,L31,test
5ceef65d838353455a051007262cfa4c,/data/FMD_Data_26082026/fmd_temp_images/Updated ICube Categorical Classes 20260915/Missing Primary Package/20260908_102320_L31_PalletGHJ0908145944_Cavity10_B01BM7H_Fail6_Score(0.9810403).bmp,Missing Primary Package,L31,test
672dd2943ee32dab06f764901a4932e9,/data/FMD_Data_26082026/fmd_temp_images/Updated ICube Categorical Classes 20260915/Missing Primary Package/20260808_072643_L31_PalletGHN0808120235_Cavity5_B01BGTX_Fail5_Score(0.961926).bmp,Missing Primary Package,L31,test
819ca85f388a6a77cfb66a6a26d85e01,/data/FMD_Data_26082026/fmd_temp_images/Updated ICube Categorical Classes 20260915/Missing Primary Package/20260831_014409_L31_PalletGHR0831062003_Cavity8_B01BKV8_Fail5_Score(0.9635593).bmp,Missing Primary Package,L31,test
9000a14e05d31cff661b74e5a3e47239,/data/FMD_Data_26082026/fmd_temp_images/ICube Defects Library/Missing Primary Package/20260806_072350_L31_PalletGHL0806115618_Cavity6_B01BGTR_Fail7_Score(0.9847848).bmp,Missing Primary Package,L31,test
904a70d9b49926da552e28501f2c0c5c,/data/FMD_Data_26082026/fmd_temp_images/Updated ICube Categorical Classes 20260915/Missing Primary Package/20260901_213025_L31_PalletGHR0902020622_Cavity15_B01BKVC_Fail5_Score(0.9560738).bmp,Missing Primary Package,L31,test
95fd1df4a2496ed76228a1f191045f0b,/data/FMD_Data_26082026/fmd_temp_images/ICube Defects Library/Missing Primary Package/20260805_105834_L31_PalletGHC0805153307_Cavity6_B01BGTV_Fail7_Score(0.9966197).bmp,Missing Primary Package,L31,test
aefc75aa06a63e390d2a329f0f622a8f,/data/FMD_Data_26082026/fmd_temp_images/Updated ICube Categorical Classes 20260915/Missing Primary Package/20260908_102313_L31_PalletGHH0908145939_Cavity3_B01BM7H_Fail3_Score(0.9264445).bmp,Missing Primary Package,L31,test
df32fd9bf61261c469f9f9c5ca18ea8c,/data/FMD_Data_26082026/fmd_temp_images/Updated ICube Categorical Classes 20260915/Missing Primary Package/20260825_231456_L31_PalletGHM0826034840_Cavity5_B01BK9K_Fail2_Score(0.9106292).bmp,Missing Primary Package,L31,test
fe22988fa6682bce58a19bd9b0652019,/data/FMD_Data_26082026/fmd_temp_images/Updated ICube Categorical Classes 20260915/Missing Primary Package/20260814_151116_L31_PalletGHD0814194729_Cavity6_B01BHK8_Fail4_Score(0.9406629).bmp,Missing Primary Package,L31,test
02c714dddefb92131f6aa2351a84841e,/data/FMD_Data_26082026/fmd_temp_images/Updated ICube Categorical Classes 20260915/Missing Primary Package/20260830_185114_L31_PalletGHL0830232803_Cavity9_B01BKSH_Fail5_Score(0.9597651).bmp,Missing Primary Package,L31,train
09e41991f8a0548abfd75194c6f2cf13,/data/FMD_Data_26082026/fmd_temp_images/Updated ICube Categorical Classes 20260915/Missing Primary Package/20260818_082032_L31_PalletGHM0818125616_Cavity2_B01BJPZ_Fail7_Score(0.9860896).bmp,Missing Primary Package,L31,train
0ae45f56073106ff076a17b0d4f847cc,/data/FMD_Data_26082026/fmd_temp_images/Updated ICube Categorical Classes 20260915/Missing Primary Package/20260807_053253_L31_PalletGHH0807100722_Cavity11_B01BGV0_Fail4_Score(0.934517).bmp,Missing Primary Package,L31,train
11b75f6e4313fc3893275531f49af503,/data/FMD_Data_26082026/fmd_temp_images/Updated ICube Categorical Classes 20260915/Missing Primary Package/20260905_032445_L31_PalletGHJ0905080048_Cavity3_B01BM8L_Fail4_Score(0.9338328).bmp,Missing Primary Package,L31,train
11fb6e964c8355a4db817309c606fe70,/data/FMD_Data_26082026/fmd_temp_images/Updated ICube Categorical Classes 20260915/Missing Primary Package/20260904_144658_L31_PalletGHD0904192159_Cavity12_B01BM8K_Fail6_Score(0.9733014).bmp,Missing Primary Package,L31,train
1cd40de942e606bd5a492974932aad29,/data/FMD_Data_26082026/fmd_temp_images/Updated ICube Categorical Classes 20260915/Missing Primary Package/20260828_075023_L31_PalletGHA0828122650_Cavity1_B01BKVM_Fail2_Score(0.9065852).bmp,Missing Primary Package,L31,train
33e9e4c5c2b676ccd6967b1f6471b0d0,/data/FMD_Data_26082026/fmd_temp_images/Updated ICube Categorical Classes 20260915/Missing Primary Package/20260808_102326_L31_PalletGHA0808145920_Cavity2_B01BGTZ_Fail5_Score(0.955101).bmp,Missing Primary Package,L31,train
3b34e752d6cba532c95e5bcf429a0fe1,/data/FMD_Data_26082026/fmd_temp_images/Updated ICube Categorical Classes 20260915/Missing Primary Package/20260908_065617_L31_PalletGHH0908113242_Cavity5_B01BK83_Fail5_Score(0.9553275).bmp,Missing Primary Package,L31,train
3becb6dd26dcb1cfbd1365765a234c8a,/data/FMD_Data_26082026/fmd_temp_images/Updated ICube Categorical Classes 20260915/Missing Primary Package/20260830_154822_L31_PalletGHI0830202335_Cavity10_B01BKSK_Fail5_Score(0.9623402).bmp,Missing Primary Package,L31,train
3d14df015d2366c112308a03ee6588a8,/data/FMD_Data_26082026/fmd_temp_images/Updated ICube Categorical Classes 20260915/Missing Primary Package/20260813_140411_L31_PalletGHC0813183919_Cavity6_B01BGV4_Fail5_Score(0.9610322).bmp,Missing Primary Package,L31,train
46b7b37368e206fd55a5a82bc1ba36a7,/data/FMD_Data_26082026/fmd_temp_images/Updated ICube Categorical Classes 20260915/Missing Primary Package/20260831_005028_L31_PalletGHI0831052716_Cavity8_B01BKV8_Fail7_Score(0.9944234).bmp,Missing Primary Package,L31,train
4ec88373edea34919c02720ec4bfb62f,/data/FMD_Data_26082026/fmd_temp_images/Updated ICube Categorical Classes 20260915/Missing Primary Package/20260810_101312_L31_PalletGHO0810144718_Cavity12_B01BHK4_Fail4_Score(0.9403393).bmp,Missing Primary Package,L31,train
51a88631dd820afab5eac779e56a1273,/data/FMD_Data_26082026/fmd_temp_images/Updated ICube Categorical Classes 20260915/Missing Primary Package/20260908_102827_L31_PalletGHT0908150412_Cavity12_B01BM7H_Fail4_Score(0.9488271).bmp,Missing Primary Package,L31,train
523e1cebe9610242305ed7dc73a61807,/data/FMD_Data_26082026/fmd_temp_images/Updated ICube Categorical Classes 20260915/Missing Primary Package/20260908_102319_L31_PalletGHJ0908145944_Cavity1_B01BM7H_Fail4_Score(0.9338696).bmp,Missing Primary Package,L31,train
53cd029ba29da2200dbffce5de79888b,/data/FMD_Data_26082026/fmd_temp_images/Updated ICube Categorical Classes 20260915/Missing Primary Package/20260808_210341_L31_PalletGHN0809013858_Cavity5_B01BGV2_Fail6_Score(0.9686346).bmp,Missing Primary Package,L31,train
5419ea83088aa3a439cceecd55c63021,/data/FMD_Data_26082026/fmd_temp_images/Updated ICube Categorical Classes 20260915/Missing Primary Package/20260905_100006_L31_PalletGHQ0905143617_Cavity4_B01BM8N_Fail7_Score(0.9995797).bmp,Missing Primary Package,L31,train
55cb4c5635390b14a3cbb4e31594b394,/data/FMD_Data_26082026/fmd_temp_images/Updated ICube Categorical Classes 20260915/Missing Primary Package/20260830_073731_L31_PalletGHA0830121337_Cavity6_B01BKSG_Fail6_Score(0.9666876).bmp,Missing Primary Package,L31,train
56bd95a9d1b3197f278c41c7be85b376,/data/FMD_Data_26082026/fmd_temp_images/Updated ICube Categorical Classes 20260915/Missing Primary Package/20260907_033350_L31_PalletGHK0907081000_Cavity5_B01BNGN_Fail5_Score(0.9559435).bmp,Missing Primary Package,L31,train
5e0b3854d4709e51a5a0d7c58dbf544c,/data/FMD_Data_26082026/fmd_temp_images/ICube Defects Library/Missing Primary Package/20260806_091348_L31_PalletGHR0806134926_Cavity6_B01BGTR_Fail7_Score(0.99931).bmp,Missing Primary Package,L31,train
60a8757ded444cfb21b3d6a279a58a18,/data/FMD_Data_26082026/fmd_temp_images/Updated ICube Categorical Classes 20260915/Missing Primary Package/20260808_120403_L31_PalletGHF0808163953_Cavity15_B01BGTZ_Fail6_Score(0.9704325).bmp,Missing Primary Package,L31,train
60af5d5633bc95713f42e1a5419e4af5,/data/FMD_Data_26082026/fmd_temp_images/Updated ICube Categorical Classes 20260915/Missing Primary Package/20260830_173917_L31_PalletGHO0830221606_Cavity8_B01BKSK_Fail3_Score(0.9285223).bmp,Missing Primary Package,L31,train
61a134e6400bbeb17aa61e1db38b2d09,/data/FMD_Data_26082026/fmd_temp_images/Updated ICube Categorical Classes 20260915/Missing Primary Package/20260813_232756_L31_PalletGHO0814040421_Cavity6_B01BGV6_Fail7_Score(0.9942581).bmp,Missing Primary Package,L31,train
636ef3168386795fcce25a61755141f8,/data/FMD_Data_26082026/fmd_temp_images/Updated ICube Categorical Classes 20260915/Missing Primary Package/20260810_101312_L31_PalletGHO0810144718_Cavity8_B01BHK4_Fail3_Score(0.9212398).bmp,Missing Primary Package,L31,train
65666956f01fb991ad5351c129b54267,/data/FMD_Data_26082026/fmd_temp_images/Updated ICube Categorical Classes 20260915/Missing Primary Package/20260822_085028_L31_PalletGHK0822132322_Cavity3_B01BK8J_Fail3_Score(0.9201521).bmp,Missing Primary Package,L31,train
66b79f802896d5b56858c470a3a9dc70,/data/FMD_Data_26082026/fmd_temp_images/Updated ICube Categorical Classes 20260915/Missing Primary Package/20260831_014409_L31_PalletGHR0831062003_Cavity9_B01BKV8_Fail7_Score(0.9989747).bmp,Missing Primary Package,L31,train
7492ca2d63dc8fd8b8458d4cab5e0083,/data/FMD_Data_26082026/fmd_temp_images/Updated ICube Categorical Classes 20260915/Missing Primary Package/20260904_195913_L31_PalletGHR0905003526_Cavity3_B01BM5B_Fail3_Score(0.9273765).bmp,Missing Primary Package,L31,train
8144dadb8f0dc49ceec35332b180ca31,/data/FMD_Data_26082026/fmd_temp_images/Updated ICube Categorical Classes 20260915/Missing Primary Package/20260901_015211_L31_PalletGHD0901062900_Cavity5_B01BM19_Fail2_Score(0.9082328).bmp,Missing Primary Package,L31,train
83087dc3739a01698cfa8b3bd13efb8d,/data/FMD_Data_26082026/fmd_temp_images/Updated ICube Categorical Classes 20260915/Missing Primary Package/20260904_192954_L31_PalletGHL0905000603_Cavity11_B01BM5B_Fail6_Score(0.9828819).bmp,Missing Primary Package,L31,train
8a39508273e7035bc14ad63cac3b4614,/data/FMD_Data_26082026/fmd_temp_images/Updated ICube Categorical Classes 20260915/Missing Primary Package/20260908_102320_L31_PalletGHJ0908145944_Cavity12_B01BM7H_Fail7_Score(0.9886454).bmp,Missing Primary Package,L31,train
8b5c1170411ba922dd1fc17e681a6406,/data/FMD_Data_26082026/fmd_temp_images/Updated ICube Categorical Classes 20260915/Missing Primary Package/20260830_185114_L31_PalletGHL0830232803_Cavity8_B01BKSH_Fail2_Score(0.9076695).bmp,Missing Primary Package,L31,train
90090d2756fa87c3253005c829fe82b3,/data/FMD_Data_26082026/fmd_temp_images/Updated ICube Categorical Classes 20260915/Missing Primary Package/20260905_180424_L31_PalletGHF0905224033_Cavity15_B01BM8R_Fail7_Score(0.9872873).bmp,Missing Primary Package,L31,train
a4d3fb308727f50bf5a46814176636ab,/data/FMD_Data_26082026/fmd_temp_images/Updated ICube Categorical Classes 20260915/Missing Primary Package/20260813_104415_L31_PalletGHE0813151905_Cavity9_B01BGV4_Fail6_Score(0.9823297).bmp,Missing Primary Package,L31,train
a6bc724a3fff328b14a8b05360505d11,/data/FMD_Data_26082026/fmd_temp_images/Updated ICube Categorical Classes 20260915/Missing Primary Package/20260831_014409_L31_PalletGHR0831062003_Cavity7_B01BKV8_Fail6_Score(0.9737645).bmp,Missing Primary Package,L31,train
a7271812fd90bd1b4335e7ace4961252,/data/FMD_Data_26082026/fmd_temp_images/Updated ICube Categorical Classes 20260915/Missing Primary Package/20260810_101312_L31_PalletGHO0810144718_Cavity13_B01BHK4_Fail5_Score(0.9557191).bmp,Missing Primary Package,L31,train
ac7db1a81557c8e1654ca8af7e4206f7,/data/FMD_Data_26082026/fmd_temp_images/Updated ICube Categorical Classes 20260915/Missing Primary Package/20260828_073549_L31_PalletGHG0828121222_Cavity3_B01BKVM_Fail3_Score(0.9207273).bmp,Missing Primary Package,L31,train
b0d3ab2145e9449f9cec59536b4d2a00,/data/FMD_Data_26082026/fmd_temp_images/Updated ICube Categorical Classes 20260915/Missing Primary Package/20260807_232649_L31_PalletGHH0808040238_Cavity4_B01BG28_Fail4_Score(0.9343412).bmp,Missing Primary Package,L31,train
b90c948fb29c6baacd4a3b2b99fa90c0,/data/FMD_Data_26082026/fmd_temp_images/Updated ICube Categorical Classes 20260915/Missing Primary Package/20260806_205646_L31_PalletGHR0807013101_Cavity7_B01BGV1_Fail5_Score(0.9644066).bmp,Missing Primary Package,L31,train
baada2c779c4199eba2b6a463eb8444b,/data/FMD_Data_26082026/fmd_temp_images/Updated ICube Categorical Classes 20260915/Missing Primary Package/20260830_215252_L31_PalletGHB0831022644_Cavity8_B01BKV8_Fail3_Score(0.9268451).bmp,Missing Primary Package,L31,train
c8a9d048c75ee06331a8a218dcb1cd09,/data/FMD_Data_26082026/fmd_temp_images/Updated ICube Categorical Classes 20260915/Missing Primary Package/20260826_031042_L31_PalletGHM0826074702_Cavity3_B01BK9K_Fail6_Score(0.9828876).bmp,Missing Primary Package,L31,train
cb79418201a8c5161fad575d6f339d3a,/data/FMD_Data_26082026/fmd_temp_images/Updated ICube Categorical Classes 20260915/Missing Primary Package/20260808_062603_L31_PalletGHR0808110156_Cavity8_B01BGTX_Fail4_Score(0.9487602).bmp,Missing Primary Package,L31,train
cbaaf8ce71bb6b4756703d2572c4c2c6,/data/FMD_Data_26082026/fmd_temp_images/Updated ICube Categorical Classes 20260915/Missing Primary Package/20260830_184031_L31_PalletGHO0830231715_Cavity6_B01BKSH_Fail7_Score(0.9883913).bmp,Missing Primary Package,L31,train
d0d221c9900815477f3e02bfa78acf32,/data/FMD_Data_26082026/fmd_temp_images/Updated ICube Categorical Classes 20260915/Missing Primary Package/20260813_103447_L31_PalletGHI0813151058_Cavity1_B01BGV4_Fail6_Score(0.980408).bmp,Missing Primary Package,L31,train
d5e7ff1988bf3913b85ecbe3104f2411,/data/FMD_Data_26082026/fmd_temp_images/Updated ICube Categorical Classes 20260915/Missing Primary Package/20260806_072350_L31_PalletGHL0806115618_Cavity1_B01BGTR_Fail5_Score(0.9662303).bmp,Missing Primary Package,L31,train
da725818ee83dc0aab3e5e5da4fa0f32,/data/FMD_Data_26082026/fmd_temp_images/Updated ICube Categorical Classes 20260915/Missing Primary Package/20260807_000008_L31_PalletGHG0807043427_Cavity1_B01BGV1_Fail5_Score(0.9661801).bmp,Missing Primary Package,L31,train
db6c22e1bd794259b3cc3fb8d19ccfcc,/data/FMD_Data_26082026/fmd_temp_images/Updated ICube Categorical Classes 20260915/Missing Primary Package/20260825_213816_L31_PalletGHC0826021436_Cavity6_B01BK9K_Fail6_Score(0.9688277).bmp,Missing Primary Package,L31,train
e2777de2f40e5f5f1b3168c26d031a8d,/data/FMD_Data_26082026/fmd_temp_images/Updated ICube Categorical Classes 20260915/Missing Primary Package/20260830_090603_L31_PalletGHM0830134246_Cavity7_B01BKSG_Fail6_Score(0.9682824).bmp,Missing Primary Package,L31,train
e9ec8e61dda61bd58a1d36e6ca30e904,/data/FMD_Data_26082026/fmd_temp_images/Updated ICube Categorical Classes 20260915/Missing Primary Package/20260830_085319_L31_PalletGHD0830133007_Cavity8_B01BKSG_Fail7_Score(0.9937288).bmp,Missing Primary Package,L31,train
ec0a7e576cbd3009f2421949b1bd0a15,/data/FMD_Data_26082026/fmd_temp_images/Updated ICube Categorical Classes 20260915/Missing Primary Package/20260908_102320_L31_PalletGHJ0908145944_Cavity13_B01BM7H_Fail7_Score(0.9980565).bmp,Missing Primary Package,L31,train
f77e792b518503358bfba0ab5559dedf,/data/FMD_Data_26082026/fmd_temp_images/Updated ICube Categorical Classes 20260915/Missing Primary Package/20260816_075526_L31_PalletGHF0816123103_Cavity14_B01BHPZ_Fail7_Score(0.9876782).bmp,Missing Primary Package,L31,train
faf95199fe2cf5b20c7e1986eaf4329e,/data/FMD_Data_26082026/fmd_temp_images/ICube Defects Library/Missing Primary Package/20260808_012956_L31_PalletGHI0808060508_Cavity4_B01BG29_Fail7_Score(0.9980084).bmp,Missing Primary Package,L31,train
17cbe8ae56920655f9bf92a6c190e980,/data/FMD_Data_26082026/fmd_temp_images/ICube Defects Library/Multiple Lenses/20260806_173811_L31_PalletGHS0806221231_Cavity8_B01BGTT_Fail7_Score(0.9999999).bmp,Multiple Lenses,L31,test
1cd84f9a21989fb1c572d26f70747089,/data/FMD_Data_26082026/fmd_temp_images/Updated ICube Categorical Classes 20260915/Multiple Lenses/20260821_215427_L31_PalletGHM0822021816_Cavity11_B01BK8K_Fail7_Score(0.9980429).bmp,Multiple Lenses,L31,test
2faa92cfbcd68be02f2c468188296299,/data/FMD_Data_26082026/fmd_temp_images/Updated ICube Categorical Classes 20260915/Multiple Lenses/20260823_173453_L31_PalletGHQ0823220730_Cavity12_B01BK8S_Fail7_Score(0.9892401).bmp,Multiple Lenses,L31,test
30d3a443c0fb2082a13ef3e0ac4fdbbe,/data/FMD_Data_26082026/fmd_temp_images/Updated ICube Categorical Classes 20260915/Multiple Lenses/20260823_173659_L31_PalletGHG0823220755_Cavity8_B01BK8S_Fail7_Score(0.993264).bmp,Multiple Lenses,L31,test
35bef2773e9bbcd4fe58a11baaa234bd,/data/FMD_Data_26082026/fmd_temp_images/Updated ICube Categorical Classes 20260915/Multiple Lenses/20260821_215427_L31_PalletGHM0822021816_Cavity2_B01BK8K_Fail7_Score(0.9949108).bmp,Multiple Lenses,L31,test
37ec9340932b3d2fdde063a6f7ec3832,/data/FMD_Data_26082026/fmd_temp_images/Updated ICube Categorical Classes 20260915/Multiple Lenses/20260905_173229_L31_PalletGHG0905220435_Cavity2_B01BM8R_Fail7_Score(0.999964).bmp,Multiple Lenses,L31,test
41d8527877ca9b46b4e62cb727ed1370,/data/FMD_Data_26082026/fmd_temp_images/Updated ICube Categorical Classes 20260915/Multiple Lenses/20260905_052902_L31_PalletGHD0905100218_Cavity7_B01BM8L_Fail7_Score(1).bmp,Multiple Lenses,L31,test
4a486570dd28d270db681da1a5061857,/data/FMD_Data_26082026/fmd_temp_images/Updated ICube Categorical Classes 20260915/Multiple Lenses/20260901_133807_L31_PalletGHF0901181504_Cavity7_B01BKV9_Fail2_Score(0.9060016).bmp,Multiple Lenses,L31,test
5d5b0d9175e08fed63f65e1986e8f59c,/data/FMD_Data_26082026/fmd_temp_images/Updated ICube Categorical Classes 20260915/Multiple Lenses/20260822_085028_L31_PalletGHK0822132322_Cavity14_B01BK8J_Fail7_Score(0.9974385).bmp,Multiple Lenses,L31,test
67ccd61890a386fc1b40f5eec0c4cafb,/data/FMD_Data_26082026/fmd_temp_images/Updated ICube Categorical Classes 20260915/Multiple Lenses/20260807_202409_L31_PalletGHB0808005950_Cavity13_B01BG2K_Fail5_Score(0.9524587).bmp,Multiple Lenses,L31,test
731d1f8d494d79888e92560fd54c77e5,/data/FMD_Data_26082026/fmd_temp_images/Updated ICube Categorical Classes 20260915/Multiple Lenses/20260819_015135_L31_PalletGHG0819062444_Cavity7_B01BHQC_Fail7_Score(1).bmp,Multiple Lenses,L31,test
757d1cb9e4b28ac2892e108a1518d645,/data/FMD_Data_26082026/fmd_temp_images/Updated ICube Categorical Classes 20260915/Multiple Lenses/20260822_224143_L31_PalletGHU0823031750_Cavity5_B01BK8P_Fail7_Score(0.9874093).bmp,Multiple Lenses,L31,test
93649c8f5c9c7cbb872a95b65942593c,/data/FMD_Data_26082026/fmd_temp_images/Updated ICube Categorical Classes 20260915/Multiple Lenses/20260820_090748_L31_PalletGHH0820134349_Cavity10_B01BK8G_Fail7_Score(1).bmp,Multiple Lenses,L31,test
a2cf5762d247227021e4ad5547090901,/data/FMD_Data_26082026/fmd_temp_images/Updated ICube Categorical Classes 20260915/Multiple Lenses/20260905_183132_L31_PalletGHA0905230747_Cavity11_B01BM8R_Fail7_Score(0.9999398).bmp,Multiple Lenses,L31,test
a69b1172c26f3166207ef0b05067453e,/data/FMD_Data_26082026/fmd_temp_images/ICube Defects Library/Multiple Lenses/20260807_174212_L31_PalletGHF0807221556_Cavity8_B01BGTW_Fail7_Score(0.9999992).bmp,Multiple Lenses,L31,test
a6d4ae5c5347a276c64c0dbdc24fe985,/data/FMD_Data_26082026/fmd_temp_images/Updated ICube Categorical Classes 20260915/Multiple Lenses/20260907_053617_L31_PalletGHU0907101057_Cavity8_B01BNGN_Fail7_Score(0.9853672).bmp,Multiple Lenses,L31,test
a9c6dccfddef6f6c70ce0cf76602b9a4,/data/FMD_Data_26082026/fmd_temp_images/Updated ICube Categorical Classes 20260915/Multiple Lenses/20260905_173544_L31_PalletGHD0905221110_Cavity8_B01BM8R_Fail7_Score(1).bmp,Multiple Lenses,L31,test
ab5c9abe06c8cc7156e8caf6e3a90011,/data/FMD_Data_26082026/fmd_temp_images/ICube Defects Library/Multiple Lenses/20260809_160103_L31_PalletGHI0809203708_Cavity14_B01BGVB_Fail7_Score(0.9930445).bmp,Multiple Lenses,L31,test
b33f750ed370bcde57464c978a1413b2,/data/FMD_Data_26082026/fmd_temp_images/Updated ICube Categorical Classes 20260915/Multiple Lenses/20260820_071405_L31_PalletGHD0820114820_Cavity2_B01BK90_Fail7_Score(0.9999999).bmp,Multiple Lenses,L31,test
b917b86a205352b8ff58fd315c20e41d,/data/FMD_Data_26082026/fmd_temp_images/Updated ICube Categorical Classes 20260915/Multiple Lenses/20260825_083148_L31_PalletGHK0825130630_Cavity3_B01BK8X_Fail7_Score(0.988885).bmp,Multiple Lenses,L31,test
c1162779541aa5f21c9f3c60187287ee,/data/FMD_Data_26082026/fmd_temp_images/Updated ICube Categorical Classes 20260915/Multiple Lenses/20260908_160645_L31_PalletGHH0908203754_Cavity7_B01BM7K_Fail7_Score(0.9999829).bmp,Multiple Lenses,L31,test
c32e222875ee7b9ff9e78d116c9d6710,/data/FMD_Data_26082026/fmd_temp_images/Updated ICube Categorical Classes 20260915/Multiple Lenses/20260821_204519_L31_PalletGHN0822010127_Cavity14_B01BK8K_Fail7_Score(0.999994).bmp,Multiple Lenses,L31,test
c48949f383a519e77e97cc7de8d4f75a,/data/FMD_Data_26082026/fmd_temp_images/Updated ICube Categorical Classes 20260915/Multiple Lenses/20260831_061247_L31_PalletGHB0831104841_Cavity13_B01BKV8_Fail7_Score(0.9999996).bmp,Multiple Lenses,L31,test
ca9fa877e349c5edb280177a078bbdc1,/data/FMD_Data_26082026/fmd_temp_images/Updated ICube Categorical Classes 20260915/Multiple Lenses/20260818_135937_L31_PalletGHE0818183525_Cavity1_B01BJPV_Fail3_Score(0.9308345).bmp,Multiple Lenses,L31,test
e189f03186fda66c2460efab70d388c5,/data/FMD_Data_26082026/fmd_temp_images/Updated ICube Categorical Classes 20260915/Multiple Lenses/20260830_234322_L31_PalletGHS0831042006_Cavity14_B01BKV8_Fail7_Score(0.9901069).bmp,Multiple Lenses,L31,test
e6cd1401c5138b72c22db7d38e697785,/data/FMD_Data_26082026/fmd_temp_images/Updated ICube Categorical Classes 20260915/Multiple Lenses/20260821_204519_L31_PalletGHN0822010127_Cavity2_B01BK8K_Fail7_Score(0.999999).bmp,Multiple Lenses,L31,test
ed28d4fabfb93a73f7d15cf3a1366d5a,/data/FMD_Data_26082026/fmd_temp_images/Updated ICube Categorical Classes 20260915/Multiple Lenses/20260903_053052_L31_PalletGHL0903100535_Cavity8_B01BN6V_Fail7_Score(0.9999889).bmp,Multiple Lenses,L31,test
f5cf91a7ed5a7ede428829d69b27d888,/data/FMD_Data_26082026/fmd_temp_images/Updated ICube Categorical Classes 20260915/Multiple Lenses/20260831_174054_L31_PalletGHO0831221454_Cavity11_B01BM10_Fail5_Score(0.9607348).bmp,Multiple Lenses,L31,test
fa0fbc9da89ff69289397128761accc9,/data/FMD_Data_26082026/fmd_temp_images/Updated ICube Categorical Classes 20260915/Multiple Lenses/20260817_102820_L31_PalletGHE0817150358_Cavity13_B01BHQ3_Fail7_Score(0.9999775).bmp,Multiple Lenses,L31,test
03ffa2a306d26235339a0a47f5e4b4b0,/data/FMD_Data_26082026/fmd_temp_images/Updated ICube Categorical Classes 20260915/Multiple Lenses/20260821_200859_L31_PalletGHI0822004326_Cavity14_B01BK8K_Fail7_Score(0.9999905).bmp,Multiple Lenses,L31,train
0442cd764d462bb9148f9ec5f54a7394,/data/FMD_Data_26082026/fmd_temp_images/Updated ICube Categorical Classes 20260915/Multiple Lenses/20260828_052710_L31_PalletGHF0828100128_Cavity14_B01BKVM_Fail7_Score(1).bmp,Multiple Lenses,L31,train
08528c2fa35169a49590cd1119a9380e,/data/FMD_Data_26082026/fmd_temp_images/Updated ICube Categorical Classes 20260915/Multiple Lenses/20260901_132406_L31_PalletGHG0901180039_Cavity4_B01BKV9_Fail7_Score(0.9999985).bmp,Multiple Lenses,L31,train
19038022edef1be9926df5cf6553e699,/data/FMD_Data_26082026/fmd_temp_images/Updated ICube Categorical Classes 20260915/Multiple Lenses/20260821_213912_L31_PalletGHR0822020723_Cavity11_B01BK8K_Fail4_Score(0.9435929).bmp,Multiple Lenses,L31,train
1be36208363f5e82d85becde5ecbc9f3,/data/FMD_Data_26082026/fmd_temp_images/Updated ICube Categorical Classes 20260915/Multiple Lenses/20260822_003235_L31_PalletGHU0822050657_Cavity2_B01BK8K_Fail7_Score(0.9999996).bmp,Multiple Lenses,L31,train
20cbd0637edc682021b2d460f49a5116,/data/FMD_Data_26082026/fmd_temp_images/Updated ICube Categorical Classes 20260915/Multiple Lenses/20260828_052710_L31_PalletGHF0828100128_Cavity2_B01BKVM_Fail7_Score(0.9999998).bmp,Multiple Lenses,L31,train
28feebf2b1daf0e642871aeaf92380c8,/data/FMD_Data_26082026/fmd_temp_images/Updated ICube Categorical Classes 20260915/Multiple Lenses/20260825_083148_L31_PalletGHK0825130630_Cavity13_B01BK8X_Fail7_Score(0.9964144).bmp,Multiple Lenses,L31,train
2a660c9c4e3d582271286fa9af2b455b,/data/FMD_Data_26082026/fmd_temp_images/Updated ICube Categorical Classes 20260915/Multiple Lenses/20260822_003235_L31_PalletGHU0822050657_Cavity6_B01BK8K_Fail7_Score(0.9999999).bmp,Multiple Lenses,L31,train
3394593fb97f221cbbb0c6a83323663e,/data/FMD_Data_26082026/fmd_temp_images/Updated ICube Categorical Classes 20260915/Multiple Lenses/20260821_212338_L31_PalletGHJ0822015806_Cavity5_B01BK8K_Fail4_Score(0.9475743).bmp,Multiple Lenses,L31,train
371504bca312ca1a8880011d66859252,/data/FMD_Data_26082026/fmd_temp_images/Updated ICube Categorical Classes 20260915/Multiple Lenses/20260827_224917_L31_PalletGHD0828032553_Cavity14_B01BKVL_Fail7_Score(0.9898692).bmp,Multiple Lenses,L31,train
3de1f0bdd261b101b2a61840250cd854,/data/FMD_Data_26082026/fmd_temp_images/Updated ICube Categorical Classes 20260915/Multiple Lenses/20260901_070621_L31_PalletGHC0901114309_Cavity1_B01BM1H_Fail7_Score(0.984865).bmp,Multiple Lenses,L31,train
41962ba9f7a5aead6cf6bd5b29a5cf9d,/data/FMD_Data_26082026/fmd_temp_images/Updated ICube Categorical Classes 20260915/Multiple Lenses/20260822_003235_L31_PalletGHU0822050657_Cavity10_B01BK8K_Fail7_Score(0.9999999).bmp,Multiple Lenses,L31,train
44760333783e063fbb16746d78e0ad35,/data/FMD_Data_26082026/fmd_temp_images/ICube Defects Library/Multiple Lenses/20260806_174428_L31_PalletGHD0806221834_Cavity15_B01BGTT_Fail7_Score(0.9999999).bmp,Multiple Lenses,L31,train
4a6d7c4c373091d53b8a6e9386c1a324,/data/FMD_Data_26082026/fmd_temp_images/Updated ICube Categorical Classes 20260915/Multiple Lenses/20260814_220227_L31_PalletGHS0815023850_Cavity7_B01BHQ2_Fail7_Score(0.9999915).bmp,Multiple Lenses,L31,train
4be7bf2a9580832c64eb549a35edd91f,/data/FMD_Data_26082026/fmd_temp_images/Updated ICube Categorical Classes 20260915/Multiple Lenses/20260903_205828_L31_PalletGHK0904013435_Cavity8_B01BKVH_Fail7_Score(0.9999946).bmp,Multiple Lenses,L31,train
4e96d2e53cc97fd8c03e6ef05a374947,/data/FMD_Data_26082026/fmd_temp_images/Updated ICube Categorical Classes 20260915/Multiple Lenses/20260906_005705_L31_PalletGHT0906053313_Cavity5_B01BM8R_Fail7_Score(0.9961789).bmp,Multiple Lenses,L31,train
4fd07b53a148eef88e6ab1f992dc88fc,/data/FMD_Data_26082026/fmd_temp_images/Updated ICube Categorical Classes 20260915/Multiple Lenses/20260815_140205_L31_PalletGHN0815183822_Cavity8_B01BHPX_Fail6_Score(0.9820243).bmp,Multiple Lenses,L31,train
538ab1ec713de9fb97e4d8315e08b3d2,/data/FMD_Data_26082026/fmd_temp_images/ICube Defects Library/Multiple Lenses/20260813_075653_L31_PalletGHA0813123311_Cavity2_B01BHKF_Fail7_Score(0.9999989).bmp,Multiple Lenses,L31,train
56f90eec075c15f6a64680e62ec0b2e1,/data/FMD_Data_26082026/fmd_temp_images/Updated ICube Categorical Classes 20260915/Multiple Lenses/20260903_053052_L31_PalletGHL0903100535_Cavity4_B01BN6V_Fail7_Score(0.9998636).bmp,Multiple Lenses,L31,train
57ef0363866cb103e65b3aa20c07fea1,/data/FMD_Data_26082026/fmd_temp_images/Updated ICube Categorical Classes 20260915/Multiple Lenses/20260823_173459_L31_PalletGHS0823220735_Cavity2_B01BK8S_Fail6_Score(0.9742084).bmp,Multiple Lenses,L31,train
65567ca19f1fbceae0e797cd294e5953,/data/FMD_Data_26082026/fmd_temp_images/Updated ICube Categorical Classes 20260915/Multiple Lenses/20260822_182818_L31_PalletGHE0822230157_Cavity14_B01BK8P_Fail7_Score(0.9999984).bmp,Multiple Lenses,L31,train
68a718e3e4904d5077dd7534a31020ee,/data/FMD_Data_26082026/fmd_temp_images/Updated ICube Categorical Classes 20260915/Multiple Lenses/20260808_052944_L31_PalletGHB0808100418_Cavity2_B01BGTX_Fail3_Score(0.9230365).bmp,Multiple Lenses,L31,train
6f236df5393313365d0d79730f7ec912,/data/FMD_Data_26082026/fmd_temp_images/Updated ICube Categorical Classes 20260915/Multiple Lenses/20260821_214130_L31_PalletGHA0822021637_Cavity11_B01BK8K_Fail6_Score(0.9789274).bmp,Multiple Lenses,L31,train
71d7731a2551b7d9a6e95e5c9a07eb60,/data/FMD_Data_26082026/fmd_temp_images/ICube Defects Library/Multiple Lenses/20260806_174852_L31_PalletGHG0806222306_Cavity2_B01BGTT_Fail7_Score(0.9984055).bmp,Multiple Lenses,L31,train
740d05751ae5fc13d4f843eddd5b51f2,/data/FMD_Data_26082026/fmd_temp_images/ICube Defects Library/Multiple Lenses/20260808_175315_L31_PalletGHD0808222610_Cavity3_B01BGV2_Fail7_Score(0.9940132).bmp,Multiple Lenses,L31,train
78e0cbe18b9e0efda7d49c4c86786029,/data/FMD_Data_26082026/fmd_temp_images/Updated ICube Categorical Classes 20260915/Multiple Lenses/20260816_040053_L31_PalletGHR0816083521_Cavity3_B01BHPZ_Fail7_Score(0.9999716).bmp,Multiple Lenses,L31,train
7d29087d222a77902e6c59f228afb27f,/data/FMD_Data_26082026/fmd_temp_images/Updated ICube Categorical Classes 20260915/Multiple Lenses/20260827_173219_L31_PalletGHQ0827220611_Cavity4_B01BKRX_Fail7_Score(0.9999035).bmp,Multiple Lenses,L31,train
7e28a7e9021171e6afee6f3148c5b980,/data/FMD_Data_26082026/fmd_temp_images/Updated ICube Categorical Classes 20260915/Multiple Lenses/20260809_045739_L31_PalletGHR0809093340_Cavity12_B01BGV3_Fail7_Score(0.9980236).bmp,Multiple Lenses,L31,train
7fdcaa21573014d8a4f32cdf0d6c2692,/data/FMD_Data_26082026/fmd_temp_images/Updated ICube Categorical Classes 20260915/Multiple Lenses/20260821_213912_L31_PalletGHR0822020723_Cavity2_B01BK8K_Fail7_Score(0.9872909).bmp,Multiple Lenses,L31,train
82807704a6b4c5b3e035da1954f5e6d2,/data/FMD_Data_26082026/fmd_temp_images/Updated ICube Categorical Classes 20260915/Multiple Lenses/20260815_203212_L31_PalletGHB0816010744_Cavity3_B01BHQS_Fail6_Score(0.9726541).bmp,Multiple Lenses,L31,train
853ca575bc720e41c41ce64867720750,/data/FMD_Data_26082026/fmd_temp_images/Updated ICube Categorical Classes 20260915/Multiple Lenses/20260821_005322_L31_PalletGHK0821052918_Cavity5_B01BK8F_Fail7_Score(1).bmp,Multiple Lenses,L31,train
8dd5ddc4df463446cc1a0f053493c205,/data/FMD_Data_26082026/fmd_temp_images/Updated ICube Categorical Classes 20260915/Multiple Lenses/20260901_072111_L31_PalletGHD0901115555_Cavity14_B01BM1H_Fail7_Score(1).bmp,Multiple Lenses,L31,train
9af82881f2fd7a7a1332a9fc82fc665b,/data/FMD_Data_26082026/fmd_temp_images/Updated ICube Categorical Classes 20260915/Multiple Lenses/20260905_173813_L31_PalletGHE0905221335_Cavity2_B01BM8R_Fail7_Score(0.9985742).bmp,Multiple Lenses,L31,train
a09ee8659b19adbad43cbbf12e2ba1b2,/data/FMD_Data_26082026/fmd_temp_images/ICube Defects Library/Multiple Lenses/20260809_204608_L31_PalletGHR0810012110_Cavity8_B01BGVC_Fail7_Score(0.9994822).bmp,Multiple Lenses,L31,train
a3488b24c246128dbeaf1e95932da570,/data/FMD_Data_26082026/fmd_temp_images/ICube Defects Library/Multiple Lenses/20260809_053834_L31_PalletGHD0809101239_Cavity6_B01BGV3_Fail7_Score(0.9970205).bmp,Multiple Lenses,L31,train
a963b2324544a9cec84ceb167975561e,/data/FMD_Data_26082026/fmd_temp_images/Updated ICube Categorical Classes 20260915/Multiple Lenses/20260813_174102_L31_PalletGHL0813221649_Cavity5_B01BGV5_Fail7_Score(0.9999858).bmp,Multiple Lenses,L31,train
a99d7d4e86f83695fd38946f7d067288,/data/FMD_Data_26082026/fmd_temp_images/Updated ICube Categorical Classes 20260915/Multiple Lenses/20260821_201714_L31_PalletGHQ0822005055_Cavity5_B01BK8K_Fail5_Score(0.9600739).bmp,Multiple Lenses,L31,train
aa3bcc1b072982d9441d0e63f0c49913,/data/FMD_Data_26082026/fmd_temp_images/Updated ICube Categorical Classes 20260915/Multiple Lenses/20260822_003235_L31_PalletGHU0822050657_Cavity14_B01BK8K_Fail7_Score(0.9999813).bmp,Multiple Lenses,L31,train
ac063795e14d6f34a4b86fddc13775c4,/data/FMD_Data_26082026/fmd_temp_images/Updated ICube Categorical Classes 20260915/Multiple Lenses/20260827_085540_L31_PalletGHR0827133135_Cavity3_B01BK9D_Fail7_Score(0.9999433).bmp,Multiple Lenses,L31,train
b4347a15c8899959f4e506ac0801635d,/data/FMD_Data_26082026/fmd_temp_images/Updated ICube Categorical Classes 20260915/Multiple Lenses/20260814_122112_L31_PalletGHN0814165733_Cavity2_B01BHPW_Fail7_Score(1).bmp,Multiple Lenses,L31,train
b5977f8cf23a9019f88c562465cf55a5,/data/FMD_Data_26082026/fmd_temp_images/Updated ICube Categorical Classes 20260915/Multiple Lenses/20260904_130006_L31_PalletGHC0904173616_Cavity8_B01BM8K_Fail7_Score(0.9875203).bmp,Multiple Lenses,L31,train
b64b2b92c0b68b039c50feb1536aa1bd,/data/FMD_Data_26082026/fmd_temp_images/Updated ICube Categorical Classes 20260915/Multiple Lenses/20260829_101504_L31_PalletGHA0829145112_Cavity1_B01BKVG_Fail7_Score(0.9999845).bmp,Multiple Lenses,L31,train
b973993e9468fa5f004cc62c3eec5f5c,/data/FMD_Data_26082026/fmd_temp_images/ICube Defects Library/Multiple Lenses/20260807_164826_L31_PalletGHB0807212212_Cavity8_B01BGTW_Fail7_Score(0.9999999).bmp,Multiple Lenses,L31,train
bc5ec8145f3a40aa95d777ebea4922b1,/data/FMD_Data_26082026/fmd_temp_images/Updated ICube Categorical Classes 20260915/Multiple Lenses/20260904_050853_L31_PalletGHD0904094502_Cavity1_B01BKVK_Fail7_Score(0.9998878).bmp,Multiple Lenses,L31,train
c4b7ebfcebc331364d03267c9b84bae1,/data/FMD_Data_26082026/fmd_temp_images/Updated ICube Categorical Classes 20260915/Multiple Lenses/20260901_072111_L31_PalletGHD0901115555_Cavity9_B01BM1H_Fail7_Score(0.9999515).bmp,Multiple Lenses,L31,train
c795ba39eeb84d97991ba4517ad08b86,/data/FMD_Data_26082026/fmd_temp_images/Updated ICube Categorical Classes 20260915/Multiple Lenses/20260905_221814_L31_PalletGHK0906025432_Cavity1_B01BM8R_Fail3_Score(0.9282765).bmp,Multiple Lenses,L31,train
ca1c22e29aa984335fb859786a55cff9,/data/FMD_Data_26082026/fmd_temp_images/ICube Defects Library/Multiple Lenses/20260806_173812_L31_PalletGHS0806221231_Cavity13_B01BGTT_Fail7_Score(0.999567).bmp,Multiple Lenses,L31,train
cd0e3ad174de29f2d27ea22c1ec9d535,/data/FMD_Data_26082026/fmd_temp_images/Updated ICube Categorical Classes 20260915/Multiple Lenses/20260822_182818_L31_PalletGHE0822230157_Cavity11_B01BK8P_Fail5_Score(0.9644781).bmp,Multiple Lenses,L31,train
cfba4600c0429567d35428bd442f8368,/data/FMD_Data_26082026/fmd_temp_images/Updated ICube Categorical Classes 20260915/Multiple Lenses/20260821_212141_L31_PalletGHS0822015602_Cavity14_B01BK8K_Fail7_Score(0.999675).bmp,Multiple Lenses,L31,train
d1ba57fb3fb42d21087e6d290c575a0b,/data/FMD_Data_26082026/fmd_temp_images/Updated ICube Categorical Classes 20260915/Multiple Lenses/20260903_233422_L31_PalletGHJ0904041028_Cavity7_B01BKVH_Fail7_Score(0.9911823).bmp,Multiple Lenses,L31,train
d27b4c8926d56e0da16cfe50b0e1f7f0,/data/FMD_Data_26082026/fmd_temp_images/Updated ICube Categorical Classes 20260915/Multiple Lenses/20260810_041243_L31_PalletGHU0810084743_Cavity8_B01BHK3_Fail7_Score(0.99709).bmp,Multiple Lenses,L31,train
d2e96b1373973819838bc418854d8260,/data/FMD_Data_26082026/fmd_temp_images/Updated ICube Categorical Classes 20260915/Multiple Lenses/20260825_083148_L31_PalletGHK0825130630_Cavity8_B01BK8X_Fail7_Score(0.9999793).bmp,Multiple Lenses,L31,train
d55352ad98143bbbdc1a0e81df9a257b,/data/FMD_Data_26082026/fmd_temp_images/ICube Defects Library/Multiple Lenses/20260807_083958_L31_PalletGHT0807131546_Cavity5_B01BGV0_Fail7_Score(0.994502).bmp,Multiple Lenses,L31,train
d64ade3f75070627f17f8d22d26d7a9c,/data/FMD_Data_26082026/fmd_temp_images/ICube Defects Library/Multiple Lenses/20260813_105241_L31_PalletGHC0813152859_Cavity3_B01BGV4_Fail7_Score(0.9987954).bmp,Multiple Lenses,L31,train
d8c36b14a06a1a1020ac3d3fb8b026b0,/data/FMD_Data_26082026/fmd_temp_images/Updated ICube Categorical Classes 20260915/Multiple Lenses/20260823_182224_L31_PalletGHU0823225831_Cavity4_B01BK8S_Fail7_Score(0.9999967).bmp,Multiple Lenses,L31,train
daf0566858b66a806c32471d3f050620,/data/FMD_Data_26082026/fmd_temp_images/Updated ICube Categorical Classes 20260915/Multiple Lenses/20260901_180122_L31_PalletGHU0901223335_Cavity14_B01BKV9_Fail7_Score(0.9999995).bmp,Multiple Lenses,L31,train
daf94bbd07131ffbe3a85060e446b08d,/data/FMD_Data_26082026/fmd_temp_images/Updated ICube Categorical Classes 20260915/Multiple Lenses/20260824_135030_L31_PalletGHL0824182640_Cavity8_B01BK8W_Fail7_Score(0.9999566).bmp,Multiple Lenses,L31,train
e081512039287fd98c37e0bac67b5471,/data/FMD_Data_26082026/fmd_temp_images/ICube Defects Library/Multiple Lenses/20260809_181149_L31_PalletGHD0809224448_Cavity11_B01BGVB_Fail7_Score(0.9997963).bmp,Multiple Lenses,L31,train
e3a647eb51b71cbe19c22ceee7f776eb,/data/FMD_Data_26082026/fmd_temp_images/Updated ICube Categorical Classes 20260915/Multiple Lenses/20260827_173219_L31_PalletGHQ0827220611_Cavity7_B01BKRX_Fail3_Score(0.9193243).bmp,Multiple Lenses,L31,train
eb31ec1196fd828862a00a9c1a31407d,/data/FMD_Data_26082026/fmd_temp_images/Updated ICube Categorical Classes 20260915/Multiple Lenses/20260821_220304_L31_PalletGHU0822023823_Cavity15_B01BK8K_Fail7_Score(0.9999988).bmp,Multiple Lenses,L31,train
ece419eb50a4d4466336b7904046b120,/data/FMD_Data_26082026/fmd_temp_images/Updated ICube Categorical Classes 20260915/Multiple Lenses/20260903_053052_L31_PalletGHL0903100535_Cavity13_B01BN6V_Fail7_Score(0.9996339).bmp,Multiple Lenses,L31,train
f075cdacd7ace4d544a38f4f273ad674,/data/FMD_Data_26082026/fmd_temp_images/Updated ICube Categorical Classes 20260915/Multiple Lenses/20260909_090808_L31_PalletGHK0909134351_Cavity6_B01BM55_Fail7_Score(0.9853284).bmp,Multiple Lenses,L31,train
f480b2f2d6c2602c4f78a7d909e37af7,/data/FMD_Data_26082026/fmd_temp_images/Updated ICube Categorical Classes 20260915/Multiple Lenses/20260901_072111_L31_PalletGHD0901115555_Cavity2_B01BM1H_Fail7_Score(0.9999999).bmp,Multiple Lenses,L31,train
f5c0af969644b0c045b7b91b3534010d,/data/FMD_Data_26082026/fmd_temp_images/Updated ICube Categorical Classes 20260915/Multiple Lenses/20260818_180010_L31_PalletGHE0818223516_Cavity2_B01BHQK_Fail7_Score(0.9857151).bmp,Multiple Lenses,L31,train
f69c2ffdb26821c41b7e4f1387a0914b,/data/FMD_Data_26082026/fmd_temp_images/Updated ICube Categorical Classes 20260915/Multiple Lenses/20260901_203111_L31_PalletGHU0902010645_Cavity10_B01BKVC_Fail7_Score(0.9898279).bmp,Multiple Lenses,L31,train
f9070604078424869f5206e6f0b73eb2,/data/FMD_Data_26082026/fmd_temp_images/Updated ICube Categorical Classes 20260915/Multiple Lenses/20260816_173319_L31_PalletGHH0816220726_Cavity9_B01BHQ0_Fail7_Score(0.9987839).bmp,Multiple Lenses,L31,train
fc352226bb21630910674a6cd18c41f0,/data/FMD_Data_26082026/fmd_temp_images/ICube Defects Library/Multiple Lenses/20260806_105038_L31_PalletGHN0806152513_Cavity5_B01BGTR_Fail7_Score(1).bmp,Multiple Lenses,L31,train
ffcfddc607383af6cac605c85950f4a6,/data/FMD_Data_26082026/fmd_temp_images/Updated ICube Categorical Classes 20260915/Multiple Lenses/20260824_060403_L31_PalletGHG0824103845_Cavity2_B01BK8V_Fail7_Score(0.9996349).bmp,Multiple Lenses,L31,train
0a40b2db04b2e662c94da194fabcf3ad,/data/FMD_Data_26082026/fmd_temp_images/Updated ICube Categorical Classes 20260915/Package Misalignment/20260816_111722_L31_PalletGHK0816155301_Cavity15_B01BHQ0_Fail7_Score(0.9989637).bmp,Package Misalignment,L31,test
0ba0c2c0cc6cf8f279fd4e17a950b731,/data/FMD_Data_26082026/fmd_temp_images/Updated ICube Categorical Classes 20260915/Package Misalignment/20260907_234934_L31_PalletGHS0908042601_Cavity12_B01BM4H_Fail2_Score(0.9068378).bmp,Package Misalignment,L31,test
1bef4dd097009af67c32223b5a589bea,/data/FMD_Data_26082026/fmd_temp_images/Updated ICube Categorical Classes 20260915/Package Misalignment/20260905_052557_L31_PalletGHU0905100208_Cavity7_B01BM8L_Fail7_Score(0.9988708).bmp,Package Misalignment,L31,test
210ad770ccae78e1b9c4af8a65c62fb0,/data/FMD_Data_26082026/fmd_temp_images/Updated ICube Categorical Classes 20260915/Package Misalignment/20260813_135818_L31_PalletGHJ0813183435_Cavity10_B01BGV4_Fail7_Score(1).bmp,Package Misalignment,L31,test
29435681af188fd6589e562dc2f6f022,/data/FMD_Data_26082026/fmd_temp_images/Updated ICube Categorical Classes 20260915/Package Misalignment/20260823_040422_L31_PalletGHO0823084025_Cavity1_B01BK8Q_Fail4_Score(0.9353443).bmp,Package Misalignment,L31,test
4969958b434cc2607e4ecf56d384254b,/data/FMD_Data_26082026/fmd_temp_images/Updated ICube Categorical Classes 20260915/Package Misalignment/20260907_234934_L31_PalletGHS0908042601_Cavity14_B01BM4H_Fail7_Score(1).bmp,Package Misalignment,L31,test
53829db8b9a21e668780e038aeadaf37,/data/FMD_Data_26082026/fmd_temp_images/Updated ICube Categorical Classes 20260915/Package Misalignment/20260813_135818_L31_PalletGHJ0813183435_Cavity8_B01BGV4_Fail7_Score(1).bmp,Package Misalignment,L31,test
7c923c8586721e8c704038e415dcfca3,/data/FMD_Data_26082026/fmd_temp_images/Updated ICube Categorical Classes 20260915/Package Misalignment/20260907_234934_L31_PalletGHS0908042601_Cavity10_B01BM4H_Fail7_Score(0.9999662).bmp,Package Misalignment,L31,test
7d533e0d24fb3ff649d1d24c885fbd65,/data/FMD_Data_26082026/fmd_temp_images/Updated ICube Categorical Classes 20260915/Package Misalignment/20260907_234934_L31_PalletGHS0908042601_Cavity6_B01BM4H_Fail7_Score(0.9999976).bmp,Package Misalignment,L31,test
7d7d352bf85dd9b03e0f5467bf1f2877,/data/FMD_Data_26082026/fmd_temp_images/Updated ICube Categorical Classes 20260915/Package Misalignment/20260813_103815_L31_PalletGHB0813151436_Cavity8_B01BGV4_Fail7_Score(0.9999999).bmp,Package Misalignment,L31,test
8460270fc12d905905a9f07c6b5a845b,/data/FMD_Data_26082026/fmd_temp_images/Updated ICube Categorical Classes 20260915/Package Misalignment/20260907_234934_L31_PalletGHS0908042601_Cavity4_B01BM4H_Fail7_Score(0.9956344).bmp,Package Misalignment,L31,test
90101cd4f4cec16e879f08a2a766ae3d,/data/FMD_Data_26082026/fmd_temp_images/Updated ICube Categorical Classes 20260915/Package Misalignment/20260825_135509_L31_PalletGHR0825182732_Cavity14_B01BK8Z_Fail7_Score(1).bmp,Package Misalignment,L31,test
b5f97f2837e8a20de27f1381a8b6fa65,/data/FMD_Data_26082026/fmd_temp_images/Updated ICube Categorical Classes 20260915/Package Misalignment/20260813_103815_L31_PalletGHB0813151436_Cavity6_B01BGV4_Fail7_Score(1).bmp,Package Misalignment,L31,test
c0f216fc541b6365968386bdddacb6a0,/data/FMD_Data_26082026/fmd_temp_images/Updated ICube Categorical Classes 20260915/Package Misalignment/20260831_053430_L31_PalletGHB0831101120_Cavity14_B01BKV8_Fail4_Score(0.949752).bmp,Package Misalignment,L31,test
f71ab2fcfb3eb8c0e25a19f5c2e29eab,/data/FMD_Data_26082026/fmd_temp_images/Updated ICube Categorical Classes 20260915/Package Misalignment/20260905_100006_L31_PalletGHQ0905143617_Cavity5_B01BM8N_Fail6_Score(0.9796973).bmp,Package Misalignment,L31,test
056d21b26f6979bcdc67bb9c9568f41c,/data/FMD_Data_26082026/fmd_temp_images/Updated ICube Categorical Classes 20260915/Package Misalignment/20260903_235547_L31_PalletGHN0904043156_Cavity10_B01BKVH_Fail7_Score(0.9999628).bmp,Package Misalignment,L31,train
0ee666dcdc2f9ac538171c34cc9af8b1,/data/FMD_Data_26082026/fmd_temp_images/Updated ICube Categorical Classes 20260915/Package Misalignment/20260813_103815_L31_PalletGHB0813151436_Cavity9_B01BGV4_Fail7_Score(0.9996921).bmp,Package Misalignment,L31,train
204804e11770d2cd712746638110b957,/data/FMD_Data_26082026/fmd_temp_images/Updated ICube Categorical Classes 20260915/Package Misalignment/20260825_135509_L31_PalletGHR0825182732_Cavity15_B01BK8Z_Fail7_Score(0.9999356).bmp,Package Misalignment,L31,train
28f7ecfda686ad5e08e1c2cee295271d,/data/FMD_Data_26082026/fmd_temp_images/Updated ICube Categorical Classes 20260915/Package Misalignment/20260813_135818_L31_PalletGHJ0813183435_Cavity9_B01BGV4_Fail7_Score(1).bmp,Package Misalignment,L31,train
29bfc17414e97e7632107c3b36f22c8a,/data/FMD_Data_26082026/fmd_temp_images/Updated ICube Categorical Classes 20260915/Package Misalignment/20260903_235547_L31_PalletGHN0904043156_Cavity11_B01BKVH_Fail7_Score(0.9998761).bmp,Package Misalignment,L31,train
2b9913d97abe50620fe35a918228f52c,/data/FMD_Data_26082026/fmd_temp_images/Updated ICube Categorical Classes 20260915/Package Misalignment/20260815_073312_L31_PalletGHC0815120939_Cavity2_B01BHQ7_Fail7_Score(1).bmp,Package Misalignment,L31,train
2fef7b6fab0638664f699f50d87377a2,/data/FMD_Data_26082026/fmd_temp_images/Updated ICube Categorical Classes 20260915/Package Misalignment/20260903_235547_L31_PalletGHN0904043156_Cavity12_B01BKVH_Fail7_Score(0.999606).bmp,Package Misalignment,L31,train
3d61a20d0eeed5db9e2d61bf95a7f7fd,/data/FMD_Data_26082026/fmd_temp_images/Updated ICube Categorical Classes 20260915/Package Misalignment/20260823_072919_L31_PalletGHE0823120528_Cavity5_B01BK8R_Fail5_Score(0.9625222).bmp,Package Misalignment,L31,train
402861a8464f24ad6a9239146fd0992c,/data/FMD_Data_26082026/fmd_temp_images/Updated ICube Categorical Classes 20260915/Package Misalignment/20260907_234934_L31_PalletGHS0908042601_Cavity5_B01BM4H_Fail7_Score(1).bmp,Package Misalignment,L31,train
406c87d3a59ae10afddabaf649abe5ee,/data/FMD_Data_26082026/fmd_temp_images/Updated ICube Categorical Classes 20260915/Package Misalignment/20260826_104200_L31_PalletGHH0826151816_Cavity5_D009H0T_Fail4_Score(0.9424734).bmp,Package Misalignment,L31,train
5e712c0cdb8b38d76e15366e5483f4bc,/data/FMD_Data_26082026/fmd_temp_images/Updated ICube Categorical Classes 20260915/Package Misalignment/20260904_082024_L31_PalletGHC0904125630_Cavity8_B01BKVK_Fail7_Score(0.9976941).bmp,Package Misalignment,L31,train
6679ae06a7909b8bad1eef6817886d35,/data/FMD_Data_26082026/fmd_temp_images/Updated ICube Categorical Classes 20260915/Package Misalignment/20260903_235547_L31_PalletGHN0904043156_Cavity7_B01BKVH_Fail7_Score(0.9999909).bmp,Package Misalignment,L31,train
6c5d1a05c26ee53ddb0a4de61dde9d3b,/data/FMD_Data_26082026/fmd_temp_images/Updated ICube Categorical Classes 20260915/Package Misalignment/20260907_234934_L31_PalletGHS0908042601_Cavity15_B01BM4H_Fail5_Score(0.9583062).bmp,Package Misalignment,L31,train
76697fb6e1fbdd3f18378110a9e8fbcf,/data/FMD_Data_26082026/fmd_temp_images/Updated ICube Categorical Classes 20260915/Package Misalignment/20260813_103815_L31_PalletGHB0813151436_Cavity5_B01BGV4_Fail7_Score(0.9999571).bmp,Package Misalignment,L31,train
89b3976094cffc2ca45a997f5a6eeeae,/data/FMD_Data_26082026/fmd_temp_images/Updated ICube Categorical Classes 20260915/Package Misalignment/20260813_125205_L31_PalletGHO0813172818_Cavity9_B01BGV4_Fail7_Score(0.9999006).bmp,Package Misalignment,L31,train
89f17c871cd7c085382858e43a95296c,/data/FMD_Data_26082026/fmd_temp_images/Updated ICube Categorical Classes 20260915/Package Misalignment/20260907_234934_L31_PalletGHS0908042601_Cavity13_B01BM4H_Fail7_Score(0.9999995).bmp,Package Misalignment,L31,train
8a364378c59f791e69a474fc5941d793,/data/FMD_Data_26082026/fmd_temp_images/Updated ICube Categorical Classes 20260915/Package Misalignment/20260817_032838_L31_PalletGHN0817080414_Cavity9_B01BHQ1_Fail4_Score(0.9380268).bmp,Package Misalignment,L31,train
8b13935ffdb4f96a41f9cce175b32c45,/data/FMD_Data_26082026/fmd_temp_images/Updated ICube Categorical Classes 20260915/Package Misalignment/20260903_235547_L31_PalletGHN0904043156_Cavity8_B01BKVH_Fail7_Score(0.9999988).bmp,Package Misalignment,L31,train
8cc1c89f7be4cfd6f87667fc5556e488,/data/FMD_Data_26082026/fmd_temp_images/Updated ICube Categorical Classes 20260915/Package Misalignment/20260903_235547_L31_PalletGHN0904043156_Cavity5_B01BKVH_Fail7_Score(0.999913).bmp,Package Misalignment,L31,train
905f0079845457c79eba302e750b7813,/data/FMD_Data_26082026/fmd_temp_images/Updated ICube Categorical Classes 20260915/Package Misalignment/20260907_234934_L31_PalletGHS0908042601_Cavity7_B01BM4H_Fail7_Score(0.9998369).bmp,Package Misalignment,L31,train
987f944fbff4dfc465b842e980c480ad,/data/FMD_Data_26082026/fmd_temp_images/Updated ICube Categorical Classes 20260915/Package Misalignment/20260825_134209_L31_PalletGHU0825181835_Cavity13_B01BK8Z_Fail5_Score(0.9613448).bmp,Package Misalignment,L31,train
9d4a67436339dc54f3233affb4af75c8,/data/FMD_Data_26082026/fmd_temp_images/Updated ICube Categorical Classes 20260915/Package Misalignment/20260907_234934_L31_PalletGHS0908042601_Cavity9_B01BM4H_Fail7_Score(0.998588).bmp,Package Misalignment,L31,train
9db1ecf6605160f01815b105442404dd,/data/FMD_Data_26082026/fmd_temp_images/Updated ICube Categorical Classes 20260915/Package Misalignment/20260817_141417_L31_PalletGHC0817184959_Cavity14_B01BHQ3_Fail7_Score(0.9995674).bmp,Package Misalignment,L31,train
9e14e4627858fbe294a7d9979352146d,/data/FMD_Data_26082026/fmd_temp_images/Updated ICube Categorical Classes 20260915/Package Misalignment/20260903_235547_L31_PalletGHN0904043156_Cavity13_B01BKVH_Fail7_Score(0.9999855).bmp,Package Misalignment,L31,train
a348dbdcda8104e18799388804e169c0,/data/FMD_Data_26082026/fmd_temp_images/Updated ICube Categorical Classes 20260915/Package Misalignment/20260907_234934_L31_PalletGHS0908042601_Cavity11_B01BM4H_Fail7_Score(0.9999405).bmp,Package Misalignment,L31,train
a5736703fbc24ecea1b8d33bf499afc2,/data/FMD_Data_26082026/fmd_temp_images/Updated ICube Categorical Classes 20260915/Package Misalignment/20260831_053430_L31_PalletGHB0831101120_Cavity15_B01BKV8_Fail7_Score(0.9941351).bmp,Package Misalignment,L31,train
a8c9dfc7cfdd7bbfc6d12fc290f81625,/data/FMD_Data_26082026/fmd_temp_images/Updated ICube Categorical Classes 20260915/Package Misalignment/20260903_235547_L31_PalletGHN0904043156_Cavity9_B01BKVH_Fail7_Score(0.9996455).bmp,Package Misalignment,L31,train
b37ed3559137699fd5b9a3abfee103b9,/data/FMD_Data_26082026/fmd_temp_images/Updated ICube Categorical Classes 20260915/Package Misalignment/20260813_125205_L31_PalletGHO0813172818_Cavity10_B01BGV4_Fail3_Score(0.9228094).bmp,Package Misalignment,L31,train
d7c021d918c66e468cfdebd78cdbd420,/data/FMD_Data_26082026/fmd_temp_images/Updated ICube Categorical Classes 20260915/Package Misalignment/20260905_100006_L31_PalletGHQ0905143617_Cavity6_B01BM8N_Fail7_Score(0.994526).bmp,Package Misalignment,L31,train
d92d188fab606c9cf10bfb70329b96fe,/data/FMD_Data_26082026/fmd_temp_images/Updated ICube Categorical Classes 20260915/Package Misalignment/20260903_205828_L31_PalletGHK0904013435_Cavity12_B01BKVH_Fail7_Score(0.9962338).bmp,Package Misalignment,L31,train
dda2605e450cd17f03456d9e1ce48ade,/data/FMD_Data_26082026/fmd_temp_images/Updated ICube Categorical Classes 20260915/Package Misalignment/20260903_235547_L31_PalletGHN0904043156_Cavity4_B01BKVH_Fail3_Score(0.9246875).bmp,Package Misalignment,L31,train
e99eebc8ccc89348d71ee13108b38cc6,/data/FMD_Data_26082026/fmd_temp_images/Updated ICube Categorical Classes 20260915/Package Misalignment/20260813_103815_L31_PalletGHB0813151436_Cavity10_B01BGV4_Fail7_Score(0.999998).bmp,Package Misalignment,L31,train
eae35e7c6acdbff6ad608c39292f44d6,/data/FMD_Data_26082026/fmd_temp_images/Updated ICube Categorical Classes 20260915/Package Misalignment/20260907_234934_L31_PalletGHS0908042601_Cavity8_B01BM4H_Fail7_Score(0.9959282).bmp,Package Misalignment,L31,train
f2f78e8e1315397a3e4db3d9c01e624d,/data/FMD_Data_26082026/fmd_temp_images/Updated ICube Categorical Classes 20260915/Package Misalignment/20260806_073651_L31_PalletGHA0806120954_Cavity3_B01BGTR_Fail7_Score(1).bmp,Package Misalignment,L31,train
f4f461f9d0852c56f6741be25614bba1,/data/FMD_Data_26082026/fmd_temp_images/Updated ICube Categorical Classes 20260915/Package Misalignment/20260903_235547_L31_PalletGHN0904043156_Cavity6_B01BKVH_Fail7_Score(0.9999999).bmp,Package Misalignment,L31,train
213a2889721c3d6696ddb9beb31a9a40,/data/FMD_Data_26082026/fmd_temp_images/Updated ICube Categorical Classes 20260915/View Obstructed/20260906_112230_L31_PalletGHN0906155845_Cavity6_B01BM8T_Fail7_Score(1).bmp,View Obstructed,L31,test
2623f15c37164586f074948093e820ec,/data/FMD_Data_26082026/fmd_temp_images/Updated ICube Categorical Classes 20260915/View Obstructed/20260828_045202_L31_PalletGHM0828092833_Cavity13_B01BKVM_Fail7_Score(1).bmp,View Obstructed,L31,test
331f9b22dc191b6652760f5045237ae1,/data/FMD_Data_26082026/fmd_temp_images/Updated ICube Categorical Classes 20260915/View Obstructed/20260819_064340_L31_PalletGHF0819111934_Cavity6_B01BHQG_Fail7_Score(1).bmp,View Obstructed,L31,test
3e780ed80c889e2cdd3badee2193a21b,/data/FMD_Data_26082026/fmd_temp_images/Updated ICube Categorical Classes 20260915/View Obstructed/20260828_045202_L31_PalletGHM0828092833_Cavity15_B01BKVM_Fail7_Score(1).bmp,View Obstructed,L31,test
75736924d2031b695a775e62578e0de6,/data/FMD_Data_26082026/fmd_temp_images/Updated ICube Categorical Classes 20260915/View Obstructed/20260819_064340_L31_PalletGHF0819111934_Cavity7_B01BHQG_Fail7_Score(1).bmp,View Obstructed,L31,test
96b880abe6506a980cc6732144d3831d,/data/FMD_Data_26082026/fmd_temp_images/Updated ICube Categorical Classes 20260915/View Obstructed/20260822_205519_L31_PalletGHF0823013127_Cavity5_B01BK8P_Fail7_Score(1).bmp,View Obstructed,L31,test
9f052ea487623e885e0cb211faec0a35,/data/FMD_Data_26082026/fmd_temp_images/Updated ICube Categorical Classes 20260915/View Obstructed/20260825_135509_L31_PalletGHR0825182732_Cavity11_B01BK8Z_Fail7_Score(1).bmp,View Obstructed,L31,test
aa6e9e0b329519add370291e1e721860,/data/FMD_Data_26082026/fmd_temp_images/Updated ICube Categorical Classes 20260915/View Obstructed/20260819_064340_L31_PalletGHF0819111934_Cavity13_B01BHQG_Fail7_Score(1).bmp,View Obstructed,L31,test
ae34111a3cc18db4e40dd37b205210ec,/data/FMD_Data_26082026/fmd_temp_images/Updated ICube Categorical Classes 20260915/View Obstructed/20260819_064340_L31_PalletGHF0819111934_Cavity15_B01BHQG_Fail7_Score(1).bmp,View Obstructed,L31,test
c6d2bdea75b11b238da2d948c80b20ca,/data/FMD_Data_26082026/fmd_temp_images/Updated ICube Categorical Classes 20260915/View Obstructed/20260819_064340_L31_PalletGHF0819111934_Cavity9_B01BHQG_Fail7_Score(1).bmp,View Obstructed,L31,test
e50d7fac5fa017216494c7e96aa72da1,/data/FMD_Data_26082026/fmd_temp_images/Updated ICube Categorical Classes 20260915/View Obstructed/20260819_064340_L31_PalletGHF0819111934_Cavity12_B01BHQG_Fail7_Score(1).bmp,View Obstructed,L31,test
00ad4ccc9ac6f25cfb50218dbd0ef318,/data/FMD_Data_26082026/fmd_temp_images/Updated ICube Categorical Classes 20260915/View Obstructed/20260822_205519_L31_PalletGHF0823013127_Cavity6_B01BK8P_Fail7_Score(1).bmp,View Obstructed,L31,train
10c2b11668083b813111fc6aa590f737,/data/FMD_Data_26082026/fmd_temp_images/Updated ICube Categorical Classes 20260915/View Obstructed/20260828_045202_L31_PalletGHM0828092833_Cavity8_B01BKVM_Fail7_Score(1).bmp,View Obstructed,L31,train
14274c89ca139169a26ab403634a4bcb,/data/FMD_Data_26082026/fmd_temp_images/Updated ICube Categorical Classes 20260915/View Obstructed/20260819_064340_L31_PalletGHF0819111934_Cavity1_B01BHQG_Fail7_Score(1).bmp,View Obstructed,L31,train
1549d81ead2540f50c84a5d64e877d3a,/data/FMD_Data_26082026/fmd_temp_images/Updated ICube Categorical Classes 20260915/View Obstructed/20260828_045202_L31_PalletGHM0828092833_Cavity9_B01BKVM_Fail7_Score(1).bmp,View Obstructed,L31,train
1d7ba330ff3f736e878ff8940d699a1c,/data/FMD_Data_26082026/fmd_temp_images/Updated ICube Categorical Classes 20260915/View Obstructed/20260828_045202_L31_PalletGHM0828092833_Cavity4_B01BKVM_Fail7_Score(1).bmp,View Obstructed,L31,train
23d152da48eee215c9d986318825749d,/data/FMD_Data_26082026/fmd_temp_images/Updated ICube Categorical Classes 20260915/View Obstructed/20260828_045202_L31_PalletGHM0828092833_Cavity2_B01BKVM_Fail7_Score(1).bmp,View Obstructed,L31,train
2f4d2103e5ef4b97e52f6cb6c873f956,/data/FMD_Data_26082026/fmd_temp_images/Updated ICube Categorical Classes 20260915/View Obstructed/20260906_112230_L31_PalletGHN0906155845_Cavity8_B01BM8T_Fail7_Score(1).bmp,View Obstructed,L31,train
30e8c03cf1447a94044a74b382e8881b,/data/FMD_Data_26082026/fmd_temp_images/Updated ICube Categorical Classes 20260915/View Obstructed/20260828_045202_L31_PalletGHM0828092833_Cavity7_B01BKVM_Fail7_Score(1).bmp,View Obstructed,L31,train
3b6a6739ca0bf4d616441eb6b64d7dee,/data/FMD_Data_26082026/fmd_temp_images/Updated ICube Categorical Classes 20260915/View Obstructed/20260828_045202_L31_PalletGHM0828092833_Cavity6_B01BKVM_Fail7_Score(1).bmp,View Obstructed,L31,train
40a3c6ec8c90417da78e63b7ec7072fa,/data/FMD_Data_26082026/fmd_temp_images/Updated ICube Categorical Classes 20260915/View Obstructed/20260819_064340_L31_PalletGHF0819111934_Cavity4_B01BHQG_Fail7_Score(1).bmp,View Obstructed,L31,train
62c8e3a017abd7683f2936f754d6e88d,/data/FMD_Data_26082026/fmd_temp_images/Updated ICube Categorical Classes 20260915/View Obstructed/20260819_064340_L31_PalletGHF0819111934_Cavity8_B01BHQG_Fail7_Score(1).bmp,View Obstructed,L31,train
6cbf90a8cc03779669d34c91dd472d5e,/data/FMD_Data_26082026/fmd_temp_images/Updated ICube Categorical Classes 20260915/View Obstructed/20260819_064340_L31_PalletGHF0819111934_Cavity11_B01BHQG_Fail7_Score(1).bmp,View Obstructed,L31,train
74d3f011f8e8e83be78e5042b5f49f05,/data/FMD_Data_26082026/fmd_temp_images/Updated ICube Categorical Classes 20260915/View Obstructed/20260819_064340_L31_PalletGHF0819111934_Cavity10_B01BHQG_Fail7_Score(1).bmp,View Obstructed,L31,train
8551b4632f27cd81f3424d78ebf3a1fc,/data/FMD_Data_26082026/fmd_temp_images/Updated ICube Categorical Classes 20260915/View Obstructed/20260822_205519_L31_PalletGHF0823013127_Cavity4_B01BK8P_Fail7_Score(1).bmp,View Obstructed,L31,train
8a1b1846348dac2cac299b364c8b1186,/data/FMD_Data_26082026/fmd_temp_images/Updated ICube Categorical Classes 20260915/View Obstructed/20260828_045202_L31_PalletGHM0828092833_Cavity5_B01BKVM_Fail7_Score(1).bmp,View Obstructed,L31,train
8ed42248d3af2f55def10732b8f6abea,/data/FMD_Data_26082026/fmd_temp_images/Updated ICube Categorical Classes 20260915/View Obstructed/20260828_045202_L31_PalletGHM0828092833_Cavity12_B01BKVM_Fail7_Score(1).bmp,View Obstructed,L31,train
9c14a16204fb69621b168068d54860e0,/data/FMD_Data_26082026/fmd_temp_images/Updated ICube Categorical Classes 20260915/View Obstructed/20260828_045202_L31_PalletGHM0828092833_Cavity14_B01BKVM_Fail7_Score(1).bmp,View Obstructed,L31,train
a404cb2b724beae93ba67cdaac2cc590,/data/FMD_Data_26082026/fmd_temp_images/Updated ICube Categorical Classes 20260915/View Obstructed/20260904_082024_L31_PalletGHC0904125630_Cavity10_B01BKVK_Fail7_Score(1).bmp,View Obstructed,L31,train
ae2ae906a63c61ec0dc300fabfe631aa,/data/FMD_Data_26082026/fmd_temp_images/Updated ICube Categorical Classes 20260915/View Obstructed/20260819_064340_L31_PalletGHF0819111934_Cavity5_B01BHQG_Fail7_Score(1).bmp,View Obstructed,L31,train
cc1e691a032f21c5f23ea04fb0505ae1,/data/FMD_Data_26082026/fmd_temp_images/Updated ICube Categorical Classes 20260915/View Obstructed/20260819_064340_L31_PalletGHF0819111934_Cavity2_B01BHQG_Fail7_Score(1).bmp,View Obstructed,L31,train
dc030f89eecb5125c7192fff5f7b4551,/data/FMD_Data_26082026/fmd_temp_images/Updated ICube Categorical Classes 20260915/View Obstructed/20260828_045202_L31_PalletGHM0828092833_Cavity3_B01BKVM_Fail7_Score(1).bmp,View Obstructed,L31,train
e53899eb12a176368f6f6db7dc709b3f,/data/FMD_Data_26082026/fmd_temp_images/Updated ICube Categorical Classes 20260915/View Obstructed/20260828_045202_L31_PalletGHM0828092833_Cavity10_B01BKVM_Fail7_Score(1).bmp,View Obstructed,L31,train
edbe3170dd558f00418f8168be188d64,/data/FMD_Data_26082026/fmd_temp_images/Updated ICube Categorical Classes 20260915/View Obstructed/20260828_045202_L31_PalletGHM0828092833_Cavity11_B01BKVM_Fail7_Score(1).bmp,View Obstructed,L31,train
f0d51e747d714189900295c59eb82b9d,/data/FMD_Data_26082026/fmd_temp_images/Updated ICube Categorical Classes 20260915/View Obstructed/20260828_045202_L31_PalletGHM0828092833_Cavity1_B01BKVM_Fail7_Score(1).bmp,View Obstructed,L31,train
f104ef5aac388c378691f8f5564004fa,/data/FMD_Data_26082026/fmd_temp_images/Updated ICube Categorical Classes 20260915/View Obstructed/20260819_064340_L31_PalletGHF0819111934_Cavity3_B01BHQG_Fail7_Score(1).bmp,View Obstructed,L31,train
f3cfdc2d084e795547a199b19637ec9b,/data/FMD_Data_26082026/fmd_temp_images/Updated ICube Categorical Classes 20260915/View Obstructed/20260906_112230_L31_PalletGHN0906155845_Cavity7_B01BM8T_Fail7_Score(1).bmp,View Obstructed,L31,train
f63e57df9f62114e3459cf3eebc1a6ac,/data/FMD_Data_26082026/fmd_temp_images/Updated ICube Categorical Classes 20260915/View Obstructed/20260819_064340_L31_PalletGHF0819111934_Cavity14_B01BHQG_Fail7_Score(1).bmp,View Obstructed,L31,train
85ed5e73c321444242df9ec00d77265a,/data/FMD_Data_26082026/fmd_temp_images/ICube Defects Library/Wet Package/20260805_142021_L31_PalletGHH0805185558_Cavity2_B01BGTV_Fail7_Score(0.9995881).bmp,Wet Package,L31,test
1c9afa06d64acbb9bc02a55cd3922348,/data/FMD_Data_26082026/fmd_temp_images/ICube Defects Library/Wet Package/20260806_013034_L31_PalletGHL0806060615_Cavity8_B01BGTS_Fail7_Score(0.9849097).bmp,Wet Package,L31,train
