source_md5,source_path,class,line,split
00b8b3754b06da772faa1d6b754a6f81,/data/FMD_Data_26082026/fmd_temp_images/Updated ICube Objects 20260915/Foreign Matter/20260808_191720_L31_PalletGHQ0808235321_Cavity9_B01BGV2_Fail7_Score(0.9998164).bmp,Foreign Matter,L31,test
011fe5aafd28d578b43cf70b35f2fdd0,/data/FMD_Data_26082026/fmd_temp_images/Updated ICube Objects 20260915/Foreign Matter/20260908_054554_L31_PalletGHS0908102215_Cavity8_B01BK83_Fail7_Score(0.9999968).bmp,Foreign Matter,L31,test
0381e68905d73938521af5cff2820a80,/data/FMD_Data_26082026/fmd_temp_images/Updated ICube Objects 20260915/Foreign Matter/20260827_100306_L31_PalletGHH0827143936_Cavity1_B01BLHP_Fail7_Score(0.9986361).bmp,Foreign Matter,L31,test
054e68199d52f8b09479e0bcf083891f,/data/FMD_Data_26082026/fmd_temp_images/Updated ICube Objects 20260915/Foreign Matter/20260831_053322_L31_PalletGHR0831101007_Cavity3_B01BKV8_Fail7_Score(0.9999717).bmp,Foreign Matter,L31,test
06322e3b1a16867a4ef0d9537a865d15,/data/FMD_Data_26082026/fmd_temp_images/Updated ICube Objects 20260915/Foreign Matter/20260809_114408_L31_PalletGHK0809162001_Cavity13_B01BGV9_Fail7_Score(0.9999545).bmp,Foreign Matter,L31,test
0a3734b46c2f61e7d2ef6b310390e8f8,/data/FMD_Data_26082026/fmd_temp_images/Updated ICube Objects 20260915/Foreign Matter/20260820_002631_L31_PalletGHI0820050222_Cavity12_B01BK80_Fail7_Score(0.9990097).bmp,Foreign Matter,L31,test
0b7d7b0422db551c8c114bcdd79cb8fa,/data/FMD_Data_26082026/fmd_temp_images/Updated ICube Objects 20260915/Foreign Matter/20260808_005828_L31_PalletGHE0808053425_Cavity4_B01BG29_Fail7_Score(0.9997587).bmp,Foreign Matter,L31,test
0c7a53d7bb36ba18c0671a7e3a4d1463,/data/FMD_Data_26082026/fmd_temp_images/Updated ICube Objects 20260915/Foreign Matter/20260807_182957_L31_PalletGHR0807230537_Cavity7_B01BGTW_Fail7_Score(0.9946742).bmp,Foreign Matter,L31,test
0f341ad4358e0e832cdb3585520ee123,/data/FMD_Data_26082026/fmd_temp_images/Updated ICube Objects 20260915/Foreign Matter/20260809_235329_L31_PalletGHH0810042929_Cavity11_B01BGVC_Fail7_Score(0.9985768).bmp,Foreign Matter,L31,test
0ff624ef43351a49f0d9a05b04f95876,/data/FMD_Data_26082026/fmd_temp_images/Updated ICube Objects 20260915/Foreign Matter/20260817_092949_L31_PalletGHE0817140530_Cavity7_B01BHQ3_Fail7_Score(0.9935781).bmp,Foreign Matter,L31,test
10dbdc2fa25c2557b4aca7d9c9d44243,/data/FMD_Data_26082026/fmd_temp_images/Updated ICube Objects 20260915/Foreign Matter/20260805_123424_L31_PalletGHS0805171007_Cavity3_B01BGTV_Fail7_Score(0.9999758)_1.0000_0.5913.bmp,Foreign Matter,L31,test
1103aad0ce72fb92ad2ef05b7606c17d,/data/FMD_Data_26082026/fmd_temp_images/Updated ICube Objects 20260915/Foreign Matter/20260817_023827_L31_PalletGHP0817071408_Cavity11_B01BHQ1_Fail7_Score(0.9890829).bmp,Foreign Matter,L31,test
1d60f8bb7df6c1371049fb9e75899bc6,/data/FMD_Data_26082026/fmd_temp_images/Updated ICube Objects 20260915/Foreign Matter/20260814_153857_L31_PalletGHD0814201519_Cavity1_B01BHKC_Fail7_Score(0.9997913).bmp,Foreign Matter,L31,test
1e9beff12bb6590b4633c7a94e45baba,/data/FMD_Data_26082026/fmd_temp_images/Updated ICube Objects 20260915/Foreign Matter/20260828_161530_L31_PalletGHK0828204729_Cavity6_B01BKS5_Fail7_Score(0.9854442).bmp,Foreign Matter,L31,test
22cb36055d86f24f703568105d0bfffd,/data/FMD_Data_26082026/fmd_temp_images/Updated ICube Objects 20260915/Foreign Matter/20260823_100408_L31_PalletGHU0823144014_Cavity7_B01BK8R_Fail7_Score(0.9994166).bmp,Foreign Matter,L31,test
30b426867276858ac0b8a96c2343e53b,/data/FMD_Data_26082026/fmd_temp_images/Updated ICube Objects 20260915/Foreign Matter/20260828_045443_L31_PalletGHL0828093119_Cavity12_B01BKVM_Fail7_Score(0.9999298).bmp,Foreign Matter,L31,test
353137dfbe366edca56eb52772000810,/data/FMD_Data_26082026/fmd_temp_images/Updated ICube Objects 20260915/Foreign Matter/20260815_161715_L31_PalletGHG0815205348_Cavity13_B01BHQS_Fail7_Score(0.9999993)_0.9893_0.4046.bmp,Foreign Matter,L31,test
455aefc12cf792114ce692fbe96ab37d,/data/FMD_Data_26082026/fmd_temp_images/ICube Defects Library/Foreign Matter/20260805_095016_L31_PalletGHF0805142558_Cavity15_B01BH5J_Fail7_Score(0.9999207).bmp,Foreign Matter,L31,test
48c5e4d770cd3519805fc1b10901aa64,/data/FMD_Data_26082026/fmd_temp_images/Updated ICube Objects 20260915/Foreign Matter/20260829_102940_L31_PalletGHB0829150617_Cavity3_B01BKVG_Fail7_Score(0.9992886).bmp,Foreign Matter,L31,test
4e4ce4480b7ef599f0dd6b7a8a802492,/data/FMD_Data_26082026/fmd_temp_images/Updated ICube Objects 20260915/Foreign Matter/20260806_004821_L31_PalletGHC0806052404_Cavity8_B01BGTS_Fail7_Score(0.9997873).bmp,Foreign Matter,L31,test
4ed0e4ce6d19c6922164c7e61751e04f,/data/FMD_Data_26082026/fmd_temp_images/Updated ICube Objects 20260915/Foreign Matter/20260828_044901_L31_PalletGHF0828092530_Cavity13_B01BKVM_Fail7_Score(0.9999653).bmp,Foreign Matter,L31,test
5324602ca1190917ce43e2967bc0879f,/data/FMD_Data_26082026/fmd_temp_images/Updated ICube Objects 20260915/Foreign Matter/20260825_092423_L31_PalletGHB0825135802_Cavity6_B01BK8X_Fail6_Score(0.977872)_0.9988_0.9930.bmp,Foreign Matter,L31,test
561630f83053b9644c27e066c1c461ee,/data/FMD_Data_26082026/fmd_temp_images/Updated ICube Objects 20260915/Foreign Matter/20260816_222454_L31_PalletGHO0817030032_Cavity3_B01BHQ0_Fail7_Score(0.9999991).bmp,Foreign Matter,L31,test
56db5e21e6aa5f20c80642a6b3a0ad60,/data/FMD_Data_26082026/fmd_temp_images/Updated ICube Objects 20260915/Foreign Matter/20260828_082813_L31_PalletGHM0828130443_Cavity5_B01BKVM_Fail7_Score(0.9997534).bmp,Foreign Matter,L31,test
57ae7a969f1622a45cdbe98869ea0c0b,/data/FMD_Data_26082026/fmd_temp_images/Updated ICube Objects 20260915/Foreign Matter/20260813_130847_L31_PalletGHP0813174503_Cavity1_B01BGV4_Fail7_Score(0.9981332).bmp,Foreign Matter,L31,test
5de8a143d9f934b32e2e6afa1aee787f,/data/FMD_Data_26082026/fmd_temp_images/Updated ICube Objects 20260915/Foreign Matter/20260820_024950_L31_PalletGHE0820072536_Cavity3_B01BK81_Fail7_Score(0.9999865).bmp,Foreign Matter,L31,test
6680a8c47dc14cc47ecc3c031bd17615,/data/FMD_Data_26082026/fmd_temp_images/Updated ICube Objects 20260915/Foreign Matter/20260810_120519_L31_PalletGHL0810164045_Cavity11_B01BHK4_Fail4_Score(0.9456501).bmp,Foreign Matter,L31,test
6b574338f1013845ddcfe02016add0ae,/data/FMD_Data_26082026/fmd_temp_images/Updated ICube Objects 20260915/Foreign Matter/20260810_004017_L31_PalletGHR0810051617_Cavity12_B01BGVC_Fail7_Score(0.9999996).bmp,Foreign Matter,L31,test
706614032389fc92643677ad262a86ac,/data/FMD_Data_26082026/fmd_temp_images/Updated ICube Objects 20260915/Foreign Matter/20260815_174556_L31_PalletGHF0815222127_Cavity3_B01BHQS_Fail7_Score(0.9980986).bmp,Foreign Matter,L31,test
714e2d6f8782ea8a569e8e8d7845532c,/data/FMD_Data_26082026/fmd_temp_images/ICube Defects Library/Foreign Matter/20260805_180044_L31_PalletGHN0805223620_Cavity4_B01BGTV_Fail7_Score(0.9998782).bmp,Foreign Matter,L31,test
72584a1a9b275ade1fa352652394ebea,/data/FMD_Data_26082026/fmd_temp_images/ICube Defects Library/Foreign Matter/20260805_094920_L31_PalletGHF0805142455_Cavity8_B01BH5J_Fail7_Score(0.9998156).bmp,Foreign Matter,L31,test
79b193758e794bdc9ba76d10bb5491c9,/data/FMD_Data_26082026/fmd_temp_images/Updated ICube Objects 20260915/Foreign Matter/20260825_004605_L31_PalletGHM0825052221_Cavity10_B01BK9L_Fail7_Score(0.996482).bmp,Foreign Matter,L31,test
7b5362b8e7b4c9dc7dd943b4cbd2c797,/data/FMD_Data_26082026/fmd_temp_images/Updated ICube Objects 20260915/Foreign Matter/20260828_061635_L31_PalletGHR0828105208_Cavity5_B01BKVM_Fail6_Score(0.978904).bmp,Foreign Matter,L31,test
8c1ad01057d9527e4b71ef3b2d5b709f,/data/FMD_Data_26082026/fmd_temp_images/Updated ICube Objects 20260915/Foreign Matter/20260823_194436_L31_PalletGHL0824002034_Cavity5_B01BK8S_Fail7_Score(0.9998508).bmp,Foreign Matter,L31,test
9085c76c97f0084fb7a10b5413c04479,/data/FMD_Data_26082026/fmd_temp_images/Updated ICube Objects 20260915/Foreign Matter/20260814_232951_L31_PalletGHM0815040616_Cavity12_B01BHQ2_Fail7_Score(0.9999988).bmp,Foreign Matter,L31,test
936d5dc3c7c96a65ac784d0c9ac6b07b,/data/FMD_Data_26082026/fmd_temp_images/Updated ICube Objects 20260915/Foreign Matter/20260903_223050_L31_PalletGHS0904030656_Cavity11_B01BKVH_Fail7_Score(0.990167).bmp,Foreign Matter,L31,test
98a1e9ee5134b3ffe66758719574057e,/data/FMD_Data_26082026/fmd_temp_images/Updated ICube Objects 20260915/Foreign Matter/20260829_161743_L31_PalletGHK0829205422_Cavity5_B01BKS9_Fail7_Score(0.9996856).bmp,Foreign Matter,L31,test
a24b340be50ec54f5060583dc48ba42e,/data/FMD_Data_26082026/fmd_temp_images/Updated ICube Objects 20260915/Foreign Matter/20260814_210108_L31_PalletGHS0815013731_Cavity6_B01BHPV_Fail7_Score(0.9999293).bmp,Foreign Matter,L31,test
a32d1a56217a6ebf259bb545d2ea1205,/data/FMD_Data_26082026/fmd_temp_images/ICube Defects Library/Foreign Matter/20260805_143141_L31_PalletGHM0805190720_Cavity9_B01BGTV_Fail7_Score(0.9999341).bmp,Foreign Matter,L31,test
a342e5f331893add392aa056b992fa0d,/data/FMD_Data_26082026/fmd_temp_images/Updated ICube Objects 20260915/Foreign Matter/20260908_091604_L31_PalletGHG0908134221_Cavity12_B01BM7H_Fail7_Score(0.9997739).bmp,Foreign Matter,L31,test
aba5ded440ce5e7ba4a20f061ee11198,/data/FMD_Data_26082026/fmd_temp_images/ICube Defects Library/Foreign Matter/20260805_205339_L31_PalletGHR0806012919_Cavity10_B01BGTS_Fail7_Score(0.9996818).bmp,Foreign Matter,L31,test
aeb6b8d5f91720e21f66123a9ba9ea51,/data/FMD_Data_26082026/fmd_temp_images/Updated ICube Objects 20260915/Foreign Matter/20260806_114532_L31_PalletGHH0806162109_Cavity7_B01BGTR_Fail7_Score(0.9999956).bmp,Foreign Matter,L31,test
b18d3510d8067ffdbb7cf01440623d57,/data/FMD_Data_26082026/fmd_temp_images/Updated ICube Objects 20260915/Foreign Matter/20260809_022518_L31_PalletGHU0809070118_Cavity7_B01BGV3_Fail7_Score(0.9981868).bmp,Foreign Matter,L31,test
b3e30591f6f13d720e47a86ba79e0adb,/data/FMD_Data_26082026/fmd_temp_images/ICube Defects Library/Foreign Matter/20260806_021501_L31_PalletGHJ0806065040_Cavity6_B01BGTS_Fail7_Score(0.9997464).bmp,Foreign Matter,L31,test
b4fd2f2bd6b2ec0d0a00c6366c8aea14,/data/FMD_Data_26082026/fmd_temp_images/Updated ICube Objects 20260915/Foreign Matter/20260908_091512_L31_PalletGHH0908134221_Cavity14_B01BM7H_Fail7_Score(0.9974447).bmp,Foreign Matter,L31,test
b6e687244e799a6e682142c43f3b8ee2,/data/FMD_Data_26082026/fmd_temp_images/Updated ICube Objects 20260915/Foreign Matter/20260824_055718_L31_PalletGHF0824103328_Cavity9_B01BK8V_Fail7_Score(0.9992813).bmp,Foreign Matter,L31,test
b87cce56fcaa2cdb05ccaaac127d4b44,/data/FMD_Data_26082026/fmd_temp_images/ICube Defects Library/Foreign Matter/20260805_222532_L31_PalletGHB0806030114_Cavity3_B01BGTS_Fail7_Score(0.997124).bmp,Foreign Matter,L31,test
bd0d106940c8c4f1c891dbb90cc39050,/data/FMD_Data_26082026/fmd_temp_images/Updated ICube Objects 20260915/Foreign Matter/20260805_101705_L31_PalletGHS0805145248_Cavity7_B01BGTV_Fail4_Score(0.9364077)_1.0000_0.9510.bmp,Foreign Matter,L31,test
bf306b981a4fe2d7c47214602146b541,/data/FMD_Data_26082026/fmd_temp_images/Updated ICube Objects 20260915/Foreign Matter/20260814_010802_L31_PalletGHC0814054420_Cavity2_B01BGV6_Fail7_Score(0.9997794).bmp,Foreign Matter,L31,test
c91b24d53856d8b78d91213a612879f3,/data/FMD_Data_26082026/fmd_temp_images/Updated ICube Objects 20260915/Foreign Matter/20260815_010426_L31_PalletGHA0815054055_Cavity14_B01BHQ2_Fail7_Score(0.9994954).bmp,Foreign Matter,L31,test
ca476938ff7dbbc782c4f4599948c9da,/data/FMD_Data_26082026/fmd_temp_images/Updated ICube Objects 20260915/Foreign Matter/20260823_131459_L31_PalletGHA0823175100_Cavity4_B01BK8R_Fail7_Score(0.9999989).bmp,Foreign Matter,L31,test
da9a0ff82a6c080b155b5533ba93a7fa,/data/FMD_Data_26082026/fmd_temp_images/Updated ICube Objects 20260915/Foreign Matter/20260808_213739_L31_PalletGHP0809021335_Cavity1_B01BGV2_Fail7_Score(0.9998831).bmp,Foreign Matter,L31,test
df483a690efe0f4f6d61196362715036,/data/FMD_Data_26082026/fmd_temp_images/ICube Defects Library/Foreign Matter/20260805_185831_L31_PalletGHE0805233413_Cavity5_B01BGTV_Fail7_Score(0.9994507).bmp,Foreign Matter,L31,test
e6e1b785a9f8f4feee819777c1aaef75,/data/FMD_Data_26082026/fmd_temp_images/Updated ICube Objects 20260915/Foreign Matter/20260816_042018_L31_PalletGHA0816085550_Cavity6_B01BHPZ_Fail7_Score(0.9995435).bmp,Foreign Matter,L31,test
edcf751a9e315d0e9191ee72cc587910,/data/FMD_Data_26082026/fmd_temp_images/Updated ICube Objects 20260915/Foreign Matter/20260821_194104_L31_PalletGHB0822001708_Cavity15_B01BK8K_Fail7_Score(0.9996131).bmp,Foreign Matter,L31,test
f2f67d990f9032ee42d94da0703bc088,/data/FMD_Data_26082026/fmd_temp_images/Updated ICube Objects 20260915/Foreign Matter/20260824_125619_L31_PalletGHJ0824173230_Cavity4_B01BK8W_Fail7_Score(0.9939128).bmp,Foreign Matter,L31,test
fdcd28e30967acc2904e9c40c4ce0911,/data/FMD_Data_26082026/fmd_temp_images/Updated ICube Objects 20260915/Foreign Matter/20260816_174216_L31_PalletGHD0816221727_Cavity13_B01BHQ0_Fail7_Score(0.9998941).bmp,Foreign Matter,L31,test
feb2533ffae4dcb5d912f4380278eb41,/data/FMD_Data_26082026/fmd_temp_images/Updated ICube Objects 20260915/Foreign Matter/20260816_171958_L31_PalletGHQ0816215532_Cavity1_B01BHQ0_Fail7_Score(0.9998679).bmp,Foreign Matter,L31,test
ff440249b9b862a801858a65616bddfe,/data/FMD_Data_26082026/fmd_temp_images/ICube Defects Library/Foreign Matter/20260805_103220_L31_PalletGHA0805150751_Cavity4_B01BGTV_Fail7_Score(0.9990243).bmp,Foreign Matter,L31,test
0171c07f5939ea02c029c7f8d0537689,/data/FMD_Data_26082026/fmd_temp_images/Updated ICube Objects 20260915/Foreign Matter/20260810_045406_L31_PalletGHO0810093007_Cavity2_B01BHK3_Fail6_Score(0.9726774).bmp,Foreign Matter,L31,train
01e0645b1860ccd9af3725be9d2a764c,/data/FMD_Data_26082026/fmd_temp_images/Updated ICube Objects 20260915/Foreign Matter/20260908_091604_L31_PalletGHG0908134221_Cavity15_B01BM7H_Fail7_Score(0.999545).bmp,Foreign Matter,L31,train
0581163a3753424798487426c73e56ef,/data/FMD_Data_26082026/fmd_temp_images/Updated ICube Objects 20260915/Foreign Matter/20260806_084450_L31_PalletGHR0806132015_Cavity13_B01BGTR_Fail7_Score(0.9931991)_0.9999_0.9365.bmp,Foreign Matter,L31,train
05e4a75c6f7afd92ac7449610ecd3ae1,/data/FMD_Data_26082026/fmd_temp_images/Updated ICube Objects 20260915/Foreign Matter/20260824_143907_L31_PalletGHG0824190539_Cavity14_B01BK8W_Fail7_Score(0.9997001).bmp,Foreign Matter,L31,train
0696511505824f4b5d850f7f5da1174c,/data/FMD_Data_26082026/fmd_temp_images/Updated ICube Objects 20260915/Foreign Matter/20260818_012554_L31_PalletGHR0818060138_Cavity9_B01BHQB_Fail7_Score(0.9924121).bmp,Foreign Matter,L31,train
07110abb5864b14f07905e134a4230d0,/data/FMD_Data_26082026/fmd_temp_images/Updated ICube Objects 20260915/Foreign Matter/20260808_050128_L31_PalletGHK0808093721_Cavity12_B01BGTX_Fail7_Score(0.9989729).bmp,Foreign Matter,L31,train
08333ac215c0e10978db9d9666d08dc6,/data/FMD_Data_26082026/fmd_temp_images/Updated ICube Objects 20260915/Foreign Matter/20260909_005516_L31_PalletGHA0909052526_Cavity8_B01BM7N_Fail7_Score(0.999131).bmp,Foreign Matter,L31,train
089bf883f388d72d64cc40ed641902e6,/data/FMD_Data_26082026/fmd_temp_images/ICube Defects Library/Foreign Matter/20260805_142712_L31_PalletGHD0805190250_Cavity5_B01BGTV_Fail7_Score(0.9936844).bmp,Foreign Matter,L31,train
08da0438e969664e821161d6bd9b727c,/data/FMD_Data_26082026/fmd_temp_images/Updated ICube Objects 20260915/Foreign Matter/20260825_114428_L31_PalletGHC0825162045_Cavity7_B01BK8Z_Fail7_Score(0.9937794).bmp,Foreign Matter,L31,train
108e4a4828bcecac4c2d92f74eb7fbff,/data/FMD_Data_26082026/fmd_temp_images/Updated ICube Objects 20260915/Foreign Matter/20260823_091233_L31_PalletGHF0823134842_Cavity14_B01BK8R_Fail7_Score(0.9999908).bmp,Foreign Matter,L31,train
12e578da588f6642533d9d29e1d3baec,/data/FMD_Data_26082026/fmd_temp_images/ICube Defects Library/Foreign Matter/20260805_204540_L31_PalletGHF0806012122_Cavity15_B01BGTS_Fail7_Score(0.9993604).bmp,Foreign Matter,L31,train
146ecd040626de85e9e25d51a9e9033d,/data/FMD_Data_26082026/fmd_temp_images/Updated ICube Objects 20260915/Foreign Matter/20260810_043734_L31_PalletGHN0810091337_Cavity10_B01BHK3_Fail7_Score(0.9998835)_0.9998_0.4721.bmp,Foreign Matter,L31,train
198432569092d5321f0adf69b01c0b20,/data/FMD_Data_26082026/fmd_temp_images/ICube Defects Library/Foreign Matter/20260805_225702_L31_PalletGHN0806033240_Cavity9_B01BGTS_Fail7_Score(0.9999043).bmp,Foreign Matter,L31,train
19945438eec5d968469207233914c5f0,/data/FMD_Data_26082026/fmd_temp_images/Updated ICube Objects 20260915/Foreign Matter/20260823_233101_L31_PalletGHL0824040712_Cavity2_B01BK8T_Fail7_Score(0.9999831).bmp,Foreign Matter,L31,train
1b7a439ae6aba1277acd6a9e94dd4405,/data/FMD_Data_26082026/fmd_temp_images/Updated ICube Objects 20260915/Foreign Matter/20260809_104434_L31_PalletGHK0809152030_Cavity5_B01BGV9_Fail7_Score(0.9999195).bmp,Foreign Matter,L31,train
1bc74fd3745789dcfd0c935a53d7e69c,/data/FMD_Data_26082026/fmd_temp_images/Updated ICube Objects 20260915/Foreign Matter/20260807_131450_L31_PalletGHF0807175045_Cavity14_B01BGTW_Fail7_Score(0.9986543).bmp,Foreign Matter,L31,train
1e522e23d80272b1cef80092c6c51ac2,/data/FMD_Data_26082026/fmd_temp_images/Updated ICube Objects 20260915/Foreign Matter/20260831_043953_L31_PalletGHE0831091644_Cavity11_B01BKV8_Fail7_Score(0.9999753).bmp,Foreign Matter,L31,train
1fb71338c64df04d562f0c091a5947ca,/data/FMD_Data_26082026/fmd_temp_images/ICube Defects Library/Foreign Matter/20260805_093458_L31_PalletGHC0805141002_Cavity13_B01BH5J_Fail7_Score(0.9999756).bmp,Foreign Matter,L31,train
2672a1507c6c6120162590987c35ee4d,/data/FMD_Data_26082026/fmd_temp_images/ICube Defects Library/Foreign Matter/20260805_180528_L31_PalletGHA0805224101_Cavity3_B01BGTV_Fail7_Score(0.9986681).bmp,Foreign Matter,L31,train
26989d0b7dea28fee48f96250c4bafb9,/data/FMD_Data_26082026/fmd_temp_images/Updated ICube Objects 20260915/Foreign Matter/20260807_192056_L31_PalletGHT0807235646_Cavity1_B01BG2K_Fail7_Score(0.9973646).bmp,Foreign Matter,L31,train
272adc52ac302071c6c63690dcce87f0,/data/FMD_Data_26082026/fmd_temp_images/Updated ICube Objects 20260915/Foreign Matter/20260821_004251_L31_PalletGHB0821051846_Cavity13_B01BK8F_Fail7_Score(0.999574).bmp,Foreign Matter,L31,train
2973b154a5dc01cebcd85cbd983c7ccf,/data/FMD_Data_26082026/fmd_temp_images/Updated ICube Objects 20260915/Foreign Matter/20260903_213152_L31_PalletGHA0904020757_Cavity9_B01BKVH_Fail7_Score(0.9996175).bmp,Foreign Matter,L31,train
2c03944e386390cb4a5681a8b1400d40,/data/FMD_Data_26082026/fmd_temp_images/Updated ICube Objects 20260915/Foreign Matter/20260821_141835_L31_PalletGHQ0821185438_Cavity11_B01BK8K_Fail7_Score(0.9989347).bmp,Foreign Matter,L31,train
2c2d8aac28cf626f809a39715a15756d,/data/FMD_Data_26082026/fmd_temp_images/Updated ICube Objects 20260915/Foreign Matter/20260819_044928_L31_PalletGHA0819092517_Cavity12_B01BHQF_Fail7_Score(0.9997676).bmp,Foreign Matter,L31,train
2e82cd748b6fe10adb7034edaf839b0f,/data/FMD_Data_26082026/fmd_temp_images/Updated ICube Objects 20260915/Foreign Matter/20260816_021356_L31_PalletGHC0816064929_Cavity13_B01BHPZ_Fail7_Score(0.9976186).bmp,Foreign Matter,L31,train
2f0add85c7105b8ef0caf551a9d84c61,/data/FMD_Data_26082026/fmd_temp_images/Updated ICube Objects 20260915/Foreign Matter/20260819_101535_L31_PalletGHE0819145108_Cavity8_B01BHQM_Fail7_Score(0.9998195)_0.9997_0.9209.bmp,Foreign Matter,L31,train
354d65597938f8eada83c0a95ce72338,/data/FMD_Data_26082026/fmd_temp_images/Updated ICube Objects 20260915/Foreign Matter/20260807_092243_L31_PalletGHI0807135832_Cavity8_B01BGV0_Fail7_Score(0.9955951).bmp,Foreign Matter,L31,train
3838f2058626309f27a9fd42f464b0e9,/data/FMD_Data_26082026/fmd_temp_images/Updated ICube Objects 20260915/Foreign Matter/20260827_092615_L31_PalletGHO0827140243_Cavity1_B01BK9D_Fail7_Score(0.9999779).bmp,Foreign Matter,L31,train
38672d1d1f30707b6c87345e92f3459b,/data/FMD_Data_26082026/fmd_temp_images/Updated ICube Objects 20260915/Foreign Matter/20260815_015246_L31_PalletGHL0815062917_Cavity4_B01BHQ5_Fail7_Score(0.9997672).bmp,Foreign Matter,L31,train
38cdff2c1ba20b5848a47f39c93c3e2c,/data/FMD_Data_26082026/fmd_temp_images/Updated ICube Objects 20260915/Foreign Matter/20260819_084936_L31_PalletGHG0819132524_Cavity8_B01BHQJ_Fail7_Score(1).bmp,Foreign Matter,L31,train
3ba92db9c012731b7c77cc88cc54675e,/data/FMD_Data_26082026/fmd_temp_images/Updated ICube Objects 20260915/Foreign Matter/20260815_234911_L31_PalletGHB0816042447_Cavity5_B01BHPZ_Fail7_Score(0.9884822).bmp,Foreign Matter,L31,train
424d22d03e70b2440a6aaa9a308f4db5,/data/FMD_Data_26082026/fmd_temp_images/ICube Defects Library/Foreign Matter/20260805_172905_L31_PalletGHA0805220448_Cavity13_B01BGTV_Fail7_Score(0.9999885).bmp,Foreign Matter,L31,train
435d1e3da70799d9847df77222a1fafd,/data/FMD_Data_26082026/fmd_temp_images/Updated ICube Objects 20260915/Foreign Matter/20260810_013249_L31_PalletGHR0810060854_Cavity7_B01BGVC_Fail7_Score(0.9998826).bmp,Foreign Matter,L31,train
43b144387ca85f93b1822a46ef7701b4,/data/FMD_Data_26082026/fmd_temp_images/ICube Defects Library/Foreign Matter/20260805_142729_L31_PalletGHK0805190307_Cavity13_B01BGTV_Fail7_Score(0.9998276).bmp,Foreign Matter,L31,train
45bd7ad39463a4c39e8f7e82c839ab04,/data/FMD_Data_26082026/fmd_temp_images/ICube Defects Library/Foreign Matter/20260805_195107_L31_PalletGHO0806002648_Cavity6_B01BGTV_Fail7_Score(0.9998088).bmp,Foreign Matter,L31,train
47c57cd3d1f72f3d6b096641bf202ea0,/data/FMD_Data_26082026/fmd_temp_images/Updated ICube Objects 20260915/Foreign Matter/20260822_195659_L31_PalletGHJ0823003258_Cavity11_B01BK8P_Fail7_Score(0.9976733).bmp,Foreign Matter,L31,train
4d727119f8993377bdc0aafecb7a6a5a,/data/FMD_Data_26082026/fmd_temp_images/Updated ICube Objects 20260915/Foreign Matter/20260903_101218_L31_PalletGHQ0903144821_Cavity14_B01BN6V_Fail7_Score(0.9969683).bmp,Foreign Matter,L31,train
5333b6f872b6a1a743b902795eb16f6c,/data/FMD_Data_26082026/fmd_temp_images/ICube Defects Library/Foreign Matter/20260805_112552_L31_PalletGHG0805160132_Cavity14_B01BGTV_Fail7_Score(0.9999911).bmp,Foreign Matter,L31,train
56f8dc97df4d5fb7af479b62a7f4cdad,/data/FMD_Data_26082026/fmd_temp_images/Updated ICube Objects 20260915/Foreign Matter/20260806_061812_L31_PalletGHO0806105354_Cavity8_B01BGTR_Fail7_Score(0.9955103).bmp,Foreign Matter,L31,train
5be10d2f79bfc2414bfaa442482121c4,/data/FMD_Data_26082026/fmd_temp_images/Updated ICube Objects 20260915/Foreign Matter/20260810_022218_L31_PalletGHB0810065823_Cavity6_B01BHK3_Fail7_Score(0.9988887).bmp,Foreign Matter,L31,train
5c5a0a5c4a6181f917851c12f0a1a3d7,/data/FMD_Data_26082026/fmd_temp_images/Updated ICube Objects 20260915/Foreign Matter/20260809_185433_L31_PalletGHL0809233034_Cavity10_B01BGVB_Fail7_Score(0.9994586).bmp,Foreign Matter,L31,train
5d3a42a1b20eb6c3229f7c523ac01204,/data/FMD_Data_26082026/fmd_temp_images/Updated ICube Objects 20260915/Foreign Matter/20260825_001115_L31_PalletGHG0825044713_Cavity7_B01BK9L_Fail7_Score(0.9996324).bmp,Foreign Matter,L31,train
5f037bbe35a42520f52dc0858c8459b9,/data/FMD_Data_26082026/fmd_temp_images/Updated ICube Objects 20260915/Foreign Matter/20260815_132246_L31_PalletGHB0815175913_Cavity4_B01BHPX_Fail4_Score(0.9449433)_0.9923_0.9867.bmp,Foreign Matter,L31,train
5f2944500b3976c7443dac40c1dea909,/data/FMD_Data_26082026/fmd_temp_images/Updated ICube Objects 20260915/Foreign Matter/20260805_212953_L31_PalletGHK0806020535_Cavity1_B01BGTS_Fail6_Score(0.9693362)_0.9999_0.9781.bmp,Foreign Matter,L31,train
5f7a654169557fefba7e82c8f4044f4f,/data/FMD_Data_26082026/fmd_temp_images/Updated ICube Objects 20260915/Foreign Matter/20260827_073054_L31_PalletGHC0827120721_Cavity1_B01BK9D_Fail7_Score(0.9997686).bmp,Foreign Matter,L31,train
6169a06b668d0de5b447b7ebd5352978,/data/FMD_Data_26082026/fmd_temp_images/ICube Defects Library/Foreign Matter/20260805_212849_L31_PalletGHG0806020431_Cavity9_B01BGTS_Fail7_Score(0.9981229).bmp,Foreign Matter,L31,train
62821fee79ece2874b68f09e48449b6a,/data/FMD_Data_26082026/fmd_temp_images/Updated ICube Objects 20260915/Foreign Matter/20260818_115940_L31_PalletGHK0818163524_Cavity10_B01BJPW_Fail7_Score(0.9999958).bmp,Foreign Matter,L31,train
62af29dbb8817ce3251c8df45f1645e3,/data/FMD_Data_26082026/fmd_temp_images/Updated ICube Objects 20260915/Foreign Matter/20260825_001055_L31_PalletGHT0825044653_Cavity14_B01BK9L_Fail7_Score(0.9999269).bmp,Foreign Matter,L31,train
63fc9690387001119c55ed90bb3e6cdb,/data/FMD_Data_26082026/fmd_temp_images/Updated ICube Objects 20260915/Foreign Matter/20260828_083734_L31_PalletGHJ0828131406_Cavity3_B01BKVM_Fail4_Score(0.9346992).bmp,Foreign Matter,L31,train
644951f70fab516edaa37db5efc41e28,/data/FMD_Data_26082026/fmd_temp_images/ICube Defects Library/Foreign Matter/20260805_101715_L31_PalletGHA0805145300_Cavity15_B01BGTV_Fail7_Score(0.9948239).bmp,Foreign Matter,L31,train
64741723968efaa02eef4f456831e571,/data/FMD_Data_26082026/fmd_temp_images/Updated ICube Objects 20260915/Foreign Matter/20260813_141356_L31_PalletGHD0813184932_Cavity1_B01BGV4_Fail7_Score(0.9989329)_0.9998_0.9924.bmp,Foreign Matter,L31,train
66508c7b06fe820ba4b9d0e2743f5858,/data/FMD_Data_26082026/fmd_temp_images/Updated ICube Objects 20260915/Foreign Matter/20260823_095506_L31_PalletGHK0823143115_Cavity10_B01BK8R_Fail7_Score(0.9999901).bmp,Foreign Matter,L31,train
6e4d1325bb1fc12d91b5a9a9895fea6e,/data/FMD_Data_26082026/fmd_temp_images/Updated ICube Objects 20260915/Foreign Matter/20260908_040540_L31_PalletGHD0908084204_Cavity4_B01BK83_Fail7_Score(0.999182).bmp,Foreign Matter,L31,train
6f3ba94669fab1c43c8627f02eff3fdd,/data/FMD_Data_26082026/fmd_temp_images/ICube Defects Library/Foreign Matter/20260806_015835_L31_PalletGHE0806063414_Cavity14_B01BGTS_Fail7_Score(0.9999968).bmp,Foreign Matter,L31,train
707a7799914aeee549d20c06e02a3c32,/data/FMD_Data_26082026/fmd_temp_images/Updated ICube Objects 20260915/Foreign Matter/20260807_093856_L31_PalletGHE0807141445_Cavity11_B01BGV0_Fail7_Score(0.9907089).bmp,Foreign Matter,L31,train
71d1a30332f63251b33d805406145545,/data/FMD_Data_26082026/fmd_temp_images/Updated ICube Objects 20260915/Foreign Matter/20260820_122205_L31_PalletGHA0820165632_Cavity11_B01BK8G_Fail7_Score(0.9999133).bmp,Foreign Matter,L31,train
73198bd56cc5c2416ccea870cf0d56e8,/data/FMD_Data_26082026/fmd_temp_images/Updated ICube Objects 20260915/Foreign Matter/20260818_193531_L31_PalletGHS0819001113_Cavity10_B01BHQL_Fail7_Score(0.9999841).bmp,Foreign Matter,L31,train
739bb5abf9a891228dd5cc5cfb625287,/data/FMD_Data_26082026/fmd_temp_images/Updated ICube Objects 20260915/Foreign Matter/20260806_050301_L31_PalletGHA0806093842_Cavity14_B01BGTR_Fail7_Score(0.9994444).bmp,Foreign Matter,L31,train
76ccc736e15e038df31e7daf5bb8c162,/data/FMD_Data_26082026/fmd_temp_images/Updated ICube Objects 20260915/Foreign Matter/20260809_215900_L31_PalletGHL0810023438_Cavity15_B01BGVC_Fail7_Score(0.9999987).bmp,Foreign Matter,L31,train
770ee53912ac6df096072fb98de639e6,/data/FMD_Data_26082026/fmd_temp_images/Updated ICube Objects 20260915/Foreign Matter/20260809_230947_L31_PalletGHH0810034545_Cavity11_B01BGVC_Fail7_Score(0.999496).bmp,Foreign Matter,L31,train
77cbdacacbe677eeb528ba39ec94d9e6,/data/FMD_Data_26082026/fmd_temp_images/Updated ICube Objects 20260915/Foreign Matter/20260816_135505_L31_PalletGHA0816183039_Cavity14_B01BHQ0_Fail7_Score(1).bmp,Foreign Matter,L31,train
79bf700f3071f99f8133c79888946051,/data/FMD_Data_26082026/fmd_temp_images/Updated ICube Objects 20260915/Foreign Matter/20260810_045239_L31_PalletGHE0810092835_Cavity15_B01BHK3_Fail7_Score(0.9835722).bmp,Foreign Matter,L31,train
7b38de4d4cf610201aaf16eeae69a970,/data/FMD_Data_26082026/fmd_temp_images/ICube Defects Library/Foreign Matter/20260805_142850_L31_PalletGHB0805190430_Cavity12_B01BGTV_Fail7_Score(0.9996862).bmp,Foreign Matter,L31,train
7bb7ab8fbe2d57ea871ce844d9207ce1,/data/FMD_Data_26082026/fmd_temp_images/Updated ICube Objects 20260915/Foreign Matter/20260823_205414_L31_PalletGHM0824013019_Cavity1_B01BK8S_Fail7_Score(0.9963854).bmp,Foreign Matter,L31,train
7fb9ca20ee8cb01ece3469653c7e3062,/data/FMD_Data_26082026/fmd_temp_images/Updated ICube Objects 20260915/Foreign Matter/20260827_161348_L31_PalletGHJ0827205023_Cavity15_B01BKRW_Fail7_Score(0.9999776).bmp,Foreign Matter,L31,train
815d364cf87990a9b3ee13c3fdcb4e48,/data/FMD_Data_26082026/fmd_temp_images/Updated ICube Objects 20260915/Foreign Matter/20260823_195604_L31_PalletGHB0824003215_Cavity7_B01BK8S_Fail7_Score(0.9999638).bmp,Foreign Matter,L31,train
82c660a937dc80a2578c1fa6d09564ca,/data/FMD_Data_26082026/fmd_temp_images/Updated ICube Objects 20260915/Foreign Matter/20260827_195154_L31_PalletGHO0828002831_Cavity11_B01BKS0_Fail7_Score(0.999917).bmp,Foreign Matter,L31,train
83fb8f62d96e69614d54f2c98412d02a,/data/FMD_Data_26082026/fmd_temp_images/Updated ICube Objects 20260915/Foreign Matter/20260904_052714_L31_PalletGHM0904100322_Cavity12_B01BKVK_Fail7_Score(0.9999851).bmp,Foreign Matter,L31,train
881102011b6c066d827dc736341d84a1,/data/FMD_Data_26082026/fmd_temp_images/Updated ICube Objects 20260915/Foreign Matter/20260904_191202_L31_PalletGHN0904234815_Cavity14_B01BM5B_Fail7_Score(0.9999961).bmp,Foreign Matter,L31,train
8c6eeac227109364662302d9d3a010c3,/data/FMD_Data_26082026/fmd_temp_images/Updated ICube Objects 20260915/Foreign Matter/20260806_001726_L31_PalletGHM0806045305_Cavity15_B01BGTS_Fail7_Score(0.9911935)_1.0000_0.8193.bmp,Foreign Matter,L31,train
8d3b52bbcd66115e4219ac050d44f399,/data/FMD_Data_26082026/fmd_temp_images/Updated ICube Objects 20260915/Foreign Matter/20260826_024812_L31_PalletGHH0826072434_Cavity5_B01BK9K_Fail7_Score(0.9993913).bmp,Foreign Matter,L31,train
8f2c1a763002b1452c2ad7a8b4cc0c42,/data/FMD_Data_26082026/fmd_temp_images/ICube Defects Library/Foreign Matter/20260805_143130_L31_PalletGHJ0805190711_Cavity6_B01BGTV_Fail7_Score(0.9991458).bmp,Foreign Matter,L31,train
8f9b10fe3602490208ad2143db850513,/data/FMD_Data_26082026/fmd_temp_images/Updated ICube Objects 20260915/Foreign Matter/20260823_140300_L31_PalletGHS0823183901_Cavity11_B01BK8R_Fail7_Score(0.999183).bmp,Foreign Matter,L31,train
8fa05074e53c3112fd1f2496056d1e1b,/data/FMD_Data_26082026/fmd_temp_images/Updated ICube Objects 20260915/Foreign Matter/20260814_210823_L31_PalletGHA0815014443_Cavity15_B01BHPV_Fail7_Score(0.9999666).bmp,Foreign Matter,L31,train
91dbb7753195f017d32a7015287c2267,/data/FMD_Data_26082026/fmd_temp_images/Updated ICube Objects 20260915/Foreign Matter/20260822_163258_L31_PalletGHJ0822210907_Cavity3_B01BK8N_Fail7_Score(0.9866664)_0.9999_0.3122.bmp,Foreign Matter,L31,train
928cbc02d497ae7ad8869cecfdb73926,/data/FMD_Data_26082026/fmd_temp_images/Updated ICube Objects 20260915/Foreign Matter/20260817_070435_L31_PalletGHG0817114018_Cavity7_B01BHQ1_Fail6_Score(0.9732877).bmp,Foreign Matter,L31,train
9306e358795dd25648b17fd8010c96ab,/data/FMD_Data_26082026/fmd_temp_images/Updated ICube Objects 20260915/Foreign Matter/20260827_153510_L31_PalletGHG0827201139_Cavity1_B01BKRW_Fail7_Score(0.9997008).bmp,Foreign Matter,L31,train
96320adc979719a29b7691d661818e3e,/data/FMD_Data_26082026/fmd_temp_images/Updated ICube Objects 20260915/Foreign Matter/20260809_045651_L31_PalletGHU0809093254_Cavity7_B01BGV3_Fail7_Score(0.9962169)_1.0000_0.7712.bmp,Foreign Matter,L31,train
97c56f766e044baa557b10a891c40f3a,/data/FMD_Data_26082026/fmd_temp_images/Updated ICube Objects 20260915/Foreign Matter/20260822_211257_L31_PalletGHN0823014903_Cavity13_B01BK8P_Fail7_Score(0.9985749).bmp,Foreign Matter,L31,train
999986e2bd30810ac292dc924ebddce4,/data/FMD_Data_26082026/fmd_temp_images/ICube Defects Library/Foreign Matter/20260807_032224_L31_PalletGHB0807075808_Cavity14_B01BGV1_Fail7_Score(0.9982914).bmp,Foreign Matter,L31,train
9b18ae58f102a9a01799185057f9aa1a,/data/FMD_Data_26082026/fmd_temp_images/Updated ICube Objects 20260915/Foreign Matter/20260904_061900_L31_PalletGHR0904105504_Cavity11_B01BKVK_Fail7_Score(0.9999811)_0.9993_0.9609.bmp,Foreign Matter,L31,train
9c31b130be2175f592a101c0e96e5ac2,/data/FMD_Data_26082026/fmd_temp_images/Updated ICube Objects 20260915/Foreign Matter/20260809_135803_L31_PalletGHT0809183402_Cavity14_B01BGVB_Fail4_Score(0.9468199).bmp,Foreign Matter,L31,train
9f7636ab356fd09767ec956c3c5e2afc,/data/FMD_Data_26082026/fmd_temp_images/Updated ICube Objects 20260915/Foreign Matter/20260822_080404_L31_PalletGHR0822124007_Cavity10_B01BK8J_Fail7_Score(0.9994596).bmp,Foreign Matter,L31,train
9f8397937f7fa9077fd10bb5d51f0dd5,/data/FMD_Data_26082026/fmd_temp_images/Updated ICube Objects 20260915/Foreign Matter/20260823_170746_L31_PalletGHI0823214401_Cavity8_B01BK8S_Fail7_Score(1).bmp,Foreign Matter,L31,train
a24bfd92de2c36460342985337acf8bf,/data/FMD_Data_26082026/fmd_temp_images/Updated ICube Objects 20260915/Foreign Matter/20260809_204552_L31_PalletGHL0810012056_Cavity8_B01BGVC_Fail7_Score(0.9993327).bmp,Foreign Matter,L31,train
a295888e40ae709f0683473904332bf4,/data/FMD_Data_26082026/fmd_temp_images/Updated ICube Objects 20260915/Foreign Matter/20260809_211653_L31_PalletGHK0810015112_Cavity7_B01BGVC_Fail7_Score(0.99953).bmp,Foreign Matter,L31,train
a703c54b0f3d3f0478dd0a3ff8c78c31,/data/FMD_Data_26082026/fmd_temp_images/Updated ICube Objects 20260915/Foreign Matter/20260809_204420_L31_PalletGHR0810012017_Cavity8_B01BGVC_Fail7_Score(0.9965605).bmp,Foreign Matter,L31,train
a829b850a8d76bd9bff50e4d4891eb46,/data/FMD_Data_26082026/fmd_temp_images/Updated ICube Objects 20260915/Foreign Matter/20260808_224125_L31_PalletGHP0809031719_Cavity13_B01BGV2_Fail7_Score(0.9970812).bmp,Foreign Matter,L31,train
a992c4c930e362427c0d7af770d15c44,/data/FMD_Data_26082026/fmd_temp_images/Updated ICube Objects 20260915/Foreign Matter/20260807_132411_L31_PalletGHN0807175958_Cavity12_B01BGTW_Fail7_Score(0.9999703).bmp,Foreign Matter,L31,train
a9adb6aeecb298d3689ae4bcb3783de9,/data/FMD_Data_26082026/fmd_temp_images/Updated ICube Objects 20260915/Foreign Matter/20260808_093103_L31_PalletGHA0808140656_Cavity11_B01BGTZ_Fail7_Score(0.9984758).bmp,Foreign Matter,L31,train
ab11ec6d94c6c83fd88078daa749122a,/data/FMD_Data_26082026/fmd_temp_images/ICube Defects Library/Foreign Matter/20260805_174450_L31_PalletGHR0805222030_Cavity10_B01BGTV_Fail7_Score(0.9999079).bmp,Foreign Matter,L31,train
b0212815b7371dfba574e838a97d8192,/data/FMD_Data_26082026/fmd_temp_images/Updated ICube Objects 20260915/Foreign Matter/20260807_193143_L31_PalletGHA0808000726_Cavity7_B01BG2K_Fail7_Score(0.9995655).bmp,Foreign Matter,L31,train
b06b98d1b74cf4e6ee4017e905f3452e,/data/FMD_Data_26082026/fmd_temp_images/Updated ICube Objects 20260915/Foreign Matter/20260806_194200_L31_PalletGHU0807001742_Cavity7_B01BG2J_Fail7_Score(0.9996064).bmp,Foreign Matter,L31,train
b3fbcecf9d453e3d346005ef6054d333,/data/FMD_Data_26082026/fmd_temp_images/Updated ICube Objects 20260915/Foreign Matter/20260808_051520_L31_PalletGHL0808095107_Cavity5_B01BGTX_Fail7_Score(0.9999162).bmp,Foreign Matter,L31,train
b5260aeac5da337499845b26a30dcdd4,/data/FMD_Data_26082026/fmd_temp_images/ICube Defects Library/Foreign Matter/20260805_140220_L31_PalletGHB0805183759_Cavity8_B01BGTV_Fail7_Score(0.9999998).bmp,Foreign Matter,L31,train
b9e7765cd973341ee86df3da9f795efd,/data/FMD_Data_26082026/fmd_temp_images/ICube Defects Library/Foreign Matter/20260805_205515_L31_PalletGHM0806013055_Cavity10_B01BGTS_Fail7_Score(0.9997135).bmp,Foreign Matter,L31,train
bad89841792da25cf96d2fe6b35d18cd,/data/FMD_Data_26082026/fmd_temp_images/Updated ICube Objects 20260915/Foreign Matter/20260820_133006_L31_PalletGHH0820180557_Cavity9_B01BK8G_Fail7_Score(0.9848905).bmp,Foreign Matter,L31,train
bc201257eb655eef37263c9094d9f166,/data/FMD_Data_26082026/fmd_temp_images/Updated ICube Objects 20260915/Foreign Matter/20260806_091418_L31_PalletGHU0806134934_Cavity3_B01BGTR_Fail7_Score(0.9999537).bmp,Foreign Matter,L31,train
bd668f533586cfdff465974f1619be8c,/data/FMD_Data_26082026/fmd_temp_images/Updated ICube Objects 20260915/Foreign Matter/20260822_193716_L31_PalletGHJ0823001317_Cavity5_B01BK8P_Fail7_Score(0.9998699).bmp,Foreign Matter,L31,train
be5ad1d17d76034b30bd4d6fb3cbf6a7,/data/FMD_Data_26082026/fmd_temp_images/Updated ICube Objects 20260915/Foreign Matter/20260823_044548_L31_PalletGHH0823092155_Cavity12_B01BK8Q_Fail7_Score(0.9993131).bmp,Foreign Matter,L31,train
c02b4060342dc1bee254f29ca57baf3c,/data/FMD_Data_26082026/fmd_temp_images/Updated ICube Objects 20260915/Foreign Matter/20260823_205639_L31_PalletGHH0824013245_Cavity11_B01BK8S_Fail7_Score(0.9997368).bmp,Foreign Matter,L31,train
c14117b3162cef59caff6b44272b3f32,/data/FMD_Data_26082026/fmd_temp_images/Updated ICube Objects 20260915/Foreign Matter/20260819_121542_L31_PalletGHC0819165134_Cavity11_B01BHQN_Fail7_Score(0.9996065).bmp,Foreign Matter,L31,train
c2074b0b11de9314dd1a6d9ed4e5bb22,/data/FMD_Data_26082026/fmd_temp_images/Updated ICube Objects 20260915/Foreign Matter/20260807_195953_L31_PalletGHP0808003540_Cavity6_B01BG2K_Fail7_Score(0.9993539).bmp,Foreign Matter,L31,train
c409b41d6a4a43cda7323e6a774900d7,/data/FMD_Data_26082026/fmd_temp_images/Updated ICube Objects 20260915/Foreign Matter/20260808_212827_L31_PalletGHT0809015924_Cavity10_B01BGV2_Fail7_Score(0.9999968).bmp,Foreign Matter,L31,train
c9a1ab6eba9b9069a44db8f5a657bf41,/data/FMD_Data_26082026/fmd_temp_images/Updated ICube Objects 20260915/Foreign Matter/20260815_202100_L31_PalletGHO0816005635_Cavity4_B01BHQS_Fail7_Score(0.9996967).bmp,Foreign Matter,L31,train
cad0eb5f56f05f2d00752ed59acdeed5,/data/FMD_Data_26082026/fmd_temp_images/Updated ICube Objects 20260915/Foreign Matter/20260829_161640_L31_PalletGHI0829205317_Cavity5_B01BKS9_Fail7_Score(0.9999352).bmp,Foreign Matter,L31,train
cc5ddae4f9af4fbc3fd5d03caa49a130,/data/FMD_Data_26082026/fmd_temp_images/ICube Defects Library/Foreign Matter/20260810_050141_L31_PalletGHE0810093743_Cavity7_B01BHK3_Fail7_Score(0.9982542).bmp,Foreign Matter,L31,train
cffced1abad8e2a35fc7494b38d97088,/data/FMD_Data_26082026/fmd_temp_images/ICube Defects Library/Foreign Matter/20260805_185641_L31_PalletGHC0805233220_Cavity2_B01BGTV_Fail7_Score(0.9999104).bmp,Foreign Matter,L31,train
d1ba54734ad494d31c23ea79cb42b499,/data/FMD_Data_26082026/fmd_temp_images/Updated ICube Objects 20260915/Foreign Matter/20260822_212011_L31_PalletGHB0823015447_Cavity11_B01BK8P_Fail6_Score(0.9719198).bmp,Foreign Matter,L31,train
d331abcbf070b1bed56a6085e68089ca,/data/FMD_Data_26082026/fmd_temp_images/Updated ICube Objects 20260915/Foreign Matter/20260817_071326_L31_PalletGHG0817114909_Cavity12_B01BHQ1_Fail7_Score(0.9971464).bmp,Foreign Matter,L31,train
d3c4df1edd45d2c02ded10893057a71b,/data/FMD_Data_26082026/fmd_temp_images/Updated ICube Objects 20260915/Foreign Matter/20260816_175959_L31_PalletGHM0816223531_Cavity13_B01BHQ0_Fail7_Score(0.9991037).bmp,Foreign Matter,L31,train
d53ba977ac55b5acc0e2127e9a97440c,/data/FMD_Data_26082026/fmd_temp_images/Updated ICube Objects 20260915/Foreign Matter/20260824_154325_L31_PalletGHM0824201940_Cavity6_B01BK8W_Fail7_Score(0.9996822).bmp,Foreign Matter,L31,train
d6462cc75a8542168e9c2e35e230dd6f,/data/FMD_Data_26082026/fmd_temp_images/Updated ICube Objects 20260915/Foreign Matter/20260814_122158_L31_PalletGHK0814165822_Cavity14_B01BHPW_Fail7_Score(0.9998109).bmp,Foreign Matter,L31,train
d76342346c3b0d9cd71d24b7b488b307,/data/FMD_Data_26082026/fmd_temp_images/Updated ICube Objects 20260915/Foreign Matter/20260828_191445_L31_PalletGHU0828234811_Cavity15_B01BKS6_Fail7_Score(0.9989785).bmp,Foreign Matter,L31,train
d7722655931e40bffedd928da94d7729,/data/FMD_Data_26082026/fmd_temp_images/Updated ICube Objects 20260915/Foreign Matter/20260824_173852_L31_PalletGHD0824221502_Cavity1_B01BK8W_Fail7_Score(0.9977087).bmp,Foreign Matter,L31,train
d8acf8c2ac15d43ea5379449af3b9ed2,/data/FMD_Data_26082026/fmd_temp_images/Updated ICube Objects 20260915/Foreign Matter/20260819_120839_L31_PalletGHH0819164433_Cavity11_B01BHQN_Fail7_Score(0.9999838).bmp,Foreign Matter,L31,train
da23711f1d560515f68a96d75aa0160d,/data/FMD_Data_26082026/fmd_temp_images/Updated ICube Objects 20260915/Foreign Matter/20260808_012227_L31_PalletGHS0808055819_Cavity3_B01BG29_Fail4_Score(0.9354442)_1.0000_0.6780.bmp,Foreign Matter,L31,train
dade0b9f078b82f1d71f59166de2151e,/data/FMD_Data_26082026/fmd_temp_images/Updated ICube Objects 20260915/Foreign Matter/20260831_045302_L31_PalletGHU0831092956_Cavity14_B01BKV8_Fail7_Score(0.999976).bmp,Foreign Matter,L31,train
db8c86c07ec0f1b68f7421b921ab29af,/data/FMD_Data_26082026/fmd_temp_images/Updated ICube Objects 20260915/Foreign Matter/20260824_015420_L31_PalletGHM0824063031_Cavity10_B01BK8T_Fail7_Score(1).bmp,Foreign Matter,L31,train
dc5ee67cd85e1c4d0ffebace9362c321,/data/FMD_Data_26082026/fmd_temp_images/Updated ICube Objects 20260915/Foreign Matter/20260808_072838_L31_PalletGHP0808120431_Cavity11_B01BGTX_Fail7_Score(0.9931363).bmp,Foreign Matter,L31,train
dc79e84338c6acef1ad58db31857d33a,/data/FMD_Data_26082026/fmd_temp_images/Updated ICube Objects 20260915/Foreign Matter/20260815_132041_L31_PalletGHP0815175636_Cavity10_B01BHPX_Fail7_Score(0.9996293).bmp,Foreign Matter,L31,train
ddd09058b3865d9c650fe7c34429b807,/data/FMD_Data_26082026/fmd_temp_images/Updated ICube Objects 20260915/Foreign Matter/20260907_001442_L31_PalletGHD0907045106_Cavity1_B01BNGN_Fail7_Score(0.9999444).bmp,Foreign Matter,L31,train
e0cbfb86bbcbdbea0e785769a608492b,/data/FMD_Data_26082026/fmd_temp_images/ICube Defects Library/Foreign Matter/20260805_102227_L31_PalletGHG0805145505_Cavity11_B01BGTV_Fail7_Score(0.9988828).bmp,Foreign Matter,L31,train
eabda5646137fcacbcaaecacd6e1754c,/data/FMD_Data_26082026/fmd_temp_images/Updated ICube Objects 20260915/Foreign Matter/20260820_084716_L31_PalletGHO0820132306_Cavity2_B01BK8D_Fail6_Score(0.9777888).bmp,Foreign Matter,L31,train
eb21ca4b055d664effc88e9a1a655c10,/data/FMD_Data_26082026/fmd_temp_images/ICube Defects Library/Foreign Matter/20260805_143125_L31_PalletGHF0805190702_Cavity13_B01BGTV_Fail7_Score(0.9999932).bmp,Foreign Matter,L31,train
ed7c1125151b8de8fe09016da1dc54ba,/data/FMD_Data_26082026/fmd_temp_images/Updated ICube Objects 20260915/Foreign Matter/20260827_232627_L31_PalletGHR0828040257_Cavity9_B01BKVL_Fail7_Score(0.9999036).bmp,Foreign Matter,L31,train
ee533535cdee2e0ad67df54de9f37983,/data/FMD_Data_26082026/fmd_temp_images/Updated ICube Objects 20260915/Foreign Matter/20260810_055531_L31_PalletGHT0810103126_Cavity7_B01BHK3_Fail7_Score(0.9999989).bmp,Foreign Matter,L31,train
f27b53811c3d632b3b87f6f67283d51f,/data/FMD_Data_26082026/fmd_temp_images/Updated ICube Objects 20260915/Foreign Matter/20260828_045458_L31_PalletGHM0828093123_Cavity13_B01BKVM_Fail7_Score(0.9909348).bmp,Foreign Matter,L31,train
f3fa32c3af160f6836fef0d9ec5ecc2d,/data/FMD_Data_26082026/fmd_temp_images/Updated ICube Objects 20260915/Foreign Matter/20260827_061854_L31_PalletGHS0827105526_Cavity7_B01BK9C_Fail7_Score(0.9999985).bmp,Foreign Matter,L31,train
f46744b89dcbebdf23d329f716bd1880,/data/FMD_Data_26082026/fmd_temp_images/Updated ICube Objects 20260915/Foreign Matter/20260830_124657_L31_PalletGHR0830172344_Cavity3_B01BKSJ_Fail7_Score(0.9995176).bmp,Foreign Matter,L31,train
f4e35bad49cc181d73dc802f67f24113,/data/FMD_Data_26082026/fmd_temp_images/Updated ICube Objects 20260915/Foreign Matter/20260809_142218_L31_PalletGHD0809185817_Cavity7_B01BGVB_Fail7_Score(0.9986045).bmp,Foreign Matter,L31,train
f6d6fd75a505d5c131e707a084f02931,/data/FMD_Data_26082026/fmd_temp_images/Updated ICube Objects 20260915/Foreign Matter/20260908_222509_L31_PalletGHC0909030138_Cavity14_B01BM7P_Fail7_Score(0.9998493).bmp,Foreign Matter,L31,train
f9feb9f7020ca120bcaf6d36a2f7b8ea,/data/FMD_Data_26082026/fmd_temp_images/Updated ICube Objects 20260915/Foreign Matter/20260807_164826_L31_PalletGHB0807212212_Cavity11_B01BGTW_Fail7_Score(0.9999924)_0.9809_0.9896.bmp,Foreign Matter,L31,train
fc13dcfebe2f5a25d15fb154189de032,/data/FMD_Data_26082026/fmd_temp_images/Updated ICube Objects 20260915/Foreign Matter/20260825_092751_L31_PalletGHT0825140408_Cavity4_B01BK8X_Fail7_Score(0.9991155).bmp,Foreign Matter,L31,train
fca6f50c41c61889c56813cb231562ba,/data/FMD_Data_26082026/fmd_temp_images/Updated ICube Objects 20260915/Foreign Matter/20260821_161048_L31_PalletGHO0821204645_Cavity8_B01BK8K_Fail7_Score(0.9999542).bmp,Foreign Matter,L31,train
fd710543a9188ba99820711a4d72f3ba,/data/FMD_Data_26082026/fmd_temp_images/ICube Defects Library/Foreign Matter/20260805_225510_L31_PalletGHK0806033046_Cavity15_B01BGTS_Fail7_Score(0.9971098).bmp,Foreign Matter,L31,train
ff1954a34059778a1682f6dd941f558d,/data/FMD_Data_26082026/fmd_temp_images/Updated ICube Objects 20260915/Foreign Matter/20260908_091512_L31_PalletGHH0908134221_Cavity12_B01BM7H_Fail7_Score(1).bmp,Foreign Matter,L31,train
d50402e0b6d5817615e343aecb3447df,/data/FMD_Data_26082026/fmd_temp_images/Updated ICube Categorical Classes 20260915/HEMA Obstruction/20260830_155822_L31_PalletGHJ0830203501_Cavity9_B01BKSK_Fail7_Score(0.9999975).bmp,HEMA Obstruction,L31,test
b93698d46670c28808525e14e769e4c7,/data/FMD_Data_26082026/fmd_temp_images/Updated ICube Categorical Classes 20260915/HEMA Obstruction/20260901_010429_L31_PalletGHB0901054118_Cavity6_B01BM18_Fail6_Score(0.9792839).bmp,HEMA Obstruction,L31,train
2a81264b0ff7b65714017ce440f6301e,/data/FMD_Data_26082026/fmd_temp_images/Updated ICube Categorical Classes 20260915/Lens Off Center/20260904_020248_L31_PalletGHE0904063853_Cavity14_B01BKVH_Fail6_Score(0.966912).bmp,Lens Off Center,L31,test
35ee163daeccf9c7a529c7c48f9fde92,/data/FMD_Data_26082026/fmd_temp_images/ICube Defects Library/Lens Off Center/20260806_214952_L31_PalletGHS0807022538_Cavity4_B01BGV1_Fail7_Score(0.992263).bmp,Lens Off Center,L31,test
39f826fedaef924f8ef6cd9327bcf512,/data/FMD_Data_26082026/fmd_temp_images/ICube Defects Library/Lens Off Center/20260807_225032_L31_PalletGHR0808032620_Cavity4_B01BG28_Fail7_Score(0.9997424).bmp,Lens Off Center,L31,test
599a744169a58151346752808c13600a,/data/FMD_Data_26082026/fmd_temp_images/ICube Defects Library/Lens Off Center/20260809_203202_L31_PalletGHA0810010803_Cavity5_B01BGVC_Fail7_Score(0.9992712).bmp,Lens Off Center,L31,test
a2817e649255e6b31078b494c5f554f7,/data/FMD_Data_26082026/fmd_temp_images/Updated ICube Categorical Classes 20260915/Lens Off Center/20260901_052855_L31_PalletGHB0901100552_Cavity9_B01BM1F_Fail2_Score(0.9157728).bmp,Lens Off Center,L31,test
bb81bd25070621e8d5d0c5fe12b1b0db,/data/FMD_Data_26082026/fmd_temp_images/ICube Defects Library/Lens Off Center/20260809_220427_L31_PalletGHP0810024027_Cavity5_B01BGVC_Fail6_Score(0.9823591).bmp,Lens Off Center,L31,test
0119f2eb49e083e6cc57d148cd2b342e,/data/FMD_Data_26082026/fmd_temp_images/Updated ICube Categorical Classes 20260915/Lens Off Center/20260906_073434_L31_PalletGHC0906121043_Cavity9_B01BM8T_Fail7_Score(0.9961779).bmp,Lens Off Center,L31,train
04818915bed86891dd9cc2f44bd64502,/data/FMD_Data_26082026/fmd_temp_images/ICube Defects Library/Lens Off Center/20260813_131947_L31_PalletGHQ0813175456_Cavity14_B01BGV4_Fail7_Score(1).bmp,Lens Off Center,L31,train
0698f493d0e40ab506b1279cd4a7a883,/data/FMD_Data_26082026/fmd_temp_images/ICube Defects Library/Lens Off Center/20260807_165800_L31_PalletGHU0807213104_Cavity12_B01BGTW_Fail7_Score(0.9999996).bmp,Lens Off Center,L31,train
205eba51030935dfc3a6dc0bef1c339f,/data/FMD_Data_26082026/fmd_temp_images/Updated ICube Categorical Classes 20260915/Lens Off Center/20260822_171513_L31_PalletGHH0822215117_Cavity11_B01BK8P_Fail7_Score(0.9858209).bmp,Lens Off Center,L31,train
22a43d998566ee0a37e18bf7eebb2657,/data/FMD_Data_26082026/fmd_temp_images/Updated ICube Categorical Classes 20260915/Lens Off Center/20260904_055250_L31_PalletGHE0904102900_Cavity10_B01BKVK_Fail7_Score(0.9881446).bmp,Lens Off Center,L31,train
284c859ab77eab11d10de15d08687e4c,/data/FMD_Data_26082026/fmd_temp_images/Updated ICube Categorical Classes 20260915/Lens Off Center/20260823_180556_L31_PalletGHJ0823224204_Cavity14_B01BK8S_Fail7_Score(0.9968918).bmp,Lens Off Center,L31,train
2f3ac3277eb9783a8c6fd7a5e3c60d8d,/data/FMD_Data_26082026/fmd_temp_images/Updated ICube Categorical Classes 20260915/Lens Off Center/20260830_232921_L31_PalletGHO0831040604_Cavity11_B01BKV8_Fail7_Score(0.9985157).bmp,Lens Off Center,L31,train
5a743fe9a784c188cd9f194e31572a52,/data/FMD_Data_26082026/fmd_temp_images/Updated ICube Categorical Classes 20260915/Lens Off Center/20260904_120106_L31_PalletGHI0904163712_Cavity15_B01BM8K_Fail7_Score(0.9997019).bmp,Lens Off Center,L31,train
5da3a909978d5fb9e62ef41be6c6f821,/data/FMD_Data_26082026/fmd_temp_images/Updated ICube Categorical Classes 20260915/Lens Off Center/20260825_112646_L31_PalletGHQ0825160253_Cavity14_B01BK8Z_Fail6_Score(0.9703344).bmp,Lens Off Center,L31,train
702b41a92db3f3716d233073475eb221,/data/FMD_Data_26082026/fmd_temp_images/ICube Defects Library/Lens Off Center/20260813_081203_L31_PalletGHH0813124820_Cavity2_B01BHKF_Fail7_Score(0.9998114).bmp,Lens Off Center,L31,train
9aa7793139476af459bc50f39e96bc81,/data/FMD_Data_26082026/fmd_temp_images/Updated ICube Categorical Classes 20260915/Lens Off Center/20260824_210527_L31_PalletGHQ0825014131_Cavity14_B01BK9L_Fail7_Score(0.999893).bmp,Lens Off Center,L31,train
b4b3e7ad4e62fa4a2372c17a071f3c77,/data/FMD_Data_26082026/fmd_temp_images/Updated ICube Categorical Classes 20260915/Lens Off Center/20260903_121856_L31_PalletGHN0903165454_Cavity14_B01BKVJ_Fail7_Score(0.999995).bmp,Lens Off Center,L31,train
b891495b09fea31ad0ebd721d13a5eee,/data/FMD_Data_26082026/fmd_temp_images/Updated ICube Categorical Classes 20260915/Lens Off Center/20260807_164826_L31_PalletGHB0807212212_Cavity9_B01BGTW_Fail7_Score(0.988058)_0.9202.bmp,Lens Off Center,L31,train
bb9450a434226484a0bdaedf7f2396d8,/data/FMD_Data_26082026/fmd_temp_images/ICube Defects Library/Lens Off Center/20260806_004023_L31_PalletGHI0806051605_Cavity11_B01BGTS_Fail7_Score(0.9997143).bmp,Lens Off Center,L31,train
0828e798960adc34f22d9d89762cacc0,/data/FMD_Data_26082026/fmd_temp_images/Updated ICube Categorical Classes 20260915/Missing Lens/20260822_003230_L31_PalletGHQ0822050644_Cavity6_B01BK8K_Fail7_Score(0.9999998).bmp,Missing Lens,L31,test
11f6d61d4fb5db5620fc926141a440ec,/data/FMD_Data_26082026/fmd_temp_images/Updated ICube Categorical Classes 20260915/Missing Lens/20260825_092235_L31_PalletGHT0825135749_Cavity12_B01BK8X_Fail4_Score(0.9473972).bmp,Missing Lens,L31,test
1612d6199ad62dfcf5dd020f6653cdba,/data/FMD_Data_26082026/fmd_temp_images/ICube Defects Library/Missing Lens/20260806_174423_L31_PalletGHC0806221830_Cavity15_B01BGTT_Fail7_Score(1).bmp,Missing Lens,L31,test
169b023aff44f4d1d5cadf84cef38fe2,/data/FMD_Data_26082026/fmd_temp_images/Updated ICube Categorical Classes 20260915/Missing Lens/20260808_175320_L31_PalletGHJ0808222628_Cavity15_B01BGV2_Fail6_Score(0.9717956).bmp,Missing Lens,L31,test
22ddfd63412584d590aecbb085d867e3,/data/FMD_Data_26082026/fmd_temp_images/Updated ICube Categorical Classes 20260915/Missing Lens/20260905_173229_L31_PalletGHG0905220435_Cavity15_B01BM8R_Fail7_Score(0.9999994).bmp,Missing Lens,L31,test
3a4f375e56ffdcdc5ee51cc842909e36,/data/FMD_Data_26082026/fmd_temp_images/Updated ICube Categorical Classes 20260915/Missing Lens/20260905_173229_L31_PalletGHG0905220435_Cavity3_B01BM8R_Fail7_Score(0.9858751).bmp,Missing Lens,L31,test
4bb27b96475a3088c41252c8bc79026f,/data/FMD_Data_26082026/fmd_temp_images/Updated ICube Categorical Classes 20260915/Missing Lens/20260905_173229_L31_PalletGHG0905220435_Cavity6_B01BM8R_Fail6_Score(0.9742289).bmp,Missing Lens,L31,test
5bf845cc1bf6a7744f97eabfb3ff7902,/data/FMD_Data_26082026/fmd_temp_images/Updated ICube Categorical Classes 20260915/Missing Lens/20260819_031756_L31_PalletGHO0819074928_Cavity8_B01BHQD_Fail7_Score(0.9999581).bmp,Missing Lens,L31,test
64d18af7bbc7b82b2d4ab52b75b42fd2,/data/FMD_Data_26082026/fmd_temp_images/Updated ICube Categorical Classes 20260915/Missing Lens/20260821_222144_L31_PalletGHF0822025630_Cavity14_B01BK8K_Fail3_Score(0.9175668).bmp,Missing Lens,L31,test
86892ed6cb5b161489faf1368691216e,/data/FMD_Data_26082026/fmd_temp_images/Updated ICube Categorical Classes 20260915/Missing Lens/20260822_003230_L31_PalletGHQ0822050644_Cavity14_B01BK8K_Fail7_Score(0.9999999).bmp,Missing Lens,L31,test
96a67a17119895cf0e87dcc22ff74b3c,/data/FMD_Data_26082026/fmd_temp_images/Updated ICube Categorical Classes 20260915/Missing Lens/20260822_003230_L31_PalletGHQ0822050644_Cavity2_B01BK8K_Fail7_Score(0.9999996).bmp,Missing Lens,L31,test
9c741c7864a3473fc1ef3ac5b3973698,/data/FMD_Data_26082026/fmd_temp_images/Updated ICube Categorical Classes 20260915/Missing Lens/20260806_174847_L31_PalletGHD0806222253_Cavity9_B01BGTT_Fail3_Score(0.9250723).bmp,Missing Lens,L31,test
b7ac34b963b2e386a14231d096f4da04,/data/FMD_Data_26082026/fmd_temp_images/Updated ICube Categorical Classes 20260915/Missing Lens/20260813_173800_L31_PalletGHC0813220714_Cavity15_B01BGV5_Fail2_Score(0.9153662).bmp,Missing Lens,L31,test
e174773cc1b003dcc110f1a4c7f972e9,/data/FMD_Data_26082026/fmd_temp_images/Updated ICube Categorical Classes 20260915/Missing Lens/20260825_083148_L31_PalletGHK0825130630_Cavity14_B01BK8X_Fail7_Score(0.9999053).bmp,Missing Lens,L31,test
f0d425eb06ac3cd89b628e2621c25fce,/data/FMD_Data_26082026/fmd_temp_images/Updated ICube Categorical Classes 20260915/Missing Lens/20260822_003230_L31_PalletGHQ0822050644_Cavity10_B01BK8K_Fail7_Score(0.9999982).bmp,Missing Lens,L31,test
00e761599e0209e2fba919dc08003e84,/data/FMD_Data_26082026/fmd_temp_images/Updated ICube Categorical Classes 20260915/Missing Lens/20260824_092823_L31_PalletGHT0824140303_Cavity5_B01BK8V_Fail7_Score(0.9989753).bmp,Missing Lens,L31,train
0475e94c4e1d702ce19afcf2b4172704,/data/FMD_Data_26082026/fmd_temp_images/Updated ICube Categorical Classes 20260915/Missing Lens/20260818_180010_L31_PalletGHE0818223516_Cavity15_B01BHQK_Fail7_Score(0.9999993).bmp,Missing Lens,L31,train
1576522d7de00da932d9731035543a4d,/data/FMD_Data_26082026/fmd_temp_images/Updated ICube Categorical Classes 20260915/Missing Lens/20260825_215859_L31_PalletGHI0826023316_Cavity10_B01BK9K_Fail7_Score(0.9994531).bmp,Missing Lens,L31,train
1c920d78e83050ee50af240274d25640,/data/FMD_Data_26082026/fmd_temp_images/ICube Defects Library/Missing Lens/20260806_174847_L31_PalletGHD0806222253_Cavity2_B01BGTT_Fail7_Score(1).bmp,Missing Lens,L31,train
1d403dd0d5d1ee7c620b4bbf8f8de305,/data/FMD_Data_26082026/fmd_temp_images/Updated ICube Categorical Classes 20260915/Missing Lens/20260806_090430_L31_PalletGHS0806133838_Cavity14_B01BGTR_Fail7_Score(0.9998633).bmp,Missing Lens,L31,train
35f18e220935be71d01d65e74ef0ae58,/data/FMD_Data_26082026/fmd_temp_images/Updated ICube Categorical Classes 20260915/Missing Lens/20260814_022925_L31_PalletGHO0814070441_Cavity2_B01BGV7_Fail6_Score(0.9747446).bmp,Missing Lens,L31,train
3f2da58e383cb6164445701e95d451c4,/data/FMD_Data_26082026/fmd_temp_images/Updated ICube Categorical Classes 20260915/Missing Lens/20260824_092823_L31_PalletGHT0824140303_Cavity3_B01BK8V_Fail7_Score(0.9999334).bmp,Missing Lens,L31,train
3f701b813db608ba9f9ed71ae21134a4,/data/FMD_Data_26082026/fmd_temp_images/Updated ICube Categorical Classes 20260915/Missing Lens/20260905_173229_L31_PalletGHG0905220435_Cavity12_B01BM8R_Fail7_Score(0.9999948).bmp,Missing Lens,L31,train
4b0b813438ae4adf2d3c4fc5698baff0,/data/FMD_Data_26082026/fmd_temp_images/ICube Defects Library/Missing Lens/20260806_073850_L31_PalletGHB0806120959_Cavity1_B01BGTR_Fail7_Score(0.9999999).bmp,Missing Lens,L31,train
54ac8f1adcf432de9ba9a859d3bbdbac,/data/FMD_Data_26082026/fmd_temp_images/Updated ICube Categorical Classes 20260915/Missing Lens/20260902_071029_L31_PalletGHN0902114630_Cavity2_B01BM8Q_Fail7_Score(0.9996794).bmp,Missing Lens,L31,train
55400d7efb72ef5a8b7b3d9a694f0545,/data/FMD_Data_26082026/fmd_temp_images/Updated ICube Categorical Classes 20260915/Missing Lens/20260824_094748_L31_PalletGHT0824142312_Cavity9_B01BK8V_Fail7_Score(0.9998886).bmp,Missing Lens,L31,train
5a8eba41b91e9e9353b06618dc7136c5,/data/FMD_Data_26082026/fmd_temp_images/Updated ICube Categorical Classes 20260915/Missing Lens/20260821_200541_L31_PalletGHO0822004033_Cavity9_B01BK8K_Fail7_Score(0.9994346).bmp,Missing Lens,L31,train
5bd6bfd882b651351d905475b40b149f,/data/FMD_Data_26082026/fmd_temp_images/ICube Defects Library/Missing Lens/20260806_173806_L31_PalletGHQ0806221225_Cavity13_B01BGTT_Fail7_Score(0.9998537).bmp,Missing Lens,L31,train
65dae8c92f67d5d65baf80e7f2a15287,/data/FMD_Data_26082026/fmd_temp_images/Updated ICube Categorical Classes 20260915/Missing Lens/20260908_160645_L31_PalletGHH0908203754_Cavity10_B01BM7K_Fail7_Score(0.9999966).bmp,Missing Lens,L31,train
689fafee9fe0447bf9f01db33e411067,/data/FMD_Data_26082026/fmd_temp_images/ICube Defects Library/Missing Lens/20260806_174423_L31_PalletGHC0806221830_Cavity10_B01BGTT_Fail7_Score(1).bmp,Missing Lens,L31,train
73c672812dc36540327553e157db455c,/data/FMD_Data_26082026/fmd_temp_images/Updated ICube Categorical Classes 20260915/Missing Lens/20260813_104629_L31_PalletGHE0813152124_Cavity15_B01BGV4_Fail7_Score(0.9998122).bmp,Missing Lens,L31,train
7c0c7da130abbb63d2ccd96710038a6f,/data/FMD_Data_26082026/fmd_temp_images/Updated ICube Categorical Classes 20260915/Missing Lens/20260813_093950_L31_PalletGHM0813141401_Cavity15_B01BGV4_Fail7_Score(0.9963893).bmp,Missing Lens,L31,train
7ef79aacbe57718a9235bd64c9f801c3,/data/FMD_Data_26082026/fmd_temp_images/ICube Defects Library/Missing Lens/20260806_173806_L31_PalletGHQ0806221225_Cavity7_B01BGTT_Fail7_Score(0.9999995).bmp,Missing Lens,L31,train
8274c8cf81c05ca770b6b6b600948e42,/data/FMD_Data_26082026/fmd_temp_images/Updated ICube Categorical Classes 20260915/Missing Lens/20260824_094748_L31_PalletGHT0824142312_Cavity5_B01BK8V_Fail7_Score(0.9967186).bmp,Missing Lens,L31,train
8ff737757128d00b834b89ad9a59e785,/data/FMD_Data_26082026/fmd_temp_images/Updated ICube Categorical Classes 20260915/Missing Lens/20260824_094748_L31_PalletGHT0824142312_Cavity7_B01BK8V_Fail4_Score(0.9348058).bmp,Missing Lens,L31,train
982e0e0997d6e4600749941af6c2fe26,/data/FMD_Data_26082026/fmd_temp_images/Updated ICube Categorical Classes 20260915/Missing Lens/20260824_092823_L31_PalletGHT0824140303_Cavity7_B01BK8V_Fail7_Score(0.9999967).bmp,Missing Lens,L31,train
9fc558d1b6314cd628a99d06860bcec2,/data/FMD_Data_26082026/fmd_temp_images/Updated ICube Categorical Classes 20260915/Missing Lens/20260821_181459_L31_PalletGHG0821224959_Cavity9_B01BK8K_Fail6_Score(0.9723569).bmp,Missing Lens,L31,train
a6d5c0331950e87ff77f6d93c9e62f0f,/data/FMD_Data_26082026/fmd_temp_images/Updated ICube Categorical Classes 20260915/Missing Lens/20260824_092823_L31_PalletGHT0824140303_Cavity1_B01BK8V_Fail7_Score(0.9978101).bmp,Missing Lens,L31,train
a8b57cb99f0c01f72a3d3416fb19e9f0,/data/FMD_Data_26082026/fmd_temp_images/Updated ICube Categorical Classes 20260915/Missing Lens/20260824_095405_L31_PalletGHF0824142931_Cavity11_B01BK8V_Fail3_Score(0.9243791).bmp,Missing Lens,L31,train
afae32d9a43a03002988c7eaa7842afa,/data/FMD_Data_26082026/fmd_temp_images/ICube Defects Library/Missing Lens/20260806_174847_L31_PalletGHD0806222253_Cavity14_B01BGTT_Fail7_Score(0.999985).bmp,Missing Lens,L31,train
b6ccefa13d606d1fbc5c524a8da289ac,/data/FMD_Data_26082026/fmd_temp_images/Updated ICube Categorical Classes 20260915/Missing Lens/20260825_083148_L31_PalletGHK0825130630_Cavity9_B01BK8X_Fail7_Score(0.9903972).bmp,Missing Lens,L31,train
b8f44a0af44c24155cf0534aa2a396ae,/data/FMD_Data_26082026/fmd_temp_images/Updated ICube Categorical Classes 20260915/Missing Lens/20260905_052902_L31_PalletGHD0905100218_Cavity15_B01BM8L_Fail7_Score(0.9999744).bmp,Missing Lens,L31,train
c580ccd922e818f094c00063195cf63e,/data/FMD_Data_26082026/fmd_temp_images/Updated ICube Categorical Classes 20260915/Missing Lens/20260831_124324_L31_PalletGHI0831171841_Cavity12_B01BM0S_Fail7_Score(0.9969417).bmp,Missing Lens,L31,train
c9af0de4950c89e5cdfb46d4a2a4cc5e,/data/FMD_Data_26082026/fmd_temp_images/Updated ICube Categorical Classes 20260915/Missing Lens/20260820_071405_L31_PalletGHD0820114820_Cavity14_B01BK90_Fail7_Score(0.9999632).bmp,Missing Lens,L31,train
d28713430b8d39cef80b5f14501765bc,/data/FMD_Data_26082026/fmd_temp_images/Updated ICube Categorical Classes 20260915/Missing Lens/20260909_085447_L31_PalletGHD0909133004_Cavity1_B01BM55_Fail7_Score(0.9992799).bmp,Missing Lens,L31,train
d749ee94dc3db4787808dbc106b677e6,/data/FMD_Data_26082026/fmd_temp_images/ICube Defects Library/Missing Lens/20260806_051340_L31_PalletGHH0806094729_Cavity14_B01BGTR_Fail7_Score(0.999975).bmp,Missing Lens,L31,train
eb96c37fd27b2f799c9e683916358cbb,/data/FMD_Data_26082026/fmd_temp_images/Updated ICube Categorical Classes 20260915/Missing Lens/20260813_112626_L31_PalletGHK0813160048_Cavity1_B01BGV4_Fail7_Score(0.9995135).bmp,Missing Lens,L31,train
ef1469e2af21d0580db3dfd3ab73ac0a,/data/FMD_Data_26082026/fmd_temp_images/Updated ICube Categorical Classes 20260915/Missing Lens/20260824_095405_L31_PalletGHF0824142931_Cavity7_B01BK8V_Fail4_Score(0.9368719).bmp,Missing Lens,L31,train
f1671503898a387b4ccb1d209343d75a,/data/FMD_Data_26082026/fmd_temp_images/Updated ICube Categorical Classes 20260915/Missing Lens/20260821_201714_L31_PalletGHQ0822005055_Cavity15_B01BK8K_Fail2_Score(0.9032701).bmp,Missing Lens,L31,train
f5870be28f319eaca342d7b0d0b49d1b,/data/FMD_Data_26082026/fmd_temp_images/Updated ICube Categorical Classes 20260915/Missing Lens/20260901_180122_L31_PalletGHU0901223335_Cavity15_B01BKV9_Fail7_Score(0.9987866).bmp,Missing Lens,L31,train
f819e476e9d3b1b8a775bd81772686d9,/data/FMD_Data_26082026/fmd_temp_images/Updated ICube Categorical Classes 20260915/Missing Lens/20260822_012342_L31_PalletGHL0822055837_Cavity3_B01BK8K_Fail7_Score(0.9894471).bmp,Missing Lens,L31,train
04a2c97621221e811d39ef0bc2dccb99,/data/FMD_Data_26082026/fmd_temp_images/Updated ICube Categorical Classes 20260915/Missing Primary Package/20260807_231352_L31_PalletGHJ0808034942_Cavity8_B01BG28_Fail5_Score(0.9520407).bmp,Missing Primary Package,L31,test
0c71e771571b47de52229b38b6f696b9,/data/FMD_Data_26082026/fmd_temp_images/Updated ICube Categorical Classes 20260915/Missing Primary Package/20260908_102319_L31_PalletGHJ0908145944_Cavity2_B01BM7H_Fail4_Score(0.9402804).bmp,Missing Primary Package,L31,test
1d63dec44cee8f5fa7972f9fbf142685,/data/FMD_Data_26082026/fmd_temp_images/Updated ICube Categorical Classes 20260915/Missing Primary Package/20260904_075458_L31_PalletGHU0904123102_Cavity4_B01BKVK_Fail7_Score(0.9970795).bmp,Missing Primary Package,L31,test
1f26870e959515d85bccc31c54a12bc9,/data/FMD_Data_26082026/fmd_temp_images/Updated ICube Categorical Classes 20260915/Missing Primary Package/20260905_003510_L31_PalletGHR0905051122_Cavity5_B01BM8L_Fail7_Score(0.9925693).bmp,Missing Primary Package,L31,test
1f4965bd2db809c2554c4a04eac66bb5,/data/FMD_Data_26082026/fmd_temp_images/Updated ICube Categorical Classes 20260915/Missing Primary Package/20260907_093912_L31_PalletGHI0907141403_Cavity6_B01BM8S_Fail7_Score(0.990422).bmp,Missing Primary Package,L31,test
221f8db432e7e023848a28778c3e2657,/data/FMD_Data_26082026/fmd_temp_images/Updated ICube Categorical Classes 20260915/Missing Primary Package/20260831_005028_L31_PalletGHI0831052716_Cavity9_B01BKV8_Fail7_Score(0.9934663).bmp,Missing Primary Package,L31,test
252e63ff3d774c30531834a9ab6a464e,/data/FMD_Data_26082026/fmd_temp_images/Updated ICube Categorical Classes 20260915/Missing Primary Package/20260831_014409_L31_PalletGHR0831062003_Cavity6_B01BKV8_Fail7_Score(0.9933984).bmp,Missing Primary Package,L31,test
27adcf3728a102dfdfe4486bc50e6bee,/data/FMD_Data_26082026/fmd_temp_images/Updated ICube Categorical Classes 20260915/Missing Primary Package/20260821_091824_L31_PalletGHH0821135208_Cavity6_B01BK84_Fail7_Score(0.9985363).bmp,Missing Primary Package,L31,test
2d15a860de58042e0816ced9053307e8,/data/FMD_Data_26082026/fmd_temp_images/Updated ICube Categorical Classes 20260915/Missing Primary Package/20260808_045906_L31_PalletGHQ0808093359_Cavity5_B01BGTX_Fail6_Score(0.9771662).bmp,Missing Primary Package,L31,test
39427af160e92794d8c2ef2e052c7587,/data/FMD_Data_26082026/fmd_temp_images/Updated ICube Categorical Classes 20260915/Missing Primary Package/20260826_031042_L31_PalletGHM0826074702_Cavity5_B01BK9K_Fail5_Score(0.9655462).bmp,Missing Primary Package,L31,test
3c8bae59143ed63202167f40e7c0897a,/data/FMD_Data_26082026/fmd_temp_images/Updated ICube Categorical Classes 20260915/Missing Primary Package/20260905_211223_L31_PalletGHL0906014756_Cavity14_B01BM8R_Fail6_Score(0.9818879).bmp,Missing Primary Package,L31,test
4232a85b391a083aab27be0795827064,/data/FMD_Data_26082026/fmd_temp_images/Updated ICube Categorical Classes 20260915/Missing Primary Package/20260904_012823_L31_PalletGHH0904055903_Cavity6_B01BKVH_Fail4_Score(0.9391068).bmp,Missing Primary Package,L31,test
4bdc621169cd343f40cbb8999cea88cb,/data/FMD_Data_26082026/fmd_temp_images/Updated ICube Categorical Classes 20260915/Missing Primary Package/20260908_102320_L31_PalletGHJ0908145944_Cavity3_B01BM7H_Fail7_Score(0.9996707).bmp,Missing Primary Package,L31,test
5ceef65d838353455a051007262cfa4c,/data/FMD_Data_26082026/fmd_temp_images/Updated ICube Categorical Classes 20260915/Missing Primary Package/20260908_102320_L31_PalletGHJ0908145944_Cavity10_B01BM7H_Fail6_Score(0.9810403).bmp,Missing Primary Package,L31,test
672dd2943ee32dab06f764901a4932e9,/data/FMD_Data_26082026/fmd_temp_images/Updated ICube Categorical Classes 20260915/Missing Primary Package/20260808_072643_L31_PalletGHN0808120235_Cavity5_B01BGTX_Fail5_Score(0.961926).bmp,Missing Primary Package,L31,test
819ca85f388a6a77cfb66a6a26d85e01,/data/FMD_Data_26082026/fmd_temp_images/Updated ICube Categorical Classes 20260915/Missing Primary Package/20260831_014409_L31_PalletGHR0831062003_Cavity8_B01BKV8_Fail5_Score(0.9635593).bmp,Missing Primary Package,L31,test
9000a14e05d31cff661b74e5a3e47239,/data/FMD_Data_26082026/fmd_temp_images/ICube Defects Library/Missing Primary Package/20260806_072350_L31_PalletGHL0806115618_Cavity6_B01BGTR_Fail7_Score(0.9847848).bmp,Missing Primary Package,L31,test
904a70d9b49926da552e28501f2c0c5c,/data/FMD_Data_26082026/fmd_temp_images/Updated ICube Categorical Classes 20260915/Missing Primary Package/20260901_213025_L31_PalletGHR0902020622_Cavity15_B01BKVC_Fail5_Score(0.9560738).bmp,Missing Primary Package,L31,test
95fd1df4a2496ed76228a1f191045f0b,/data/FMD_Data_26082026/fmd_temp_images/ICube Defects Library/Missing Primary Package/20260805_105834_L31_PalletGHC0805153307_Cavity6_B01BGTV_Fail7_Score(0.9966197).bmp,Missing Primary Package,L31,test
aefc75aa06a63e390d2a329f0f622a8f,/data/FMD_Data_26082026/fmd_temp_images/Updated ICube Categorical Classes 20260915/Missing Primary Package/20260908_102313_L31_PalletGHH0908145939_Cavity3_B01BM7H_Fail3_Score(0.9264445).bmp,Missing Primary Package,L31,test
df32fd9bf61261c469f9f9c5ca18ea8c,/data/FMD_Data_26082026/fmd_temp_images/Updated ICube Categorical Classes 20260915/Missing Primary Package/20260825_231456_L31_PalletGHM0826034840_Cavity5_B01BK9K_Fail2_Score(0.9106292).bmp,Missing Primary Package,L31,test
fe22988fa6682bce58a19bd9b0652019,/data/FMD_Data_26082026/fmd_temp_images/Updated ICube Categorical Classes 20260915/Missing Primary Package/20260814_151116_L31_PalletGHD0814194729_Cavity6_B01BHK8_Fail4_Score(0.9406629).bmp,Missing Primary Package,L31,test
02c714dddefb92131f6aa2351a84841e,/data/FMD_Data_26082026/fmd_temp_images/Updated ICube Categorical Classes 20260915/Missing Primary Package/20260830_185114_L31_PalletGHL0830232803_Cavity9_B01BKSH_Fail5_Score(0.9597651).bmp,Missing Primary Package,L31,train
09e41991f8a0548abfd75194c6f2cf13,/data/FMD_Data_26082026/fmd_temp_images/Updated ICube Categorical Classes 20260915/Missing Primary Package/20260818_082032_L31_PalletGHM0818125616_Cavity2_B01BJPZ_Fail7_Score(0.9860896).bmp,Missing Primary Package,L31,train
0ae45f56073106ff076a17b0d4f847cc,/data/FMD_Data_26082026/fmd_temp_images/Updated ICube Categorical Classes 20260915/Missing Primary Package/20260807_053253_L31_PalletGHH0807100722_Cavity11_B01BGV0_Fail4_Score(0.934517).bmp,Missing Primary Package,L31,train
11b75f6e4313fc3893275531f49af503,/data/FMD_Data_26082026/fmd_temp_images/Updated ICube Categorical Classes 20260915/Missing Primary Package/20260905_032445_L31_PalletGHJ0905080048_Cavity3_B01BM8L_Fail4_Score(0.9338328).bmp,Missing Primary Package,L31,train
11fb6e964c8355a4db817309c606fe70,/data/FMD_Data_26082026/fmd_temp_images/Updated ICube Categorical Classes 20260915/Missing Primary Package/20260904_144658_L31_PalletGHD0904192159_Cavity12_B01BM8K_Fail6_Score(0.9733014).bmp,Missing Primary Package,L31,train
1cd40de942e606bd5a492974932aad29,/data/FMD_Data_26082026/fmd_temp_images/Updated ICube Categorical Classes 20260915/Missing Primary Package/20260828_075023_L31_PalletGHA0828122650_Cavity1_B01BKVM_Fail2_Score(0.9065852).bmp,Missing Primary Package,L31,train
33e9e4c5c2b676ccd6967b1f6471b0d0,/data/FMD_Data_26082026/fmd_temp_images/Updated ICube Categorical Classes 20260915/Missing Primary Package/20260808_102326_L31_PalletGHA0808145920_Cavity2_B01BGTZ_Fail5_Score(0.955101).bmp,Missing Primary Package,L31,train
3b34e752d6cba532c95e5bcf429a0fe1,/data/FMD_Data_26082026/fmd_temp_images/Updated ICube Categorical Classes 20260915/Missing Primary Package/20260908_065617_L31_PalletGHH0908113242_Cavity5_B01BK83_Fail5_Score(0.9553275).bmp,Missing Primary Package,L31,train
3becb6dd26dcb1cfbd1365765a234c8a,/data/FMD_Data_26082026/fmd_temp_images/Updated ICube Categorical Classes 20260915/Missing Primary Package/20260830_154822_L31_PalletGHI0830202335_Cavity10_B01BKSK_Fail5_Score(0.9623402).bmp,Missing Primary Package,L31,train
3d14df015d2366c112308a03ee6588a8,/data/FMD_Data_26082026/fmd_temp_images/Updated ICube Categorical Classes 20260915/Missing Primary Package/20260813_140411_L31_PalletGHC0813183919_Cavity6_B01BGV4_Fail5_Score(0.9610322).bmp,Missing Primary Package,L31,train
46b7b37368e206fd55a5a82bc1ba36a7,/data/FMD_Data_26082026/fmd_temp_images/Updated ICube Categorical Classes 20260915/Missing Primary Package/20260831_005028_L31_PalletGHI0831052716_Cavity8_B01BKV8_Fail7_Score(0.9944234).bmp,Missing Primary Package,L31,train
4ec88373edea34919c02720ec4bfb62f,/data/FMD_Data_26082026/fmd_temp_images/Updated ICube Categorical Classes 20260915/Missing Primary Package/20260810_101312_L31_PalletGHO0810144718_Cavity12_B01BHK4_Fail4_Score(0.9403393).bmp,Missing Primary Package,L31,train
51a88631dd820afab5eac779e56a1273,/data/FMD_Data_26082026/fmd_temp_images/Updated ICube Categorical Classes 20260915/Missing Primary Package/20260908_102827_L31_PalletGHT0908150412_Cavity12_B01BM7H_Fail4_Score(0.9488271).bmp,Missing Primary Package,L31,train
523e1cebe9610242305ed7dc73a61807,/data/FMD_Data_26082026/fmd_temp_images/Updated ICube Categorical Classes 20260915/Missing Primary Package/20260908_102319_L31_PalletGHJ0908145944_Cavity1_B01BM7H_Fail4_Score(0.9338696).bmp,Missing Primary Package,L31,train
53cd029ba29da2200dbffce5de79888b,/data/FMD_Data_26082026/fmd_temp_images/Updated ICube Categorical Classes 20260915/Missing Primary Package/20260808_210341_L31_PalletGHN0809013858_Cavity5_B01BGV2_Fail6_Score(0.9686346).bmp,Missing Primary Package,L31,train
5419ea83088aa3a439cceecd55c63021,/data/FMD_Data_26082026/fmd_temp_images/Updated ICube Categorical Classes 20260915/Missing Primary Package/20260905_100006_L31_PalletGHQ0905143617_Cavity4_B01BM8N_Fail7_Score(0.9995797).bmp,Missing Primary Package,L31,train
55cb4c5635390b14a3cbb4e31594b394,/data/FMD_Data_26082026/fmd_temp_images/Updated ICube Categorical Classes 20260915/Missing Primary Package/20260830_073731_L31_PalletGHA0830121337_Cavity6_B01BKSG_Fail6_Score(0.9666876).bmp,Missing Primary Package,L31,train
56bd95a9d1b3197f278c41c7be85b376,/data/FMD_Data_26082026/fmd_temp_images/Updated ICube Categorical Classes 20260915/Missing Primary Package/20260907_033350_L31_PalletGHK0907081000_Cavity5_B01BNGN_Fail5_Score(0.9559435).bmp,Missing Primary Package,L31,train
5e0b3854d4709e51a5a0d7c58dbf544c,/data/FMD_Data_26082026/fmd_temp_images/ICube Defects Library/Missing Primary Package/20260806_091348_L31_PalletGHR0806134926_Cavity6_B01BGTR_Fail7_Score(0.99931).bmp,Missing Primary Package,L31,train
60a8757ded444cfb21b3d6a279a58a18,/data/FMD_Data_26082026/fmd_temp_images/Updated ICube Categorical Classes 20260915/Missing Primary Package/20260808_120403_L31_PalletGHF0808163953_Cavity15_B01BGTZ_Fail6_Score(0.9704325).bmp,Missing Primary Package,L31,train
60af5d5633bc95713f42e1a5419e4af5,/data/FMD_Data_26082026/fmd_temp_images/Updated ICube Categorical Classes 20260915/Missing Primary Package/20260830_173917_L31_PalletGHO0830221606_Cavity8_B01BKSK_Fail3_Score(0.9285223).bmp,Missing Primary Package,L31,train
61a134e6400bbeb17aa61e1db38b2d09,/data/FMD_Data_26082026/fmd_temp_images/Updated ICube Categorical Classes 20260915/Missing Primary Package/20260813_232756_L31_PalletGHO0814040421_Cavity6_B01BGV6_Fail7_Score(0.9942581).bmp,Missing Primary Package,L31,train
636ef3168386795fcce25a61755141f8,/data/FMD_Data_26082026/fmd_temp_images/Updated ICube Categorical Classes 20260915/Missing Primary Package/20260810_101312_L31_PalletGHO0810144718_Cavity8_B01BHK4_Fail3_Score(0.9212398).bmp,Missing Primary Package,L31,train
65666956f01fb991ad5351c129b54267,/data/FMD_Data_26082026/fmd_temp_images/Updated ICube Categorical Classes 20260915/Missing Primary Package/20260822_085028_L31_PalletGHK0822132322_Cavity3_B01BK8J_Fail3_Score(0.9201521).bmp,Missing Primary Package,L31,train
66b79f802896d5b56858c470a3a9dc70,/data/FMD_Data_26082026/fmd_temp_images/Updated ICube Categorical Classes 20260915/Missing Primary Package/20260831_014409_L31_PalletGHR0831062003_Cavity9_B01BKV8_Fail7_Score(0.9989747).bmp,Missing Primary Package,L31,train
7492ca2d63dc8fd8b8458d4cab5e0083,/data/FMD_Data_26082026/fmd_temp_images/Updated ICube Categorical Classes 20260915/Missing Primary Package/20260904_195913_L31_PalletGHR0905003526_Cavity3_B01BM5B_Fail3_Score(0.9273765).bmp,Missing Primary Package,L31,train
8144dadb8f0dc49ceec35332b180ca31,/data/FMD_Data_26082026/fmd_temp_images/Updated ICube Categorical Classes 20260915/Missing Primary Package/20260901_015211_L31_PalletGHD0901062900_Cavity5_B01BM19_Fail2_Score(0.9082328).bmp,Missing Primary Package,L31,train
83087dc3739a01698cfa8b3bd13efb8d,/data/FMD_Data_26082026/fmd_temp_images/Updated ICube Categorical Classes 20260915/Missing Primary Package/20260904_192954_L31_PalletGHL0905000603_Cavity11_B01BM5B_Fail6_Score(0.9828819).bmp,Missing Primary Package,L31,train
8a39508273e7035bc14ad63cac3b4614,/data/FMD_Data_26082026/fmd_temp_images/Updated ICube Categorical Classes 20260915/Missing Primary Package/20260908_102320_L31_PalletGHJ0908145944_Cavity12_B01BM7H_Fail7_Score(0.9886454).bmp,Missing Primary Package,L31,train
8b5c1170411ba922dd1fc17e681a6406,/data/FMD_Data_26082026/fmd_temp_images/Updated ICube Categorical Classes 20260915/Missing Primary Package/20260830_185114_L31_PalletGHL0830232803_Cavity8_B01BKSH_Fail2_Score(0.9076695).bmp,Missing Primary Package,L31,train
90090d2756fa87c3253005c829fe82b3,/data/FMD_Data_26082026/fmd_temp_images/Updated ICube Categorical Classes 20260915/Missing Primary Package/20260905_180424_L31_PalletGHF0905224033_Cavity15_B01BM8R_Fail7_Score(0.9872873).bmp,Missing Primary Package,L31,train
a4d3fb308727f50bf5a46814176636ab,/data/FMD_Data_26082026/fmd_temp_images/Updated ICube Categorical Classes 20260915/Missing Primary Package/20260813_104415_L31_PalletGHE0813151905_Cavity9_B01BGV4_Fail6_Score(0.9823297).bmp,Missing Primary Package,L31,train
a6bc724a3fff328b14a8b05360505d11,/data/FMD_Data_26082026/fmd_temp_images/Updated ICube Categorical Classes 20260915/Missing Primary Package/20260831_014409_L31_PalletGHR0831062003_Cavity7_B01BKV8_Fail6_Score(0.9737645).bmp,Missing Primary Package,L31,train
a7271812fd90bd1b4335e7ace4961252,/data/FMD_Data_26082026/fmd_temp_images/Updated ICube Categorical Classes 20260915/Missing Primary Package/20260810_101312_L31_PalletGHO0810144718_Cavity13_B01BHK4_Fail5_Score(0.9557191).bmp,Missing Primary Package,L31,train
ac7db1a81557c8e1654ca8af7e4206f7,/data/FMD_Data_26082026/fmd_temp_images/Updated ICube Categorical Classes 20260915/Missing Primary Package/20260828_073549_L31_PalletGHG0828121222_Cavity3_B01BKVM_Fail3_Score(0.9207273).bmp,Missing Primary Package,L31,train
b0d3ab2145e9449f9cec59536b4d2a00,/data/FMD_Data_26082026/fmd_temp_images/Updated ICube Categorical Classes 20260915/Missing Primary Package/20260807_232649_L31_PalletGHH0808040238_Cavity4_B01BG28_Fail4_Score(0.9343412).bmp,Missing Primary Package,L31,train
b90c948fb29c6baacd4a3b2b99fa90c0,/data/FMD_Data_26082026/fmd_temp_images/Updated ICube Categorical Classes 20260915/Missing Primary Package/20260806_205646_L31_PalletGHR0807013101_Cavity7_B01BGV1_Fail5_Score(0.9644066).bmp,Missing Primary Package,L31,train
baada2c779c4199eba2b6a463eb8444b,/data/FMD_Data_26082026/fmd_temp_images/Updated ICube Categorical Classes 20260915/Missing Primary Package/20260830_215252_L31_PalletGHB0831022644_Cavity8_B01BKV8_Fail3_Score(0.9268451).bmp,Missing Primary Package,L31,train
c8a9d048c75ee06331a8a218dcb1cd09,/data/FMD_Data_26082026/fmd_temp_images/Updated ICube Categorical Classes 20260915/Missing Primary Package/20260826_031042_L31_PalletGHM0826074702_Cavity3_B01BK9K_Fail6_Score(0.9828876).bmp,Missing Primary Package,L31,train
cb79418201a8c5161fad575d6f339d3a,/data/FMD_Data_26082026/fmd_temp_images/Updated ICube Categorical Classes 20260915/Missing Primary Package/20260808_062603_L31_PalletGHR0808110156_Cavity8_B01BGTX_Fail4_Score(0.9487602).bmp,Missing Primary Package,L31,train
cbaaf8ce71bb6b4756703d2572c4c2c6,/data/FMD_Data_26082026/fmd_temp_images/Updated ICube Categorical Classes 20260915/Missing Primary Package/20260830_184031_L31_PalletGHO0830231715_Cavity6_B01BKSH_Fail7_Score(0.9883913).bmp,Missing Primary Package,L31,train
d0d221c9900815477f3e02bfa78acf32,/data/FMD_Data_26082026/fmd_temp_images/Updated ICube Categorical Classes 20260915/Missing Primary Package/20260813_103447_L31_PalletGHI0813151058_Cavity1_B01BGV4_Fail6_Score(0.980408).bmp,Missing Primary Package,L31,train
d5e7ff1988bf3913b85ecbe3104f2411,/data/FMD_Data_26082026/fmd_temp_images/Updated ICube Categorical Classes 20260915/Missing Primary Package/20260806_072350_L31_PalletGHL0806115618_Cavity1_B01BGTR_Fail5_Score(0.9662303).bmp,Missing Primary Package,L31,train
da725818ee83dc0aab3e5e5da4fa0f32,/data/FMD_Data_26082026/fmd_temp_images/Updated ICube Categorical Classes 20260915/Missing Primary Package/20260807_000008_L31_PalletGHG0807043427_Cavity1_B01BGV1_Fail5_Score(0.9661801).bmp,Missing Primary Package,L31,train
db6c22e1bd794259b3cc3fb8d19ccfcc,/data/FMD_Data_26082026/fmd_temp_images/Updated ICube Categorical Classes 20260915/Missing Primary Package/20260825_213816_L31_PalletGHC0826021436_Cavity6_B01BK9K_Fail6_Score(0.9688277).bmp,Missing Primary Package,L31,train
e2777de2f40e5f5f1b3168c26d031a8d,/data/FMD_Data_26082026/fmd_temp_images/Updated ICube Categorical Classes 20260915/Missing Primary Package/20260830_090603_L31_PalletGHM0830134246_Cavity7_B01BKSG_Fail6_Score(0.9682824).bmp,Missing Primary Package,L31,train
e9ec8e61dda61bd58a1d36e6ca30e904,/data/FMD_Data_26082026/fmd_temp_images/Updated ICube Categorical Classes 20260915/Missing Primary Package/20260830_085319_L31_PalletGHD0830133007_Cavity8_B01BKSG_Fail7_Score(0.9937288).bmp,Missing Primary Package,L31,train
ec0a7e576cbd3009f2421949b1bd0a15,/data/FMD_Data_26082026/fmd_temp_images/Updated ICube Categorical Classes 20260915/Missing Primary Package/20260908_102320_L31_PalletGHJ0908145944_Cavity13_B01BM7H_Fail7_Score(0.9980565).bmp,Missing Primary Package,L31,train
f77e792b518503358bfba0ab5559dedf,/data/FMD_Data_26082026/fmd_temp_images/Updated ICube Categorical Classes 20260915/Missing Primary Package/20260816_075526_L31_PalletGHF0816123103_Cavity14_B01BHPZ_Fail7_Score(0.9876782).bmp,Missing Primary Package,L31,train
faf95199fe2cf5b20c7e1986eaf4329e,/data/FMD_Data_26082026/fmd_temp_images/ICube Defects Library/Missing Primary Package/20260808_012956_L31_PalletGHI0808060508_Cavity4_B01BG29_Fail7_Score(0.9980084).bmp,Missing Primary Package,L31,train
17cbe8ae56920655f9bf92a6c190e980,/data/FMD_Data_26082026/fmd_temp_images/ICube Defects Library/Multiple Lenses/20260806_173811_L31_PalletGHS0806221231_Cavity8_B01BGTT_Fail7_Score(0.9999999).bmp,Multiple Lenses,L31,test
1cd84f9a21989fb1c572d26f70747089,/data/FMD_Data_26082026/fmd_temp_images/Updated ICube Categorical Classes 20260915/Multiple Lenses/20260821_215427_L31_PalletGHM0822021816_Cavity11_B01BK8K_Fail7_Score(0.9980429).bmp,Multiple Lenses,L31,test
2faa92cfbcd68be02f2c468188296299,/data/FMD_Data_26082026/fmd_temp_images/Updated ICube Categorical Classes 20260915/Multiple Lenses/20260823_173453_L31_PalletGHQ0823220730_Cavity12_B01BK8S_Fail7_Score(0.9892401).bmp,Multiple Lenses,L31,test
30d3a443c0fb2082a13ef3e0ac4fdbbe,/data/FMD_Data_26082026/fmd_temp_images/Updated ICube Categorical Classes 20260915/Multiple Lenses/20260823_173659_L31_PalletGHG0823220755_Cavity8_B01BK8S_Fail7_Score(0.993264).bmp,Multiple Lenses,L31,test
35bef2773e9bbcd4fe58a11baaa234bd,/data/FMD_Data_26082026/fmd_temp_images/Updated ICube Categorical Classes 20260915/Multiple Lenses/20260821_215427_L31_PalletGHM0822021816_Cavity2_B01BK8K_Fail7_Score(0.9949108).bmp,Multiple Lenses,L31,test
37ec9340932b3d2fdde063a6f7ec3832,/data/FMD_Data_26082026/fmd_temp_images/Updated ICube Categorical Classes 20260915/Multiple Lenses/20260905_173229_L31_PalletGHG0905220435_Cavity2_B01BM8R_Fail7_Score(0.999964).bmp,Multiple Lenses,L31,test
41d8527877ca9b46b4e62cb727ed1370,/data/FMD_Data_26082026/fmd_temp_images/Updated ICube Categorical Classes 20260915/Multiple Lenses/20260905_052902_L31_PalletGHD0905100218_Cavity7_B01BM8L_Fail7_Score(1).bmp,Multiple Lenses,L31,test
4a486570dd28d270db681da1a5061857,/data/FMD_Data_26082026/fmd_temp_images/Updated ICube Categorical Classes 20260915/Multiple Lenses/20260901_133807_L31_PalletGHF0901181504_Cavity7_B01BKV9_Fail2_Score(0.9060016).bmp,Multiple Lenses,L31,test
5d5b0d9175e08fed63f65e1986e8f59c,/data/FMD_Data_26082026/fmd_temp_images/Updated ICube Categorical Classes 20260915/Multiple Lenses/20260822_085028_L31_PalletGHK0822132322_Cavity14_B01BK8J_Fail7_Score(0.9974385).bmp,Multiple Lenses,L31,test
67ccd61890a386fc1b40f5eec0c4cafb,/data/FMD_Data_26082026/fmd_temp_images/Updated ICube Categorical Classes 20260915/Multiple Lenses/20260807_202409_L31_PalletGHB0808005950_Cavity13_B01BG2K_Fail5_Score(0.9524587).bmp,Multiple Lenses,L31,test
731d1f8d494d79888e92560fd54c77e5,/data/FMD_Data_26082026/fmd_temp_images/Updated ICube Categorical Classes 20260915/Multiple Lenses/20260819_015135_L31_PalletGHG0819062444_Cavity7_B01BHQC_Fail7_Score(1).bmp,Multiple Lenses,L31,test
757d1cb9e4b28ac2892e108a1518d645,/data/FMD_Data_26082026/fmd_temp_images/Updated ICube Categorical Classes 20260915/Multiple Lenses/20260822_224143_L31_PalletGHU0823031750_Cavity5_B01BK8P_Fail7_Score(0.9874093).bmp,Multiple Lenses,L31,test
93649c8f5c9c7cbb872a95b65942593c,/data/FMD_Data_26082026/fmd_temp_images/Updated ICube Categorical Classes 20260915/Multiple Lenses/20260820_090748_L31_PalletGHH0820134349_Cavity10_B01BK8G_Fail7_Score(1).bmp,Multiple Lenses,L31,test
a2cf5762d247227021e4ad5547090901,/data/FMD_Data_26082026/fmd_temp_images/Updated ICube Categorical Classes 20260915/Multiple Lenses/20260905_183132_L31_PalletGHA0905230747_Cavity11_B01BM8R_Fail7_Score(0.9999398).bmp,Multiple Lenses,L31,test
a69b1172c26f3166207ef0b05067453e,/data/FMD_Data_26082026/fmd_temp_images/ICube Defects Library/Multiple Lenses/20260807_174212_L31_PalletGHF0807221556_Cavity8_B01BGTW_Fail7_Score(0.9999992).bmp,Multiple Lenses,L31,test
a6d4ae5c5347a276c64c0dbdc24fe985,/data/FMD_Data_26082026/fmd_temp_images/Updated ICube Categorical Classes 20260915/Multiple Lenses/20260907_053617_L31_PalletGHU0907101057_Cavity8_B01BNGN_Fail7_Score(0.9853672).bmp,Multiple Lenses,L31,test
a9c6dccfddef6f6c70ce0cf76602b9a4,/data/FMD_Data_26082026/fmd_temp_images/Updated ICube Categorical Classes 20260915/Multiple Lenses/20260905_173544_L31_PalletGHD0905221110_Cavity8_B01BM8R_Fail7_Score(1).bmp,Multiple Lenses,L31,test
ab5c9abe06c8cc7156e8caf6e3a90011,/data/FMD_Data_26082026/fmd_temp_images/ICube Defects Library/Multiple Lenses/20260809_160103_L31_PalletGHI0809203708_Cavity14_B01BGVB_Fail7_Score(0.9930445).bmp,Multiple Lenses,L31,test
b33f750ed370bcde57464c978a1413b2,/data/FMD_Data_26082026/fmd_temp_images/Updated ICube Categorical Classes 20260915/Multiple Lenses/20260820_071405_L31_PalletGHD0820114820_Cavity2_B01BK90_Fail7_Score(0.9999999).bmp,Multiple Lenses,L31,test
b917b86a205352b8ff58fd315c20e41d,/data/FMD_Data_26082026/fmd_temp_images/Updated ICube Categorical Classes 20260915/Multiple Lenses/20260825_083148_L31_PalletGHK0825130630_Cavity3_B01BK8X_Fail7_Score(0.988885).bmp,Multiple Lenses,L31,test
c1162779541aa5f21c9f3c60187287ee,/data/FMD_Data_26082026/fmd_temp_images/Updated ICube Categorical Classes 20260915/Multiple Lenses/20260908_160645_L31_PalletGHH0908203754_Cavity7_B01BM7K_Fail7_Score(0.9999829).bmp,Multiple Lenses,L31,test
c32e222875ee7b9ff9e78d116c9d6710,/data/FMD_Data_26082026/fmd_temp_images/Updated ICube Categorical Classes 20260915/Multiple Lenses/20260821_204519_L31_PalletGHN0822010127_Cavity14_B01BK8K_Fail7_Score(0.999994).bmp,Multiple Lenses,L31,test
c48949f383a519e77e97cc7de8d4f75a,/data/FMD_Data_26082026/fmd_temp_images/Updated ICube Categorical Classes 20260915/Multiple Lenses/20260831_061247_L31_PalletGHB0831104841_Cavity13_B01BKV8_Fail7_Score(0.9999996).bmp,Multiple Lenses,L31,test
ca9fa877e349c5edb280177a078bbdc1,/data/FMD_Data_26082026/fmd_temp_images/Updated ICube Categorical Classes 20260915/Multiple Lenses/20260818_135937_L31_PalletGHE0818183525_Cavity1_B01BJPV_Fail3_Score(0.9308345).bmp,Multiple Lenses,L31,test
e189f03186fda66c2460efab70d388c5,/data/FMD_Data_26082026/fmd_temp_images/Updated ICube Categorical Classes 20260915/Multiple Lenses/20260830_234322_L31_PalletGHS0831042006_Cavity14_B01BKV8_Fail7_Score(0.9901069).bmp,Multiple Lenses,L31,test
e6cd1401c5138b72c22db7d38e697785,/data/FMD_Data_26082026/fmd_temp_images/Updated ICube Categorical Classes 20260915/Multiple Lenses/20260821_204519_L31_PalletGHN0822010127_Cavity2_B01BK8K_Fail7_Score(0.999999).bmp,Multiple Lenses,L31,test
ed28d4fabfb93a73f7d15cf3a1366d5a,/data/FMD_Data_26082026/fmd_temp_images/Updated ICube Categorical Classes 20260915/Multiple Lenses/20260903_053052_L31_PalletGHL0903100535_Cavity8_B01BN6V_Fail7_Score(0.9999889).bmp,Multiple Lenses,L31,test
f5cf91a7ed5a7ede428829d69b27d888,/data/FMD_Data_26082026/fmd_temp_images/Updated ICube Categorical Classes 20260915/Multiple Lenses/20260831_174054_L31_PalletGHO0831221454_Cavity11_B01BM10_Fail5_Score(0.9607348).bmp,Multiple Lenses,L31,test
fa0fbc9da89ff69289397128761accc9,/data/FMD_Data_26082026/fmd_temp_images/Updated ICube Categorical Classes 20260915/Multiple Lenses/20260817_102820_L31_PalletGHE0817150358_Cavity13_B01BHQ3_Fail7_Score(0.9999775).bmp,Multiple Lenses,L31,test
03ffa2a306d26235339a0a47f5e4b4b0,/data/FMD_Data_26082026/fmd_temp_images/Updated ICube Categorical Classes 20260915/Multiple Lenses/20260821_200859_L31_PalletGHI0822004326_Cavity14_B01BK8K_Fail7_Score(0.9999905).bmp,Multiple Lenses,L31,train
0442cd764d462bb9148f9ec5f54a7394,/data/FMD_Data_26082026/fmd_temp_images/Updated ICube Categorical Classes 20260915/Multiple Lenses/20260828_052710_L31_PalletGHF0828100128_Cavity14_B01BKVM_Fail7_Score(1).bmp,Multiple Lenses,L31,train
08528c2fa35169a49590cd1119a9380e,/data/FMD_Data_26082026/fmd_temp_images/Updated ICube Categorical Classes 20260915/Multiple Lenses/20260901_132406_L31_PalletGHG0901180039_Cavity4_B01BKV9_Fail7_Score(0.9999985).bmp,Multiple Lenses,L31,train
19038022edef1be9926df5cf6553e699,/data/FMD_Data_26082026/fmd_temp_images/Updated ICube Categorical Classes 20260915/Multiple Lenses/20260821_213912_L31_PalletGHR0822020723_Cavity11_B01BK8K_Fail4_Score(0.9435929).bmp,Multiple Lenses,L31,train
1be36208363f5e82d85becde5ecbc9f3,/data/FMD_Data_26082026/fmd_temp_images/Updated ICube Categorical Classes 20260915/Multiple Lenses/20260822_003235_L31_PalletGHU0822050657_Cavity2_B01BK8K_Fail7_Score(0.9999996).bmp,Multiple Lenses,L31,train
20cbd0637edc682021b2d460f49a5116,/data/FMD_Data_26082026/fmd_temp_images/Updated ICube Categorical Classes 20260915/Multiple Lenses/20260828_052710_L31_PalletGHF0828100128_Cavity2_B01BKVM_Fail7_Score(0.9999998).bmp,Multiple Lenses,L31,train
28feebf2b1daf0e642871aeaf92380c8,/data/FMD_Data_26082026/fmd_temp_images/Updated ICube Categorical Classes 20260915/Multiple Lenses/20260825_083148_L31_PalletGHK0825130630_Cavity13_B01BK8X_Fail7_Score(0.9964144).bmp,Multiple Lenses,L31,train
2a660c9c4e3d582271286fa9af2b455b,/data/FMD_Data_26082026/fmd_temp_images/Updated ICube Categorical Classes 20260915/Multiple Lenses/20260822_003235_L31_PalletGHU0822050657_Cavity6_B01BK8K_Fail7_Score(0.9999999).bmp,Multiple Lenses,L31,train
3394593fb97f221cbbb0c6a83323663e,/data/FMD_Data_26082026/fmd_temp_images/Updated ICube Categorical Classes 20260915/Multiple Lenses/20260821_212338_L31_PalletGHJ0822015806_Cavity5_B01BK8K_Fail4_Score(0.9475743).bmp,Multiple Lenses,L31,train
371504bca312ca1a8880011d66859252,/data/FMD_Data_26082026/fmd_temp_images/Updated ICube Categorical Classes 20260915/Multiple Lenses/20260827_224917_L31_PalletGHD0828032553_Cavity14_B01BKVL_Fail7_Score(0.9898692).bmp,Multiple Lenses,L31,train
3de1f0bdd261b101b2a61840250cd854,/data/FMD_Data_26082026/fmd_temp_images/Updated ICube Categorical Classes 20260915/Multiple Lenses/20260901_070621_L31_PalletGHC0901114309_Cavity1_B01BM1H_Fail7_Score(0.984865).bmp,Multiple Lenses,L31,train
41962ba9f7a5aead6cf6bd5b29a5cf9d,/data/FMD_Data_26082026/fmd_temp_images/Updated ICube Categorical Classes 20260915/Multiple Lenses/20260822_003235_L31_PalletGHU0822050657_Cavity10_B01BK8K_Fail7_Score(0.9999999).bmp,Multiple Lenses,L31,train
44760333783e063fbb16746d78e0ad35,/data/FMD_Data_26082026/fmd_temp_images/ICube Defects Library/Multiple Lenses/20260806_174428_L31_PalletGHD0806221834_Cavity15_B01BGTT_Fail7_Score(0.9999999).bmp,Multiple Lenses,L31,train
4a6d7c4c373091d53b8a6e9386c1a324,/data/FMD_Data_26082026/fmd_temp_images/Updated ICube Categorical Classes 20260915/Multiple Lenses/20260814_220227_L31_PalletGHS0815023850_Cavity7_B01BHQ2_Fail7_Score(0.9999915).bmp,Multiple Lenses,L31,train
4be7bf2a9580832c64eb549a35edd91f,/data/FMD_Data_26082026/fmd_temp_images/Updated ICube Categorical Classes 20260915/Multiple Lenses/20260903_205828_L31_PalletGHK0904013435_Cavity8_B01BKVH_Fail7_Score(0.9999946).bmp,Multiple Lenses,L31,train
4e96d2e53cc97fd8c03e6ef05a374947,/data/FMD_Data_26082026/fmd_temp_images/Updated ICube Categorical Classes 20260915/Multiple Lenses/20260906_005705_L31_PalletGHT0906053313_Cavity5_B01BM8R_Fail7_Score(0.9961789).bmp,Multiple Lenses,L31,train
4fd07b53a148eef88e6ab1f992dc88fc,/data/FMD_Data_26082026/fmd_temp_images/Updated ICube Categorical Classes 20260915/Multiple Lenses/20260815_140205_L31_PalletGHN0815183822_Cavity8_B01BHPX_Fail6_Score(0.9820243).bmp,Multiple Lenses,L31,train
538ab1ec713de9fb97e4d8315e08b3d2,/data/FMD_Data_26082026/fmd_temp_images/ICube Defects Library/Multiple Lenses/20260813_075653_L31_PalletGHA0813123311_Cavity2_B01BHKF_Fail7_Score(0.9999989).bmp,Multiple Lenses,L31,train
56f90eec075c15f6a64680e62ec0b2e1,/data/FMD_Data_26082026/fmd_temp_images/Updated ICube Categorical Classes 20260915/Multiple Lenses/20260903_053052_L31_PalletGHL0903100535_Cavity4_B01BN6V_Fail7_Score(0.9998636).bmp,Multiple Lenses,L31,train
57ef0363866cb103e65b3aa20c07fea1,/data/FMD_Data_26082026/fmd_temp_images/Updated ICube Categorical Classes 20260915/Multiple Lenses/20260823_173459_L31_PalletGHS0823220735_Cavity2_B01BK8S_Fail6_Score(0.9742084).bmp,Multiple Lenses,L31,train
65567ca19f1fbceae0e797cd294e5953,/data/FMD_Data_26082026/fmd_temp_images/Updated ICube Categorical Classes 20260915/Multiple Lenses/20260822_182818_L31_PalletGHE0822230157_Cavity14_B01BK8P_Fail7_Score(0.9999984).bmp,Multiple Lenses,L31,train
68a718e3e4904d5077dd7534a31020ee,/data/FMD_Data_26082026/fmd_temp_images/Updated ICube Categorical Classes 20260915/Multiple Lenses/20260808_052944_L31_PalletGHB0808100418_Cavity2_B01BGTX_Fail3_Score(0.9230365).bmp,Multiple Lenses,L31,train
6f236df5393313365d0d79730f7ec912,/data/FMD_Data_26082026/fmd_temp_images/Updated ICube Categorical Classes 20260915/Multiple Lenses/20260821_214130_L31_PalletGHA0822021637_Cavity11_B01BK8K_Fail6_Score(0.9789274).bmp,Multiple Lenses,L31,train
71d7731a2551b7d9a6e95e5c9a07eb60,/data/FMD_Data_26082026/fmd_temp_images/ICube Defects Library/Multiple Lenses/20260806_174852_L31_PalletGHG0806222306_Cavity2_B01BGTT_Fail7_Score(0.9984055).bmp,Multiple Lenses,L31,train
740d05751ae5fc13d4f843eddd5b51f2,/data/FMD_Data_26082026/fmd_temp_images/ICube Defects Library/Multiple Lenses/20260808_175315_L31_PalletGHD0808222610_Cavity3_B01BGV2_Fail7_Score(0.9940132).bmp,Multiple Lenses,L31,train
78e0cbe18b9e0efda7d49c4c86786029,/data/FMD_Data_26082026/fmd_temp_images/Updated ICube Categorical Classes 20260915/Multiple Lenses/20260816_040053_L31_PalletGHR0816083521_Cavity3_B01BHPZ_Fail7_Score(0.9999716).bmp,Multiple Lenses,L31,train
7d29087d222a77902e6c59f228afb27f,/data/FMD_Data_26082026/fmd_temp_images/Updated ICube Categorical Classes 20260915/Multiple Lenses/20260827_173219_L31_PalletGHQ0827220611_Cavity4_B01BKRX_Fail7_Score(0.9999035).bmp,Multiple Lenses,L31,train
7e28a7e9021171e6afee6f3148c5b980,/data/FMD_Data_26082026/fmd_temp_images/Updated ICube Categorical Classes 20260915/Multiple Lenses/20260809_045739_L31_PalletGHR0809093340_Cavity12_B01BGV3_Fail7_Score(0.9980236).bmp,Multiple Lenses,L31,train
7fdcaa21573014d8a4f32cdf0d6c2692,/data/FMD_Data_26082026/fmd_temp_images/Updated ICube Categorical Classes 20260915/Multiple Lenses/20260821_213912_L31_PalletGHR0822020723_Cavity2_B01BK8K_Fail7_Score(0.9872909).bmp,Multiple Lenses,L31,train
82807704a6b4c5b3e035da1954f5e6d2,/data/FMD_Data_26082026/fmd_temp_images/Updated ICube Categorical Classes 20260915/Multiple Lenses/20260815_203212_L31_PalletGHB0816010744_Cavity3_B01BHQS_Fail6_Score(0.9726541).bmp,Multiple Lenses,L31,train
853ca575bc720e41c41ce64867720750,/data/FMD_Data_26082026/fmd_temp_images/Updated ICube Categorical Classes 20260915/Multiple Lenses/20260821_005322_L31_PalletGHK0821052918_Cavity5_B01BK8F_Fail7_Score(1).bmp,Multiple Lenses,L31,train
8dd5ddc4df463446cc1a0f053493c205,/data/FMD_Data_26082026/fmd_temp_images/Updated ICube Categorical Classes 20260915/Multiple Lenses/20260901_072111_L31_PalletGHD0901115555_Cavity14_B01BM1H_Fail7_Score(1).bmp,Multiple Lenses,L31,train
9af82881f2fd7a7a1332a9fc82fc665b,/data/FMD_Data_26082026/fmd_temp_images/Updated ICube Categorical Classes 20260915/Multiple Lenses/20260905_173813_L31_PalletGHE0905221335_Cavity2_B01BM8R_Fail7_Score(0.9985742).bmp,Multiple Lenses,L31,train
a09ee8659b19adbad43cbbf12e2ba1b2,/data/FMD_Data_26082026/fmd_temp_images/ICube Defects Library/Multiple Lenses/20260809_204608_L31_PalletGHR0810012110_Cavity8_B01BGVC_Fail7_Score(0.9994822).bmp,Multiple Lenses,L31,train
a3488b24c246128dbeaf1e95932da570,/data/FMD_Data_26082026/fmd_temp_images/ICube Defects Library/Multiple Lenses/20260809_053834_L31_PalletGHD0809101239_Cavity6_B01BGV3_Fail7_Score(0.9970205).bmp,Multiple Lenses,L31,train
a963b2324544a9cec84ceb167975561e,/data/FMD_Data_26082026/fmd_temp_images/Updated ICube Categorical Classes 20260915/Multiple Lenses/20260813_174102_L31_PalletGHL0813221649_Cavity5_B01BGV5_Fail7_Score(0.9999858).bmp,Multiple Lenses,L31,train
a99d7d4e86f83695fd38946f7d067288,/data/FMD_Data_26082026/fmd_temp_images/Updated ICube Categorical Classes 20260915/Multiple Lenses/20260821_201714_L31_PalletGHQ0822005055_Cavity5_B01BK8K_Fail5_Score(0.9600739).bmp,Multiple Lenses,L31,train
aa3bcc1b072982d9441d0e63f0c49913,/data/FMD_Data_26082026/fmd_temp_images/Updated ICube Categorical Classes 20260915/Multiple Lenses/20260822_003235_L31_PalletGHU0822050657_Cavity14_B01BK8K_Fail7_Score(0.9999813).bmp,Multiple Lenses,L31,train
ac063795e14d6f34a4b86fddc13775c4,/data/FMD_Data_26082026/fmd_temp_images/Updated ICube Categorical Classes 20260915/Multiple Lenses/20260827_085540_L31_PalletGHR0827133135_Cavity3_B01BK9D_Fail7_Score(0.9999433).bmp,Multiple Lenses,L31,train
b4347a15c8899959f4e506ac0801635d,/data/FMD_Data_26082026/fmd_temp_images/Updated ICube Categorical Classes 20260915/Multiple Lenses/20260814_122112_L31_PalletGHN0814165733_Cavity2_B01BHPW_Fail7_Score(1).bmp,Multiple Lenses,L31,train
b5977f8cf23a9019f88c562465cf55a5,/data/FMD_Data_26082026/fmd_temp_images/Updated ICube Categorical Classes 20260915/Multiple Lenses/20260904_130006_L31_PalletGHC0904173616_Cavity8_B01BM8K_Fail7_Score(0.9875203).bmp,Multiple Lenses,L31,train
b64b2b92c0b68b039c50feb1536aa1bd,/data/FMD_Data_26082026/fmd_temp_images/Updated ICube Categorical Classes 20260915/Multiple Lenses/20260829_101504_L31_PalletGHA0829145112_Cavity1_B01BKVG_Fail7_Score(0.9999845).bmp,Multiple Lenses,L31,train
b973993e9468fa5f004cc62c3eec5f5c,/data/FMD_Data_26082026/fmd_temp_images/ICube Defects Library/Multiple Lenses/20260807_164826_L31_PalletGHB0807212212_Cavity8_B01BGTW_Fail7_Score(0.9999999).bmp,Multiple Lenses,L31,train
bc5ec8145f3a40aa95d777ebea4922b1,/data/FMD_Data_26082026/fmd_temp_images/Updated ICube Categorical Classes 20260915/Multiple Lenses/20260904_050853_L31_PalletGHD0904094502_Cavity1_B01BKVK_Fail7_Score(0.9998878).bmp,Multiple Lenses,L31,train
c4b7ebfcebc331364d03267c9b84bae1,/data/FMD_Data_26082026/fmd_temp_images/Updated ICube Categorical Classes 20260915/Multiple Lenses/20260901_072111_L31_PalletGHD0901115555_Cavity9_B01BM1H_Fail7_Score(0.9999515).bmp,Multiple Lenses,L31,train
c795ba39eeb84d97991ba4517ad08b86,/data/FMD_Data_26082026/fmd_temp_images/Updated ICube Categorical Classes 20260915/Multiple Lenses/20260905_221814_L31_PalletGHK0906025432_Cavity1_B01BM8R_Fail3_Score(0.9282765).bmp,Multiple Lenses,L31,train
ca1c22e29aa984335fb859786a55cff9,/data/FMD_Data_26082026/fmd_temp_images/ICube Defects Library/Multiple Lenses/20260806_173812_L31_PalletGHS0806221231_Cavity13_B01BGTT_Fail7_Score(0.999567).bmp,Multiple Lenses,L31,train
cd0e3ad174de29f2d27ea22c1ec9d535,/data/FMD_Data_26082026/fmd_temp_images/Updated ICube Categorical Classes 20260915/Multiple Lenses/20260822_182818_L31_PalletGHE0822230157_Cavity11_B01BK8P_Fail5_Score(0.9644781).bmp,Multiple Lenses,L31,train
cfba4600c0429567d35428bd442f8368,/data/FMD_Data_26082026/fmd_temp_images/Updated ICube Categorical Classes 20260915/Multiple Lenses/20260821_212141_L31_PalletGHS0822015602_Cavity14_B01BK8K_Fail7_Score(0.999675).bmp,Multiple Lenses,L31,train
d1ba57fb3fb42d21087e6d290c575a0b,/data/FMD_Data_26082026/fmd_temp_images/Updated ICube Categorical Classes 20260915/Multiple Lenses/20260903_233422_L31_PalletGHJ0904041028_Cavity7_B01BKVH_Fail7_Score(0.9911823).bmp,Multiple Lenses,L31,train
d27b4c8926d56e0da16cfe50b0e1f7f0,/data/FMD_Data_26082026/fmd_temp_images/Updated ICube Categorical Classes 20260915/Multiple Lenses/20260810_041243_L31_PalletGHU0810084743_Cavity8_B01BHK3_Fail7_Score(0.99709).bmp,Multiple Lenses,L31,train
d2e96b1373973819838bc418854d8260,/data/FMD_Data_26082026/fmd_temp_images/Updated ICube Categorical Classes 20260915/Multiple Lenses/20260825_083148_L31_PalletGHK0825130630_Cavity8_B01BK8X_Fail7_Score(0.9999793).bmp,Multiple Lenses,L31,train
d55352ad98143bbbdc1a0e81df9a257b,/data/FMD_Data_26082026/fmd_temp_images/ICube Defects Library/Multiple Lenses/20260807_083958_L31_PalletGHT0807131546_Cavity5_B01BGV0_Fail7_Score(0.994502).bmp,Multiple Lenses,L31,train
d64ade3f75070627f17f8d22d26d7a9c,/data/FMD_Data_26082026/fmd_temp_images/ICube Defects Library/Multiple Lenses/20260813_105241_L31_PalletGHC0813152859_Cavity3_B01BGV4_Fail7_Score(0.9987954).bmp,Multiple Lenses,L31,train
d8c36b14a06a1a1020ac3d3fb8b026b0,/data/FMD_Data_26082026/fmd_temp_images/Updated ICube Categorical Classes 20260915/Multiple Lenses/20260823_182224_L31_PalletGHU0823225831_Cavity4_B01BK8S_Fail7_Score(0.9999967).bmp,Multiple Lenses,L31,train
daf0566858b66a806c32471d3f050620,/data/FMD_Data_26082026/fmd_temp_images/Updated ICube Categorical Classes 20260915/Multiple Lenses/20260901_180122_L31_PalletGHU0901223335_Cavity14_B01BKV9_Fail7_Score(0.9999995).bmp,Multiple Lenses,L31,train
daf94bbd07131ffbe3a85060e446b08d,/data/FMD_Data_26082026/fmd_temp_images/Updated ICube Categorical Classes 20260915/Multiple Lenses/20260824_135030_L31_PalletGHL0824182640_Cavity8_B01BK8W_Fail7_Score(0.9999566).bmp,Multiple Lenses,L31,train
e081512039287fd98c37e0bac67b5471,/data/FMD_Data_26082026/fmd_temp_images/ICube Defects Library/Multiple Lenses/20260809_181149_L31_PalletGHD0809224448_Cavity11_B01BGVB_Fail7_Score(0.9997963).bmp,Multiple Lenses,L31,train
e3a647eb51b71cbe19c22ceee7f776eb,/data/FMD_Data_26082026/fmd_temp_images/Updated ICube Categorical Classes 20260915/Multiple Lenses/20260827_173219_L31_PalletGHQ0827220611_Cavity7_B01BKRX_Fail3_Score(0.9193243).bmp,Multiple Lenses,L31,train
eb31ec1196fd828862a00a9c1a31407d,/data/FMD_Data_26082026/fmd_temp_images/Updated ICube Categorical Classes 20260915/Multiple Lenses/20260821_220304_L31_PalletGHU0822023823_Cavity15_B01BK8K_Fail7_Score(0.9999988).bmp,Multiple Lenses,L31,train
ece419eb50a4d4466336b7904046b120,/data/FMD_Data_26082026/fmd_temp_images/Updated ICube Categorical Classes 20260915/Multiple Lenses/20260903_053052_L31_PalletGHL0903100535_Cavity13_B01BN6V_Fail7_Score(0.9996339).bmp,Multiple Lenses,L31,train
f075cdacd7ace4d544a38f4f273ad674,/data/FMD_Data_26082026/fmd_temp_images/Updated ICube Categorical Classes 20260915/Multiple Lenses/20260909_090808_L31_PalletGHK0909134351_Cavity6_B01BM55_Fail7_Score(0.9853284).bmp,Multiple Lenses,L31,train
f480b2f2d6c2602c4f78a7d909e37af7,/data/FMD_Data_26082026/fmd_temp_images/Updated ICube Categorical Classes 20260915/Multiple Lenses/20260901_072111_L31_PalletGHD0901115555_Cavity2_B01BM1H_Fail7_Score(0.9999999).bmp,Multiple Lenses,L31,train
f5c0af969644b0c045b7b91b3534010d,/data/FMD_Data_26082026/fmd_temp_images/Updated ICube Categorical Classes 20260915/Multiple Lenses/20260818_180010_L31_PalletGHE0818223516_Cavity2_B01BHQK_Fail7_Score(0.9857151).bmp,Multiple Lenses,L31,train
f69c2ffdb26821c41b7e4f1387a0914b,/data/FMD_Data_26082026/fmd_temp_images/Updated ICube Categorical Classes 20260915/Multiple Lenses/20260901_203111_L31_PalletGHU0902010645_Cavity10_B01BKVC_Fail7_Score(0.9898279).bmp,Multiple Lenses,L31,train
f9070604078424869f5206e6f0b73eb2,/data/FMD_Data_26082026/fmd_temp_images/Updated ICube Categorical Classes 20260915/Multiple Lenses/20260816_173319_L31_PalletGHH0816220726_Cavity9_B01BHQ0_Fail7_Score(0.9987839).bmp,Multiple Lenses,L31,train
fc352226bb21630910674a6cd18c41f0,/data/FMD_Data_26082026/fmd_temp_images/ICube Defects Library/Multiple Lenses/20260806_105038_L31_PalletGHN0806152513_Cavity5_B01BGTR_Fail7_Score(1).bmp,Multiple Lenses,L31,train
ffcfddc607383af6cac605c85950f4a6,/data/FMD_Data_26082026/fmd_temp_images/Updated ICube Categorical Classes 20260915/Multiple Lenses/20260824_060403_L31_PalletGHG0824103845_Cavity2_B01BK8V_Fail7_Score(0.9996349).bmp,Multiple Lenses,L31,train
